regime,case,method,action,net_utility,regret,outcome_lower_tail_mean,severe_loss_probability,worst_group_expected_score,predicted_net_utility,latent_brier,false_low_risk,baseline,cost,steps,planner_nodes
matched,0,stop,mechanism_repair,-0.1884601903550822,16.409660189110568,-16.71165061461931,0.01,-5.846807110413686,4.74689363109968,1.1347921649891242,0,0,0.0,0,0
matched,0,fixed,general,10.277406941420836,5.9437930573346485,-3.451319148671379,0.01,4.268736841777758,2.246151484998924,0.0984719695452715,0,0,5.9437930573346485,3,0
matched,0,random,general,10.277406941420836,5.9437930573346485,-3.451319148671379,0.01,4.268736841777758,2.246151484998922,0.09847196954527156,0,0,5.9437930573346485,3,0
matched,0,entropy,general,10.277406941420836,5.9437930573346485,-3.451319148671379,0.01,4.268736841777758,2.246151484998924,0.0984719695452715,0,0,5.9437930573346485,3,0
matched,0,myopic,source_repair,0.35119421898721137,15.870005779768272,-15.80340873339,0.01,-4.722857782392414,12.364852338436304,1.157889756066533,0,0,0.5842949186789783,1,2
matched,0,sequential,source_repair,0.35119421898721137,15.870005779768272,-15.80340873339,0.01,-4.722857782392414,12.364852338436304,1.157889756066533,0,0,0.5842949186789783,1,36
matched,1,stop,source_repair,18.350316118724976,0.0,-2.1406569237592077,0.01,2.0708528936366233,9.047050237938336,0.39411963104072106,0,0,0.0,0,0
matched,1,fixed,source_repair,11.193187992175496,7.15712812654948,-2.1406569237592077,0.01,2.0708528936366233,7.499711208657897,0.0891770140487371,0,0,7.157128126549481,3,0
matched,1,random,source_repair,11.193187992175494,7.157128126549482,-2.1406569237592077,0.01,2.0708528936366233,7.499711208657896,0.08917701404873714,0,0,7.157128126549482,3,0
matched,1,entropy,source_repair,11.193187992175496,7.15712812654948,-2.1406569237592077,0.01,2.0708528936366233,7.499711208657895,0.08917701404873718,0,0,7.157128126549481,3,0
matched,1,myopic,source_repair,15.746125377046244,2.6041907416787318,-2.1406569237592077,0.01,2.0708528936366233,14.596630593483624,0.0060168780756675614,0,0,2.6041907416787313,1,2
matched,1,sequential,source_repair,15.746125377046244,2.6041907416787318,-2.1406569237592077,0.01,2.0708528936366233,14.596630593483624,0.0060168780756675614,0,0,2.6041907416787313,1,36
matched,2,stop,mechanism_repair,21.397461311206825,0.0,-1.2182162767618654,0.01,1.0024904777519508,6.715657034057106,0.5010511701221808,0,0,0.0,0,0
matched,2,fixed,mechanism_repair,17.778678052785494,3.618783258421331,-1.2182162767618654,0.01,1.0024904777519508,6.920367260319492,0.2829178826715311,0,0,3.618783258421332,3,0
matched,2,random,mechanism_repair,17.778678052785494,3.618783258421331,-1.2182162767618654,0.01,1.0024904777519508,6.920367260319492,0.2829178826715311,0,0,3.618783258421332,3,0
matched,2,entropy,mechanism_repair,17.778678052785494,3.618783258421331,-1.2182162767618654,0.01,1.0024904777519508,6.920367260319488,0.2829178826715312,0,0,3.618783258421332,3,0
matched,2,myopic,mechanism_repair,18.100976519868954,3.296484791337871,-1.2182162767618654,0.01,1.0024904777519508,13.699697572792289,0.04648294673201017,0,0,3.2964847913378708,2,3
matched,2,sequential,mechanism_repair,17.778678052785494,3.618783258421331,-1.2182162767618654,0.01,1.0024904777519508,6.920367260319488,0.2829178826715312,0,0,3.618783258421332,3,37
matched,3,stop,mechanism_repair,18.124995011742335,0.0,-1.0319057769702678,0.01,0.849172462298449,4.37205277862518,0.5533003452073044,0,0,0.0,0,0
matched,3,fixed,mechanism_repair,10.638459419455959,7.486535592286376,-1.0319057769702678,0.01,0.849172462298449,4.168002581145946,0.12730209959112965,0,0,7.486535592286375,3,0
matched,3,random,mechanism_repair,10.638459419455959,7.486535592286376,-1.0319057769702678,0.01,0.849172462298449,4.168002581145946,0.12730209959112965,0,0,7.486535592286375,3,0
matched,3,entropy,mechanism_repair,10.638459419455959,7.486535592286376,-1.0319057769702678,0.01,0.849172462298449,4.16800258114595,0.1273020995911296,0,0,7.486535592286375,3,0
matched,3,myopic,mechanism_repair,15.727587599216122,2.3974074125262135,-1.0319057769702678,0.01,0.849172462298449,9.17155401514398,0.1984065974471296,0,0,2.397407412526214,1,2
matched,3,sequential,mechanism_repair,15.727587599216122,2.3974074125262135,-1.0319057769702678,0.01,0.849172462298449,9.17155401514398,0.1984065974471296,0,0,2.397407412526214,1,36
matched,4,stop,mechanism_repair,-0.1952022675371453,16.99670828302351,-17.30950227799267,0.01,-6.055973962748795,10.392080772767262,0.8433078970882854,0,0,0.0,0,0
matched,4,fixed,mechanism_repair,-4.055484358816172,20.856990374302537,-17.30950227799267,0.01,-6.055973962748795,10.831552089806689,1.3469040502181326,0,0,3.8602820912790268,3,0
matched,4,random,mechanism_repair,-4.055484358816172,20.856990374302537,-17.30950227799267,0.01,-6.055973962748795,10.831552089806689,1.3469040502181326,0,0,3.8602820912790268,3,0
matched,4,entropy,mechanism_repair,-4.055484358816172,20.856990374302537,-17.30950227799267,0.01,-6.055973962748795,10.831552089806689,1.3469040502181326,0,0,3.8602820912790268,3,0
matched,4,myopic,mechanism_repair,-0.1952022675371453,16.99670828302351,-17.30950227799267,0.01,-6.055973962748795,10.392080772767262,0.8433078970882854,0,0,0.0,0,1
matched,4,sequential,mechanism_repair,-4.055484358816172,20.856990374302537,-17.30950227799267,0.01,-6.055973962748795,10.831552089806689,1.3469040502181326,0,0,3.8602820912790268,3,37
matched,5,stop,mechanism_repair,18.777438985139746,0.0,-1.0690512054165668,0.01,0.8797400544573837,5.675044764603586,0.6491467344045807,0,0,0.0,0,0
matched,5,fixed,mechanism_repair,16.04176530470168,2.7356736804380652,-1.0690512054165668,0.01,0.8797400544573837,14.554519425848442,0.00979717590087173,0,0,2.735673680438064,3,0
matched,5,random,mechanism_repair,16.04176530470168,2.7356736804380652,-1.0690512054165668,0.01,0.8797400544573837,14.554519425848442,0.009797175900871731,0,0,2.735673680438064,3,0
matched,5,entropy,mechanism_repair,16.04176530470168,2.7356736804380652,-1.0690512054165668,0.01,0.8797400544573837,14.55451942584844,0.009797175900871714,0,0,2.7356736804380644,3,0
matched,5,myopic,mechanism_repair,18.245223826038114,0.5322151591016322,-1.0690512054165668,0.01,0.8797400544573837,13.467799804877853,0.08630364334630694,0,0,0.532215159101631,1,2
matched,5,sequential,mechanism_repair,18.245223826038114,0.5322151591016322,-1.0690512054165668,0.01,0.8797400544573837,13.467799804877853,0.08630364334630694,0,0,0.532215159101631,1,36
matched,6,stop,mechanism_repair,-8.642309928338065,28.91523593959272,-97.6822656980507,0.08,-10.333755476477997,8.649972897799897,0.8183032855809799,0,0,0.0,0,0
matched,6,fixed,source_repair,15.462624660345043,4.8103013509096115,-2.3649390642685963,0.01,2.287821486085924,14.296630082513442,0.00314279577358681,0,0,4.8103013509096115,3,0
matched,6,random,source_repair,15.462624660345043,4.8103013509096115,-2.3649390642685963,0.01,2.287821486085924,14.296630082513442,0.0031427957735868195,0,0,4.8103013509096115,3,0
matched,6,entropy,source_repair,15.462624660345043,4.8103013509096115,-2.3649390642685963,0.01,2.287821486085924,14.296630082513442,0.0031427957735868095,0,0,4.8103013509096115,3,0
matched,6,myopic,source_repair,19.699577679132943,0.5733483321217108,-2.3649390642685963,0.01,2.287821486085924,13.945934914406326,0.07228053518217001,0,0,0.5733483321217097,1,2
matched,6,sequential,source_repair,17.731367408631662,2.5415586026229917,-2.3649390642685963,0.01,2.287821486085924,15.640948047065637,0.01433184268092748,0,0,2.5415586026229935,2,37
matched,7,stop,source_repair,0.7771407314456856,12.698328650709602,-13.128396822480514,0.01,-3.923428935453947,4.050830167326877,0.34818526966293595,0,0,0.0,0,0
matched,7,fixed,source_repair,-3.4704702231877356,16.94593960534302,-13.128396822480514,0.01,-3.923428935453947,-0.1380934689227029,0.3053166336273517,0,0,4.247610954633421,3,0
matched,7,random,source_repair,-3.4704702231877356,16.94593960534302,-13.128396822480514,0.01,-3.923428935453947,-0.1380934689227038,0.3053166336273517,0,0,4.247610954633421,3,0
matched,7,entropy,source_repair,-3.4704702231877356,16.94593960534302,-13.128396822480514,0.01,-3.923428935453947,-0.1380934689227029,0.30531663362735173,0,0,4.247610954633421,3,0
matched,7,myopic,source_repair,-0.7011037701496964,14.176573152304984,-13.128396822480514,0.01,-3.923428935453947,6.132090384737713,0.679041040811019,0,0,1.478244501595382,2,3
matched,7,sequential,source_repair,-0.7011037701496964,14.176573152304984,-13.128396822480514,0.01,-3.923428935453947,6.132090384737713,0.679041040811019,0,0,1.478244501595382,2,37
matched,8,stop,source_repair,0.931018640353401,15.21266380305606,-15.727887710824447,0.01,-4.700288281395812,7.0600119154814465,0.7857736135269551,0,0,0.0,0,0
matched,8,fixed,general,11.728456651456817,4.415225791952643,-3.434826051789248,0.01,4.248337485107752,3.24040343684244,0.1160276889373794,0,0,4.415225791952643,3,0
matched,8,random,general,11.728456651456817,4.415225791952643,-3.434826051789248,0.01,4.248337485107752,3.24040343684244,0.1160276889373794,0,0,4.415225791952643,3,0
matched,8,entropy,general,11.728456651456817,4.415225791952643,-3.434826051789248,0.01,4.248337485107752,3.24040343684244,0.11602768893737943,0,0,4.415225791952643,3,0
matched,8,myopic,source_repair,0.2361900497213958,15.907492393688065,-15.727887710824447,0.01,-4.700288281395812,9.866842500994823,0.7692204010108206,0,0,0.6948285906320052,1,2
matched,8,sequential,source_repair,0.2361900497213958,15.907492393688065,-15.727887710824447,0.01,-4.700288281395812,9.866842500994823,0.7692204010108206,0,0,0.6948285906320052,1,36
matched,9,stop,source_repair,1.020158335630176,16.669189115199863,-17.23374275724763,0.01,-5.150313927453315,6.519942297768354,0.909337465329647,0,0,0.0,0,0
matched,9,fixed,source_repair,-1.3570285885196758,19.046376039349713,-17.23374275724763,0.01,-5.150313927453315,12.267290671516653,1.2689716721444386,0,0,2.3771869241498518,3,0
matched,9,random,source_repair,-1.3570285885196758,19.046376039349713,-17.23374275724763,0.01,-5.150313927453315,12.267290671516653,1.2689716721444386,0,0,2.3771869241498518,3,0
matched,9,entropy,source_repair,-1.3570285885196758,19.046376039349713,-17.23374275724763,0.01,-5.150313927453315,12.267290671516653,1.2689716721444386,0,0,2.3771869241498518,3,0
matched,9,myopic,source_repair,0.2945505747335677,17.39479687609647,-17.23374275724763,0.01,-5.150313927453315,13.508168512562396,1.4533830771050862,0,0,0.7256077608966083,1,2
matched,9,sequential,source_repair,0.2945505747335677,17.39479687609647,-17.23374275724763,0.01,-5.150313927453315,13.508168512562396,1.4533830771050862,0,0,0.7256077608966083,1,36
matched,10,stop,source_repair,1.0111532190049992,16.52204725811081,-17.08161748610387,0.01,-5.104851202743686,5.689367586682161,0.794894609389513,0,0,0.0,0,0
matched,10,fixed,general,14.032154205160902,3.501046271954907,-3.730468186620386,0.01,4.614000125556793,11.47080487572183,0.008766300622531156,0,0,3.501046271954907,3,0
matched,10,random,general,14.032154205160902,3.501046271954907,-3.730468186620386,0.01,4.614000125556793,11.470804875721834,0.008766300622531139,0,0,3.501046271954907,3,0
matched,10,entropy,general,14.032154205160902,3.501046271954907,-3.730468186620386,0.01,4.614000125556793,11.470804875721834,0.00876630062253114,0,0,3.5010462719549076,3,0
matched,10,myopic,general,14.032154205160902,3.501046271954907,-3.730468186620386,0.01,4.614000125556793,11.470804875721834,0.00876630062253114,0,0,3.5010462719549076,3,3
matched,10,sequential,general,14.032154205160902,3.501046271954907,-3.730468186620386,0.01,4.614000125556793,11.470804875721834,0.008766300622531139,0,0,3.5010462719549076,3,37
matched,11,stop,mechanism_repair,15.702976444810375,0.0,-0.8940136037847202,0.01,0.7356986947811766,5.6276395215942285,0.43990849953326666,0,0,0.0,0,0
matched,11,fixed,mechanism_repair,10.972751750188326,4.7302246946220485,-0.8940136037847202,0.01,0.7356986947811766,3.2390507469169085,0.4617224950144689,0,0,4.7302246946220485,3,0
matched,11,random,mechanism_repair,10.972751750188326,4.7302246946220485,-0.8940136037847202,0.01,0.7356986947811766,3.2390507469169085,0.46172249501446894,0,0,4.7302246946220485,3,0
matched,11,entropy,mechanism_repair,10.972751750188326,4.7302246946220485,-0.8940136037847202,0.01,0.7356986947811766,3.2390507469169085,0.4617224950144689,0,0,4.7302246946220485,3,0
matched,11,myopic,general,-9.426121666910012,25.12909811172039,-70.77607696629039,0.2,-12.665192720283546,7.134647696538764,1.2980154273081985,0,0,0.33698336176535026,1,2
matched,11,sequential,general,-9.426121666910012,25.12909811172039,-70.77607696629039,0.2,-12.665192720283546,7.134647696538764,1.2980154273081985,0,0,0.33698336176535026,1,36
matched,12,stop,source_repair,0.867953973702377,14.18219939554467,-14.66252343924404,0.01,-4.381903556555692,5.191413114254245,0.45263722185527233,0,0,0.0,0,0
matched,12,fixed,general,7.685145604205843,7.365007765041204,-3.202160291329159,0.01,3.960566676117644,7.101339187644475,0.0006248694236371354,0,0,7.365007765041204,3,0
matched,12,random,general,7.685145604205842,7.365007765041205,-3.202160291329159,0.01,3.960566676117644,7.101339187644473,0.0006248694236371396,0,0,7.365007765041205,3,0
matched,12,entropy,general,7.685145604205843,7.365007765041204,-3.202160291329159,0.01,3.960566676117644,7.101339187644475,0.0006248694236371354,0,0,7.365007765041204,3,0
matched,12,myopic,general,12.472932413476537,2.5772209557705104,-3.202160291329159,0.01,3.960566676117644,10.091521126793982,0.010058519706540205,0,0,2.57722095577051,1,2
matched,12,sequential,general,12.472932413476537,2.5772209557705104,-3.202160291329159,0.01,3.960566676117644,10.091521126793982,0.010058519706540205,0,0,2.57722095577051,1,36
matched,13,stop,source_repair,17.67512583896659,0.0,-2.0618925723513937,0.01,1.994656944992109,7.460455706503612,0.48003545895500715,0,0,0.0,0,0
matched,13,fixed,source_repair,11.605231035853517,6.069894803113073,-2.0618925723513937,0.01,1.994656944992109,10.914909392215538,0.002599262747115257,0,0,6.069894803113072,3,0
matched,13,random,source_repair,11.60523103585352,6.069894803113071,-2.0618925723513937,0.01,1.994656944992109,10.914909392215543,0.0025992627471152488,0,0,6.069894803113071,3,0
matched,13,entropy,source_repair,11.605231035853517,6.069894803113073,-2.0618925723513937,0.01,1.994656944992109,10.914909392215542,0.0025992627471152483,0,0,6.069894803113072,3,0
matched,13,myopic,source_repair,13.47459079944446,4.20053503952213,-2.0618925723513937,0.01,1.994656944992109,11.283929855725399,0.02617565352017349,0,0,4.20053503952213,2,3
matched,13,sequential,source_repair,15.805766075375647,1.8693597635909427,-2.0618925723513937,0.01,1.994656944992109,11.029421422516016,0.10495809522441506,0,0,1.869359763590942,1,36
matched,14,stop,mechanism_repair,20.149036073023264,0.0,-1.1471399970408225,0.01,0.9440006225648429,10.459244659994543,0.25581937291153306,0,0,0.0,0,0
matched,14,fixed,source_repair,-12.954088182717205,33.10312425574047,-90.8152497657317,0.08,-10.706639972381003,10.015121503484574,1.4182856868930644,0,0,3.8199859562796648,3,0
matched,14,random,source_repair,-12.954088182717205,33.10312425574047,-90.8152497657317,0.08,-10.706639972381003,10.015121503484572,1.4182856868930644,0,0,3.8199859562796648,3,0
matched,14,entropy,source_repair,-12.954088182717207,33.10312425574047,-90.8152497657317,0.08,-10.706639972381003,10.015121503484572,1.4182856868930647,0,0,3.819985956279665,3,0
matched,14,myopic,source_repair,-11.764850312151722,31.913886385174987,-90.8152497657317,0.08,-10.706639972381003,7.009362523871813,1.0429378842229422,0,0,2.630748085714181,2,3
matched,14,sequential,source_repair,-11.764850312151722,31.913886385174987,-90.8152497657317,0.08,-10.706639972381003,7.009362523871813,1.0429378842229422,0,0,2.630748085714181,2,37
matched,15,stop,source_repair,-9.086882576363754,29.131756203083484,-90.34577129822675,0.08,-10.65129093200147,5.014280449133911,0.9250171422967627,0,0,0.0,0,0
matched,15,fixed,mechanism_repair,14.70364667888676,5.341226947832972,-1.1412097427144419,0.01,0.9391205174420939,10.165403455481044,0.07814751751953394,0,0,5.341226947832972,3,0
matched,15,random,mechanism_repair,14.70364667888676,5.341226947832972,-1.1412097427144419,0.01,0.9391205174420939,10.165403455481044,0.07814751751953394,0,0,5.341226947832972,3,0
matched,15,entropy,mechanism_repair,14.70364667888676,5.341226947832972,-1.1412097427144419,0.01,0.9391205174420939,10.16540345548104,0.07814751751953398,0,0,5.341226947832972,3,0
matched,15,myopic,mechanism_repair,16.467629309947355,3.5772443167723758,-1.1412097427144419,0.01,0.9391205174420939,7.901980420937084,0.2783942030116119,0,0,3.5772443167723758,2,3
matched,15,sequential,mechanism_repair,16.467629309947355,3.5772443167723758,-1.1412097427144419,0.01,0.9391205174420939,7.901980420937084,0.2783942030116119,0,0,3.5772443167723758,2,37
matched,16,stop,mechanism_repair,-0.15641528660910564,13.619437064144655,-13.870078427024307,0.01,-4.852642927933097,6.629145703165365,0.5586294405392391,0,0,0.0,0,0
matched,16,fixed,general,7.458495680470382,6.004526097065168,-2.8644727186245844,0.01,3.5429004677725136,6.04037670321033,0.0050644964356907195,0,0,6.004526097065168,3,0
matched,16,random,general,7.4584956804703815,6.004526097065169,-2.8644727186245844,0.01,3.5429004677725136,6.040376703210329,0.005064496435690721,0,0,6.004526097065169,3,0
matched,16,entropy,general,7.4584956804703815,6.004526097065169,-2.8644727186245844,0.01,3.5429004677725136,6.0403767032103275,0.0050644964356907326,0,0,6.004526097065169,3,0
matched,16,myopic,general,9.181226317415005,4.281795460120545,-2.8644727186245844,0.01,3.5429004677725136,6.826892203464862,0.012342505403148374,0,0,4.281795460120545,2,3
matched,16,sequential,general,9.181226317415005,4.281795460120545,-2.8644727186245844,0.01,3.5429004677725136,6.826892203464862,0.012342505403148374,0,0,4.281795460120545,2,37
matched,17,stop,mechanism_repair,-0.1192390037197138,10.382413010630945,-10.573482739483016,0.01,-3.6992823443164085,2.817224974503761,0.5505271119500055,0,0,0.0,0,0
matched,17,fixed,general,6.002651643070125,4.260522363841105,-2.1836540440236663,0.01,2.7008352649766394,3.0095970646813575,0.04488636722791068,0,0,4.260522363841105,3,0
matched,17,random,general,6.002651643070125,4.260522363841105,-2.1836540440236663,0.01,2.7008352649766394,3.0095970646813583,0.04488636722791067,0,0,4.260522363841105,3,0
matched,17,entropy,general,6.002651643070125,4.260522363841105,-2.1836540440236663,0.01,2.7008352649766394,3.0095970646813566,0.04488636722791071,0,0,4.260522363841105,3,0
matched,17,myopic,mechanism_repair,-0.5688420412057649,10.832016048116994,-10.573482739483016,0.01,-3.6992823443164085,4.557032093326108,0.43628079946714365,0,0,0.4496030374860511,1,2
matched,17,sequential,mechanism_repair,-0.5688420412057649,10.832016048116994,-10.573482739483016,0.01,-3.6992823443164085,4.557032093326108,0.43628079946714365,0,0,0.4496030374860511,1,36
matched,18,stop,mechanism_repair,-7.914846770987465,26.481306931425486,-89.45989806589044,0.08,-9.463915532233674,5.46839968411761,0.7699402807342081,0,0,0.0,0,0
matched,18,fixed,source_repair,14.149265179911362,4.417194980526661,-2.165871216332085,0.01,2.095244981016908,6.679124946382716,0.14409593997307937,0,0,4.417194980526661,3,0
matched,18,random,source_repair,14.149265179911362,4.417194980526661,-2.165871216332085,0.01,2.095244981016908,6.679124946382718,0.14409593997307932,0,0,4.417194980526661,3,0
matched,18,entropy,source_repair,14.149265179911362,4.417194980526661,-2.165871216332085,0.01,2.095244981016908,6.679124946382718,0.14409593997307932,0,0,4.417194980526661,3,0
matched,18,myopic,source_repair,18.31482005459465,0.2516401058433715,-2.165871216332085,0.01,2.095244981016908,14.818171167115533,0.03459092294159686,0,0,0.2516401058433718,1,2
matched,18,sequential,source_repair,18.31482005459465,0.2516401058433715,-2.165871216332085,0.01,2.095244981016908,14.818171167115533,0.03459092294159686,0,0,0.2516401058433718,1,36
matched,19,stop,mechanism_repair,20.760132893456994,0.0,-1.1819314184390195,0.01,0.9726310630904418,3.993077652173243,0.713919557214556,0,0,0.0,0,0
matched,19,fixed,mechanism_repair,16.123390869711354,4.63674202374564,-1.1819314184390195,0.01,0.9726310630904418,4.11232034204057,0.32252377615612043,0,0,4.636742023745641,3,0
matched,19,random,mechanism_repair,16.123390869711354,4.63674202374564,-1.1819314184390195,0.01,0.9726310630904418,4.11232034204057,0.32252377615612043,0,0,4.636742023745641,3,0
matched,19,entropy,mechanism_repair,16.123390869711354,4.63674202374564,-1.1819314184390195,0.01,0.9726310630904418,4.1123203420405705,0.32252377615612043,0,0,4.63674202374564,3,0
matched,19,myopic,source_repair,-11.094664094208884,31.85479698766588,-93.56957062642223,0.08,-11.031359905430833,9.675192882870618,1.0694796835473737,0,0,1.6835351748882035,2,3
matched,19,sequential,source_repair,-11.094664094208884,31.85479698766588,-93.56957062642223,0.08,-11.031359905430833,9.675192882870618,1.0694796835473737,0,0,1.6835351748882035,2,37
matched,20,stop,source_repair,1.0367965371864578,16.94105409791077,-17.514815288392594,0.01,-5.234312614921924,4.35881263107438,0.46402313763076236,0,0,0.0,0,0
matched,20,fixed,general,11.485599074433166,6.4922515606640605,-3.8250746032121774,0.01,4.731013325025586,5.943995586200602,0.03823278450753008,0,0,6.4922515606640605,3,0
matched,20,random,general,11.485599074433166,6.4922515606640605,-3.8250746032121774,0.01,4.731013325025586,5.943995586200604,0.03823278450753007,0,0,6.4922515606640605,3,0
matched,20,entropy,general,11.485599074433166,6.4922515606640605,-3.8250746032121774,0.01,4.731013325025586,5.943995586200602,0.03823278450753008,0,0,6.4922515606640605,3,0
matched,20,myopic,general,11.485599074433166,6.4922515606640605,-3.8250746032121774,0.01,4.731013325025586,5.943995586200604,0.03823278450753007,0,0,6.4922515606640605,3,3
matched,20,sequential,general,14.28153842861456,3.6963122064826663,-3.8250746032121774,0.01,4.731013325025586,5.611976436678077,0.10906948927127028,0,0,3.6963122064826663,2,37
matched,21,stop,source_repair,-6.510019902094135,20.870558309879495,-64.72547260062196,0.08,-7.630792559231221,3.4650508423073996,1.227641947820984,0,0,0.0,0,0
matched,21,fixed,mechanism_repair,8.686215171878121,5.674323235907238,-0.8175849170604899,0.01,0.6728042546643599,3.1476457220641167,0.17265890264909103,0,0,5.674323235907239,3,0
matched,21,random,mechanism_repair,8.686215171878121,5.674323235907238,-0.8175849170604899,0.01,0.6728042546643599,3.1476457220641167,0.17265890264909095,0,0,5.674323235907239,3,0
matched,21,entropy,mechanism_repair,8.686215171878121,5.674323235907238,-0.8175849170604899,0.01,0.6728042546643599,3.1476457220641167,0.17265890264909103,0,0,5.674323235907239,3,0
matched,21,myopic,source_repair,-8.129190858304415,22.489729266089775,-64.72547260062196,0.08,-7.630792559231221,4.535573545406359,0.9557897392198134,0,0,1.6191709562102803,1,2
matched,21,sequential,source_repair,-8.129190858304415,22.489729266089775,-64.72547260062196,0.08,-7.630792559231221,4.535573545406359,0.9557897392198134,0,0,1.6191709562102803,1,36
matched,22,stop,source_repair,19.144624857638107,0.0,-2.2333170441928663,0.01,2.160491488403971,4.526423271129456,0.625732911728391,0,0,0.0,0,0
matched,22,fixed,source_repair,15.106067762812376,4.03855709482573,-2.2333170441928663,0.01,2.160491488403971,13.05709536760348,0.018193279392567888,0,0,4.03855709482573,3,0
matched,22,random,source_repair,15.106067762812376,4.03855709482573,-2.2333170441928663,0.01,2.160491488403971,13.05709536760348,0.018193279392567888,0,0,4.03855709482573,3,0
matched,22,entropy,source_repair,15.106067762812376,4.03855709482573,-2.2333170441928663,0.01,2.160491488403971,13.05709536760348,0.01819327939256791,0,0,4.038557094825729,3,0
matched,22,myopic,source_repair,17.20774114802629,1.9368837096118163,-2.2333170441928663,0.01,2.160491488403971,12.726997089010132,0.08700396588798148,0,0,1.936883709611816,2,3
matched,22,sequential,source_repair,17.20774114802629,1.9368837096118163,-2.2333170441928663,0.01,2.160491488403971,12.726997089010132,0.08700396588798148,0,0,1.936883709611816,2,37
matched,23,stop,mechanism_repair,-6.501982683451058,21.754179718857593,-73.49058357261755,0.08,-7.774530156892699,5.232555084635724,0.8954836263197212,0,0,0.0,0,0
matched,23,fixed,source_repair,8.106183581091653,7.1460134543148826,-1.779245707547581,0.01,1.7212268257797267,-0.12212929076673884,0.3986602894457735,0,0,7.1460134543148826,3,0
matched,23,random,source_repair,8.106183581091653,7.1460134543148826,-1.779245707547581,0.01,1.7212268257797267,-0.12212929076673884,0.39866028944577353,0,0,7.146013454314883,3,0
matched,23,entropy,source_repair,8.106183581091653,7.1460134543148826,-1.779245707547581,0.01,1.7212268257797267,-0.12212929076674062,0.3986602894457737,0,0,7.146013454314883,3,0
matched,23,myopic,source_repair,9.860667031516245,5.39153000389029,-1.779245707547581,0.01,1.7212268257797267,4.29407594456767,0.18245678740008014,0,0,5.39153000389029,2,3
matched,23,sequential,source_repair,9.860667031516245,5.39153000389029,-1.779245707547581,0.01,1.7212268257797267,4.29407594456767,0.18245678740008014,0,0,5.39153000389029,2,37
matched,24,stop,source_repair,0.7172456724617307,11.71965501702032,-12.1165773794506,0.01,-3.62104611339903,4.681294364828526,0.6831965954381032,0,0,0.0,0,0
matched,24,fixed,general,8.075046906629684,4.361853782852368,-2.646149082868523,0.01,3.272868602495277,3.827609543899487,0.04686332140800968,0,0,4.361853782852369,3,0
matched,24,random,general,8.075046906629684,4.361853782852368,-2.646149082868523,0.01,3.272868602495277,3.827609543899487,0.04686332140800969,0,0,4.361853782852369,3,0
matched,24,entropy,general,8.075046906629684,4.361853782852368,-2.646149082868523,0.01,3.272868602495277,3.827609543899489,0.04686332140800968,0,0,4.361853782852369,3,0
matched,24,myopic,general,9.58256031625086,2.8543403732311923,-2.646149082868523,0.01,3.272868602495277,3.3275764659013114,0.11510125785004895,0,0,2.8543403732311927,2,3
matched,24,sequential,general,8.075046906629684,4.361853782852368,-2.646149082868523,0.01,3.272868602495277,3.827609543899489,0.04686332140800968,0,0,4.361853782852369,3,37
matched,25,stop,mechanism_repair,17.42787085952335,0.0,-0.9922165831539775,0.01,0.8165115632204627,5.781638910171469,0.4588008735937061,0,0,0.0,0,0
matched,25,fixed,mechanism_repair,13.198149481245041,4.229721378278308,-0.9922165831539775,0.01,0.8165115632204627,2.0961263398636474,0.43976439922016836,0,0,4.229721378278308,3,0
matched,25,random,mechanism_repair,13.198149481245041,4.229721378278308,-0.9922165831539775,0.01,0.8165115632204627,2.09612633986365,0.43976439922016825,0,0,4.229721378278308,3,0
matched,25,entropy,mechanism_repair,13.198149481245041,4.229721378278308,-0.9922165831539775,0.01,0.8165115632204627,2.09612633986365,0.43976439922016825,0,0,4.229721378278308,3,0
matched,25,myopic,mechanism_repair,16.393399282440832,1.0344715770825168,-0.9922165831539775,0.01,0.8165115632204627,7.8791356050889005,0.3212456815594475,0,0,1.034471577082518,1,2
matched,25,sequential,mechanism_repair,13.198149481245041,4.229721378278308,-0.9922165831539775,0.01,0.8165115632204627,2.09612633986365,0.43976439922016825,0,0,4.229721378278308,3,37
matched,26,stop,source_repair,16.891784683720722,0.0,-1.9705118758667428,0.01,1.9062560538276097,6.596866734251232,0.4177559987039966,0,0,0.0,0,0
matched,26,fixed,source_repair,12.873021811257617,4.018762872463105,-1.9705118758667428,0.01,1.9062560538276097,11.191187331184695,0.009907975599171287,0,0,4.018762872463105,3,0
matched,26,random,source_repair,12.873021811257617,4.018762872463105,-1.9705118758667428,0.01,1.9062560538276097,11.191187331184695,0.00990797559917127,0,0,4.018762872463105,3,0
matched,26,entropy,source_repair,12.873021811257617,4.018762872463105,-1.9705118758667428,0.01,1.9062560538276097,11.191187331184695,0.009907975599171287,0,0,4.018762872463105,3,0
matched,26,myopic,source_repair,16.038821673295462,0.8529630104252597,-1.9705118758667428,0.01,1.9062560538276097,11.493210007678517,0.08144446548126918,0,0,0.8529630104252581,1,2
matched,26,sequential,source_repair,16.038821673295462,0.8529630104252597,-1.9705118758667428,0.01,1.9062560538276097,11.493210007678517,0.08144446548126918,0,0,0.8529630104252581,1,36
matched,27,stop,source_repair,-8.984556842947491,28.80370879032852,-89.32840398534918,0.08,-10.531348680378013,6.2001368515330775,0.9553267983493641,0,0,0.0,0,0
matched,27,fixed,general,-17.524205682212795,37.343357629593825,-89.32840398534918,0.2,-15.985082818430914,6.937326696061488,1.5594296904930345,1,0,6.0525580125153216,3,0
matched,27,random,general,-17.524205682212795,37.343357629593825,-89.32840398534918,0.2,-15.985082818430914,6.93732669606149,1.5594296904930347,1,0,6.0525580125153216,3,0
matched,27,entropy,general,-17.524205682212795,37.343357629593825,-89.32840398534918,0.2,-15.985082818430914,6.937326696061488,1.5594296904930345,1,0,6.0525580125153216,3,0
matched,27,myopic,general,-12.889793906444165,32.7089458538252,-89.32840398534918,0.2,-15.985082818430914,10.521377101030051,1.643570240635,1,0,1.4181462367466904,1,2
matched,27,sequential,general,-12.889793906444165,32.7089458538252,-89.32840398534918,0.2,-15.985082818430914,10.521377101030051,1.643570240635,1,0,1.4181462367466904,1,36
matched,28,stop,mechanism_repair,13.333003254685257,0.0,-0.7590845169314342,0.01,0.6246633003914931,3.3895181349676324,0.6189329701435803,0,0,0.0,0,0
matched,28,fixed,mechanism_repair,7.806401498717302,5.526601755967955,-0.7590845169314342,0.01,0.6246633003914931,6.113997860466685,0.017673078381391108,0,0,5.526601755967955,3,0
matched,28,random,mechanism_repair,7.806401498717302,5.526601755967955,-0.7590845169314342,0.01,0.6246633003914931,6.113997860466685,0.0176730783813911,0,0,5.526601755967955,3,0
matched,28,entropy,mechanism_repair,7.806401498717302,5.526601755967955,-0.7590845169314342,0.01,0.6246633003914931,6.113997860466685,0.017673078381391108,0,0,5.526601755967955,3,0
matched,28,myopic,mechanism_repair,10.773518959475728,2.559484295209529,-0.7590845169314342,0.01,0.6246633003914931,5.430776768533052,0.1761297584283752,0,0,2.5594842952095296,2,3
matched,28,sequential,mechanism_repair,10.773518959475728,2.559484295209529,-0.7590845169314342,0.01,0.6246633003914931,5.430776768533052,0.1761297584283752,0,0,2.5594842952095296,2,37
matched,29,stop,source_repair,0.8015527591117585,13.097216442573686,-13.540794183053011,0.01,-4.046674123671014,7.976706102956101,0.7424455797385932,0,0,0.0,0,0
matched,29,fixed,general,10.449716333666835,3.44905286801861,-2.9571849365288183,0.01,3.6575708425488016,4.536009848865318,0.07800978434601426,0,0,3.449052868018609,3,0
matched,29,random,general,10.449716333666835,3.44905286801861,-2.9571849365288183,0.01,3.6575708425488016,4.536009848865318,0.07800978434601426,0,0,3.449052868018609,3,0
matched,29,entropy,general,10.449716333666835,3.44905286801861,-2.9571849365288183,0.01,3.6575708425488016,4.536009848865318,0.07800978434601426,0,0,3.449052868018609,3,0
matched,29,myopic,source_repair,0.8015527591117585,13.097216442573686,-13.540794183053011,0.01,-4.046674123671014,7.976706102956101,0.7424455797385932,0,0,0.0,0,1
matched,29,sequential,source_repair,0.47860403727943085,13.420165164406015,-13.540794183053011,0.01,-4.046674123671014,9.080038195830493,0.7503554048579021,0,0,0.32294872183232765,1,36
matched,30,stop,mechanism_repair,17.213098257546505,0.0,-0.9799889886872637,0.01,0.8064492719405608,3.446143026648193,0.7105658188110869,0,0,0.0,0,0
matched,30,fixed,mechanism_repair,13.533875267018532,3.6792229905279736,-0.9799889886872637,0.01,0.8064492719405608,4.947843808763427,0.28970267965814367,0,0,3.679222990527973,3,0
matched,30,random,mechanism_repair,13.533875267018532,3.6792229905279736,-0.9799889886872637,0.01,0.8064492719405608,4.947843808763428,0.2897026796581435,0,0,3.679222990527973,3,0
matched,30,entropy,mechanism_repair,13.533875267018532,3.6792229905279736,-0.9799889886872637,0.01,0.8064492719405608,4.947843808763427,0.28970267965814367,0,0,3.679222990527973,3,0
matched,30,myopic,mechanism_repair,14.424184506417767,2.7889137511287387,-0.9799889886872637,0.01,0.8064492719405608,9.524561478609481,0.09433935352467776,0,0,2.788913751128738,2,3
matched,30,sequential,mechanism_repair,14.424184506417767,2.7889137511287387,-0.9799889886872637,0.01,0.8064492719405608,9.524561478609481,0.09433935352467776,0,0,2.788913751128738,2,37
matched,31,stop,mechanism_repair,21.49303651497178,0.0,-1.2236576357711404,0.01,1.0069682627699983,4.120986039030578,0.6945592362524703,0,0,0.0,0,0
matched,31,fixed,mechanism_repair,19.72901477496346,1.764021740008321,-1.2236576357711404,0.01,1.0069682627699983,18.446826345403785,0.004341585636656301,0,0,1.764021740008321,3,0
matched,31,random,mechanism_repair,19.72901477496346,1.764021740008321,-1.2236576357711404,0.01,1.0069682627699983,18.446826345403785,0.004341585636656301,0,0,1.764021740008321,3,0
matched,31,entropy,mechanism_repair,19.72901477496346,1.764021740008321,-1.2236576357711404,0.01,1.0069682627699983,18.44682634540378,0.00434158563665631,0,0,1.764021740008321,3,0
matched,31,myopic,mechanism_repair,20.619060857512906,0.8739756574588746,-1.2236576357711404,0.01,1.0069682627699983,16.73521479941758,0.05545666069575063,0,0,0.8739756574588753,2,3
matched,31,sequential,mechanism_repair,20.619060857512906,0.8739756574588746,-1.2236576357711404,0.01,1.0069682627699983,16.73521479941758,0.05545666069575063,0,0,0.8739756574588753,2,37
matched,32,stop,source_repair,-7.411317008082105,23.76003854003925,-73.68656365963369,0.08,-8.687258031451552,4.057842678122365,0.659992343897661,0,0,0.0,0,0
matched,32,fixed,mechanism_repair,11.892408188834041,4.456313343123105,-0.9307776462269524,0.01,0.7659524380409293,8.60148937683631,0.040128559555091495,0,0,4.456313343123105,3,0
matched,32,random,mechanism_repair,11.892408188834041,4.456313343123105,-0.9307776462269524,0.01,0.7659524380409293,8.601489376836312,0.04012855955509147,0,0,4.456313343123105,3,0
matched,32,entropy,mechanism_repair,11.892408188834041,4.456313343123105,-0.9307776462269524,0.01,0.7659524380409293,8.601489376836312,0.04012855955509147,0,0,4.456313343123105,3,0
matched,32,myopic,mechanism_repair,14.567377586180514,1.7813439457766318,-0.9307776462269524,0.01,0.7659524380409293,7.1512928053419245,0.19976454462514986,0,0,1.7813439457766322,1,2
matched,32,sequential,mechanism_repair,14.567377586180514,1.7813439457766318,-0.9307776462269524,0.01,0.7659524380409293,7.1512928053419245,0.19976454462514986,0,0,1.7813439457766322,1,36
matched,33,stop,mechanism_repair,-7.950741318658319,26.60140205916957,-89.86560681410354,0.08,-9.506835247176216,5.354280859121735,0.5871015297634773,0,0,0.0,0,0
matched,33,fixed,source_repair,15.598324080373274,3.052336660137975,-2.1756936386572456,0.01,2.104747106961899,12.546368654072424,0.023724658390782253,0,0,3.0523366601379744,3,0
matched,33,random,source_repair,15.598324080373274,3.052336660137975,-2.1756936386572456,0.01,2.104747106961899,12.546368654072424,0.023724658390782243,0,0,3.0523366601379744,3,0
matched,33,entropy,source_repair,15.598324080373274,3.052336660137975,-2.1756936386572456,0.01,2.104747106961899,12.546368654072424,0.023724658390782243,0,0,3.0523366601379744,3,0
matched,33,myopic,source_repair,15.598324080373274,3.052336660137975,-2.1756936386572456,0.01,2.104747106961899,12.546368654072424,0.02372465839078225,0,0,3.0523366601379744,3,3
matched,33,sequential,source_repair,15.991989469902563,2.6586712706086857,-2.1756936386572456,0.01,2.104747106961899,11.600245179007707,0.05816931441731368,0,0,2.658671270608685,2,37
matched,34,stop,source_repair,0.8485367919634347,13.864926416256898,-14.334505029285207,0.01,-4.283875066223166,6.683158611107886,0.83351090202777,0,0,0.0,0,0
matched,34,fixed,mechanism_repair,-7.826173009426502,22.539636217646834,-15.158327157405047,0.01,-5.3033549497714665,-1.6053147290760297,1.0779380675630836,0,0,7.655229917841636,3,0
matched,34,random,mechanism_repair,-7.826173009426502,22.539636217646834,-15.158327157405047,0.01,-5.3033549497714665,-1.6053147290760297,1.0779380675630836,0,0,7.655229917841636,3,0
matched,34,entropy,mechanism_repair,-7.826173009426502,22.539636217646834,-15.158327157405047,0.01,-5.3033549497714665,-1.6053147290760297,1.0779380675630836,0,0,7.655229917841636,3,0
matched,34,myopic,mechanism_repair,-5.088903330166192,19.802366538386526,-15.158327157405047,0.01,-5.3033549497714665,6.2843167538024165,1.3965532390871216,0,0,4.917960238581326,2,3
matched,34,sequential,mechanism_repair,-5.088903330166192,19.802366538386526,-15.158327157405047,0.01,-5.3033549497714665,6.2843167538024165,1.3965532390871216,0,0,4.917960238581326,2,37
matched,35,stop,source_repair,0.6598772135309348,10.7822655375977,-11.147440306250743,0.01,-3.331418942097923,4.432890652345545,0.7427352816663102,0,0,0.0,0,0
matched,35,fixed,general,7.95347139713253,3.4886713539961054,-2.4344984576869453,0.01,3.0110901976654305,4.091091729947293,0.04751368734730096,0,0,3.4886713539961054,3,0
matched,35,random,general,7.95347139713253,3.4886713539961054,-2.4344984576869453,0.01,3.0110901976654305,4.091091729947293,0.04751368734730095,0,0,3.4886713539961054,3,0
matched,35,entropy,general,7.95347139713253,3.4886713539961054,-2.4344984576869453,0.01,3.0110901976654305,4.091091729947293,0.04751368734730096,0,0,3.4886713539961054,3,0
matched,35,myopic,general,9.744164736229006,1.697978014899629,-2.4344984576869453,0.01,3.0110901976654305,4.568943255069008,0.09596371821538963,0,0,1.6979780148996284,2,3
matched,35,sequential,general,9.744164736229006,1.697978014899629,-2.4344984576869453,0.01,3.0110901976654305,4.568943255069008,0.09596371821538963,0,0,1.6979780148996284,2,37
matched,36,stop,mechanism_repair,16.00195153833925,0.0,-0.9110350775000398,0.01,0.7497059491927416,5.64850715937321,0.4064227714299182,0,0,0.0,0,0
matched,36,fixed,mechanism_repair,11.224302317197385,4.777649221141864,-0.9110350775000398,0.01,0.7497059491927416,2.1764792222913396,0.31751070051749813,0,0,4.777649221141865,3,0
matched,36,random,mechanism_repair,11.224302317197385,4.777649221141864,-0.9110350775000398,0.01,0.7497059491927416,2.1764792222913396,0.31751070051749813,0,0,4.777649221141865,3,0
matched,36,entropy,mechanism_repair,11.224302317197385,4.777649221141864,-0.9110350775000398,0.01,0.7497059491927416,2.1764792222913405,0.3175107005174981,0,0,4.777649221141865,3,0
matched,36,myopic,mechanism_repair,13.984373216758131,2.0175783215811176,-0.9110350775000398,0.01,0.7497059491927416,8.54092081652413,0.11234588838994572,0,0,2.017578321581118,1,2
matched,36,sequential,mechanism_repair,13.984373216758131,2.0175783215811176,-0.9110350775000398,0.01,0.7497059491927416,8.54092081652413,0.11234588838994572,0,0,2.017578321581118,1,36
matched,37,stop,mechanism_repair,-0.21236114021335484,18.490770606288127,-18.831060144220373,0.01,-6.588312482522753,6.600840893984473,0.5666845851834735,0,0,0.0,0,0
matched,37,fixed,general,13.85778444755308,4.420625018521694,-3.8890232906542055,0.01,4.810107754230204,8.19541839096758,0.03871929724217337,0,0,4.420625018521694,3,0
matched,37,random,general,13.85778444755308,4.420625018521694,-3.8890232906542055,0.01,4.810107754230204,8.19541839096758,0.038719297242173364,0,0,4.420625018521694,3,0
matched,37,entropy,general,13.85778444755308,4.420625018521694,-3.8890232906542055,0.01,4.810107754230204,8.19541839096758,0.03871929724217337,0,0,4.420625018521694,3,0
matched,37,myopic,general,15.481119374203352,2.797290091871421,-3.8890232906542055,0.01,4.810107754230204,7.074746319447193,0.08560702696002997,0,0,2.797290091871421,2,3
matched,37,sequential,general,15.481119374203352,2.797290091871421,-3.8890232906542055,0.01,4.810107754230204,7.074746319447193,0.08560702696002997,0,0,2.797290091871421,2,37
matched,38,stop,source_repair,-7.1512945114406525,22.926429002794954,-71.10130597455384,0.08,-8.382469757000033,6.1407861692587105,0.8371579941827377,0,0,0.0,0,0
matched,38,fixed,mechanism_repair,13.802327466454305,1.972807024899998,-0.898121759678574,0.01,0.7390793647354938,8.411293734231352,0.15526422882115642,0,0,1.9728070248999978,3,0
matched,38,random,mechanism_repair,13.802327466454305,1.972807024899998,-0.898121759678574,0.01,0.7390793647354938,8.411293734231352,0.15526422882115645,0,0,1.9728070248999978,3,0
matched,38,entropy,mechanism_repair,13.802327466454305,1.972807024899998,-0.898121759678574,0.01,0.7390793647354938,8.411293734231352,0.15526422882115645,0,0,1.9728070248999978,3,0
matched,38,myopic,mechanism_repair,14.317535954262095,1.457598537092208,-0.898121759678574,0.01,0.7390793647354938,10.44654842858964,0.06624820653863586,0,0,1.457598537092207,2,3
matched,38,sequential,mechanism_repair,14.317535954262095,1.457598537092208,-0.898121759678574,0.01,0.7390793647354938,10.44654842858964,0.06624820653863586,0,0,1.457598537092207,2,37
matched,39,stop,source_repair,0.9815145572118618,16.03775727949091,-16.580925529598442,0.01,-4.955219123788041,7.8154603949432015,0.9624153559563418,0,0,0.0,0,0
matched,39,fixed,source_repair,-2.679322790307657,19.698594627010433,-16.580925529598442,0.01,-4.955219123788041,1.983703564309879,0.9984765238282176,0,0,3.660837347519519,3,0
matched,39,random,source_repair,-2.679322790307657,19.698594627010433,-16.580925529598442,0.01,-4.955219123788041,1.983703564309879,0.9984765238282176,0,0,3.660837347519519,3,0
matched,39,entropy,source_repair,-2.679322790307657,19.698594627010433,-16.580925529598442,0.01,-4.955219123788041,1.9837035643098764,0.9984765238282176,0,0,3.660837347519519,3,0
matched,39,myopic,source_repair,-1.873471810086626,18.892743646789402,-16.580925529598442,0.01,-4.955219123788041,3.278872334540398,1.2190228466880257,0,0,2.854986367298488,2,3
matched,39,sequential,source_repair,0.12063287417345547,16.89863896252932,-16.580925529598442,0.01,-4.955219123788041,10.85672912603798,1.2549555466451399,0,0,0.8608816830384063,1,36
matched,40,stop,source_repair,19.592458750345653,0.0,-2.2855591263954866,0.01,2.211030024447807,6.639361880657767,0.5160604740103171,0,0,0.0,0,0
matched,40,fixed,source_repair,13.761022913539122,5.831435836806531,-2.2855591263954866,0.01,2.211030024447807,12.327506924509045,0.005598729044083838,0,0,5.831435836806531,3,0
matched,40,random,source_repair,13.761022913539122,5.831435836806531,-2.2855591263954866,0.01,2.211030024447807,12.327506924509045,0.005598729044083825,0,0,5.83143583680653,3,0
matched,40,entropy,source_repair,13.761022913539122,5.831435836806531,-2.2855591263954866,0.01,2.211030024447807,12.327506924509045,0.005598729044083838,0,0,5.831435836806531,3,0
matched,40,myopic,source_repair,17.75329343705605,1.8391653132896018,-2.2855591263954866,0.01,2.211030024447807,12.971503105796844,0.07032899788748365,0,0,1.8391653132896018,1,2
matched,40,sequential,source_repair,17.75329343705605,1.8391653132896018,-2.2855591263954866,0.01,2.211030024447807,12.971503105796844,0.07032899788748365,0,0,1.8391653132896018,1,36
matched,41,stop,source_repair,11.8015047472784,0.0,-1.3767050488171084,0.01,1.3318124928774204,3.132313212499761,0.49253999440957236,0,0,0.0,0,0
matched,41,fixed,source_repair,7.384503106823256,4.417001640455145,-1.3767050488171084,0.01,1.3318124928774204,2.668193537095152,0.1475111476551856,0,0,4.417001640455145,3,0
matched,41,random,source_repair,7.3845031068232565,4.417001640455144,-1.3767050488171084,0.01,1.3318124928774204,2.668193537095153,0.1475111476551856,0,0,4.417001640455144,3,0
matched,41,entropy,source_repair,7.3845031068232565,4.417001640455144,-1.3767050488171084,0.01,1.3318124928774204,2.668193537095153,0.14751114765518558,0,0,4.417001640455144,3,0
matched,41,myopic,source_repair,10.286888349116257,1.5146163981621434,-1.3767050488171084,0.01,1.3318124928774204,8.231214715087505,0.02769444306997989,0,0,1.5146163981621428,1,2
matched,41,sequential,source_repair,10.286888349116257,1.5146163981621434,-1.3767050488171084,0.01,1.3318124928774204,8.231214715087505,0.02769444306997989,0,0,1.5146163981621428,1,36
matched,42,stop,source_repair,12.210612270933211,0.0,-1.4244295047560462,0.01,1.3779807165574791,5.99902676725201,0.2648796322557647,0,0,0.0,0,0
matched,42,fixed,source_repair,8.122418910535245,4.088193360397966,-1.4244295047560462,0.01,1.3779807165574791,5.432101537352151,0.09628287745989077,0,0,4.088193360397967,3,0
matched,42,random,source_repair,8.122418910535245,4.088193360397966,-1.4244295047560462,0.01,1.3779807165574791,5.4321015373521515,0.09628287745989075,0,0,4.088193360397966,3,0
matched,42,entropy,source_repair,8.122418910535245,4.088193360397966,-1.4244295047560462,0.01,1.3779807165574791,5.4321015373521515,0.09628287745989075,0,0,4.088193360397966,3,0
matched,42,myopic,source_repair,11.09516450406746,1.115447766865751,-1.4244295047560462,0.01,1.3779807165574791,7.1786976084690926,0.1633733376707927,0,0,1.1154477668657503,1,2
matched,42,sequential,source_repair,11.09516450406746,1.115447766865751,-1.4244295047560462,0.01,1.3779807165574791,7.1786976084690926,0.1633733376707927,0,0,1.1154477668657503,1,36
matched,43,stop,source_repair,14.801132293287752,0.0,-1.726626730466585,0.01,1.670323684907893,5.28408585089361,0.4027019221662128,0,0,0.0,0,0
matched,43,fixed,source_repair,12.176364345122245,2.6247679481655073,-1.726626730466585,0.01,1.670323684907893,3.142622996680912,0.35559178828314497,0,0,2.624767948165507,3,0
matched,43,random,source_repair,12.176364345122245,2.6247679481655073,-1.726626730466585,0.01,1.670323684907893,3.1426229966809123,0.3555917882831449,0,0,2.6247679481655073,3,0
matched,43,entropy,source_repair,12.176364345122245,2.6247679481655073,-1.726626730466585,0.01,1.670323684907893,3.1426229966809123,0.3555917882831449,0,0,2.6247679481655073,3,0
matched,43,myopic,source_repair,14.306851307762729,0.4942809855250232,-1.726626730466585,0.01,1.670323684907893,7.0757672109701515,0.28314552299793133,0,0,0.4942809855250237,1,2
matched,43,sequential,source_repair,14.306851307762729,0.4942809855250232,-1.726626730466585,0.01,1.670323684907893,7.0757672109701515,0.28314552299793133,0,0,0.4942809855250237,1,36
matched,44,stop,source_repair,0.869315086727851,14.204439718087112,-14.685516999091847,0.01,-4.388775195130897,4.078131939156228,0.4825893905692177,0,0,0.0,0,0
matched,44,fixed,source_repair,-5.126912049385838,20.200666854200804,-14.685516999091847,0.01,-4.388775195130897,7.949879571420355,1.4280536170859153,0,0,5.996227136113689,3,0
matched,44,random,source_repair,-5.126912049385838,20.200666854200804,-14.685516999091847,0.01,-4.388775195130897,7.949879571420355,1.4280536170859153,0,0,5.996227136113689,3,0
matched,44,entropy,source_repair,-5.126912049385838,20.200666854200804,-14.685516999091847,0.01,-4.388775195130897,7.949879571420355,1.4280536170859153,0,0,5.996227136113689,3,0
matched,44,myopic,source_repair,-3.4706352291438334,18.5443900339588,-14.685516999091847,0.01,-4.388775195130897,7.391492801183286,0.9853078478432804,0,0,4.339950315871684,2,3
matched,44,sequential,source_repair,-2.697505098987997,17.77125990380296,-14.685516999091847,0.01,-4.388775195130897,6.832901319892127,0.8229005719500232,0,0,3.566820185715848,2,37
matched,45,stop,source_repair,0.6740766242184855,11.014281151065154,-11.387313846021016,0.01,-3.4031052873166256,2.8930127742880587,0.8366352084067353,0,0,0.0,0,0
matched,45,fixed,mechanism_repair,-4.7508673438232165,16.439225119106858,-12.041757170504983,0.01,-4.212978901365535,1.2385340307241766,0.9597936151598384,0,0,4.6150703539927935,3,0
matched,45,random,mechanism_repair,-4.7508673438232165,16.439225119106858,-12.041757170504983,0.01,-4.212978901365535,1.2385340307241766,0.9597936151598384,0,0,4.6150703539927935,3,0
matched,45,entropy,mechanism_repair,-4.7508673438232165,16.439225119106858,-12.041757170504983,0.01,-4.212978901365535,1.2385340307241766,0.9597936151598384,0,0,4.6150703539927935,3,0
matched,45,myopic,mechanism_repair,-1.779176531462069,13.467534306745709,-12.041757170504983,0.01,-4.212978901365535,8.551010525782749,1.4455960636642666,0,0,1.6433795416316461,2,3
matched,45,sequential,mechanism_repair,-1.779176531462069,13.467534306745709,-12.041757170504983,0.01,-4.212978901365535,8.551010525782749,1.4455960636642666,0,0,1.6433795416316461,2,37
matched,46,stop,mechanism_repair,21.25224261500783,0.0,-1.2099485772985141,0.01,0.9956868500685676,8.713679152922117,0.35581374813374184,0,0,0.0,0,0
matched,46,fixed,mechanism_repair,17.238539518403666,4.013703096604164,-1.2099485772985141,0.01,0.9956868500685676,16.948882390579772,0.00023480614832054012,0,0,4.013703096604165,3,0
matched,46,random,mechanism_repair,17.238539518403666,4.013703096604164,-1.2099485772985141,0.01,0.9956868500685676,16.948882390579776,0.00023480614832053752,0,0,4.013703096604165,3,0
matched,46,entropy,mechanism_repair,17.238539518403666,4.013703096604164,-1.2099485772985141,0.01,0.9956868500685676,16.948882390579772,0.00023480614832054012,0,0,4.013703096604165,3,0
matched,46,myopic,mechanism_repair,17.548467603657272,3.703775011350558,-1.2099485772985141,0.01,0.9956868500685676,16.696968962501003,0.0027060555741209094,0,0,3.70377501135056,2,3
matched,46,sequential,mechanism_repair,19.975714862623473,1.2765277523843572,-1.2099485772985141,0.01,0.9956868500685676,16.786377387418078,0.028467018031175545,0,0,1.2765277523843557,2,37
matched,47,stop,source_repair,0.586863427722254,9.589234454917992,-9.914003536278852,0.01,-2.962805654520117,2.446370318969089,0.41362982642715984,0,0,0.0,0,0
matched,47,fixed,source_repair,-6.539823067802051,16.715920950442296,-9.914003536278852,0.01,-2.962805654520117,-2.223474563381366,0.3951605101222102,0,0,7.126686495524305,3,0
matched,47,random,source_repair,-6.539823067802051,16.715920950442296,-9.914003536278852,0.01,-2.962805654520117,-2.223474563381366,0.3951605101222102,0,0,7.126686495524305,3,0
matched,47,entropy,source_repair,-6.539823067802051,16.715920950442296,-9.914003536278852,0.01,-2.962805654520117,-2.223474563381366,0.3951605101222102,0,0,7.126686495524305,3,0
matched,47,myopic,source_repair,-1.6051157684053596,11.781213651045606,-9.914003536278852,0.01,-2.962805654520117,2.356721186390132,0.30216623124784037,0,0,2.1919791961276136,1,2
matched,47,sequential,source_repair,-1.6051157684053596,11.781213651045606,-9.914003536278852,0.01,-2.962805654520117,2.356721186390132,0.30216623124784037,0,0,2.1919791961276136,1,36
matched,48,stop,source_repair,17.800428659818746,0.0,-2.0765097783596365,0.01,2.008797502978341,7.590582433834336,0.4976639737485552,0,0,0.0,0,0
matched,48,fixed,source_repair,14.863790521255165,2.9366381385635805,-2.0765097783596365,0.01,2.008797502978341,13.590045692677375,0.005172369700252311,0,0,2.9366381385635796,3,0
matched,48,random,source_repair,14.863790521255165,2.9366381385635805,-2.0765097783596365,0.01,2.008797502978341,13.590045692677375,0.005172369700252311,0,0,2.9366381385635796,3,0
matched,48,entropy,source_repair,14.863790521255165,2.9366381385635805,-2.0765097783596365,0.01,2.008797502978341,13.590045692677375,0.00517236970025231,0,0,2.93663813856358,3,0
matched,48,myopic,source_repair,16.215523366400866,1.5849052934178793,-2.0765097783596365,0.01,2.008797502978341,10.621143216555957,0.08747163419319212,0,0,1.5849052934178778,1,2
matched,48,sequential,source_repair,15.725336233717705,2.0750924261010404,-2.0765097783596365,0.01,2.008797502978341,12.410160224141332,0.030716835626925384,0,0,2.0750924261010413,2,37
matched,49,stop,mechanism_repair,14.36782966457906,0.0,-0.8180000283475186,0.01,0.6731458566609809,5.557702237928085,0.5287719375019101,0,0,0.0,0,0
matched,49,fixed,mechanism_repair,7.182645521014444,7.185184143564617,-0.8180000283475186,0.01,0.6731458566609809,6.374904530894251,0.005495284816794324,0,0,7.185184143564617,3,0
matched,49,random,mechanism_repair,7.182645521014444,7.185184143564617,-0.8180000283475186,0.01,0.6731458566609809,6.374904530894253,0.005495284816794312,0,0,7.185184143564617,3,0
matched,49,entropy,mechanism_repair,7.182645521014445,7.185184143564616,-0.8180000283475186,0.01,0.6731458566609809,6.374904530894254,0.005495284816794313,0,0,7.185184143564616,3,0
matched,49,myopic,mechanism_repair,11.439577812621962,2.928251851957098,-0.8180000283475186,0.01,0.6731458566609809,9.637494719990539,0.022123490229933946,0,0,2.9282518519570973,1,2
matched,49,sequential,mechanism_repair,11.439577812621962,2.928251851957098,-0.8180000283475186,0.01,0.6731458566609809,9.637494719990539,0.022123490229933946,0,0,2.9282518519570973,1,36
matched,50,stop,source_repair,0.6958076519556033,11.369361924672626,-11.754420528182038,0.01,-3.5128153302612986,2.60360261702073,0.33556421663488073,0,0,0.0,0,0
matched,50,fixed,general,7.230104414515138,4.835065162113091,-2.567057356729412,0.01,3.1750446254284816,6.689478033137453,0.0010166760943296823,0,0,4.835065162113091,3,0
matched,50,random,general,7.230104414515138,4.835065162113091,-2.567057356729412,0.01,3.1750446254284816,6.689478033137453,0.0010166760943296823,0,0,4.835065162113091,3,0
matched,50,entropy,general,7.230104414515138,4.835065162113091,-2.567057356729412,0.01,3.1750446254284816,6.689478033137453,0.0010166760943296823,0,0,4.835065162113091,3,0
matched,50,myopic,general,11.470231268241646,0.5949383083865829,-2.567057356729412,0.01,3.1750446254284816,9.560793146120611,0.010195475193703347,0,0,0.5949383083865833,1,2
matched,50,sequential,general,11.470231268241646,0.5949383083865829,-2.567057356729412,0.01,3.1750446254284816,9.560793146120611,0.010195475193703347,0,0,0.5949383083865833,1,36
matched,51,stop,source_repair,-6.206450179227911,19.89734014811083,-61.70724929635285,0.08,-7.274959917043705,2.5522026160489584,0.7795617271228917,0,0,0.0,0,0
matched,51,fixed,mechanism_repair,8.394472620591252,5.296417348291666,-0.7794599911118261,0.01,0.641430617685773,7.6797219021049345,0.0034654102198459014,0,0,5.296417348291665,3,0
matched,51,random,mechanism_repair,8.394472620591252,5.296417348291666,-0.7794599911118261,0.01,0.641430617685773,7.6797219021049345,0.0034654102198458914,0,0,5.296417348291665,3,0
matched,51,entropy,mechanism_repair,8.394472620591252,5.296417348291666,-0.7794599911118261,0.01,0.641430617685773,7.6797219021049345,0.003465410219845891,0,0,5.296417348291665,3,0
matched,51,myopic,mechanism_repair,12.643184844977737,1.04770512390518,-0.7794599911118261,0.01,0.641430617685773,8.244210546056417,0.111828016531055,0,0,1.0477051239051802,1,2
matched,51,sequential,mechanism_repair,10.97628546374236,2.7146045051405565,-0.7794599911118261,0.01,0.641430617685773,8.381646189147558,0.06332708605025837,0,0,2.714604505140557,2,37
matched,52,stop,source_repair,0.9117711601985437,14.898163714700475,-15.402736104324916,0.01,-4.603116536924688,4.473124531913843,0.433932350059288,0,0,0.0,0,0
matched,52,fixed,source_repair,-3.65084438205043,19.46077925694945,-15.402736104324916,0.01,-4.603116536924688,-1.340966866379707,0.2657962291121607,0,0,4.562615542248974,3,0
matched,52,random,source_repair,-3.65084438205043,19.46077925694945,-15.402736104324916,0.01,-4.603116536924688,-1.340966866379706,0.2657962291121607,0,0,4.562615542248974,3,0
matched,52,entropy,source_repair,-3.65084438205043,19.46077925694945,-15.402736104324916,0.01,-4.603116536924688,-1.3409668663797074,0.2657962291121607,0,0,4.562615542248974,3,0
matched,52,myopic,general,13.435577800878377,2.374357074020642,-3.363815930829581,0.01,4.160509177605006,5.016334182405897,0.11520106798836804,0,0,2.374357074020642,2,3
matched,52,sequential,general,13.435577800878377,2.374357074020642,-3.363815930829581,0.01,4.160509177605006,5.016334182405897,0.11520106798836803,0,0,2.374357074020642,2,37
matched,53,stop,source_repair,11.464603811381258,0.0,-1.3374038555088763,0.01,1.2937928602205437,4.388844435096233,0.4579910166455204,0,0,0.0,0,0
matched,53,fixed,source_repair,6.898444071066029,4.5661597403152285,-1.3374038555088763,0.01,1.2937928602205437,-1.999429446804501,0.6770234685240241,0,0,4.5661597403152285,3,0
matched,53,random,source_repair,6.898444071066029,4.5661597403152285,-1.3374038555088763,0.01,1.2937928602205437,-1.9994294468045024,0.6770234685240243,0,0,4.5661597403152285,3,0
matched,53,entropy,source_repair,6.898444071066029,4.5661597403152285,-1.3374038555088763,0.01,1.2937928602205437,-1.9994294468045024,0.6770234685240242,0,0,4.5661597403152285,3,0
matched,53,myopic,mechanism_repair,-7.549781638571332,19.01438544995259,-55.240594031888385,0.08,-5.843873368636614,3.0093271991930584,0.9916931949580053,0,0,2.6624427665921537,2,3
matched,53,sequential,mechanism_repair,-7.549781638571332,19.01438544995259,-55.240594031888385,0.08,-5.843873368636614,3.0093271991930584,0.9916931949580053,0,0,2.6624427665921537,2,37
matched,54,stop,source_repair,17.520854441578702,0.0,-2.043896035789312,0.01,1.9772472520135735,3.809871967413423,0.6865029059661774,0,0,0.0,0,0
matched,54,fixed,general,-23.54885797314042,41.06971241471912,-84.421792782602,0.3,-23.99356215926583,1.0103089314373666,1.1116254453595167,0,0,5.920254664457608,3,0
matched,54,random,general,-23.54885797314042,41.06971241471912,-84.421792782602,0.3,-23.99356215926583,1.0103089314373674,1.111625445359517,0,0,5.920254664457608,3,0
matched,54,entropy,general,-23.54885797314042,41.06971241471912,-84.421792782602,0.3,-23.99356215926583,1.0103089314373666,1.1116254453595167,0,0,5.920254664457608,3,0
matched,54,myopic,general,-19.866532813568842,37.387387255147544,-84.421792782602,0.3,-23.99356215926583,7.073654727458555,1.4026977608234812,0,0,2.237929504886028,1,2
matched,54,sequential,source_repair,16.295068559611906,1.2257858819667966,-2.043896035789312,0.01,1.9772472520135735,6.359809131116434,0.36046545627232085,0,0,1.2257858819667955,1,36
matched,55,stop,mechanism_repair,-0.15475309885868038,13.47470657170704,-13.722684428914322,0.01,-4.801075054953041,3.3065727828755223,0.6222491868623629,0,0,0.0,0,0
matched,55,fixed,general,10.398133619981847,2.9218198528665127,-2.8340326537975224,0.01,3.5052509139074632,9.081191835589983,0.0048479434939310544,0,0,2.9218198528665122,3,0
matched,55,random,general,10.398133619981849,2.921819852866511,-2.8340326537975224,0.01,3.5052509139074632,9.081191835589987,0.004847943493931043,0,0,2.921819852866512,3,0
matched,55,entropy,general,10.398133619981847,2.9218198528665127,-2.8340326537975224,0.01,3.5052509139074632,9.081191835589983,0.0048479434939310544,0,0,2.9218198528665122,3,0
matched,55,myopic,general,12.214546019000933,1.1054074538474268,-2.8340326537975224,0.01,3.5052509139074632,9.825846769510173,0.01869015166136184,0,0,1.1054074538474261,2,3
matched,55,sequential,general,12.214546019000933,1.1054074538474268,-2.8340326537975224,0.01,3.5052509139074632,9.825846769510173,0.01869015166136184,0,0,1.1054074538474261,2,37
matched,56,stop,mechanism_repair,15.593799754988211,0.0,-0.8877978747947246,0.01,0.7305836677998272,4.976190854883195,0.5360909902581078,0,0,0.0,0,0
matched,56,fixed,mechanism_repair,10.099292886614519,5.494506868373692,-0.8877978747947246,0.01,0.7305836677998272,2.980179666388848,0.20330967157203883,0,0,5.494506868373692,3,0
matched,56,random,mechanism_repair,10.099292886614519,5.494506868373692,-0.8877978747947246,0.01,0.7305836677998272,2.980179666388848,0.20330967157203883,0,0,5.494506868373692,3,0
matched,56,entropy,mechanism_repair,10.099292886614519,5.494506868373692,-0.8877978747947246,0.01,0.7305836677998272,2.980179666388848,0.20330967157203883,0,0,5.494506868373692,3,0
matched,56,myopic,mechanism_repair,12.937075158744346,2.6567245962438655,-0.8877978747947246,0.01,0.7305836677998272,9.54947191891706,0.04603533608731414,0,0,2.6567245962438655,2,3
matched,56,sequential,mechanism_repair,12.937075158744346,2.6567245962438655,-0.8877978747947246,0.01,0.7305836677998272,9.54947191891706,0.04603533608731414,0,0,2.6567245962438655,2,37
matched,57,stop,mechanism_repair,-0.13927360025137336,12.126871192971997,-12.350044552410942,0.01,-4.32083759816008,3.4617989502963664,0.9694118009479141,0,0,0.0,0,0
matched,57,fixed,general,7.027385319529426,4.960212273191198,-2.550552679302258,0.01,3.1546309454527957,1.8880851256632987,0.09158172617811387,0,0,4.960212273191198,3,0
matched,57,random,general,7.027385319529426,4.960212273191198,-2.550552679302258,0.01,3.1546309454527957,1.8880851256632987,0.09158172617811386,0,0,4.960212273191198,3,0
matched,57,entropy,general,7.027385319529426,4.960212273191198,-2.550552679302258,0.01,3.1546309454527957,1.8880851256632987,0.09158172617811387,0,0,4.960212273191198,3,0
matched,57,myopic,mechanism_repair,-2.08235131061334,14.069948903333964,-12.350044552410942,0.01,-4.32083759816008,5.976714831973568,0.8767617730805656,0,0,1.9430777103619665,1,2
matched,57,sequential,mechanism_repair,-2.08235131061334,14.069948903333964,-12.350044552410942,0.01,-4.32083759816008,5.976714831973568,0.8767617730805656,0,0,1.9430777103619665,1,36
matched,58,stop,mechanism_repair,15.938543489036476,0.0,-0.9074250829957897,0.01,0.7467352245486192,5.0461357712846615,0.5071367348045634,0,0,0.0,0,0
matched,58,fixed,mechanism_repair,9.298599341878587,6.639944147157889,-0.9074250829957897,0.01,0.7467352245486192,7.4446000280826805,0.01306305319347348,0,0,6.639944147157889,3,0
matched,58,random,mechanism_repair,9.298599341878587,6.639944147157889,-0.9074250829957897,0.01,0.7467352245486192,7.4446000280826805,0.013063053193473482,0,0,6.639944147157889,3,0
matched,58,entropy,mechanism_repair,9.298599341878587,6.639944147157889,-0.9074250829957897,0.01,0.7467352245486192,7.4446000280826805,0.013063053193473478,0,0,6.639944147157889,3,0
matched,58,myopic,mechanism_repair,14.969247208079722,0.9692962809567547,-0.9074250829957897,0.01,0.7467352245486192,6.380354217435119,0.2878785348240429,0,0,0.9692962809567556,1,2
matched,58,sequential,mechanism_repair,14.969247208079722,0.9692962809567547,-0.9074250829957897,0.01,0.7467352245486192,6.380354217435119,0.2878785348240429,0,0,0.9692962809567556,1,36
matched,59,stop,mechanism_repair,-0.1555684100779281,13.545697585941985,-13.79498190570541,0.01,-4.826369348803185,4.198721003981114,0.5643622191655074,0,0,0.0,0,0
matched,59,fixed,general,9.677597866258134,3.7125313096059234,-2.8489636544391583,0.01,3.523718204174752,1.3990173190546842,0.20635264521060317,0,0,3.712531309605923,3,0
matched,59,random,general,9.677597866258134,3.7125313096059234,-2.8489636544391583,0.01,3.523718204174752,1.399017319054685,0.20635264521060315,0,0,3.712531309605923,3,0
matched,59,entropy,general,9.677597866258134,3.7125313096059234,-2.8489636544391583,0.01,3.523718204174752,1.399017319054685,0.20635264521060315,0,0,3.712531309605923,3,0
matched,59,myopic,general,10.713999737308436,2.6761294385556216,-2.8489636544391583,0.01,3.523718204174752,6.66054713023715,0.049470748613627,0,0,2.676129438555621,2,3
matched,59,sequential,general,10.713999737308436,2.6761294385556216,-2.8489636544391583,0.01,3.523718204174752,6.66054713023715,0.049470748613627,0,0,2.676129438555621,2,37
matched,60,stop,source_repair,-8.425398629709004,27.011096130252337,-83.76900783070177,0.08,-9.875925133724841,5.165587113848685,0.9324513481096336,0,0,0.0,0,0
matched,60,fixed,mechanism_repair,14.397818344122449,4.187879156420884,-1.0581348357562326,0.01,0.8707567919244001,8.975478363097732,0.1512864675137039,0,0,4.187879156420885,3,0
matched,60,random,mechanism_repair,14.397818344122449,4.187879156420884,-1.0581348357562326,0.01,0.8707567919244001,8.975478363097732,0.1512864675137038,0,0,4.187879156420885,3,0
matched,60,entropy,mechanism_repair,14.397818344122449,4.187879156420884,-1.0581348357562326,0.01,0.8707567919244001,8.975478363097732,0.1512864675137038,0,0,4.187879156420885,3,0
matched,60,myopic,mechanism_repair,17.926583549654566,0.6591139508887665,-1.0581348357562326,0.01,0.8707567919244001,12.95771886834496,0.07492692689088093,0,0,0.6591139508887647,1,2
matched,60,sequential,mechanism_repair,17.926583549654566,0.6591139508887665,-1.0581348357562326,0.01,0.8707567919244001,12.95771886834496,0.07492692689088093,0,0,0.6591139508887647,1,36
matched,61,stop,source_repair,17.302969223945045,0.0,-2.0184786262637977,0.01,1.9526586710595435,7.921700521146457,0.46056791693098353,0,0,0.0,0,0
matched,61,fixed,source_repair,9.276047792019455,8.02692143192559,-2.0184786262637977,0.01,1.9526586710595435,8.879670738607928,0.0010378607931423695,0,0,8.02692143192559,3,0
matched,61,random,source_repair,9.276047792019455,8.02692143192559,-2.0184786262637977,0.01,1.9526586710595435,8.879670738607928,0.0010378607931423645,0,0,8.02692143192559,3,0
matched,61,entropy,source_repair,9.276047792019455,8.02692143192559,-2.0184786262637977,0.01,1.9526586710595435,8.879670738607928,0.0010378607931423697,0,0,8.02692143192559,3,0
matched,61,myopic,source_repair,14.40136376215772,2.901605461787325,-2.0184786262637977,0.01,1.9526586710595435,13.205897218517295,0.007479031870302895,0,0,2.901605461787325,1,2
matched,61,sequential,source_repair,14.40136376215772,2.901605461787325,-2.0184786262637977,0.01,1.9526586710595435,13.205897218517295,0.007479031870302895,0,0,2.901605461787325,1,36
matched,62,stop,source_repair,0.6824080894838187,11.15041567574046,-11.528058987396554,0.01,-3.4451670537047168,3.509270557791553,0.2779829833638115,0,0,0.0,0,0
matched,62,fixed,mechanism_repair,-7.211838359336277,19.044662124560556,-12.190591113108999,0.01,-4.265050559273869,-0.6164063517447147,0.6721893280785478,0,0,7.074362943250945,3,0
matched,62,random,mechanism_repair,-7.211838359336278,19.044662124560556,-12.190591113108999,0.01,-4.265050559273869,-0.6164063517447174,0.6721893280785477,0,0,7.074362943250946,3,0
matched,62,entropy,mechanism_repair,-7.211838359336277,19.044662124560556,-12.190591113108999,0.01,-4.265050559273869,-0.6164063517447147,0.6721893280785478,0,0,7.074362943250945,3,0
matched,62,myopic,general,9.281582920942201,2.551240844282077,-2.5176220777072933,0.01,3.113900990848494,3.8630301040796247,0.09486871429268588,0,0,2.5512408442820766,1,2
matched,62,sequential,general,9.281582920942201,2.551240844282077,-2.5176220777072933,0.01,3.113900990848494,3.8630301040796247,0.09486871429268588,0,0,2.5512408442820766,1,36
matched,63,stop,source_repair,14.291058933800644,0.0,-1.6671241005638215,0.01,1.6127613581541336,3.1530440541229643,0.8101047436267876,0,0,0.0,0,0
matched,63,fixed,general,-20.882955293829177,35.17401422762982,-68.85947371894052,0.3,-19.570587267488364,2.003954221316178,1.659387254043038,1,0,6.504009926466203,3,0
matched,63,random,general,-20.882955293829177,35.17401422762982,-68.85947371894052,0.3,-19.570587267488364,2.003954221316178,1.659387254043038,1,0,6.504009926466203,3,0
matched,63,entropy,general,-20.882955293829177,35.17401422762982,-68.85947371894052,0.3,-19.570587267488364,2.003954221316178,1.659387254043038,1,0,6.504009926466203,3,0
matched,63,myopic,general,-17.9351657059149,32.22622463971555,-68.85947371894052,0.3,-19.570587267488364,7.770875442438969,1.8471576833955818,1,0,3.5562203385519298,2,3
matched,63,sequential,general,-17.9351657059149,32.22622463971555,-68.85947371894052,0.3,-19.570587267488364,7.770875442438969,1.8471576833955818,1,0,3.5562203385519298,2,37
matched,64,stop,mechanism_repair,13.474856833194561,0.0,-0.7671606309967238,0.01,0.6313092692577216,5.254605075062165,0.5328971460983373,0,0,0.0,0,0
matched,64,fixed,mechanism_repair,9.773218988012474,3.7016378451820877,-0.7671606309967238,0.01,0.6313092692577216,9.065775434562275,0.004278044169457984,0,0,3.7016378451820877,3,0
matched,64,random,mechanism_repair,9.773218988012474,3.7016378451820877,-0.7671606309967238,0.01,0.6313092692577216,9.065775434562275,0.004278044169457984,0,0,3.7016378451820877,3,0
matched,64,entropy,mechanism_repair,9.773218988012474,3.7016378451820877,-0.7671606309967238,0.01,0.6313092692577216,9.065775434562275,0.004278044169457984,0,0,3.7016378451820877,3,0
matched,64,myopic,mechanism_repair,12.623083591075765,0.8517732421187958,-0.7671606309967238,0.01,0.6313092692577216,10.073098553948697,0.05128004778070141,0,0,0.8517732421187956,1,2
matched,64,sequential,mechanism_repair,12.623083591075765,0.8517732421187958,-0.7671606309967238,0.01,0.6313092692577216,10.073098553948697,0.05128004778070141,0,0,0.8517732421187956,1,36
matched,65,stop,source_repair,-7.997764343656479,25.64013775584062,-79.51728023520309,0.08,-9.374668827729208,4.730306946835443,0.5860599900155482,0,0,0.0,0,0
matched,65,fixed,mechanism_repair,13.45663192579945,4.185741486384689,-1.004428802970987,0.01,0.8265612024448744,11.66673820018283,0.015806472013965914,0,0,4.18574148638469,3,0
matched,65,random,mechanism_repair,13.45663192579945,4.185741486384689,-1.004428802970987,0.01,0.8265612024448744,11.66673820018283,0.015806472013965914,0,0,4.18574148638469,3,0
matched,65,entropy,mechanism_repair,13.45663192579945,4.185741486384689,-1.004428802970987,0.01,0.8265612024448744,11.66673820018283,0.015806472013965917,0,0,4.185741486384689,3,0
matched,65,myopic,mechanism_repair,15.330632305302203,2.311741106881936,-1.004428802970987,0.01,0.8265612024448744,10.309968071729466,0.10458144917070505,0,0,2.3117411068819362,1,2
matched,65,sequential,mechanism_repair,15.330632305302203,2.311741106881936,-1.004428802970987,0.01,0.8265612024448744,10.309968071729466,0.10458144917070505,0,0,2.3117411068819362,1,36
matched,66,stop,source_repair,18.94887685057581,0.0,-2.2104820519279467,0.01,2.1384011154520346,8.595330272944851,0.4983400563327325,0,0,0.0,0,0
matched,66,fixed,source_repair,16.02609700096415,2.9227798496116613,-2.2104820519279467,0.01,2.1384011154520346,13.287475107431648,0.04477998938842355,0,0,2.922779849611663,3,0
matched,66,random,source_repair,16.02609700096415,2.9227798496116613,-2.2104820519279467,0.01,2.1384011154520346,13.287475107431645,0.044779989388423584,0,0,2.922779849611663,3,0
matched,66,entropy,source_repair,16.02609700096415,2.9227798496116613,-2.2104820519279467,0.01,2.1384011154520346,13.287475107431645,0.044779989388423584,0,0,2.922779849611663,3,0
matched,66,myopic,source_repair,18.168500495955644,0.7803763546201665,-2.2104820519279467,0.01,2.1384011154520346,16.78872104490682,0.008850480697314518,0,0,0.7803763546201676,1,2
matched,66,sequential,source_repair,18.168500495955644,0.7803763546201665,-2.2104820519279467,0.01,2.1384011154520346,16.78872104490682,0.008850480697314518,0,0,0.7803763546201676,1,36
matched,67,stop,mechanism_repair,-6.00501207956078,20.09142723882791,-67.87342624131756,0.08,-7.180294039213069,4.335683467226422,0.8936836712087192,0,0,0.0,0,0
matched,67,fixed,source_repair,9.221493815886223,4.864921343380908,-1.643251372158212,0.01,1.5896670882834905,8.412639389951057,0.0034953890218416403,0,0,4.8649213433809075,3,0
matched,67,random,source_repair,9.221493815886223,4.864921343380908,-1.643251372158212,0.01,1.5896670882834905,8.412639389951057,0.0034953890218416403,0,0,4.8649213433809075,3,0
matched,67,entropy,source_repair,9.221493815886223,4.864921343380908,-1.643251372158212,0.01,1.5896670882834905,8.412639389951057,0.0034953890218416403,0,0,4.8649213433809075,3,0
matched,67,myopic,source_repair,13.49825723951205,0.5881579197550817,-1.643251372158212,0.01,1.5896670882834905,8.371648864203681,0.1348201280617504,0,0,0.5881579197550821,1,2
matched,67,sequential,source_repair,13.49825723951205,0.5881579197550817,-1.643251372158212,0.01,1.5896670882834905,8.371648864203681,0.1348201280617504,0,0,0.5881579197550821,1,36
matched,68,stop,source_repair,20.44886496898494,0.0,-2.3854632310234125,0.01,2.3076763865335193,4.868877706866343,0.714618294510499,0,0,0.0,0,0
matched,68,fixed,source_repair,13.337085138164412,7.111779830820527,-2.3854632310234125,0.01,2.3076763865335193,11.935995889082747,0.007390791770659187,0,0,7.111779830820527,3,0
matched,68,random,source_repair,13.337085138164412,7.111779830820527,-2.3854632310234125,0.01,2.3076763865335193,11.935995889082747,0.0073907917706591865,0,0,7.111779830820527,3,0
matched,68,entropy,source_repair,13.337085138164412,7.111779830820527,-2.3854632310234125,0.01,2.3076763865335193,11.93599588908275,0.00739079177065917,0,0,7.111779830820527,3,0
matched,68,myopic,source_repair,18.316478737897647,2.132386231087292,-2.3854632310234125,0.01,2.3076763865335193,13.850080543690655,0.058729298325549815,0,0,2.132386231087292,1,2
matched,68,sequential,source_repair,18.316478737897647,2.132386231087292,-2.3854632310234125,0.01,2.3076763865335193,13.850080543690655,0.058729298325549815,0,0,2.132386231087292,1,36
matched,69,stop,mechanism_repair,-6.77612890418667,22.671411653403855,-76.58920236736867,0.08,-8.102331408337422,5.490514128431915,0.8272117418367823,0,0,0.0,0,0
matched,69,fixed,mechanism_repair,-13.523515936981731,29.418798686198915,-76.58920236736867,0.08,-8.102331408337422,-3.712409829266764,0.7752034061478132,0,0,6.74738703279506,3,0
matched,69,random,mechanism_repair,-13.523515936981731,29.418798686198915,-76.58920236736867,0.08,-8.102331408337422,-3.712409829266765,0.7752034061478132,0,0,6.747387032795061,3,0
matched,69,entropy,mechanism_repair,-13.523515936981731,29.418798686198915,-76.58920236736867,0.08,-8.102331408337422,-3.712409829266765,0.7752034061478132,0,0,6.747387032795061,3,0
matched,69,myopic,source_repair,13.230394254617245,2.664888494599939,-1.8542648994205058,0.01,1.7937997396567926,2.5773359839642493,0.6128014363081851,0,0,2.66488849459994,1,2
matched,69,sequential,mechanism_repair,-8.191632436512542,24.086915185729726,-76.58920236736867,0.08,-8.102331408337422,6.339221350541064,1.160773545002246,0,0,1.4155035323258707,1,36
matched,70,stop,mechanism_repair,-5.634944262773449,18.853263099288263,-63.69062521873618,0.08,-6.737797720508407,3.1959936272620526,0.5330169433006674,0,0,0.0,0,0
matched,70,fixed,source_repair,7.1043866316341475,6.1139322048806655,-1.5419835579272978,0.01,1.4917014853861894,5.560302152109022,0.01797187975778775,0,0,6.1139322048806655,3,0
matched,70,random,source_repair,7.104386631634148,6.113932204880665,-1.5419835579272978,0.01,1.4917014853861894,5.5603021521090215,0.01797187975778777,0,0,6.113932204880665,3,0
matched,70,entropy,source_repair,7.104386631634149,6.113932204880664,-1.5419835579272978,0.01,1.4917014853861894,5.560302152109024,0.01797187975778775,0,0,6.113932204880664,3,0
matched,70,myopic,source_repair,11.390232288385612,1.8280865481292015,-1.5419835579272978,0.01,1.4917014853861894,6.508406969194354,0.21757513106280274,0,0,1.828086548129201,1,2
matched,70,sequential,source_repair,11.390232288385612,1.8280865481292015,-1.5419835579272978,0.01,1.4917014853861894,6.508406969194354,0.21757513106280274,0,0,1.828086548129201,1,36
matched,71,stop,mechanism_repair,-0.15139522719259357,13.182328999046693,-13.424926170331208,0.01,-4.696900120734085,5.00243707982661,0.686419867434554,0,0,0.0,0,0
matched,71,fixed,mechanism_repair,-5.963987406555307,18.994921178409406,-13.424926170331208,0.01,-4.696900120734085,2.7036346863883143,0.7211334135770687,0,0,5.8125921793627136,3,0
matched,71,random,mechanism_repair,-5.963987406555307,18.994921178409406,-13.424926170331208,0.01,-4.696900120734085,2.7036346863883143,0.7211334135770687,0,0,5.8125921793627136,3,0
matched,71,entropy,mechanism_repair,-5.963987406555307,18.994921178409406,-13.424926170331208,0.01,-4.696900120734085,2.7036346863883143,0.7211334135770687,0,0,5.8125921793627136,3,0
matched,71,myopic,mechanism_repair,-1.0610152519008598,14.09194902375496,-13.424926170331208,0.01,-4.696900120734085,8.002547077398217,1.0641511128938204,0,0,0.9096200247082662,1,2
matched,71,sequential,mechanism_repair,-1.0610152519008598,14.09194902375496,-13.424926170331208,0.01,-4.696900120734085,8.002547077398217,1.0641511128938204,0,0,0.9096200247082662,1,36
matched,72,stop,source_repair,-5.829888530123899,18.69011621130511,-57.96330825345582,0.08,-6.833568973039004,4.550428222362591,1.0300669007279553,0,0,0.0,0,0
matched,72,fixed,source_repair,-11.400751999411868,24.26097968059308,-57.96330825345582,0.08,-6.833568973039004,3.0039734525650292,1.3989583776254066,0,0,5.5708634692879695,3,0
matched,72,random,source_repair,-11.40075199941187,24.26097968059308,-57.96330825345582,0.08,-6.833568973039004,3.0039734525650283,1.3989583776254066,0,0,5.57086346928797,3,0
matched,72,entropy,source_repair,-11.400751999411868,24.26097968059308,-57.96330825345582,0.08,-6.833568973039004,3.0039734525650292,1.3989583776254066,0,0,5.5708634692879695,3,0
matched,72,myopic,source_repair,-8.972596962220086,21.832824643401295,-57.96330825345582,0.08,-6.833568973039004,7.059474595823415,1.6591542585279229,0,0,3.142708432096187,2,3
matched,72,sequential,source_repair,-8.972596962220086,21.832824643401295,-57.96330825345582,0.08,-6.833568973039004,7.059474595823415,1.6591542585279229,0,0,3.142708432096187,2,37
matched,73,stop,source_repair,14.069042505633508,0.0,-1.6412247644941158,0.01,1.5877065656519145,5.247489462740986,0.4812038500209152,0,0,0.0,0,0
matched,73,fixed,source_repair,9.380202010402938,4.68884049523057,-1.6412247644941158,0.01,1.5877065656519145,5.878689523801135,0.121145916502129,0,0,4.68884049523057,3,0
matched,73,random,source_repair,9.380202010402938,4.68884049523057,-1.6412247644941158,0.01,1.5877065656519145,5.878689523801135,0.121145916502129,0,0,4.68884049523057,3,0
matched,73,entropy,source_repair,9.380202010402938,4.68884049523057,-1.6412247644941158,0.01,1.5877065656519145,5.878689523801135,0.121145916502129,0,0,4.68884049523057,3,0
matched,73,myopic,source_repair,13.774185292014963,0.29485721361854544,-1.6412247644941158,0.01,1.5877065656519145,11.500291497988847,0.03197270248848862,0,0,0.2948572136185449,1,2
matched,73,sequential,source_repair,13.774185292014963,0.29485721361854544,-1.6412247644941158,0.01,1.5877065656519145,11.500291497988847,0.03197270248848862,0,0,0.2948572136185449,1,36
matched,74,stop,mechanism_repair,18.500567784047213,0.0,-1.0532881670433691,0.01,0.8667683874627741,8.025238069024741,0.3692965060809056,0,0,0.0,0,0
matched,74,fixed,mechanism_repair,11.25909043916355,7.241477344883663,-1.0532881670433691,0.01,0.8667683874627741,10.896446052900721,0.0005730608809010649,0,0,7.241477344883664,3,0
matched,74,random,mechanism_repair,11.25909043916355,7.241477344883663,-1.0532881670433691,0.01,0.8667683874627741,10.896446052900721,0.0005730608809010646,0,0,7.241477344883663,3,0
matched,74,entropy,mechanism_repair,11.25909043916355,7.241477344883663,-1.0532881670433691,0.01,0.8667683874627741,10.896446052900721,0.0005730608809010646,0,0,7.241477344883663,3,0
matched,74,myopic,mechanism_repair,16.349439156845527,2.151128627201686,-1.0532881670433691,0.01,0.8667683874627741,14.321559849615603,0.013839614822125966,0,0,2.151128627201685,1,2
matched,74,sequential,mechanism_repair,16.349439156845527,2.151128627201686,-1.0532881670433691,0.01,0.8667683874627741,14.321559849615603,0.013839614822125966,0,0,2.151128627201685,1,36
matched,75,stop,mechanism_repair,-0.17147788196046432,14.930971722027424,-15.205749532879732,0.01,-5.3199463379300695,3.9644474640640293,0.5619666517864742,0,0,0.0,0,0
matched,75,fixed,general,11.538852686124907,3.2206411539420525,-3.140317838312119,0.01,3.8840773263334105,6.1551755832445405,0.05939844779258717,0,0,3.2206411539420525,3,0
matched,75,random,general,11.538852686124907,3.2206411539420525,-3.140317838312119,0.01,3.8840773263334105,6.1551755832445405,0.05939844779258717,0,0,3.2206411539420525,3,0
matched,75,entropy,general,11.538852686124907,3.2206411539420525,-3.140317838312119,0.01,3.8840773263334105,6.1551755832445405,0.05939844779258717,0,0,3.2206411539420525,3,0
matched,75,myopic,general,12.800519276582545,1.9589745634844142,-3.140317838312119,0.01,3.8840773263334105,10.022157216043658,0.015819573379909073,0,0,1.9589745634844136,2,3
matched,75,sequential,general,12.800519276582545,1.9589745634844142,-3.140317838312119,0.01,3.8840773263334105,10.022157216043658,0.015819573379909073,0,0,1.9589745634844136,2,37
matched,76,stop,source_repair,-7.5929141497091175,24.342223201566146,-75.49208207455428,0.08,-8.90011914984219,8.045895493158822,1.1614174253551803,0,0,0.0,0,0
matched,76,fixed,mechanism_repair,11.853510762680585,4.895798289176444,-0.9535841946259493,0.01,0.7847203268276037,4.449773038850194,0.19400587676460274,0,0,4.895798289176443,3,0
matched,76,random,mechanism_repair,11.853510762680585,4.895798289176444,-0.9535841946259493,0.01,0.7847203268276037,4.449773038850194,0.19400587676460268,0,0,4.895798289176443,3,0
matched,76,entropy,mechanism_repair,11.853510762680587,4.895798289176442,-0.9535841946259493,0.01,0.7847203268276037,4.449773038850193,0.19400587676460276,0,0,4.895798289176442,3,0
matched,76,myopic,source_repair,-7.5929141497091175,24.342223201566146,-75.49208207455428,0.08,-8.90011914984219,8.045895493158822,1.1614174253551803,0,0,0.0,0,1
matched,76,sequential,mechanism_repair,13.730153658900807,3.019155392956222,-0.9535841946259493,0.01,0.7847203268276037,4.397892806474791,0.37049848336955243,0,0,3.019155392956221,2,37
matched,77,stop,mechanism_repair,-5.518584506000834,18.463949380056626,-62.37543463058646,0.08,-6.59866440039362,2.7462583295706122,1.0214580825977577,0,0,0.0,0,0
matched,77,fixed,source_repair,9.814424421419538,3.1309404526362528,-1.510142101582621,0.01,1.4608983374005775,6.77870426976835,0.08906501954993515,0,0,3.130940452636252,3,0
matched,77,random,source_repair,9.814424421419538,3.1309404526362528,-1.510142101582621,0.01,1.4608983374005775,6.77870426976835,0.08906501954993515,0,0,3.130940452636252,3,0
matched,77,entropy,source_repair,9.814424421419538,3.1309404526362528,-1.510142101582621,0.01,1.4608983374005775,6.778704269768348,0.08906501954993519,0,0,3.130940452636252,3,0
matched,77,myopic,source_repair,12.077328907765517,0.8680359662902735,-1.510142101582621,0.01,1.4608983374005775,4.613037830954429,0.5384691590139054,0,0,0.8680359662902734,2,3
matched,77,sequential,source_repair,12.077328907765517,0.8680359662902735,-1.510142101582621,0.01,1.4608983374005775,4.613037830954429,0.5384691590139054,0,0,0.8680359662902734,2,37
matched,78,stop,mechanism_repair,15.35127361988152,0.0,-0.8739901954149132,0.01,0.7192210983101885,4.73438047715136,0.5409908905734802,0,0,0.0,0,0
matched,78,fixed,mechanism_repair,10.532012581326256,4.819261038555263,-0.8739901954149132,0.01,0.7192210983101885,9.07572168683424,0.014032820197223829,0,0,4.819261038555263,3,0
matched,78,random,mechanism_repair,10.532012581326256,4.819261038555263,-0.8739901954149132,0.01,0.7192210983101885,9.075721686834239,0.014032820197223843,0,0,4.819261038555263,3,0
matched,78,entropy,mechanism_repair,10.532012581326256,4.819261038555263,-0.8739901954149132,0.01,0.7192210983101885,9.07572168683424,0.014032820197223827,0,0,4.819261038555263,3,0
matched,78,myopic,mechanism_repair,13.958991599563676,1.3922820203178432,-0.8739901954149132,0.01,0.7192210983101885,6.158070083588704,0.45212706640180783,0,0,1.3922820203178439,1,2
matched,78,sequential,mechanism_repair,13.144767316027131,2.206506303854388,-0.8739901954149132,0.01,0.7192210983101885,7.992303025869862,0.17566234397093214,0,0,2.2065063038543884,2,37
matched,79,stop,source_repair,-7.778145348205588,24.9360583337423,-77.33373187645535,0.08,-9.11723996859263,4.084482579245625,0.8167068793732363,0,0,0.0,0,0
matched,79,fixed,mechanism_repair,13.756174544091923,3.401738441444788,-0.9768471394920675,0.01,0.8038637918736806,12.143247109753737,0.008531642604721746,0,0,3.4017384414447878,3,0
matched,79,random,mechanism_repair,13.756174544091923,3.401738441444788,-0.9768471394920675,0.01,0.8038637918736806,12.143247109753737,0.008531642604721746,0,0,3.4017384414447878,3,0
matched,79,entropy,mechanism_repair,13.756174544091923,3.401738441444788,-0.9768471394920675,0.01,0.8038637918736806,12.143247109753737,0.008531642604721746,0,0,3.4017384414447878,3,0
matched,79,myopic,mechanism_repair,16.004124121453717,1.153788864082994,-0.9768471394920675,0.01,0.8038637918736806,9.468440639937217,0.14008286629008662,0,0,1.1537888640829954,2,3
matched,79,sequential,mechanism_repair,16.004124121453717,1.153788864082994,-0.9768471394920675,0.01,0.8038637918736806,9.468440639937217,0.14008286629008662,0,0,1.1537888640829954,2,37
matched,80,stop,mechanism_repair,-6.922926298933391,23.162562901116075,-78.24842336688545,0.08,-8.277859524602093,4.482388992293872,0.6948951317196056,0,0,0.0,0,0
matched,80,fixed,mechanism_repair,-12.331613608344183,28.57125021052687,-78.24842336688545,0.08,-8.277859524602093,9.172326762396956,1.5788742325752452,0,0,5.408687309410792,3,0
matched,80,random,mechanism_repair,-12.331613608344185,28.57125021052687,-78.24842336688545,0.08,-8.277859524602093,9.172326762396958,1.5788742325752452,0,0,5.408687309410793,3,0
matched,80,entropy,mechanism_repair,-12.331613608344185,28.57125021052687,-78.24842336688545,0.08,-8.277859524602093,9.172326762396958,1.5788742325752452,0,0,5.408687309410793,3,0
matched,80,myopic,mechanism_repair,-7.150207656982776,23.38984425916546,-78.24842336688545,0.08,-8.277859524602093,10.161414135924943,1.1544389465769649,0,0,0.22728135804938443,1,2
matched,80,sequential,mechanism_repair,-7.150207656982776,23.38984425916546,-78.24842336688545,0.08,-8.277859524602093,10.161414135924943,1.1544389465769649,0,0,0.22728135804938443,1,36
matched,81,stop,mechanism_repair,-0.12307103344405923,10.716076610845958,-10.913286821063547,0.01,-3.818167603836771,2.590621831087301,0.521618331159992,0,0,0.0,0,0
matched,81,fixed,mechanism_repair,-5.190855467774365,15.783861045176263,-10.913286821063547,0.01,-3.818167603836771,-2.0025856952087064,0.46741919776214846,0,0,5.067784434330306,3,0
matched,81,random,mechanism_repair,-5.190855467774364,15.783861045176263,-10.913286821063547,0.01,-3.818167603836771,-2.0025856952087056,0.46741919776214846,0,0,5.067784434330305,3,0
matched,81,entropy,mechanism_repair,-5.190855467774365,15.783861045176263,-10.913286821063547,0.01,-3.818167603836771,-2.0025856952087064,0.46741919776214846,0,0,5.067784434330306,3,0
matched,81,myopic,mechanism_repair,-0.12307103344405923,10.716076610845958,-10.913286821063547,0.01,-3.818167603836771,2.590621831087301,0.521618331159992,0,0,0.0,0,1
matched,81,sequential,source_repair,-2.051612456977802,12.6446180343797,-10.320173406875313,0.01,-3.0841897537788285,1.6146621500703464,0.7474005638064489,0,0,2.662519273591685,2,37
matched,82,stop,mechanism_repair,-0.19282320280327692,16.789557670593762,-17.098539429302626,0.01,-5.982165629137809,7.119835569321711,0.5287170851908021,0,0,0.0,0,0
matched,82,fixed,general,9.757016805061838,6.839717662728649,-3.5312200995298904,0.01,4.3675617020501285,8.097964286845581,0.005235097738538914,0,0,6.839717662728648,3,0
matched,82,random,general,9.757016805061838,6.839717662728649,-3.5312200995298904,0.01,4.3675617020501285,8.097964286845581,0.005235097738538915,0,0,6.839717662728648,3,0
matched,82,entropy,general,9.757016805061838,6.839717662728649,-3.5312200995298904,0.01,4.3675617020501285,8.097964286845581,0.005235097738538914,0,0,6.839717662728648,3,0
matched,82,myopic,general,14.513656158582194,2.083078309208293,-3.5312200995298904,0.01,4.3675617020501285,11.055029223517057,0.021912635958904744,0,0,2.0830783092082923,1,2
matched,82,sequential,general,14.513656158582194,2.083078309208293,-3.5312200995298904,0.01,4.3675617020501285,11.055029223517057,0.021912635958904744,0,0,2.0830783092082923,1,36
matched,83,stop,source_repair,13.709908859432032,0.0,-1.5993300133997912,0.01,1.5471779477454524,6.4407459985676425,0.32691041375627605,0,0,0.0,0,0
matched,83,fixed,source_repair,5.315773905382427,8.394134954049605,-1.5993300133997912,0.01,1.5471779477454524,4.754214488432849,0.002265659712549803,0,0,8.394134954049605,3,0
matched,83,random,source_repair,5.315773905382427,8.394134954049605,-1.5993300133997912,0.01,1.5471779477454524,4.754214488432849,0.0022656597125498027,0,0,8.394134954049605,3,0
matched,83,entropy,source_repair,5.315773905382427,8.394134954049605,-1.5993300133997912,0.01,1.5471779477454524,4.754214488432849,0.0022656597125498027,0,0,8.394134954049605,3,0
matched,83,myopic,source_repair,13.709908859432032,0.0,-1.5993300133997912,0.01,1.5471779477454524,6.4407459985676425,0.32691041375627605,0,0,0.0,0,1
matched,83,sequential,source_repair,13.709908859432032,0.0,-1.5993300133997912,0.01,1.5471779477454524,6.4407459985676425,0.32691041375627605,0,0,0.0,0,31
matched,84,stop,source_repair,0.6700638890925716,10.948713838279595,-11.319525893408493,0.01,-3.3828468187197798,4.621612087526333,0.4612492229893892,0,0,0.0,0,0
matched,84,fixed,general,8.0623805609263,3.5563971664458656,-2.472080367525993,0.01,3.05757308615057,7.700532983703454,0.00039255590095582714,0,0,3.5563971664458656,3,0
matched,84,random,general,8.0623805609263,3.5563971664458656,-2.472080367525993,0.01,3.05757308615057,7.700532983703454,0.00039255590095582703,0,0,3.5563971664458656,3,0
matched,84,entropy,general,8.0623805609263,3.5563971664458656,-2.472080367525993,0.01,3.05757308615057,7.700532983703454,0.00039255590095582703,0,0,3.5563971664458656,3,0
matched,84,myopic,general,10.075097547002505,1.5436801803696607,-2.472080367525993,0.01,3.05757308615057,7.682982535293458,0.01715593076205757,0,0,1.5436801803696607,2,3
matched,84,sequential,general,10.075097547002505,1.5436801803696607,-2.472080367525993,0.01,3.05757308615057,7.682982535293458,0.01715593076205757,0,0,1.5436801803696607,2,37
matched,85,stop,source_repair,0.926839436332071,15.14437642084345,-15.657287565221392,0.01,-4.6791893873075425,6.71882599260212,0.6099342619621295,0,0,0.0,0,0
matched,85,fixed,general,10.486186019650365,5.5850298375251555,-3.419407629186282,0.01,4.229267330835664,8.260077719650733,0.009131346378545624,0,0,5.5850298375251555,3,0
matched,85,random,general,10.486186019650365,5.5850298375251555,-3.419407629186282,0.01,4.229267330835664,8.260077719650733,0.009131346378545624,0,0,5.5850298375251555,3,0
matched,85,entropy,general,10.486186019650365,5.5850298375251555,-3.419407629186282,0.01,4.229267330835664,8.260077719650733,0.009131346378545624,0,0,5.5850298375251555,3,0
matched,85,myopic,general,14.981195289024525,1.0900205681509956,-3.419407629186282,0.01,4.229267330835664,12.009761510165836,0.013765814713530387,0,0,1.090020568150996,1,2
matched,85,sequential,general,14.981195289024525,1.0900205681509956,-3.419407629186282,0.01,4.229267330835664,12.009761510165836,0.013765814713530387,0,0,1.090020568150996,1,36
matched,86,stop,mechanism_repair,-0.18227035724720464,15.870697250910183,-16.162769028185824,0.01,-5.654773131464471,4.915640315895798,0.7260175393438106,0,0,0.0,0,0
matched,86,fixed,source_repair,-4.234926305963354,19.923353199626334,-15.284357667958334,0.01,-4.567739073182951,6.585030220347417,0.9852491257302198,0,0,5.139690006997669,3,0
matched,86,random,source_repair,-4.234926305963353,19.92335319962633,-15.284357667958334,0.01,-4.567739073182951,6.585030220347418,0.9852491257302198,0,0,5.139690006997668,3,0
matched,86,entropy,source_repair,-4.234926305963353,19.92335319962633,-15.284357667958334,0.01,-4.567739073182951,6.585030220347418,0.9852491257302198,0,0,5.139690006997668,3,0
matched,86,myopic,source_repair,-3.3126677425688333,19.001094636231812,-15.284357667958334,0.01,-4.567739073182951,9.142009186903133,1.3054491495052338,0,0,4.217431443603148,2,3
matched,86,sequential,source_repair,-4.234926305963354,19.923353199626334,-15.284357667958334,0.01,-4.567739073182951,6.585030220347417,0.9852491257302198,0,0,5.139690006997669,3,37
matched,87,stop,source_repair,14.470881781928217,0.0,-1.6881013427216085,0.01,1.6330545598067727,4.7143326754869985,0.40351915000971855,0,0,0.0,0,0
matched,87,fixed,source_repair,7.6166676055023235,6.854214176425893,-1.6881013427216085,0.01,1.6330545598067727,3.6504375505865276,0.15107935521152324,0,0,6.854214176425893,3,0
matched,87,random,source_repair,7.616667605502323,6.854214176425894,-1.6881013427216085,0.01,1.6330545598067727,3.6504375505865267,0.15107935521152324,0,0,6.854214176425894,3,0
matched,87,entropy,source_repair,7.616667605502323,6.854214176425894,-1.6881013427216085,0.01,1.6330545598067727,3.6504375505865267,0.15107935521152324,0,0,6.854214176425894,3,0
matched,87,myopic,source_repair,11.553351931313834,2.9175298506143825,-1.6881013427216085,0.01,1.6330545598067727,8.310907783933725,0.0769332705221549,0,0,2.917529850614382,1,2
matched,87,sequential,source_repair,11.553351931313834,2.9175298506143825,-1.6881013427216085,0.01,1.6330545598067727,8.310907783933725,0.0769332705221549,0,0,2.917529850614382,1,36
matched,88,stop,source_repair,0.5870433425424427,9.592174228144964,-9.917042874017966,0.01,-2.963713962350197,4.726695601781403,0.5361791173486412,0,0,0.0,0,0
matched,88,fixed,general,7.193269492105234,2.9859480785821724,-2.1657909724866817,0.01,2.6787414659703703,6.699825895389678,0.000961977741813963,0,0,2.985948078582173,3,0
matched,88,random,general,7.193269492105234,2.9859480785821724,-2.1657909724866817,0.01,2.6787414659703703,6.699825895389678,0.0009619777418139632,0,0,2.985948078582173,3,0
matched,88,entropy,general,7.193269492105234,2.9859480785821724,-2.1657909724866817,0.01,2.6787414659703703,6.699825895389678,0.0009619777418139633,0,0,2.9859480785821724,3,0
matched,88,myopic,general,9.697900202769006,0.4813173679184004,-2.1657909724866817,0.01,2.6787414659703703,6.511162100323571,0.04012201485266431,0,0,0.48131736791840096,2,3
matched,88,sequential,general,9.697900202769006,0.4813173679184004,-2.1657909724866817,0.01,2.6787414659703703,6.511162100323571,0.04012201485266431,0,0,0.48131736791840096,2,37
matched,89,stop,source_repair,-7.032411871194663,22.545301584968133,-69.91932263354191,0.08,-8.243120142059679,2.882217226813867,0.7158490805989338,0,0,0.0,0,0
matched,89,fixed,mechanism_repair,9.745532546912049,5.767357166861421,-0.8831914437921085,0.01,0.7267929589539226,4.0554887470680105,0.13343518525660836,0,0,5.76735716686142,3,0
matched,89,random,mechanism_repair,9.745532546912049,5.767357166861421,-0.8831914437921085,0.01,0.7267929589539226,4.0554887470680105,0.13343518525660839,0,0,5.76735716686142,3,0
matched,89,entropy,mechanism_repair,9.745532546912049,5.767357166861421,-0.8831914437921085,0.01,0.7267929589539226,4.0554887470680105,0.13343518525660839,0,0,5.76735716686142,3,0
matched,89,myopic,source_repair,-7.968721267741274,23.481610981514745,-69.91932263354191,0.08,-8.243120142059679,8.346730647487476,1.255590411174489,0,0,0.9363093965466112,1,2
matched,89,sequential,source_repair,-7.968721267741274,23.481610981514745,-69.91932263354191,0.08,-8.243120142059679,8.346730647487476,1.255590411174489,0,0,0.9363093965466112,1,36
matched,90,stop,mechanism_repair,-0.17693191103426875,15.405866518610367,-15.689383918219496,0.01,-5.489152661605326,7.2909240809741975,0.9600217489160077,0,0,0.0,0,0
matched,90,fixed,general,9.224715743417727,6.004218864158371,-3.2401988526757664,0.01,4.007614370414762,-0.1265334885831937,0.16438354026423013,0,0,6.004218864158371,3,0
matched,90,random,general,9.224715743417727,6.004218864158371,-3.2401988526757664,0.01,4.007614370414762,-0.1265334885831937,0.16438354026423013,0,0,6.004218864158371,3,0
matched,90,entropy,general,9.224715743417727,6.004218864158371,-3.2401988526757664,0.01,4.007614370414762,-0.1265334885831919,0.16438354026423008,0,0,6.004218864158371,3,0
matched,90,myopic,general,11.626398237359782,3.602536370216317,-3.2401988526757664,0.01,4.007614370414762,6.69482696964212,0.044311784708938165,0,0,3.6025363702163173,2,3
matched,90,sequential,general,11.626398237359782,3.602536370216317,-3.2401988526757664,0.01,4.007614370414762,6.69482696964212,0.044311784708938165,0,0,3.6025363702163173,2,37
matched,91,stop,source_repair,-8.931342628889857,28.63310864253988,-88.7993249340174,0.08,-10.46897304485258,5.922746550311223,1.0848495927157138,0,0,0.0,0,0
matched,91,fixed,mechanism_repair,16.551769745343734,3.149996268306289,-1.1216756833770614,0.01,0.9230456144457073,3.1894177252763463,0.4646700995647235,0,0,3.149996268306289,3,0
matched,91,random,mechanism_repair,16.551769745343734,3.149996268306289,-1.1216756833770614,0.01,0.9230456144457073,3.1894177252763454,0.4646700995647236,0,0,3.149996268306289,3,0
matched,91,entropy,mechanism_repair,16.551769745343734,3.149996268306289,-1.1216756833770614,0.01,0.9230456144457073,3.1894177252763463,0.4646700995647235,0,0,3.149996268306289,3,0
matched,91,myopic,mechanism_repair,17.06125756465086,2.6405084489991637,-1.1216756833770614,0.01,0.9230456144457073,9.568590474311842,0.1438041692103859,0,0,2.6405084489991637,2,3
matched,91,sequential,mechanism_repair,17.06125756465086,2.6405084489991637,-1.1216756833770614,0.01,0.9230456144457073,9.568590474311842,0.1438041692103859,0,0,2.6405084489991637,2,37
matched,92,stop,mechanism_repair,-0.1426543325005809,12.421239288936128,-12.64982996631658,0.01,-4.425721761313205,3.657471808800522,0.7966541461787788,0,0,0.0,0,0
matched,92,fixed,general,6.32361191525065,5.954973041184898,-2.612464884347989,0.01,3.2312065674830395,-0.2722833912224756,0.1968278232633299,0,0,5.954973041184898,3,0
matched,92,random,general,6.323611915250649,5.954973041184899,-2.612464884347989,0.01,3.2312065674830395,-0.2722833912224756,0.19682782326332984,0,0,5.954973041184899,3,0
matched,92,entropy,general,6.323611915250649,5.954973041184899,-2.612464884347989,0.01,3.2312065674830395,-0.27228339122247647,0.19682782326332982,0,0,5.954973041184899,3,0
matched,92,myopic,general,7.019210005734941,5.259374950700607,-2.612464884347989,0.01,3.2312065674830395,3.5381739454773005,0.052413407236119466,0,0,5.259374950700607,2,3
matched,92,sequential,mechanism_repair,-3.4638233280448034,15.742408284480351,-12.64982996631658,0.01,-4.425721761313205,7.578649081172813,1.1879391236261014,0,0,3.3211689955442227,2,37
matched,93,stop,mechanism_repair,15.570171998132235,0.0,-0.8864526816633234,0.01,0.7294766859521092,5.220269114526631,0.44092052005696425,0,0,0.0,0,0
matched,93,fixed,mechanism_repair,10.280917087133922,5.289254910998313,-0.8864526816633234,0.01,0.7294766859521092,2.525801749337525,0.246930197615823,0,0,5.289254910998314,3,0
matched,93,random,mechanism_repair,10.280917087133922,5.289254910998313,-0.8864526816633234,0.01,0.7294766859521092,2.525801749337524,0.24693019761582305,0,0,5.289254910998314,3,0
matched,93,entropy,mechanism_repair,10.280917087133922,5.289254910998313,-0.8864526816633234,0.01,0.7294766859521092,2.525801749337525,0.246930197615823,0,0,5.289254910998314,3,0
matched,93,myopic,mechanism_repair,13.671929691972363,1.8982423061598723,-0.8864526816633234,0.01,0.7294766859521092,8.726854164432336,0.10065459825578042,0,0,1.8982423061598728,1,2
matched,93,sequential,mechanism_repair,13.671929691972363,1.8982423061598723,-0.8864526816633234,0.01,0.7294766859521092,8.726854164432336,0.10065459825578042,0,0,1.8982423061598728,1,36
matched,94,stop,mechanism_repair,12.176995050538352,0.0,-0.6932697929377785,0.01,0.5705032671050466,5.222097233665601,0.35684943537087266,0,0,0.0,0,0
matched,94,fixed,mechanism_repair,8.289802916591547,3.8871921339468045,-0.6932697929377785,0.01,0.5705032671050466,7.653584546418115,0.0029037568898736795,0,0,3.887192133946804,3,0
matched,94,random,mechanism_repair,8.289802916591547,3.8871921339468045,-0.6932697929377785,0.01,0.5705032671050466,7.653584546418113,0.00290375688987369,0,0,3.887192133946804,3,0
matched,94,entropy,mechanism_repair,8.289802916591547,3.8871921339468045,-0.6932697929377785,0.01,0.5705032671050466,7.653584546418115,0.0029037568898736795,0,0,3.887192133946804,3,0
matched,94,myopic,mechanism_repair,11.199651547648742,0.9773435028896102,-0.6932697929377785,0.01,0.5705032671050466,8.757477054906396,0.042785954562718054,0,0,0.9773435028896104,2,3
matched,94,sequential,mechanism_repair,11.199651547648742,0.9773435028896102,-0.6932697929377785,0.01,0.5705032671050466,8.757477054906396,0.042785954562718054,0,0,0.9773435028896104,2,37
matched,95,stop,mechanism_repair,-0.1638752130967982,14.268989940368211,-14.531585161354652,0.01,-5.0840804063163345,5.686953262891656,0.5078315541096866,0,0,0.0,0,0
matched,95,fixed,mechanism_repair,-7.302952663039665,21.40806739031108,-14.531585161354652,0.01,-5.0840804063163345,-0.9784483652060674,0.30510522271479257,0,0,7.139077449942867,3,0
matched,95,random,mechanism_repair,-7.302952663039665,21.40806739031108,-14.531585161354652,0.01,-5.0840804063163345,-0.9784483652060683,0.3051052227147925,0,0,7.139077449942867,3,0
matched,95,entropy,mechanism_repair,-7.302952663039665,21.40806739031108,-14.531585161354652,0.01,-5.0840804063163345,-0.9784483652060674,0.30510522271479257,0,0,7.139077449942867,3,0
matched,95,myopic,mechanism_repair,-0.1638752130967982,14.268989940368211,-14.531585161354652,0.01,-5.0840804063163345,5.686953262891656,0.5078315541096866,0,0,0.0,0,1
matched,95,sequential,mechanism_repair,-0.1638752130967982,14.268989940368211,-14.531585161354652,0.01,-5.0840804063163345,5.686953262891656,0.5078315541096866,0,0,0.0,0,31
matched,96,stop,source_repair,0.634951871664792,10.374990291377138,-10.72637142424018,0.01,-3.205582264715456,5.392957855997882,0.6780838892568672,0,0,0.0,0,0
matched,96,fixed,source_repair,-4.661217446882817,15.671159609924747,-10.72637142424018,0.01,-3.205582264715456,1.2113535314647264,0.5278950543561063,0,0,5.296169318547609,3,0
matched,96,random,source_repair,-4.661217446882817,15.671159609924747,-10.72637142424018,0.01,-3.205582264715456,1.2113535314647264,0.5278950543561063,0,0,5.296169318547609,3,0
matched,96,entropy,source_repair,-4.661217446882817,15.671159609924747,-10.72637142424018,0.01,-3.205582264715456,1.2113535314647264,0.5278950543561063,0,0,5.296169318547609,3,0
matched,96,myopic,source_repair,0.634951871664792,10.374990291377138,-10.72637142424018,0.01,-3.205582264715456,5.392957855997882,0.6780838892568672,0,0,0.0,0,1
matched,96,sequential,source_repair,-1.926707232786439,12.93664939582837,-10.72637142424018,0.01,-3.205582264715456,3.3370311513824604,0.5306422130577724,0,0,2.561659104451231,2,37
matched,97,stop,mechanism_repair,-7.824011718732081,26.17739316423492,-88.43320800470525,0.08,-9.355302531024083,4.497673958408811,1.0866793016237228,0,0,0.0,0,0
matched,97,fixed,source_repair,13.22287387868766,5.130507566815181,-2.141014509587602,0.01,2.0711988190575705,11.042516679941057,0.025860392502256736,0,0,5.130507566815181,3,0
matched,97,random,source_repair,13.222873878687658,5.130507566815183,-2.141014509587602,0.01,2.0711988190575705,11.042516679941055,0.025860392502256736,0,0,5.130507566815182,3,0
matched,97,entropy,source_repair,13.22287387868766,5.130507566815181,-2.141014509587602,0.01,2.0711988190575705,11.042516679941057,0.02586039250225674,0,0,5.130507566815181,3,0
matched,97,myopic,source_repair,14.458039201044803,3.8953422444580372,-2.141014509587602,0.01,2.0711988190575705,9.158296002753202,0.1742796231573682,0,0,3.895342244458037,2,3
matched,97,sequential,source_repair,14.458039201044803,3.8953422444580372,-2.141014509587602,0.01,2.0711988190575705,9.158296002753202,0.1742796231573682,0,0,3.895342244458037,2,37
matched,98,stop,mechanism_repair,19.49399222357665,0.0,-1.1098465505060817,0.01,0.9133112238539647,7.749327186938346,0.4993154478408856,0,0,0.0,0,0
matched,98,fixed,mechanism_repair,12.631188702057415,6.862803521519236,-1.1098465505060817,0.01,0.9133112238539647,10.391652013330031,0.014568457058220456,0,0,6.862803521519236,3,0
matched,98,random,mechanism_repair,12.631188702057415,6.862803521519236,-1.1098465505060817,0.01,0.9133112238539647,10.391652013330031,0.014568457058220456,0,0,6.862803521519236,3,0
matched,98,entropy,mechanism_repair,12.631188702057415,6.862803521519236,-1.1098465505060817,0.01,0.9133112238539647,10.391652013330031,0.014568457058220456,0,0,6.862803521519236,3,0
matched,98,myopic,mechanism_repair,17.390786581453867,2.1032056421227843,-1.1098465505060817,0.01,0.9133112238539647,10.23783445703648,0.1299916090028462,0,0,2.103205642122784,1,2
matched,98,sequential,mechanism_repair,17.390786581453867,2.1032056421227843,-1.1098465505060817,0.01,0.9133112238539647,10.23783445703648,0.1299916090028462,0,0,2.103205642122784,1,36
matched,99,stop,mechanism_repair,-7.562027542238094,25.300852709359074,-85.47205431441033,0.08,-9.042043640629727,6.7971460377730235,0.9174273754388907,0,0,0.0,0,0
matched,99,fixed,general,-23.49558837061805,41.23441353773903,-85.47205431441033,0.3,-24.29205754199031,8.770025756949412,1.8315732811275454,1,0,5.647673871016837,3,0
matched,99,random,general,-23.49558837061805,41.23441353773903,-85.47205431441033,0.3,-24.29205754199031,8.770025756949412,1.8315732811275454,1,0,5.647673871016837,3,0
matched,99,entropy,general,-23.49558837061805,41.23441353773903,-85.47205431441033,0.3,-24.29205754199031,8.770025756949416,1.8315732811275456,1,0,5.647673871016837,3,0
matched,99,myopic,general,-20.79535833828316,38.534183505404144,-85.47205431441033,0.3,-24.29205754199031,10.355343997974234,1.707183143272222,1,0,2.94744383868195,2,3
matched,99,sequential,general,-20.79535833828316,38.534183505404144,-85.47205431441033,0.3,-24.29205754199031,10.355343997974234,1.707183143272222,1,0,2.94744383868195,2,37
matched,100,stop,source_repair,14.160841236986663,0.0,-1.6519335494868104,0.01,1.5980661511339798,5.2069360023907,0.43734087321604337,0,0,0.0,0,0
matched,100,fixed,mechanism_repair,-13.066991307185333,27.227832544171996,-68.23203791358564,0.08,-7.218231379279324,-0.6565437358563244,0.6929026915161827,0,0,7.030251531778099,3,0
matched,100,random,mechanism_repair,-13.066991307185333,27.227832544171996,-68.23203791358564,0.08,-7.218231379279324,-0.6565437358563226,0.6929026915161828,0,0,7.030251531778099,3,0
matched,100,entropy,mechanism_repair,-13.066991307185333,27.227832544171996,-68.23203791358564,0.08,-7.218231379279324,-0.6565437358563244,0.6929026915161827,0,0,7.030251531778099,3,0
matched,100,myopic,mechanism_repair,-8.651280085404352,22.812121322391015,-68.23203791358564,0.08,-7.218231379279324,8.362238193347894,1.367026510103502,0,0,2.614540309997116,1,2
matched,100,sequential,source_repair,12.630475049165756,1.5303661878209063,-1.6519335494868104,0.01,1.5980661511339798,8.945592411980126,0.07407000959681238,0,0,1.5303661878209063,1,36
matched,101,stop,source_repair,14.99753533562067,0.0,-1.7495381358994488,0.01,1.6924879792940337,4.948449231092938,0.43525066165943826,0,0,0.0,0,0
matched,101,fixed,source_repair,10.400505089584913,4.597030246035757,-1.7495381358994488,0.01,1.6924879792940337,9.871577317437495,0.001100977151508516,0,0,4.597030246035757,3,0
matched,101,random,source_repair,10.400505089584913,4.597030246035757,-1.7495381358994488,0.01,1.6924879792940337,9.871577317437493,0.0011009771515085216,0,0,4.597030246035757,3,0
matched,101,entropy,source_repair,10.400505089584913,4.597030246035757,-1.7495381358994488,0.01,1.6924879792940337,9.871577317437493,0.0011009771515085216,0,0,4.597030246035757,3,0
matched,101,myopic,source_repair,13.139488823515304,1.858046512105366,-1.7495381358994488,0.01,1.6924879792940337,11.797146677100518,0.007766274873679832,0,0,1.8580465121053658,1,2
matched,101,sequential,source_repair,13.139488823515304,1.858046512105366,-1.7495381358994488,0.01,1.6924879792940337,11.797146677100518,0.007766274873679832,0,0,1.8580465121053658,1,36
matched,102,stop,source_repair,19.00232751300778,0.0,-2.216717341275236,0.01,2.144433080146697,5.668842823124643,0.4448913532749906,0,0,0.0,0,0
matched,102,fixed,source_repair,14.676725037325188,4.325602475682594,-2.216717341275236,0.01,2.144433080146697,2.643163556676802,0.3756361356562441,0,0,4.325602475682593,3,0
matched,102,random,source_repair,14.676725037325188,4.325602475682594,-2.216717341275236,0.01,2.144433080146697,2.6431635566768,0.37563613565624426,0,0,4.325602475682593,3,0
matched,102,entropy,source_repair,14.67672503732519,4.325602475682592,-2.216717341275236,0.01,2.144433080146697,2.643163556676802,0.3756361356562442,0,0,4.325602475682592,3,0
matched,102,myopic,source_repair,17.698865119482065,1.3034623935257166,-2.216717341275236,0.01,2.144433080146697,9.375914781199135,0.21126753546815158,0,0,1.3034623935257168,1,2
matched,102,sequential,source_repair,17.698865119482065,1.3034623935257166,-2.216717341275236,0.01,2.144433080146697,9.375914781199135,0.21126753546815158,0,0,1.3034623935257168,1,36
matched,103,stop,mechanism_repair,12.262644774025874,0.0,-0.6981460670777384,0.01,0.5745160343660562,3.612720051513044,0.4773579357421066,0,0,0.0,0,0
matched,103,fixed,mechanism_repair,9.380752005717937,2.881892768307937,-0.6981460670777384,0.01,0.5745160343660562,8.079667387023605,0.01122136972800561,0,0,2.881892768307936,3,0
matched,103,random,mechanism_repair,9.380752005717937,2.881892768307937,-0.6981460670777384,0.01,0.5745160343660562,8.079667387023605,0.011221369728005626,0,0,2.881892768307936,3,0
matched,103,entropy,mechanism_repair,9.380752005717937,2.881892768307937,-0.6981460670777384,0.01,0.5745160343660562,8.079667387023605,0.011221369728005626,0,0,2.881892768307936,3,0
matched,103,myopic,mechanism_repair,10.696548079183955,1.566096694841919,-0.6981460670777384,0.01,0.5745160343660562,7.705697013682205,0.057070156720576186,0,0,1.5660966948419184,1,2
matched,103,sequential,mechanism_repair,10.696548079183955,1.566096694841919,-0.6981460670777384,0.01,0.5745160343660562,7.705697013682205,0.057070156720576186,0,0,1.5660966948419184,1,36
matched,104,stop,source_repair,0.8925354450570077,14.583855864378098,-15.077783246594114,0.01,-4.506004188637322,6.329289974045962,1.0816774068245727,0,0,0.0,0,0
matched,104,fixed,general,9.722152352393557,5.754238957041547,-3.29284921477343,0.01,4.072734555114502,2.8717587230822295,0.07936302536683013,0,0,5.754238957041548,3,0
matched,104,random,general,9.722152352393557,5.754238957041547,-3.29284921477343,0.01,4.072734555114502,2.8717587230822295,0.07936302536683013,0,0,5.754238957041548,3,0
matched,104,entropy,general,9.722152352393557,5.754238957041547,-3.29284921477343,0.01,4.072734555114502,2.8717587230822286,0.07936302536683013,0,0,5.754238957041547,3,0
matched,104,myopic,source_repair,-1.4532381140936828,16.929629423528787,-15.077783246594114,0.01,-4.506004188637322,10.309545850898711,1.1509919722488624,0,0,2.3457735591506905,1,2
matched,104,sequential,source_repair,-1.4532381140936828,16.929629423528787,-15.077783246594114,0.01,-4.506004188637322,10.309545850898711,1.1509919722488624,0,0,2.3457735591506905,1,36
matched,105,stop,mechanism_repair,16.87612361969627,0.0,-0.9608040964837161,0.01,0.7906617043980582,4.7105787703111375,0.5397486577385536,0,0,0.0,0,0
matched,105,fixed,mechanism_repair,11.050760792605141,5.825362827091128,-0.9608040964837161,0.01,0.7906617043980582,10.72376243997189,0.00042516777949246613,0,0,5.825362827091128,3,0
matched,105,random,mechanism_repair,11.050760792605141,5.825362827091128,-0.9608040964837161,0.01,0.7906617043980582,10.723762439971887,0.0004251677794924698,0,0,5.825362827091128,3,0
matched,105,entropy,mechanism_repair,11.050760792605141,5.825362827091128,-0.9608040964837161,0.01,0.7906617043980582,10.72376243997189,0.0004251677794924662,0,0,5.825362827091128,3,0
matched,105,myopic,mechanism_repair,15.569426973299256,1.3066966463970129,-0.9608040964837161,0.01,0.7906617043980582,11.761301602503064,0.05288724181905713,0,0,1.3066966463970136,1,2
matched,105,sequential,mechanism_repair,15.569426973299256,1.3066966463970129,-0.9608040964837161,0.01,0.7906617043980582,11.761301602503064,0.05288724181905713,0,0,1.3066966463970136,1,36
matched,106,stop,source_repair,0.6938590728396942,11.337522520283546,-11.721502783893865,0.01,-3.502977843462534,3.2218629138244457,0.7094281823926749,0,0,0.0,0,0
matched,106,fixed,source_repair,-2.1134840721712047,14.144865665294446,-11.721502783893865,0.01,-3.502977843462534,3.6105987913122792,0.6356507627740852,0,0,2.8073431450108988,3,0
matched,106,random,source_repair,-2.1134840721712047,14.144865665294446,-11.721502783893865,0.01,-3.502977843462534,3.6105987913122792,0.6356507627740852,0,0,2.8073431450108988,3,0
matched,106,entropy,source_repair,-2.1134840721712047,14.144865665294446,-11.721502783893865,0.01,-3.502977843462534,3.6105987913122792,0.6356507627740852,0,0,2.8073431450108988,3,0
matched,106,myopic,source_repair,-0.33957743377347815,12.370959026896719,-11.721502783893865,0.01,-3.502977843462534,5.560344396457928,1.0120646084524412,0,0,1.0334365066131723,1,2
matched,106,sequential,source_repair,-0.33957743377347815,12.370959026896719,-11.721502783893865,0.01,-3.502977843462534,5.560344396457928,1.0120646084524412,0,0,1.0334365066131723,1,36
matched,107,stop,source_repair,17.522451971187845,0.0,-2.0440823956752463,0.01,1.9774275349467045,5.903387925644523,0.5372061949712211,0,0,0.0,0,0
matched,107,fixed,source_repair,13.981220741335498,3.5412312298523467,-2.0440823956752463,0.01,1.9774275349467045,6.741221673366827,0.33557727332974285,0,0,3.541231229852347,3,0
matched,107,random,source_repair,13.981220741335498,3.5412312298523467,-2.0440823956752463,0.01,1.9774275349467045,6.7412216733668275,0.33557727332974274,0,0,3.5412312298523476,3,0
matched,107,entropy,source_repair,13.981220741335498,3.5412312298523467,-2.0440823956752463,0.01,1.9774275349467045,6.741221673366826,0.33557727332974285,0,0,3.5412312298523476,3,0
matched,107,myopic,source_repair,17.161625272436947,0.36082669875089834,-2.0440823956752463,0.01,1.9774275349467045,11.497568064041849,0.12765974818517503,0,0,0.360826698750899,1,2
matched,107,sequential,source_repair,17.161625272436947,0.36082669875089834,-2.0440823956752463,0.01,1.9774275349467045,11.497568064041849,0.12765974818517503,0,0,0.360826698750899,1,36
matched,108,stop,mechanism_repair,16.38915708373888,0.0,-0.9330797533145141,0.01,0.7678468803317351,4.6558723739239545,0.5650310515057486,0,0,0.0,0,0
matched,108,fixed,mechanism_repair,8.651688692440871,7.737468391298009,-0.9330797533145141,0.01,0.7678468803317351,7.527287053145786,0.006054457000558869,0,0,7.737468391298009,3,0
matched,108,random,mechanism_repair,8.651688692440871,7.737468391298009,-0.9330797533145141,0.01,0.7678468803317351,7.527287053145784,0.006054457000558882,0,0,7.737468391298009,3,0
matched,108,entropy,mechanism_repair,8.651688692440871,7.737468391298009,-0.9330797533145141,0.01,0.7678468803317351,7.527287053145786,0.00605445700055887,0,0,7.737468391298009,3,0
matched,108,myopic,mechanism_repair,11.155191555180567,5.233965528558313,-0.9330797533145141,0.01,0.7678468803317351,8.65639747514257,0.02990151518490322,0,0,5.233965528558313,2,3
matched,108,sequential,mechanism_repair,11.155191555180567,5.233965528558313,-0.9330797533145141,0.01,0.7678468803317351,8.65639747514257,0.02990151518490322,0,0,5.233965528558313,2,37
matched,109,stop,source_repair,-6.033544871236169,19.343020750198,-59.988148902923704,0.08,-7.072287028555216,3.262009972750623,0.6848523367848367,0,0,0.0,0,0
matched,109,fixed,source_repair,-9.553857808787765,22.8633336877496,-59.988148902923704,0.08,-7.072287028555216,6.04116742899729,1.5039384108370621,0,0,3.520312937551595,3,0
matched,109,random,source_repair,-9.553857808787765,22.8633336877496,-59.988148902923704,0.08,-7.072287028555216,6.04116742899729,1.5039384108370621,0,0,3.520312937551595,3,0
matched,109,entropy,source_repair,-9.553857808787763,22.863333687749595,-59.988148902923704,0.08,-7.072287028555216,6.041167428997291,1.503938410837062,0,0,3.5203129375515947,3,0
matched,109,myopic,source_repair,-7.4253693848979525,20.734845263859786,-59.988148902923704,0.08,-7.072287028555216,4.930875664148309,1.2100946256323617,0,0,1.3918245136617842,1,2
matched,109,sequential,source_repair,-7.4253693848979525,20.734845263859786,-59.988148902923704,0.08,-7.072287028555216,4.930875664148309,1.2100946256323617,0,0,1.3918245136617842,1,36
matched,110,stop,source_repair,17.85271023370827,0.0,-2.0826086876322325,0.01,2.014697534774661,5.197310549302917,0.508374316073523,0,0,0.0,0,0
matched,110,fixed,source_repair,11.632305272395028,6.220404961313241,-2.0826086876322325,0.01,2.014697534774661,10.276534147705084,0.005674930508998624,0,0,6.220404961313241,3,0
matched,110,random,source_repair,11.63230527239503,6.220404961313239,-2.0826086876322325,0.01,2.014697534774661,10.276534147705085,0.005674930508998625,0,0,6.22040496131324,3,0
matched,110,entropy,source_repair,11.632305272395028,6.220404961313241,-2.0826086876322325,0.01,2.014697534774661,10.276534147705084,0.005674930508998624,0,0,6.220404961313241,3,0
matched,110,myopic,source_repair,15.51304897159779,2.3396612621104786,-2.0826086876322325,0.01,2.014697534774661,11.48177753636575,0.051584111236510674,0,0,2.339661262110479,1,2
matched,110,sequential,source_repair,15.51304897159779,2.3396612621104786,-2.0826086876322325,0.01,2.014697534774661,11.48177753636575,0.051584111236510674,0,0,2.339661262110479,1,36
matched,111,stop,mechanism_repair,-0.12004690113157251,10.45275848768524,-10.645122799137038,0.01,-3.7243466314915588,4.542919086112685,0.6196596392508442,0,0,0.0,0,0
matched,111,fixed,general,5.079756283247569,5.2529553033060985,-2.1984492737348247,0.01,2.7191346280404396,3.4643438417391206,0.012297633780909123,0,0,5.2529553033060985,3,0
matched,111,random,general,5.079756283247569,5.2529553033060985,-2.1984492737348247,0.01,2.7191346280404396,3.4643438417391206,0.012297633780909102,0,0,5.2529553033060985,3,0
matched,111,entropy,general,5.079756283247569,5.2529553033060985,-2.1984492737348247,0.01,2.7191346280404396,3.4643438417391206,0.012297633780909117,0,0,5.2529553033060985,3,0
matched,111,myopic,mechanism_repair,-0.12004690113157251,10.45275848768524,-10.645122799137038,0.01,-3.7243466314915588,4.542919086112685,0.6196596392508442,0,0,0.0,0,1
matched,111,sequential,mechanism_repair,-0.12004690113157251,10.45275848768524,-10.645122799137038,0.01,-3.7243466314915588,4.542919086112685,0.6196596392508442,0,0,0.0,0,31
matched,112,stop,mechanism_repair,19.855690277427886,0.0,-1.1304390147272425,0.01,0.9302571058692937,4.082355122495953,0.6294426584165363,0,0,0.0,0,0
matched,112,fixed,mechanism_repair,17.07128474765149,2.7844055297763965,-1.1304390147272425,0.01,0.9302571058692937,15.139787230754775,0.009253909724896363,0,0,2.7844055297763948,3,0
matched,112,random,mechanism_repair,17.071284747651493,2.784405529776393,-1.1304390147272425,0.01,0.9302571058692937,15.139787230754775,0.00925390972489638,0,0,2.7844055297763943,3,0
matched,112,entropy,mechanism_repair,17.071284747651493,2.784405529776393,-1.1304390147272425,0.01,0.9302571058692937,15.139787230754779,0.009253909724896347,0,0,2.7844055297763943,3,0
matched,112,myopic,mechanism_repair,18.731808646869514,1.1238816305583725,-1.1304390147272425,0.01,0.9302571058692937,13.558357715262153,0.06771264495380333,0,0,1.123881630558373,1,2
matched,112,sequential,mechanism_repair,18.731808646869514,1.1238816305583725,-1.1304390147272425,0.01,0.9302571058692937,13.558357715262153,0.06771264495380333,0,0,1.123881630558373,1,36
matched,113,stop,mechanism_repair,-8.068653075186178,26.995908422436564,-91.19833933880867,0.08,-9.647824319526602,6.027013366818144,0.8937673537074118,0,0,0.0,0,0
matched,113,fixed,source_repair,14.068847763683024,4.858407583567363,-2.2079597945185236,0.01,2.135961105566835,1.1793972728093847,0.410608111665698,0,0,4.858407583567362,3,0
matched,113,random,source_repair,14.068847763683024,4.858407583567363,-2.2079597945185236,0.01,2.135961105566835,1.1793972728093847,0.410608111665698,0,0,4.858407583567362,3,0
matched,113,entropy,source_repair,14.068847763683024,4.858407583567363,-2.2079597945185236,0.01,2.135961105566835,1.1793972728093847,0.410608111665698,0,0,4.858407583567362,3,0
matched,113,myopic,source_repair,17.867043551410777,1.06021179583961,-2.2079597945185236,0.01,2.135961105566835,7.825654246418503,0.28330429108318594,0,0,1.0602117958396093,1,2
matched,113,sequential,source_repair,17.867043551410777,1.06021179583961,-2.2079597945185236,0.01,2.135961105566835,7.825654246418503,0.28330429108318594,0,0,1.0602117958396093,1,36
matched,114,stop,source_repair,0.7891600479927804,12.89472194924126,-13.331441587450858,0.01,-3.984108980157728,3.21636865057985,0.6507298509871682,0,0,0.0,0,0
matched,114,fixed,general,7.217620633806132,6.4662613634279085,-2.911464254730649,0.01,3.6010215782194845,1.7893653899289559,0.07859733986903383,0,0,6.4662613634279085,3,0
matched,114,random,general,7.217620633806133,6.466261363427908,-2.911464254730649,0.01,3.6010215782194845,1.7893653899289568,0.07859733986903383,0,0,6.466261363427908,3,0
matched,114,entropy,general,7.217620633806132,6.4662613634279085,-2.911464254730649,0.01,3.6010215782194845,1.7893653899289559,0.07859733986903385,0,0,6.4662613634279085,3,0
matched,114,myopic,mechanism_repair,-0.8309186301155626,14.514800627349603,-14.097616391327344,0.01,-4.932250299954879,5.851940633029647,0.4683546719331653,0,0,0.6719373583111914,1,2
matched,114,sequential,mechanism_repair,-0.8309186301155626,14.514800627349603,-14.097616391327344,0.01,-4.932250299954879,5.851940633029647,0.4683546719331653,0,0,0.6719373583111914,1,36
matched,115,stop,mechanism_repair,12.218488794594254,0.0,-0.6956321458196246,0.01,0.5724472866640649,4.0795023794576135,0.5396316398746449,0,0,0.0,0,0
matched,115,fixed,mechanism_repair,7.6373572738051525,4.581131520789102,-0.6956321458196246,0.01,0.5724472866640649,6.791506246053984,0.0060933265373933985,0,0,4.581131520789102,3,0
matched,115,random,mechanism_repair,7.6373572738051525,4.581131520789102,-0.6956321458196246,0.01,0.5724472866640649,6.791506246053983,0.006093326537393412,0,0,4.581131520789102,3,0
matched,115,entropy,mechanism_repair,7.6373572738051525,4.581131520789102,-0.6956321458196246,0.01,0.5724472866640649,6.791506246053984,0.0060933265373933985,0,0,4.581131520789102,3,0
matched,115,myopic,mechanism_repair,10.805537697472335,1.412951097121919,-0.6956321458196246,0.01,0.5724472866640649,9.012780249255488,0.026181819789563316,0,0,1.41295109712192,1,2
matched,115,sequential,mechanism_repair,10.805537697472335,1.412951097121919,-0.6956321458196246,0.01,0.5724472866640649,9.012780249255488,0.026181819789563316,0,0,1.41295109712192,1,36
matched,116,stop,source_repair,0.7390729232170269,12.076308056060745,-12.485309576675993,0.01,-3.7312419424548944,4.369245785891845,0.5011622070619117,0,0,0.0,0,0
matched,116,fixed,general,7.698078400838703,5.117302578439068,-2.7266768041016554,0.01,3.3724686787573086,7.460300754414746,0.0001393112150286283,0,0,5.117302578439068,3,0
matched,116,random,general,7.698078400838703,5.117302578439068,-2.7266768041016554,0.01,3.3724686787573086,7.460300754414746,0.0001393112150286283,0,0,5.117302578439068,3,0
matched,116,entropy,general,7.698078400838703,5.117302578439068,-2.7266768041016554,0.01,3.3724686787573086,7.460300754414746,0.0001393112150286283,0,0,5.117302578439068,3,0
matched,116,myopic,general,9.911253462021744,2.9041275172560272,-2.7266768041016554,0.01,3.3724686787573086,9.135773721693447,0.002066635197784529,0,0,2.904127517256027,2,3
matched,116,sequential,general,9.911253462021744,2.9041275172560272,-2.7266768041016554,0.01,3.3724686787573086,9.135773721693447,0.002066635197784529,0,0,2.904127517256027,2,37
matched,117,stop,mechanism_repair,-0.17263105016872948,15.03138071770368,-15.308006376407787,0.01,-5.3557223395720195,4.598044741267516,0.3803024074818391,0,0,0.0,0,0
matched,117,fixed,general,10.535921201532002,4.3228284660029495,-3.1614360994755186,0.01,3.9101972809302508,9.9230484808396,0.0007035144413124677,0,0,4.322828466002949,3,0
matched,117,random,general,10.535921201532002,4.3228284660029495,-3.1614360994755186,0.01,3.9101972809302508,9.9230484808396,0.0007035144413124677,0,0,4.322828466002949,3,0
matched,117,entropy,general,10.535921201532002,4.3228284660029495,-3.1614360994755186,0.01,3.9101972809302508,9.9230484808396,0.0007035144413124678,0,0,4.322828466002949,3,0
matched,117,myopic,general,11.77017879300928,3.088570874525672,-3.1614360994755186,0.01,3.9101972809302508,10.388021193719844,0.0035249135788442687,0,0,3.088570874525673,2,3
matched,117,sequential,general,11.77017879300928,3.088570874525672,-3.1614360994755186,0.01,3.9101972809302508,10.388021193719844,0.0035249135788442687,0,0,3.088570874525673,2,37
matched,118,stop,source_repair,-8.503185913924193,27.260475406413697,-84.54240312117197,0.08,-9.967104367969752,4.1591263390760345,0.6252774387070612,0,0,0.0,0,0
matched,118,fixed,mechanism_repair,15.036546614712858,3.720742877776644,-1.0679040394253292,0.01,0.8787960324437616,14.451204338477133,0.0012061290090574087,0,0,3.720742877776643,3,0
matched,118,random,mechanism_repair,15.036546614712858,3.720742877776644,-1.0679040394253292,0.01,0.8787960324437616,14.451204338477133,0.0012061290090574087,0,0,3.720742877776643,3,0
matched,118,entropy,mechanism_repair,15.036546614712858,3.720742877776644,-1.0679040394253292,0.01,0.8787960324437616,14.451204338477133,0.001206129009057408,0,0,3.720742877776643,3,0
matched,118,myopic,mechanism_repair,17.613069776111406,1.144219716378096,-1.0679040394253292,0.01,0.8787960324437616,15.004205100373,0.018868667390216563,0,0,1.144219716378097,1,2
matched,118,sequential,mechanism_repair,17.613069776111406,1.144219716378096,-1.0679040394253292,0.01,0.8787960324437616,15.004205100373,0.018868667390216563,0,0,1.144219716378097,1,36
matched,119,stop,mechanism_repair,-5.009611736595024,16.761040338812943,-56.622619271448805,0.08,-5.990077091348005,5.050159917439386,1.1021025946667629,0,0,0.0,0,0
matched,119,fixed,mechanism_repair,-9.43693263043319,21.18836123265111,-56.622619271448805,0.08,-5.990077091348005,6.511463336719189,1.7263039120603965,0,0,4.427320893838167,3,0
matched,119,random,mechanism_repair,-9.43693263043319,21.18836123265111,-56.622619271448805,0.08,-5.990077091348005,6.511463336719189,1.7263039120603965,0,0,4.427320893838167,3,0
matched,119,entropy,mechanism_repair,-9.43693263043319,21.18836123265111,-56.622619271448805,0.08,-5.990077091348005,6.511463336719189,1.7263039120603965,0,0,4.427320893838167,3,0
matched,119,myopic,mechanism_repair,-5.009611736595024,16.761040338812943,-56.622619271448805,0.08,-5.990077091348005,5.050159917439386,1.1021025946667629,0,0,0.0,0,1
matched,119,sequential,mechanism_repair,-5.009611736595024,16.761040338812943,-56.622619271448805,0.08,-5.990077091348005,5.050159917439386,1.1021025946667629,0,0,0.0,0,31
disclosed_no_signal,0,stop,mechanism_repair,-0.1884601903550822,16.409660189110568,-16.71165061461931,0.01,-5.846807110413686,4.74689363109968,1.1347921649891242,0,0,0.0,0,0
disclosed_no_signal,0,fixed,mechanism_repair,-6.1322532476897305,22.353453246445213,-16.71165061461931,0.01,-5.846807110413686,-1.1968994262349684,1.1347921649891242,0,0,5.9437930573346485,3,0
disclosed_no_signal,0,random,mechanism_repair,-6.1322532476897305,22.353453246445213,-16.71165061461931,0.01,-5.846807110413686,-1.1968994262349684,1.1347921649891242,0,0,5.9437930573346485,3,0
disclosed_no_signal,0,entropy,mechanism_repair,-0.1884601903550822,16.409660189110568,-16.71165061461931,0.01,-5.846807110413686,4.74689363109968,1.1347921649891242,0,0,0.0,0,0
disclosed_no_signal,0,myopic,mechanism_repair,-0.1884601903550822,16.409660189110568,-16.71165061461931,0.01,-5.846807110413686,4.74689363109968,1.1347921649891242,0,0,0.0,0,1
disclosed_no_signal,0,sequential,mechanism_repair,-0.1884601903550822,16.409660189110568,-16.71165061461931,0.01,-5.846807110413686,4.74689363109968,1.1347921649891242,0,0,0.0,0,31
disclosed_no_signal,1,stop,source_repair,18.350316118724976,0.0,-2.1406569237592077,0.01,2.0708528936366233,9.047050237938336,0.39411963104072106,0,0,0.0,0,0
disclosed_no_signal,1,fixed,source_repair,11.193187992175496,7.15712812654948,-2.1406569237592077,0.01,2.0708528936366233,1.889922111388855,0.39411963104072106,0,0,7.157128126549481,3,0
disclosed_no_signal,1,random,source_repair,11.193187992175494,7.157128126549482,-2.1406569237592077,0.01,2.0708528936366233,1.889922111388854,0.39411963104072106,0,0,7.157128126549482,3,0
disclosed_no_signal,1,entropy,source_repair,18.350316118724976,0.0,-2.1406569237592077,0.01,2.0708528936366233,9.047050237938336,0.39411963104072106,0,0,0.0,0,0
disclosed_no_signal,1,myopic,source_repair,18.350316118724976,0.0,-2.1406569237592077,0.01,2.0708528936366233,9.047050237938336,0.39411963104072106,0,0,0.0,0,1
disclosed_no_signal,1,sequential,source_repair,18.350316118724976,0.0,-2.1406569237592077,0.01,2.0708528936366233,9.047050237938336,0.39411963104072106,0,0,0.0,0,31
disclosed_no_signal,2,stop,mechanism_repair,21.397461311206825,0.0,-1.2182162767618654,0.01,1.0024904777519508,6.715657034057106,0.5010511701221808,0,0,0.0,0,0
disclosed_no_signal,2,fixed,mechanism_repair,17.778678052785494,3.618783258421331,-1.2182162767618654,0.01,1.0024904777519508,3.096873775635774,0.5010511701221808,0,0,3.618783258421332,3,0
disclosed_no_signal,2,random,mechanism_repair,17.778678052785494,3.618783258421331,-1.2182162767618654,0.01,1.0024904777519508,3.096873775635774,0.5010511701221808,0,0,3.618783258421332,3,0
disclosed_no_signal,2,entropy,mechanism_repair,21.397461311206825,0.0,-1.2182162767618654,0.01,1.0024904777519508,6.715657034057106,0.5010511701221808,0,0,0.0,0,0
disclosed_no_signal,2,myopic,mechanism_repair,21.397461311206825,0.0,-1.2182162767618654,0.01,1.0024904777519508,6.715657034057106,0.5010511701221808,0,0,0.0,0,1
disclosed_no_signal,2,sequential,mechanism_repair,21.397461311206825,0.0,-1.2182162767618654,0.01,1.0024904777519508,6.715657034057106,0.5010511701221808,0,0,0.0,0,31
disclosed_no_signal,3,stop,mechanism_repair,18.124995011742335,0.0,-1.0319057769702678,0.01,0.849172462298449,4.37205277862518,0.5533003452073044,0,0,0.0,0,0
disclosed_no_signal,3,fixed,mechanism_repair,10.638459419455959,7.486535592286376,-1.0319057769702678,0.01,0.849172462298449,-3.114482813661195,0.5533003452073044,0,0,7.486535592286375,3,0
disclosed_no_signal,3,random,mechanism_repair,10.638459419455959,7.486535592286376,-1.0319057769702678,0.01,0.849172462298449,-3.114482813661195,0.5533003452073044,0,0,7.486535592286375,3,0
disclosed_no_signal,3,entropy,mechanism_repair,18.124995011742335,0.0,-1.0319057769702678,0.01,0.849172462298449,4.37205277862518,0.5533003452073044,0,0,0.0,0,0
disclosed_no_signal,3,myopic,mechanism_repair,18.124995011742335,0.0,-1.0319057769702678,0.01,0.849172462298449,4.37205277862518,0.5533003452073044,0,0,0.0,0,1
disclosed_no_signal,3,sequential,mechanism_repair,18.124995011742335,0.0,-1.0319057769702678,0.01,0.849172462298449,4.37205277862518,0.5533003452073044,0,0,0.0,0,31
disclosed_no_signal,4,stop,mechanism_repair,-0.1952022675371453,16.99670828302351,-17.30950227799267,0.01,-6.055973962748795,10.392080772767262,0.8433078970882854,0,0,0.0,0,0
disclosed_no_signal,4,fixed,mechanism_repair,-4.055484358816172,20.856990374302537,-17.30950227799267,0.01,-6.055973962748795,6.531798681488235,0.8433078970882854,0,0,3.8602820912790268,3,0
disclosed_no_signal,4,random,mechanism_repair,-4.055484358816172,20.856990374302537,-17.30950227799267,0.01,-6.055973962748795,6.531798681488235,0.8433078970882854,0,0,3.8602820912790268,3,0
disclosed_no_signal,4,entropy,mechanism_repair,-0.1952022675371453,16.99670828302351,-17.30950227799267,0.01,-6.055973962748795,10.392080772767262,0.8433078970882854,0,0,0.0,0,0
disclosed_no_signal,4,myopic,mechanism_repair,-0.1952022675371453,16.99670828302351,-17.30950227799267,0.01,-6.055973962748795,10.392080772767262,0.8433078970882854,0,0,0.0,0,1
disclosed_no_signal,4,sequential,mechanism_repair,-0.1952022675371453,16.99670828302351,-17.30950227799267,0.01,-6.055973962748795,10.392080772767262,0.8433078970882854,0,0,0.0,0,31
disclosed_no_signal,5,stop,mechanism_repair,18.777438985139746,0.0,-1.0690512054165668,0.01,0.8797400544573837,5.675044764603586,0.6491467344045807,0,0,0.0,0,0
disclosed_no_signal,5,fixed,mechanism_repair,16.04176530470168,2.7356736804380652,-1.0690512054165668,0.01,0.8797400544573837,2.9393710841655225,0.6491467344045807,0,0,2.735673680438064,3,0
disclosed_no_signal,5,random,mechanism_repair,16.04176530470168,2.7356736804380652,-1.0690512054165668,0.01,0.8797400544573837,2.9393710841655225,0.6491467344045807,0,0,2.735673680438064,3,0
disclosed_no_signal,5,entropy,mechanism_repair,18.777438985139746,0.0,-1.0690512054165668,0.01,0.8797400544573837,5.675044764603586,0.6491467344045807,0,0,0.0,0,0
disclosed_no_signal,5,myopic,mechanism_repair,18.777438985139746,0.0,-1.0690512054165668,0.01,0.8797400544573837,5.675044764603586,0.6491467344045807,0,0,0.0,0,1
disclosed_no_signal,5,sequential,mechanism_repair,18.777438985139746,0.0,-1.0690512054165668,0.01,0.8797400544573837,5.675044764603586,0.6491467344045807,0,0,0.0,0,31
disclosed_no_signal,6,stop,mechanism_repair,-8.642309928338065,28.91523593959272,-97.6822656980507,0.08,-10.333755476477997,8.649972897799897,0.8183032855809799,0,0,0.0,0,0
disclosed_no_signal,6,fixed,mechanism_repair,-13.452611279247677,33.72553729050233,-97.6822656980507,0.08,-10.333755476477997,3.839671546890285,0.8183032855809799,0,0,4.8103013509096115,3,0
disclosed_no_signal,6,random,mechanism_repair,-13.452611279247677,33.72553729050233,-97.6822656980507,0.08,-10.333755476477997,3.839671546890285,0.8183032855809799,0,0,4.8103013509096115,3,0
disclosed_no_signal,6,entropy,mechanism_repair,-8.642309928338065,28.91523593959272,-97.6822656980507,0.08,-10.333755476477997,8.649972897799897,0.8183032855809799,0,0,0.0,0,0
disclosed_no_signal,6,myopic,mechanism_repair,-8.642309928338065,28.91523593959272,-97.6822656980507,0.08,-10.333755476477997,8.649972897799897,0.8183032855809799,0,0,0.0,0,1
disclosed_no_signal,6,sequential,mechanism_repair,-8.642309928338065,28.91523593959272,-97.6822656980507,0.08,-10.333755476477997,8.649972897799897,0.8183032855809799,0,0,0.0,0,31
disclosed_no_signal,7,stop,source_repair,0.7771407314456856,12.698328650709602,-13.128396822480514,0.01,-3.923428935453947,4.050830167326877,0.34818526966293595,0,0,0.0,0,0
disclosed_no_signal,7,fixed,source_repair,-3.4704702231877356,16.94593960534302,-13.128396822480514,0.01,-3.923428935453947,-0.19678078730654303,0.3481852696629359,0,0,4.247610954633421,3,0
disclosed_no_signal,7,random,source_repair,-3.4704702231877356,16.94593960534302,-13.128396822480514,0.01,-3.923428935453947,-0.19678078730654303,0.3481852696629359,0,0,4.247610954633421,3,0
disclosed_no_signal,7,entropy,source_repair,0.7771407314456856,12.698328650709602,-13.128396822480514,0.01,-3.923428935453947,4.050830167326877,0.34818526966293595,0,0,0.0,0,0
disclosed_no_signal,7,myopic,source_repair,0.7771407314456856,12.698328650709602,-13.128396822480514,0.01,-3.923428935453947,4.050830167326877,0.34818526966293595,0,0,0.0,0,1
disclosed_no_signal,7,sequential,source_repair,0.7771407314456856,12.698328650709602,-13.128396822480514,0.01,-3.923428935453947,4.050830167326877,0.34818526966293595,0,0,0.0,0,31
disclosed_no_signal,8,stop,source_repair,0.931018640353401,15.21266380305606,-15.727887710824447,0.01,-4.700288281395812,7.0600119154814465,0.7857736135269551,0,0,0.0,0,0
disclosed_no_signal,8,fixed,source_repair,-3.4842071515992425,19.627889595008703,-15.727887710824447,0.01,-4.700288281395812,2.644786123528803,0.7857736135269551,0,0,4.415225791952643,3,0
disclosed_no_signal,8,random,source_repair,-3.4842071515992425,19.627889595008703,-15.727887710824447,0.01,-4.700288281395812,2.644786123528803,0.7857736135269551,0,0,4.415225791952643,3,0
disclosed_no_signal,8,entropy,source_repair,0.931018640353401,15.21266380305606,-15.727887710824447,0.01,-4.700288281395812,7.0600119154814465,0.7857736135269551,0,0,0.0,0,0
disclosed_no_signal,8,myopic,source_repair,0.931018640353401,15.21266380305606,-15.727887710824447,0.01,-4.700288281395812,7.0600119154814465,0.7857736135269551,0,0,0.0,0,1
disclosed_no_signal,8,sequential,source_repair,0.931018640353401,15.21266380305606,-15.727887710824447,0.01,-4.700288281395812,7.0600119154814465,0.7857736135269551,0,0,0.0,0,31
disclosed_no_signal,9,stop,source_repair,1.020158335630176,16.669189115199863,-17.23374275724763,0.01,-5.150313927453315,6.519942297768354,0.909337465329647,0,0,0.0,0,0
disclosed_no_signal,9,fixed,source_repair,-1.3570285885196758,19.046376039349713,-17.23374275724763,0.01,-5.150313927453315,4.1427553736185025,0.909337465329647,0,0,2.3771869241498518,3,0
disclosed_no_signal,9,random,source_repair,-1.3570285885196758,19.046376039349713,-17.23374275724763,0.01,-5.150313927453315,4.1427553736185025,0.909337465329647,0,0,2.3771869241498518,3,0
disclosed_no_signal,9,entropy,source_repair,1.020158335630176,16.669189115199863,-17.23374275724763,0.01,-5.150313927453315,6.519942297768354,0.909337465329647,0,0,0.0,0,0
disclosed_no_signal,9,myopic,source_repair,1.020158335630176,16.669189115199863,-17.23374275724763,0.01,-5.150313927453315,6.519942297768354,0.909337465329647,0,0,0.0,0,1
disclosed_no_signal,9,sequential,source_repair,1.020158335630176,16.669189115199863,-17.23374275724763,0.01,-5.150313927453315,6.519942297768354,0.909337465329647,0,0,0.0,0,31
disclosed_no_signal,10,stop,source_repair,1.0111532190049992,16.52204725811081,-17.08161748610387,0.01,-5.104851202743686,5.689367586682161,0.794894609389513,0,0,0.0,0,0
disclosed_no_signal,10,fixed,source_repair,-2.489893052949908,20.023093530065715,-17.08161748610387,0.01,-5.104851202743686,2.1883213147272533,0.7948946093895128,0,0,3.501046271954907,3,0
disclosed_no_signal,10,random,source_repair,-2.489893052949908,20.023093530065715,-17.08161748610387,0.01,-5.104851202743686,2.1883213147272533,0.7948946093895128,0,0,3.501046271954907,3,0
disclosed_no_signal,10,entropy,source_repair,1.0111532190049992,16.52204725811081,-17.08161748610387,0.01,-5.104851202743686,5.689367586682161,0.794894609389513,0,0,0.0,0,0
disclosed_no_signal,10,myopic,source_repair,1.0111532190049992,16.52204725811081,-17.08161748610387,0.01,-5.104851202743686,5.689367586682161,0.794894609389513,0,0,0.0,0,1
disclosed_no_signal,10,sequential,source_repair,1.0111532190049992,16.52204725811081,-17.08161748610387,0.01,-5.104851202743686,5.689367586682161,0.794894609389513,0,0,0.0,0,31
disclosed_no_signal,11,stop,mechanism_repair,15.702976444810375,0.0,-0.8940136037847202,0.01,0.7356986947811766,5.6276395215942285,0.43990849953326666,0,0,0.0,0,0
disclosed_no_signal,11,fixed,mechanism_repair,10.972751750188326,4.7302246946220485,-0.8940136037847202,0.01,0.7356986947811766,0.89741482697218,0.43990849953326666,0,0,4.7302246946220485,3,0
disclosed_no_signal,11,random,mechanism_repair,10.972751750188326,4.7302246946220485,-0.8940136037847202,0.01,0.7356986947811766,0.89741482697218,0.43990849953326666,0,0,4.7302246946220485,3,0
disclosed_no_signal,11,entropy,mechanism_repair,15.702976444810375,0.0,-0.8940136037847202,0.01,0.7356986947811766,5.6276395215942285,0.43990849953326666,0,0,0.0,0,0
disclosed_no_signal,11,myopic,mechanism_repair,15.702976444810375,0.0,-0.8940136037847202,0.01,0.7356986947811766,5.6276395215942285,0.43990849953326666,0,0,0.0,0,1
disclosed_no_signal,11,sequential,mechanism_repair,15.702976444810375,0.0,-0.8940136037847202,0.01,0.7356986947811766,5.6276395215942285,0.43990849953326666,0,0,0.0,0,31
disclosed_no_signal,12,stop,source_repair,0.867953973702377,14.18219939554467,-14.66252343924404,0.01,-4.381903556555692,5.191413114254245,0.45263722185527233,0,0,0.0,0,0
disclosed_no_signal,12,fixed,source_repair,-6.497053791338827,21.547207160585874,-14.66252343924404,0.01,-4.381903556555692,-2.173594650786959,0.45263722185527233,0,0,7.365007765041204,3,0
disclosed_no_signal,12,random,source_repair,-6.4970537913388275,21.547207160585874,-14.66252343924404,0.01,-4.381903556555692,-2.17359465078696,0.45263722185527233,0,0,7.365007765041205,3,0
disclosed_no_signal,12,entropy,source_repair,0.867953973702377,14.18219939554467,-14.66252343924404,0.01,-4.381903556555692,5.191413114254245,0.45263722185527233,0,0,0.0,0,0
disclosed_no_signal,12,myopic,source_repair,0.867953973702377,14.18219939554467,-14.66252343924404,0.01,-4.381903556555692,5.191413114254245,0.45263722185527233,0,0,0.0,0,1
disclosed_no_signal,12,sequential,source_repair,0.867953973702377,14.18219939554467,-14.66252343924404,0.01,-4.381903556555692,5.191413114254245,0.45263722185527233,0,0,0.0,0,31
disclosed_no_signal,13,stop,source_repair,17.67512583896659,0.0,-2.0618925723513937,0.01,1.994656944992109,7.460455706503612,0.48003545895500715,0,0,0.0,0,0
disclosed_no_signal,13,fixed,source_repair,11.605231035853517,6.069894803113073,-2.0618925723513937,0.01,1.994656944992109,1.39056090339054,0.48003545895500715,0,0,6.069894803113072,3,0
disclosed_no_signal,13,random,source_repair,11.60523103585352,6.069894803113071,-2.0618925723513937,0.01,1.994656944992109,1.3905609033905408,0.48003545895500715,0,0,6.069894803113071,3,0
disclosed_no_signal,13,entropy,source_repair,17.67512583896659,0.0,-2.0618925723513937,0.01,1.994656944992109,7.460455706503612,0.48003545895500715,0,0,0.0,0,0
disclosed_no_signal,13,myopic,source_repair,17.67512583896659,0.0,-2.0618925723513937,0.01,1.994656944992109,7.460455706503612,0.48003545895500715,0,0,0.0,0,1
disclosed_no_signal,13,sequential,source_repair,17.67512583896659,0.0,-2.0618925723513937,0.01,1.994656944992109,7.460455706503612,0.48003545895500715,0,0,0.0,0,31
disclosed_no_signal,14,stop,mechanism_repair,20.149036073023264,0.0,-1.1471399970408225,0.01,0.9440006225648429,10.459244659994543,0.25581937291153306,0,0,0.0,0,0
disclosed_no_signal,14,fixed,mechanism_repair,16.3290501167436,3.819985956279666,-1.1471399970408225,0.01,0.9440006225648429,6.639258703714878,0.25581937291153306,0,0,3.8199859562796648,3,0
disclosed_no_signal,14,random,mechanism_repair,16.3290501167436,3.819985956279666,-1.1471399970408225,0.01,0.9440006225648429,6.639258703714878,0.25581937291153306,0,0,3.8199859562796648,3,0
disclosed_no_signal,14,entropy,mechanism_repair,20.149036073023264,0.0,-1.1471399970408225,0.01,0.9440006225648429,10.459244659994543,0.25581937291153306,0,0,0.0,0,0
disclosed_no_signal,14,myopic,mechanism_repair,20.149036073023264,0.0,-1.1471399970408225,0.01,0.9440006225648429,10.459244659994543,0.25581937291153306,0,0,0.0,0,1
disclosed_no_signal,14,sequential,mechanism_repair,20.149036073023264,0.0,-1.1471399970408225,0.01,0.9440006225648429,10.459244659994543,0.25581937291153306,0,0,0.0,0,31
disclosed_no_signal,15,stop,source_repair,-9.086882576363754,29.131756203083484,-90.34577129822675,0.08,-10.65129093200147,5.014280449133911,0.9250171422967627,0,0,0.0,0,0
disclosed_no_signal,15,fixed,source_repair,-14.428109524196726,34.472983150916455,-90.34577129822675,0.08,-10.65129093200147,-0.3269464986990611,0.9250171422967627,0,0,5.341226947832972,3,0
disclosed_no_signal,15,random,source_repair,-14.428109524196726,34.472983150916455,-90.34577129822675,0.08,-10.65129093200147,-0.3269464986990611,0.9250171422967627,0,0,5.341226947832972,3,0
disclosed_no_signal,15,entropy,source_repair,-9.086882576363754,29.131756203083484,-90.34577129822675,0.08,-10.65129093200147,5.014280449133911,0.9250171422967627,0,0,0.0,0,0
disclosed_no_signal,15,myopic,source_repair,-9.086882576363754,29.131756203083484,-90.34577129822675,0.08,-10.65129093200147,5.014280449133911,0.9250171422967627,0,0,0.0,0,1
disclosed_no_signal,15,sequential,source_repair,-9.086882576363754,29.131756203083484,-90.34577129822675,0.08,-10.65129093200147,5.014280449133911,0.9250171422967627,0,0,0.0,0,31
disclosed_no_signal,16,stop,mechanism_repair,-0.15641528660910564,13.619437064144655,-13.870078427024307,0.01,-4.852642927933097,6.629145703165365,0.5586294405392391,0,0,0.0,0,0
disclosed_no_signal,16,fixed,mechanism_repair,-6.160941383674273,19.623963161209822,-13.870078427024307,0.01,-4.852642927933097,0.6246196061001976,0.5586294405392391,0,0,6.004526097065168,3,0
disclosed_no_signal,16,random,mechanism_repair,-6.160941383674274,19.623963161209822,-13.870078427024307,0.01,-4.852642927933097,0.6246196061001967,0.5586294405392391,0,0,6.004526097065169,3,0
disclosed_no_signal,16,entropy,mechanism_repair,-0.15641528660910564,13.619437064144655,-13.870078427024307,0.01,-4.852642927933097,6.629145703165365,0.5586294405392391,0,0,0.0,0,0
disclosed_no_signal,16,myopic,mechanism_repair,-0.15641528660910564,13.619437064144655,-13.870078427024307,0.01,-4.852642927933097,6.629145703165365,0.5586294405392391,0,0,0.0,0,1
disclosed_no_signal,16,sequential,mechanism_repair,-0.15641528660910564,13.619437064144655,-13.870078427024307,0.01,-4.852642927933097,6.629145703165365,0.5586294405392391,0,0,0.0,0,31
disclosed_no_signal,17,stop,mechanism_repair,-0.1192390037197138,10.382413010630945,-10.573482739483016,0.01,-3.6992823443164085,2.817224974503761,0.5505271119500055,0,0,0.0,0,0
disclosed_no_signal,17,fixed,mechanism_repair,-4.3797613675608185,14.64293537447205,-10.573482739483016,0.01,-3.6992823443164085,-1.4432973893373435,0.5505271119500055,0,0,4.260522363841105,3,0
disclosed_no_signal,17,random,mechanism_repair,-4.3797613675608185,14.64293537447205,-10.573482739483016,0.01,-3.6992823443164085,-1.4432973893373435,0.5505271119500055,0,0,4.260522363841105,3,0
disclosed_no_signal,17,entropy,mechanism_repair,-0.1192390037197138,10.382413010630945,-10.573482739483016,0.01,-3.6992823443164085,2.817224974503761,0.5505271119500055,0,0,0.0,0,0
disclosed_no_signal,17,myopic,mechanism_repair,-0.1192390037197138,10.382413010630945,-10.573482739483016,0.01,-3.6992823443164085,2.817224974503761,0.5505271119500055,0,0,0.0,0,1
disclosed_no_signal,17,sequential,mechanism_repair,-0.1192390037197138,10.382413010630945,-10.573482739483016,0.01,-3.6992823443164085,2.817224974503761,0.5505271119500055,0,0,0.0,0,31
disclosed_no_signal,18,stop,mechanism_repair,-7.914846770987465,26.481306931425486,-89.45989806589044,0.08,-9.463915532233674,5.46839968411761,0.7699402807342081,0,0,0.0,0,0
disclosed_no_signal,18,fixed,mechanism_repair,-12.332041751514126,30.89850191195215,-89.45989806589044,0.08,-9.463915532233674,1.0512047035909493,0.7699402807342081,0,0,4.417194980526661,3,0
disclosed_no_signal,18,random,mechanism_repair,-12.332041751514126,30.89850191195215,-89.45989806589044,0.08,-9.463915532233674,1.0512047035909493,0.7699402807342081,0,0,4.417194980526661,3,0
disclosed_no_signal,18,entropy,mechanism_repair,-7.914846770987465,26.481306931425486,-89.45989806589044,0.08,-9.463915532233674,5.46839968411761,0.7699402807342081,0,0,0.0,0,0
disclosed_no_signal,18,myopic,mechanism_repair,-7.914846770987465,26.481306931425486,-89.45989806589044,0.08,-9.463915532233674,5.46839968411761,0.7699402807342081,0,0,0.0,0,1
disclosed_no_signal,18,sequential,mechanism_repair,-7.914846770987465,26.481306931425486,-89.45989806589044,0.08,-9.463915532233674,5.46839968411761,0.7699402807342081,0,0,0.0,0,31
disclosed_no_signal,19,stop,mechanism_repair,20.760132893456994,0.0,-1.1819314184390195,0.01,0.9726310630904418,3.993077652173243,0.713919557214556,0,0,0.0,0,0
disclosed_no_signal,19,fixed,mechanism_repair,16.123390869711354,4.63674202374564,-1.1819314184390195,0.01,0.9726310630904418,-0.643664371572398,0.713919557214556,0,0,4.636742023745641,3,0
disclosed_no_signal,19,random,mechanism_repair,16.123390869711354,4.63674202374564,-1.1819314184390195,0.01,0.9726310630904418,-0.643664371572398,0.713919557214556,0,0,4.636742023745641,3,0
disclosed_no_signal,19,entropy,mechanism_repair,20.760132893456994,0.0,-1.1819314184390195,0.01,0.9726310630904418,3.993077652173243,0.713919557214556,0,0,0.0,0,0
disclosed_no_signal,19,myopic,mechanism_repair,20.760132893456994,0.0,-1.1819314184390195,0.01,0.9726310630904418,3.993077652173243,0.713919557214556,0,0,0.0,0,1
disclosed_no_signal,19,sequential,mechanism_repair,20.760132893456994,0.0,-1.1819314184390195,0.01,0.9726310630904418,3.993077652173243,0.713919557214556,0,0,0.0,0,31
disclosed_no_signal,20,stop,source_repair,1.0367965371864578,16.94105409791077,-17.514815288392594,0.01,-5.234312614921924,4.35881263107438,0.46402313763076236,0,0,0.0,0,0
disclosed_no_signal,20,fixed,source_repair,-5.455455023477603,23.43330565857483,-17.514815288392594,0.01,-5.234312614921924,-2.1334389295896807,0.46402313763076236,0,0,6.4922515606640605,3,0
disclosed_no_signal,20,random,source_repair,-5.455455023477603,23.43330565857483,-17.514815288392594,0.01,-5.234312614921924,-2.1334389295896807,0.46402313763076236,0,0,6.4922515606640605,3,0
disclosed_no_signal,20,entropy,source_repair,1.0367965371864578,16.94105409791077,-17.514815288392594,0.01,-5.234312614921924,4.35881263107438,0.46402313763076236,0,0,0.0,0,0
disclosed_no_signal,20,myopic,source_repair,1.0367965371864578,16.94105409791077,-17.514815288392594,0.01,-5.234312614921924,4.35881263107438,0.46402313763076236,0,0,0.0,0,1
disclosed_no_signal,20,sequential,source_repair,1.0367965371864578,16.94105409791077,-17.514815288392594,0.01,-5.234312614921924,4.35881263107438,0.46402313763076236,0,0,0.0,0,31
disclosed_no_signal,21,stop,source_repair,-6.510019902094135,20.870558309879495,-64.72547260062196,0.08,-7.630792559231221,3.4650508423073996,1.227641947820984,0,0,0.0,0,0
disclosed_no_signal,21,fixed,source_repair,-12.184343138001374,26.544881545786733,-64.72547260062196,0.08,-7.630792559231221,-2.2092723935998384,1.227641947820984,0,0,5.674323235907239,3,0
disclosed_no_signal,21,random,source_repair,-12.184343138001374,26.544881545786733,-64.72547260062196,0.08,-7.630792559231221,-2.2092723935998384,1.227641947820984,0,0,5.674323235907239,3,0
disclosed_no_signal,21,entropy,source_repair,-6.510019902094135,20.870558309879495,-64.72547260062196,0.08,-7.630792559231221,3.4650508423073996,1.227641947820984,0,0,0.0,0,0
disclosed_no_signal,21,myopic,source_repair,-6.510019902094135,20.870558309879495,-64.72547260062196,0.08,-7.630792559231221,3.4650508423073996,1.227641947820984,0,0,0.0,0,1
disclosed_no_signal,21,sequential,source_repair,-6.510019902094135,20.870558309879495,-64.72547260062196,0.08,-7.630792559231221,3.4650508423073996,1.227641947820984,0,0,0.0,0,31
disclosed_no_signal,22,stop,source_repair,19.144624857638107,0.0,-2.2333170441928663,0.01,2.160491488403971,4.526423271129456,0.625732911728391,0,0,0.0,0,0
disclosed_no_signal,22,fixed,source_repair,15.106067762812376,4.03855709482573,-2.2333170441928663,0.01,2.160491488403971,0.48786617630372575,0.6257329117283911,0,0,4.03855709482573,3,0
disclosed_no_signal,22,random,source_repair,15.106067762812376,4.03855709482573,-2.2333170441928663,0.01,2.160491488403971,0.48786617630372575,0.6257329117283911,0,0,4.03855709482573,3,0
disclosed_no_signal,22,entropy,source_repair,19.144624857638107,0.0,-2.2333170441928663,0.01,2.160491488403971,4.526423271129456,0.625732911728391,0,0,0.0,0,0
disclosed_no_signal,22,myopic,source_repair,19.144624857638107,0.0,-2.2333170441928663,0.01,2.160491488403971,4.526423271129456,0.625732911728391,0,0,0.0,0,1
disclosed_no_signal,22,sequential,source_repair,19.144624857638107,0.0,-2.2333170441928663,0.01,2.160491488403971,4.526423271129456,0.625732911728391,0,0,0.0,0,31
disclosed_no_signal,23,stop,mechanism_repair,-6.501982683451058,21.754179718857593,-73.49058357261755,0.08,-7.774530156892699,5.232555084635724,0.8954836263197212,0,0,0.0,0,0
disclosed_no_signal,23,fixed,mechanism_repair,-13.64799613776594,28.900193173172475,-73.49058357261755,0.08,-7.774530156892699,-1.9134583696791587,0.8954836263197212,0,0,7.1460134543148826,3,0
disclosed_no_signal,23,random,mechanism_repair,-13.647996137765942,28.900193173172475,-73.49058357261755,0.08,-7.774530156892699,-1.9134583696791596,0.8954836263197212,0,0,7.146013454314883,3,0
disclosed_no_signal,23,entropy,mechanism_repair,-6.501982683451058,21.754179718857593,-73.49058357261755,0.08,-7.774530156892699,5.232555084635724,0.8954836263197212,0,0,0.0,0,0
disclosed_no_signal,23,myopic,mechanism_repair,-6.501982683451058,21.754179718857593,-73.49058357261755,0.08,-7.774530156892699,5.232555084635724,0.8954836263197212,0,0,0.0,0,1
disclosed_no_signal,23,sequential,mechanism_repair,-6.501982683451058,21.754179718857593,-73.49058357261755,0.08,-7.774530156892699,5.232555084635724,0.8954836263197212,0,0,0.0,0,31
disclosed_no_signal,24,stop,source_repair,0.7172456724617307,11.71965501702032,-12.1165773794506,0.01,-3.62104611339903,4.681294364828526,0.6831965954381032,0,0,0.0,0,0
disclosed_no_signal,24,fixed,source_repair,-3.644608110390638,16.08150879987269,-12.1165773794506,0.01,-3.62104611339903,0.3194405819761572,0.6831965954381032,0,0,4.361853782852369,3,0
disclosed_no_signal,24,random,source_repair,-3.644608110390638,16.08150879987269,-12.1165773794506,0.01,-3.62104611339903,0.3194405819761572,0.6831965954381032,0,0,4.361853782852369,3,0
disclosed_no_signal,24,entropy,source_repair,0.7172456724617307,11.71965501702032,-12.1165773794506,0.01,-3.62104611339903,4.681294364828526,0.6831965954381032,0,0,0.0,0,0
disclosed_no_signal,24,myopic,source_repair,0.7172456724617307,11.71965501702032,-12.1165773794506,0.01,-3.62104611339903,4.681294364828526,0.6831965954381032,0,0,0.0,0,1
disclosed_no_signal,24,sequential,source_repair,0.7172456724617307,11.71965501702032,-12.1165773794506,0.01,-3.62104611339903,4.681294364828526,0.6831965954381032,0,0,0.0,0,31
disclosed_no_signal,25,stop,mechanism_repair,17.42787085952335,0.0,-0.9922165831539775,0.01,0.8165115632204627,5.781638910171469,0.4588008735937061,0,0,0.0,0,0
disclosed_no_signal,25,fixed,mechanism_repair,13.198149481245041,4.229721378278308,-0.9922165831539775,0.01,0.8165115632204627,1.5519175318931628,0.458800873593706,0,0,4.229721378278308,3,0
disclosed_no_signal,25,random,mechanism_repair,13.198149481245041,4.229721378278308,-0.9922165831539775,0.01,0.8165115632204627,1.5519175318931628,0.458800873593706,0,0,4.229721378278308,3,0
disclosed_no_signal,25,entropy,mechanism_repair,17.42787085952335,0.0,-0.9922165831539775,0.01,0.8165115632204627,5.781638910171469,0.4588008735937061,0,0,0.0,0,0
disclosed_no_signal,25,myopic,mechanism_repair,17.42787085952335,0.0,-0.9922165831539775,0.01,0.8165115632204627,5.781638910171469,0.4588008735937061,0,0,0.0,0,1
disclosed_no_signal,25,sequential,mechanism_repair,17.42787085952335,0.0,-0.9922165831539775,0.01,0.8165115632204627,5.781638910171469,0.4588008735937061,0,0,0.0,0,31
disclosed_no_signal,26,stop,source_repair,16.891784683720722,0.0,-1.9705118758667428,0.01,1.9062560538276097,6.596866734251232,0.4177559987039966,0,0,0.0,0,0
disclosed_no_signal,26,fixed,source_repair,12.873021811257617,4.018762872463105,-1.9705118758667428,0.01,1.9062560538276097,2.5781038617881267,0.4177559987039966,0,0,4.018762872463105,3,0
disclosed_no_signal,26,random,source_repair,12.873021811257617,4.018762872463105,-1.9705118758667428,0.01,1.9062560538276097,2.5781038617881267,0.4177559987039966,0,0,4.018762872463105,3,0
disclosed_no_signal,26,entropy,source_repair,16.891784683720722,0.0,-1.9705118758667428,0.01,1.9062560538276097,6.596866734251232,0.4177559987039966,0,0,0.0,0,0
disclosed_no_signal,26,myopic,source_repair,16.891784683720722,0.0,-1.9705118758667428,0.01,1.9062560538276097,6.596866734251232,0.4177559987039966,0,0,0.0,0,1
disclosed_no_signal,26,sequential,source_repair,16.891784683720722,0.0,-1.9705118758667428,0.01,1.9062560538276097,6.596866734251232,0.4177559987039966,0,0,0.0,0,31
disclosed_no_signal,27,stop,source_repair,-8.984556842947491,28.80370879032852,-89.32840398534918,0.08,-10.531348680378013,6.2001368515330775,0.9553267983493641,0,0,0.0,0,0
disclosed_no_signal,27,fixed,source_repair,-15.037114855462812,34.85626680284384,-89.32840398534918,0.08,-10.531348680378013,0.14757883901775593,0.9553267983493641,0,0,6.0525580125153216,3,0
disclosed_no_signal,27,random,source_repair,-15.037114855462812,34.85626680284384,-89.32840398534918,0.08,-10.531348680378013,0.14757883901775593,0.9553267983493641,0,0,6.0525580125153216,3,0
disclosed_no_signal,27,entropy,source_repair,-8.984556842947491,28.80370879032852,-89.32840398534918,0.08,-10.531348680378013,6.2001368515330775,0.9553267983493641,0,0,0.0,0,0
disclosed_no_signal,27,myopic,source_repair,-8.984556842947491,28.80370879032852,-89.32840398534918,0.08,-10.531348680378013,6.2001368515330775,0.9553267983493641,0,0,0.0,0,1
disclosed_no_signal,27,sequential,source_repair,-8.984556842947491,28.80370879032852,-89.32840398534918,0.08,-10.531348680378013,6.2001368515330775,0.9553267983493641,0,0,0.0,0,31
disclosed_no_signal,28,stop,mechanism_repair,13.333003254685257,0.0,-0.7590845169314342,0.01,0.6246633003914931,3.3895181349676324,0.6189329701435803,0,0,0.0,0,0
disclosed_no_signal,28,fixed,mechanism_repair,7.806401498717302,5.526601755967955,-0.7590845169314342,0.01,0.6246633003914931,-2.137083621000323,0.6189329701435803,0,0,5.526601755967955,3,0
disclosed_no_signal,28,random,mechanism_repair,7.806401498717302,5.526601755967955,-0.7590845169314342,0.01,0.6246633003914931,-2.137083621000323,0.6189329701435803,0,0,5.526601755967955,3,0
disclosed_no_signal,28,entropy,mechanism_repair,13.333003254685257,0.0,-0.7590845169314342,0.01,0.6246633003914931,3.3895181349676324,0.6189329701435803,0,0,0.0,0,0
disclosed_no_signal,28,myopic,mechanism_repair,13.333003254685257,0.0,-0.7590845169314342,0.01,0.6246633003914931,3.3895181349676324,0.6189329701435803,0,0,0.0,0,1
disclosed_no_signal,28,sequential,mechanism_repair,13.333003254685257,0.0,-0.7590845169314342,0.01,0.6246633003914931,3.3895181349676324,0.6189329701435803,0,0,0.0,0,31
disclosed_no_signal,29,stop,source_repair,0.8015527591117585,13.097216442573686,-13.540794183053011,0.01,-4.046674123671014,7.976706102956101,0.7424455797385932,0,0,0.0,0,0
disclosed_no_signal,29,fixed,source_repair,-2.6475001089068506,16.546269310592294,-13.540794183053011,0.01,-4.046674123671014,4.527653234937492,0.7424455797385932,0,0,3.449052868018609,3,0
disclosed_no_signal,29,random,source_repair,-2.6475001089068506,16.546269310592294,-13.540794183053011,0.01,-4.046674123671014,4.527653234937492,0.7424455797385932,0,0,3.449052868018609,3,0
disclosed_no_signal,29,entropy,source_repair,0.8015527591117585,13.097216442573686,-13.540794183053011,0.01,-4.046674123671014,7.976706102956101,0.7424455797385932,0,0,0.0,0,0
disclosed_no_signal,29,myopic,source_repair,0.8015527591117585,13.097216442573686,-13.540794183053011,0.01,-4.046674123671014,7.976706102956101,0.7424455797385932,0,0,0.0,0,1
disclosed_no_signal,29,sequential,source_repair,0.8015527591117585,13.097216442573686,-13.540794183053011,0.01,-4.046674123671014,7.976706102956101,0.7424455797385932,0,0,0.0,0,31
disclosed_no_signal,30,stop,mechanism_repair,17.213098257546505,0.0,-0.9799889886872637,0.01,0.8064492719405608,3.446143026648193,0.7105658188110869,0,0,0.0,0,0
disclosed_no_signal,30,fixed,mechanism_repair,13.533875267018532,3.6792229905279736,-0.9799889886872637,0.01,0.8064492719405608,-0.23307996387978003,0.7105658188110869,0,0,3.679222990527973,3,0
disclosed_no_signal,30,random,mechanism_repair,13.533875267018532,3.6792229905279736,-0.9799889886872637,0.01,0.8064492719405608,-0.23307996387978003,0.7105658188110869,0,0,3.679222990527973,3,0
disclosed_no_signal,30,entropy,mechanism_repair,17.213098257546505,0.0,-0.9799889886872637,0.01,0.8064492719405608,3.446143026648193,0.7105658188110869,0,0,0.0,0,0
disclosed_no_signal,30,myopic,mechanism_repair,17.213098257546505,0.0,-0.9799889886872637,0.01,0.8064492719405608,3.446143026648193,0.7105658188110869,0,0,0.0,0,1
disclosed_no_signal,30,sequential,mechanism_repair,17.213098257546505,0.0,-0.9799889886872637,0.01,0.8064492719405608,3.446143026648193,0.7105658188110869,0,0,0.0,0,31
disclosed_no_signal,31,stop,mechanism_repair,21.49303651497178,0.0,-1.2236576357711404,0.01,1.0069682627699983,4.120986039030578,0.6945592362524703,0,0,0.0,0,0
disclosed_no_signal,31,fixed,mechanism_repair,19.72901477496346,1.764021740008321,-1.2236576357711404,0.01,1.0069682627699983,2.3569642990222572,0.6945592362524703,0,0,1.764021740008321,3,0
disclosed_no_signal,31,random,mechanism_repair,19.72901477496346,1.764021740008321,-1.2236576357711404,0.01,1.0069682627699983,2.3569642990222572,0.6945592362524703,0,0,1.764021740008321,3,0
disclosed_no_signal,31,entropy,mechanism_repair,21.49303651497178,0.0,-1.2236576357711404,0.01,1.0069682627699983,4.120986039030578,0.6945592362524703,0,0,0.0,0,0
disclosed_no_signal,31,myopic,mechanism_repair,21.49303651497178,0.0,-1.2236576357711404,0.01,1.0069682627699983,4.120986039030578,0.6945592362524703,0,0,0.0,0,1
disclosed_no_signal,31,sequential,mechanism_repair,21.49303651497178,0.0,-1.2236576357711404,0.01,1.0069682627699983,4.120986039030578,0.6945592362524703,0,0,0.0,0,31
disclosed_no_signal,32,stop,source_repair,-7.411317008082105,23.76003854003925,-73.68656365963369,0.08,-8.687258031451552,4.057842678122365,0.659992343897661,0,0,0.0,0,0
disclosed_no_signal,32,fixed,source_repair,-11.86763035120521,28.216351883162357,-73.68656365963369,0.08,-8.687258031451552,-0.39847066500073947,0.659992343897661,0,0,4.456313343123105,3,0
disclosed_no_signal,32,random,source_repair,-11.86763035120521,28.216351883162357,-73.68656365963369,0.08,-8.687258031451552,-0.39847066500073947,0.659992343897661,0,0,4.456313343123105,3,0
disclosed_no_signal,32,entropy,source_repair,-7.411317008082105,23.76003854003925,-73.68656365963369,0.08,-8.687258031451552,4.057842678122365,0.659992343897661,0,0,0.0,0,0
disclosed_no_signal,32,myopic,source_repair,-7.411317008082105,23.76003854003925,-73.68656365963369,0.08,-8.687258031451552,4.057842678122365,0.659992343897661,0,0,0.0,0,1
disclosed_no_signal,32,sequential,source_repair,-7.411317008082105,23.76003854003925,-73.68656365963369,0.08,-8.687258031451552,4.057842678122365,0.659992343897661,0,0,0.0,0,31
disclosed_no_signal,33,stop,mechanism_repair,-7.950741318658319,26.60140205916957,-89.86560681410354,0.08,-9.506835247176216,5.354280859121735,0.5871015297634773,0,0,0.0,0,0
disclosed_no_signal,33,fixed,mechanism_repair,-11.003077978796293,29.65373871930754,-89.86560681410354,0.08,-9.506835247176216,2.3019441989837603,0.5871015297634773,0,0,3.0523366601379744,3,0
disclosed_no_signal,33,random,mechanism_repair,-11.003077978796293,29.65373871930754,-89.86560681410354,0.08,-9.506835247176216,2.3019441989837603,0.5871015297634773,0,0,3.0523366601379744,3,0
disclosed_no_signal,33,entropy,mechanism_repair,-7.950741318658319,26.60140205916957,-89.86560681410354,0.08,-9.506835247176216,5.354280859121735,0.5871015297634773,0,0,0.0,0,0
disclosed_no_signal,33,myopic,mechanism_repair,-7.950741318658319,26.60140205916957,-89.86560681410354,0.08,-9.506835247176216,5.354280859121735,0.5871015297634773,0,0,0.0,0,1
disclosed_no_signal,33,sequential,mechanism_repair,-7.950741318658319,26.60140205916957,-89.86560681410354,0.08,-9.506835247176216,5.354280859121735,0.5871015297634773,0,0,0.0,0,31
disclosed_no_signal,34,stop,source_repair,0.8485367919634347,13.864926416256898,-14.334505029285207,0.01,-4.283875066223166,6.683158611107886,0.83351090202777,0,0,0.0,0,0
disclosed_no_signal,34,fixed,source_repair,-6.806693125878201,21.520156334098534,-14.334505029285207,0.01,-4.283875066223166,-0.9720713067337483,0.8335109020277701,0,0,7.655229917841636,3,0
disclosed_no_signal,34,random,source_repair,-6.806693125878201,21.520156334098534,-14.334505029285207,0.01,-4.283875066223166,-0.9720713067337483,0.8335109020277701,0,0,7.655229917841636,3,0
disclosed_no_signal,34,entropy,source_repair,0.8485367919634347,13.864926416256898,-14.334505029285207,0.01,-4.283875066223166,6.683158611107886,0.83351090202777,0,0,0.0,0,0
disclosed_no_signal,34,myopic,source_repair,0.8485367919634347,13.864926416256898,-14.334505029285207,0.01,-4.283875066223166,6.683158611107886,0.83351090202777,0,0,0.0,0,1
disclosed_no_signal,34,sequential,source_repair,0.8485367919634347,13.864926416256898,-14.334505029285207,0.01,-4.283875066223166,6.683158611107886,0.83351090202777,0,0,0.0,0,31
disclosed_no_signal,35,stop,source_repair,0.6598772135309348,10.7822655375977,-11.147440306250743,0.01,-3.331418942097923,4.432890652345545,0.7427352816663102,0,0,0.0,0,0
disclosed_no_signal,35,fixed,source_repair,-2.8287941404651704,14.270936891593806,-11.147440306250743,0.01,-3.331418942097923,0.9442192983494397,0.7427352816663102,0,0,3.4886713539961054,3,0
disclosed_no_signal,35,random,source_repair,-2.8287941404651704,14.270936891593806,-11.147440306250743,0.01,-3.331418942097923,0.9442192983494397,0.7427352816663102,0,0,3.4886713539961054,3,0
disclosed_no_signal,35,entropy,source_repair,0.6598772135309348,10.7822655375977,-11.147440306250743,0.01,-3.331418942097923,4.432890652345545,0.7427352816663102,0,0,0.0,0,0
disclosed_no_signal,35,myopic,source_repair,0.6598772135309348,10.7822655375977,-11.147440306250743,0.01,-3.331418942097923,4.432890652345545,0.7427352816663102,0,0,0.0,0,1
disclosed_no_signal,35,sequential,source_repair,0.6598772135309348,10.7822655375977,-11.147440306250743,0.01,-3.331418942097923,4.432890652345545,0.7427352816663102,0,0,0.0,0,31
disclosed_no_signal,36,stop,mechanism_repair,16.00195153833925,0.0,-0.9110350775000398,0.01,0.7497059491927416,5.64850715937321,0.4064227714299182,0,0,0.0,0,0
disclosed_no_signal,36,fixed,mechanism_repair,11.224302317197385,4.777649221141864,-0.9110350775000398,0.01,0.7497059491927416,0.870857938231345,0.4064227714299182,0,0,4.777649221141865,3,0
disclosed_no_signal,36,random,mechanism_repair,11.224302317197385,4.777649221141864,-0.9110350775000398,0.01,0.7497059491927416,0.870857938231345,0.4064227714299182,0,0,4.777649221141865,3,0
disclosed_no_signal,36,entropy,mechanism_repair,16.00195153833925,0.0,-0.9110350775000398,0.01,0.7497059491927416,5.64850715937321,0.4064227714299182,0,0,0.0,0,0
disclosed_no_signal,36,myopic,mechanism_repair,16.00195153833925,0.0,-0.9110350775000398,0.01,0.7497059491927416,5.64850715937321,0.4064227714299182,0,0,0.0,0,1
disclosed_no_signal,36,sequential,mechanism_repair,16.00195153833925,0.0,-0.9110350775000398,0.01,0.7497059491927416,5.64850715937321,0.4064227714299182,0,0,0.0,0,31
disclosed_no_signal,37,stop,mechanism_repair,-0.21236114021335484,18.490770606288127,-18.831060144220373,0.01,-6.588312482522753,6.600840893984473,0.5666845851834735,0,0,0.0,0,0
disclosed_no_signal,37,fixed,mechanism_repair,-4.632986158735049,22.91139562480982,-18.831060144220373,0.01,-6.588312482522753,2.180215875462779,0.5666845851834735,0,0,4.420625018521694,3,0
disclosed_no_signal,37,random,mechanism_repair,-4.632986158735049,22.91139562480982,-18.831060144220373,0.01,-6.588312482522753,2.180215875462779,0.5666845851834735,0,0,4.420625018521694,3,0
disclosed_no_signal,37,entropy,mechanism_repair,-0.21236114021335484,18.490770606288127,-18.831060144220373,0.01,-6.588312482522753,6.600840893984473,0.5666845851834735,0,0,0.0,0,0
disclosed_no_signal,37,myopic,mechanism_repair,-0.21236114021335484,18.490770606288127,-18.831060144220373,0.01,-6.588312482522753,6.600840893984473,0.5666845851834735,0,0,0.0,0,1
disclosed_no_signal,37,sequential,mechanism_repair,-0.21236114021335484,18.490770606288127,-18.831060144220373,0.01,-6.588312482522753,6.600840893984473,0.5666845851834735,0,0,0.0,0,31
disclosed_no_signal,38,stop,source_repair,-7.1512945114406525,22.926429002794954,-71.10130597455384,0.08,-8.382469757000033,6.1407861692587105,0.8371579941827377,0,0,0.0,0,0
disclosed_no_signal,38,fixed,source_repair,-9.12410153634065,24.899236027694954,-71.10130597455384,0.08,-8.382469757000033,4.167979144358712,0.8371579941827377,0,0,1.9728070248999978,3,0
disclosed_no_signal,38,random,source_repair,-9.12410153634065,24.899236027694954,-71.10130597455384,0.08,-8.382469757000033,4.167979144358712,0.8371579941827377,0,0,1.9728070248999978,3,0
disclosed_no_signal,38,entropy,source_repair,-7.1512945114406525,22.926429002794954,-71.10130597455384,0.08,-8.382469757000033,6.1407861692587105,0.8371579941827377,0,0,0.0,0,0
disclosed_no_signal,38,myopic,source_repair,-7.1512945114406525,22.926429002794954,-71.10130597455384,0.08,-8.382469757000033,6.1407861692587105,0.8371579941827377,0,0,0.0,0,1
disclosed_no_signal,38,sequential,source_repair,-7.1512945114406525,22.926429002794954,-71.10130597455384,0.08,-8.382469757000033,6.1407861692587105,0.8371579941827377,0,0,0.0,0,31
disclosed_no_signal,39,stop,source_repair,0.9815145572118618,16.03775727949091,-16.580925529598442,0.01,-4.955219123788041,7.8154603949432015,0.9624153559563418,0,0,0.0,0,0
disclosed_no_signal,39,fixed,source_repair,-2.679322790307657,19.698594627010433,-16.580925529598442,0.01,-4.955219123788041,4.154623047423683,0.9624153559563418,0,0,3.660837347519519,3,0
disclosed_no_signal,39,random,source_repair,-2.679322790307657,19.698594627010433,-16.580925529598442,0.01,-4.955219123788041,4.154623047423683,0.9624153559563418,0,0,3.660837347519519,3,0
disclosed_no_signal,39,entropy,source_repair,0.9815145572118618,16.03775727949091,-16.580925529598442,0.01,-4.955219123788041,7.8154603949432015,0.9624153559563418,0,0,0.0,0,0
disclosed_no_signal,39,myopic,source_repair,0.9815145572118618,16.03775727949091,-16.580925529598442,0.01,-4.955219123788041,7.8154603949432015,0.9624153559563418,0,0,0.0,0,1
disclosed_no_signal,39,sequential,source_repair,0.9815145572118618,16.03775727949091,-16.580925529598442,0.01,-4.955219123788041,7.8154603949432015,0.9624153559563418,0,0,0.0,0,31
disclosed_no_signal,40,stop,source_repair,19.592458750345653,0.0,-2.2855591263954866,0.01,2.211030024447807,6.639361880657767,0.5160604740103171,0,0,0.0,0,0
disclosed_no_signal,40,fixed,source_repair,13.761022913539122,5.831435836806531,-2.2855591263954866,0.01,2.211030024447807,0.8079260438512366,0.5160604740103171,0,0,5.831435836806531,3,0
disclosed_no_signal,40,random,source_repair,13.761022913539122,5.831435836806531,-2.2855591263954866,0.01,2.211030024447807,0.8079260438512375,0.5160604740103171,0,0,5.83143583680653,3,0
disclosed_no_signal,40,entropy,source_repair,19.592458750345653,0.0,-2.2855591263954866,0.01,2.211030024447807,6.639361880657767,0.5160604740103171,0,0,0.0,0,0
disclosed_no_signal,40,myopic,source_repair,19.592458750345653,0.0,-2.2855591263954866,0.01,2.211030024447807,6.639361880657767,0.5160604740103171,0,0,0.0,0,1
disclosed_no_signal,40,sequential,source_repair,19.592458750345653,0.0,-2.2855591263954866,0.01,2.211030024447807,6.639361880657767,0.5160604740103171,0,0,0.0,0,31
disclosed_no_signal,41,stop,source_repair,11.8015047472784,0.0,-1.3767050488171084,0.01,1.3318124928774204,3.132313212499761,0.49253999440957236,0,0,0.0,0,0
disclosed_no_signal,41,fixed,source_repair,7.384503106823256,4.417001640455145,-1.3767050488171084,0.01,1.3318124928774204,-1.284688427955384,0.49253999440957236,0,0,4.417001640455145,3,0
disclosed_no_signal,41,random,source_repair,7.3845031068232565,4.417001640455144,-1.3767050488171084,0.01,1.3318124928774204,-1.2846884279553832,0.49253999440957236,0,0,4.417001640455144,3,0
disclosed_no_signal,41,entropy,source_repair,11.8015047472784,0.0,-1.3767050488171084,0.01,1.3318124928774204,3.132313212499761,0.49253999440957236,0,0,0.0,0,0
disclosed_no_signal,41,myopic,source_repair,11.8015047472784,0.0,-1.3767050488171084,0.01,1.3318124928774204,3.132313212499761,0.49253999440957236,0,0,0.0,0,1
disclosed_no_signal,41,sequential,source_repair,11.8015047472784,0.0,-1.3767050488171084,0.01,1.3318124928774204,3.132313212499761,0.49253999440957236,0,0,0.0,0,31
disclosed_no_signal,42,stop,source_repair,12.210612270933211,0.0,-1.4244295047560462,0.01,1.3779807165574791,5.99902676725201,0.2648796322557647,0,0,0.0,0,0
disclosed_no_signal,42,fixed,source_repair,8.122418910535245,4.088193360397966,-1.4244295047560462,0.01,1.3779807165574791,1.9108334068540431,0.2648796322557647,0,0,4.088193360397967,3,0
disclosed_no_signal,42,random,source_repair,8.122418910535245,4.088193360397966,-1.4244295047560462,0.01,1.3779807165574791,1.910833406854044,0.2648796322557647,0,0,4.088193360397966,3,0
disclosed_no_signal,42,entropy,source_repair,12.210612270933211,0.0,-1.4244295047560462,0.01,1.3779807165574791,5.99902676725201,0.2648796322557647,0,0,0.0,0,0
disclosed_no_signal,42,myopic,source_repair,12.210612270933211,0.0,-1.4244295047560462,0.01,1.3779807165574791,5.99902676725201,0.2648796322557647,0,0,0.0,0,1
disclosed_no_signal,42,sequential,source_repair,12.210612270933211,0.0,-1.4244295047560462,0.01,1.3779807165574791,5.99902676725201,0.2648796322557647,0,0,0.0,0,31
disclosed_no_signal,43,stop,source_repair,14.801132293287752,0.0,-1.726626730466585,0.01,1.670323684907893,5.28408585089361,0.4027019221662128,0,0,0.0,0,0
disclosed_no_signal,43,fixed,source_repair,12.176364345122245,2.6247679481655073,-1.726626730466585,0.01,1.670323684907893,2.659317902728103,0.4027019221662128,0,0,2.624767948165507,3,0
disclosed_no_signal,43,random,source_repair,12.176364345122245,2.6247679481655073,-1.726626730466585,0.01,1.670323684907893,2.6593179027281026,0.4027019221662128,0,0,2.6247679481655073,3,0
disclosed_no_signal,43,entropy,source_repair,14.801132293287752,0.0,-1.726626730466585,0.01,1.670323684907893,5.28408585089361,0.4027019221662128,0,0,0.0,0,0
disclosed_no_signal,43,myopic,source_repair,14.801132293287752,0.0,-1.726626730466585,0.01,1.670323684907893,5.28408585089361,0.4027019221662128,0,0,0.0,0,1
disclosed_no_signal,43,sequential,source_repair,14.801132293287752,0.0,-1.726626730466585,0.01,1.670323684907893,5.28408585089361,0.4027019221662128,0,0,0.0,0,31
disclosed_no_signal,44,stop,source_repair,0.869315086727851,14.204439718087112,-14.685516999091847,0.01,-4.388775195130897,4.078131939156228,0.4825893905692177,0,0,0.0,0,0
disclosed_no_signal,44,fixed,source_repair,-5.126912049385838,20.200666854200804,-14.685516999091847,0.01,-4.388775195130897,-1.9180951969574611,0.4825893905692177,0,0,5.996227136113689,3,0
disclosed_no_signal,44,random,source_repair,-5.126912049385838,20.200666854200804,-14.685516999091847,0.01,-4.388775195130897,-1.9180951969574611,0.4825893905692177,0,0,5.996227136113689,3,0
disclosed_no_signal,44,entropy,source_repair,0.869315086727851,14.204439718087112,-14.685516999091847,0.01,-4.388775195130897,4.078131939156228,0.4825893905692177,0,0,0.0,0,0
disclosed_no_signal,44,myopic,source_repair,0.869315086727851,14.204439718087112,-14.685516999091847,0.01,-4.388775195130897,4.078131939156228,0.4825893905692177,0,0,0.0,0,1
disclosed_no_signal,44,sequential,source_repair,0.869315086727851,14.204439718087112,-14.685516999091847,0.01,-4.388775195130897,4.078131939156228,0.4825893905692177,0,0,0.0,0,31
disclosed_no_signal,45,stop,source_repair,0.6740766242184855,11.014281151065154,-11.387313846021016,0.01,-3.4031052873166256,2.8930127742880587,0.8366352084067353,0,0,0.0,0,0
disclosed_no_signal,45,fixed,source_repair,-3.9409937297743083,15.629351505057947,-11.387313846021016,0.01,-3.4031052873166256,-1.7220575797047362,0.8366352084067353,0,0,4.6150703539927935,3,0
disclosed_no_signal,45,random,source_repair,-3.9409937297743083,15.629351505057947,-11.387313846021016,0.01,-3.4031052873166256,-1.7220575797047362,0.8366352084067353,0,0,4.6150703539927935,3,0
disclosed_no_signal,45,entropy,source_repair,0.6740766242184855,11.014281151065154,-11.387313846021016,0.01,-3.4031052873166256,2.8930127742880587,0.8366352084067353,0,0,0.0,0,0
disclosed_no_signal,45,myopic,source_repair,0.6740766242184855,11.014281151065154,-11.387313846021016,0.01,-3.4031052873166256,2.8930127742880587,0.8366352084067353,0,0,0.0,0,1
disclosed_no_signal,45,sequential,source_repair,0.6740766242184855,11.014281151065154,-11.387313846021016,0.01,-3.4031052873166256,2.8930127742880587,0.8366352084067353,0,0,0.0,0,31
disclosed_no_signal,46,stop,mechanism_repair,21.25224261500783,0.0,-1.2099485772985141,0.01,0.9956868500685676,8.713679152922117,0.35581374813374184,0,0,0.0,0,0
disclosed_no_signal,46,fixed,mechanism_repair,17.238539518403666,4.013703096604164,-1.2099485772985141,0.01,0.9956868500685676,4.699976056317952,0.35581374813374184,0,0,4.013703096604165,3,0
disclosed_no_signal,46,random,mechanism_repair,17.238539518403666,4.013703096604164,-1.2099485772985141,0.01,0.9956868500685676,4.699976056317952,0.35581374813374184,0,0,4.013703096604165,3,0
disclosed_no_signal,46,entropy,mechanism_repair,21.25224261500783,0.0,-1.2099485772985141,0.01,0.9956868500685676,8.713679152922117,0.35581374813374184,0,0,0.0,0,0
disclosed_no_signal,46,myopic,mechanism_repair,21.25224261500783,0.0,-1.2099485772985141,0.01,0.9956868500685676,8.713679152922117,0.35581374813374184,0,0,0.0,0,1
disclosed_no_signal,46,sequential,mechanism_repair,21.25224261500783,0.0,-1.2099485772985141,0.01,0.9956868500685676,8.713679152922117,0.35581374813374184,0,0,0.0,0,31
disclosed_no_signal,47,stop,source_repair,0.586863427722254,9.589234454917992,-9.914003536278852,0.01,-2.962805654520117,2.446370318969089,0.41362982642715984,0,0,0.0,0,0
disclosed_no_signal,47,fixed,source_repair,-6.539823067802051,16.715920950442296,-9.914003536278852,0.01,-2.962805654520117,-4.680316176555216,0.4136298264271599,0,0,7.126686495524305,3,0
disclosed_no_signal,47,random,source_repair,-6.539823067802051,16.715920950442296,-9.914003536278852,0.01,-2.962805654520117,-4.680316176555216,0.4136298264271599,0,0,7.126686495524305,3,0
disclosed_no_signal,47,entropy,source_repair,0.586863427722254,9.589234454917992,-9.914003536278852,0.01,-2.962805654520117,2.446370318969089,0.41362982642715984,0,0,0.0,0,0
disclosed_no_signal,47,myopic,source_repair,0.586863427722254,9.589234454917992,-9.914003536278852,0.01,-2.962805654520117,2.446370318969089,0.41362982642715984,0,0,0.0,0,1
disclosed_no_signal,47,sequential,source_repair,0.586863427722254,9.589234454917992,-9.914003536278852,0.01,-2.962805654520117,2.446370318969089,0.41362982642715984,0,0,0.0,0,31
disclosed_no_signal,48,stop,source_repair,17.800428659818746,0.0,-2.0765097783596365,0.01,2.008797502978341,7.590582433834336,0.4976639737485552,0,0,0.0,0,0
disclosed_no_signal,48,fixed,source_repair,14.863790521255165,2.9366381385635805,-2.0765097783596365,0.01,2.008797502978341,4.653944295270756,0.4976639737485552,0,0,2.9366381385635796,3,0
disclosed_no_signal,48,random,source_repair,14.863790521255165,2.9366381385635805,-2.0765097783596365,0.01,2.008797502978341,4.653944295270756,0.4976639737485552,0,0,2.9366381385635796,3,0
disclosed_no_signal,48,entropy,source_repair,17.800428659818746,0.0,-2.0765097783596365,0.01,2.008797502978341,7.590582433834336,0.4976639737485552,0,0,0.0,0,0
disclosed_no_signal,48,myopic,source_repair,17.800428659818746,0.0,-2.0765097783596365,0.01,2.008797502978341,7.590582433834336,0.4976639737485552,0,0,0.0,0,1
disclosed_no_signal,48,sequential,source_repair,17.800428659818746,0.0,-2.0765097783596365,0.01,2.008797502978341,7.590582433834336,0.4976639737485552,0,0,0.0,0,31
disclosed_no_signal,49,stop,mechanism_repair,14.36782966457906,0.0,-0.8180000283475186,0.01,0.6731458566609809,5.557702237928085,0.5287719375019101,0,0,0.0,0,0
disclosed_no_signal,49,fixed,mechanism_repair,7.182645521014444,7.185184143564617,-0.8180000283475186,0.01,0.6731458566609809,-1.6274819056365306,0.5287719375019102,0,0,7.185184143564617,3,0
disclosed_no_signal,49,random,mechanism_repair,7.182645521014444,7.185184143564617,-0.8180000283475186,0.01,0.6731458566609809,-1.6274819056365306,0.5287719375019102,0,0,7.185184143564617,3,0
disclosed_no_signal,49,entropy,mechanism_repair,14.36782966457906,0.0,-0.8180000283475186,0.01,0.6731458566609809,5.557702237928085,0.5287719375019101,0,0,0.0,0,0
disclosed_no_signal,49,myopic,mechanism_repair,14.36782966457906,0.0,-0.8180000283475186,0.01,0.6731458566609809,5.557702237928085,0.5287719375019101,0,0,0.0,0,1
disclosed_no_signal,49,sequential,mechanism_repair,14.36782966457906,0.0,-0.8180000283475186,0.01,0.6731458566609809,5.557702237928085,0.5287719375019101,0,0,0.0,0,31
disclosed_no_signal,50,stop,source_repair,0.6958076519556033,11.369361924672626,-11.754420528182038,0.01,-3.5128153302612986,2.60360261702073,0.33556421663488073,0,0,0.0,0,0
disclosed_no_signal,50,fixed,source_repair,-4.1392575101574876,16.204427086785717,-11.754420528182038,0.01,-3.5128153302612986,-2.231462545092361,0.33556421663488073,0,0,4.835065162113091,3,0
disclosed_no_signal,50,random,source_repair,-4.1392575101574876,16.204427086785717,-11.754420528182038,0.01,-3.5128153302612986,-2.231462545092361,0.33556421663488073,0,0,4.835065162113091,3,0
disclosed_no_signal,50,entropy,source_repair,0.6958076519556033,11.369361924672626,-11.754420528182038,0.01,-3.5128153302612986,2.60360261702073,0.33556421663488073,0,0,0.0,0,0
disclosed_no_signal,50,myopic,source_repair,0.6958076519556033,11.369361924672626,-11.754420528182038,0.01,-3.5128153302612986,2.60360261702073,0.33556421663488073,0,0,0.0,0,1
disclosed_no_signal,50,sequential,source_repair,0.6958076519556033,11.369361924672626,-11.754420528182038,0.01,-3.5128153302612986,2.60360261702073,0.33556421663488073,0,0,0.0,0,31
disclosed_no_signal,51,stop,source_repair,-6.206450179227911,19.89734014811083,-61.70724929635285,0.08,-7.274959917043705,2.5522026160489584,0.7795617271228917,0,0,0.0,0,0
disclosed_no_signal,51,fixed,source_repair,-11.502867527519577,25.193757496402494,-61.70724929635285,0.08,-7.274959917043705,-2.7442147322427064,0.7795617271228917,0,0,5.296417348291665,3,0
disclosed_no_signal,51,random,source_repair,-11.502867527519577,25.193757496402494,-61.70724929635285,0.08,-7.274959917043705,-2.7442147322427064,0.7795617271228917,0,0,5.296417348291665,3,0
disclosed_no_signal,51,entropy,source_repair,-6.206450179227911,19.89734014811083,-61.70724929635285,0.08,-7.274959917043705,2.5522026160489584,0.7795617271228917,0,0,0.0,0,0
disclosed_no_signal,51,myopic,source_repair,-6.206450179227911,19.89734014811083,-61.70724929635285,0.08,-7.274959917043705,2.5522026160489584,0.7795617271228917,0,0,0.0,0,1
disclosed_no_signal,51,sequential,source_repair,-6.206450179227911,19.89734014811083,-61.70724929635285,0.08,-7.274959917043705,2.5522026160489584,0.7795617271228917,0,0,0.0,0,31
disclosed_no_signal,52,stop,source_repair,0.9117711601985437,14.898163714700475,-15.402736104324916,0.01,-4.603116536924688,4.473124531913843,0.433932350059288,0,0,0.0,0,0
disclosed_no_signal,52,fixed,source_repair,-3.65084438205043,19.46077925694945,-15.402736104324916,0.01,-4.603116536924688,-0.08949101033512985,0.43393235005928793,0,0,4.562615542248974,3,0
disclosed_no_signal,52,random,source_repair,-3.65084438205043,19.46077925694945,-15.402736104324916,0.01,-4.603116536924688,-0.08949101033512985,0.43393235005928793,0,0,4.562615542248974,3,0
disclosed_no_signal,52,entropy,source_repair,0.9117711601985437,14.898163714700475,-15.402736104324916,0.01,-4.603116536924688,4.473124531913843,0.433932350059288,0,0,0.0,0,0
disclosed_no_signal,52,myopic,source_repair,0.9117711601985437,14.898163714700475,-15.402736104324916,0.01,-4.603116536924688,4.473124531913843,0.433932350059288,0,0,0.0,0,1
disclosed_no_signal,52,sequential,source_repair,0.9117711601985437,14.898163714700475,-15.402736104324916,0.01,-4.603116536924688,4.473124531913843,0.433932350059288,0,0,0.0,0,31
disclosed_no_signal,53,stop,source_repair,11.464603811381258,0.0,-1.3374038555088763,0.01,1.2937928602205437,4.388844435096233,0.4579910166455204,0,0,0.0,0,0
disclosed_no_signal,53,fixed,source_repair,6.898444071066029,4.5661597403152285,-1.3374038555088763,0.01,1.2937928602205437,-0.17731530521899597,0.4579910166455204,0,0,4.5661597403152285,3,0
disclosed_no_signal,53,random,source_repair,6.898444071066029,4.5661597403152285,-1.3374038555088763,0.01,1.2937928602205437,-0.17731530521899597,0.4579910166455204,0,0,4.5661597403152285,3,0
disclosed_no_signal,53,entropy,source_repair,11.464603811381258,0.0,-1.3374038555088763,0.01,1.2937928602205437,4.388844435096233,0.4579910166455204,0,0,0.0,0,0
disclosed_no_signal,53,myopic,source_repair,11.464603811381258,0.0,-1.3374038555088763,0.01,1.2937928602205437,4.388844435096233,0.4579910166455204,0,0,0.0,0,1
disclosed_no_signal,53,sequential,source_repair,11.464603811381258,0.0,-1.3374038555088763,0.01,1.2937928602205437,4.388844435096233,0.4579910166455204,0,0,0.0,0,31
disclosed_no_signal,54,stop,source_repair,17.520854441578702,0.0,-2.043896035789312,0.01,1.9772472520135735,3.809871967413423,0.6865029059661774,0,0,0.0,0,0
disclosed_no_signal,54,fixed,source_repair,11.600599777121094,5.920254664457609,-2.043896035789312,0.01,1.9772472520135735,-2.110382697044185,0.6865029059661774,0,0,5.920254664457608,3,0
disclosed_no_signal,54,random,source_repair,11.600599777121094,5.920254664457609,-2.043896035789312,0.01,1.9772472520135735,-2.110382697044185,0.6865029059661774,0,0,5.920254664457608,3,0
disclosed_no_signal,54,entropy,source_repair,17.520854441578702,0.0,-2.043896035789312,0.01,1.9772472520135735,3.809871967413423,0.6865029059661774,0,0,0.0,0,0
disclosed_no_signal,54,myopic,source_repair,17.520854441578702,0.0,-2.043896035789312,0.01,1.9772472520135735,3.809871967413423,0.6865029059661774,0,0,0.0,0,1
disclosed_no_signal,54,sequential,source_repair,17.520854441578702,0.0,-2.043896035789312,0.01,1.9772472520135735,3.809871967413423,0.6865029059661774,0,0,0.0,0,31
disclosed_no_signal,55,stop,mechanism_repair,-0.15475309885868038,13.47470657170704,-13.722684428914322,0.01,-4.801075054953041,3.3065727828755223,0.6222491868623629,0,0,0.0,0,0
disclosed_no_signal,55,fixed,mechanism_repair,-3.0765729517251925,16.39652642457355,-13.722684428914322,0.01,-4.801075054953041,0.38475293000901,0.6222491868623629,0,0,2.9218198528665122,3,0
disclosed_no_signal,55,random,mechanism_repair,-3.076572951725192,16.39652642457355,-13.722684428914322,0.01,-4.801075054953041,0.38475293000901045,0.6222491868623629,0,0,2.921819852866512,3,0
disclosed_no_signal,55,entropy,mechanism_repair,-0.15475309885868038,13.47470657170704,-13.722684428914322,0.01,-4.801075054953041,3.3065727828755223,0.6222491868623629,0,0,0.0,0,0
disclosed_no_signal,55,myopic,mechanism_repair,-0.15475309885868038,13.47470657170704,-13.722684428914322,0.01,-4.801075054953041,3.3065727828755223,0.6222491868623629,0,0,0.0,0,1
disclosed_no_signal,55,sequential,mechanism_repair,-0.15475309885868038,13.47470657170704,-13.722684428914322,0.01,-4.801075054953041,3.3065727828755223,0.6222491868623629,0,0,0.0,0,31
disclosed_no_signal,56,stop,mechanism_repair,15.593799754988211,0.0,-0.8877978747947246,0.01,0.7305836677998272,4.976190854883195,0.5360909902581078,0,0,0.0,0,0
disclosed_no_signal,56,fixed,mechanism_repair,10.099292886614519,5.494506868373692,-0.8877978747947246,0.01,0.7305836677998272,-0.5183160134904972,0.5360909902581078,0,0,5.494506868373692,3,0
disclosed_no_signal,56,random,mechanism_repair,10.099292886614519,5.494506868373692,-0.8877978747947246,0.01,0.7305836677998272,-0.5183160134904972,0.5360909902581078,0,0,5.494506868373692,3,0
disclosed_no_signal,56,entropy,mechanism_repair,15.593799754988211,0.0,-0.8877978747947246,0.01,0.7305836677998272,4.976190854883195,0.5360909902581078,0,0,0.0,0,0
disclosed_no_signal,56,myopic,mechanism_repair,15.593799754988211,0.0,-0.8877978747947246,0.01,0.7305836677998272,4.976190854883195,0.5360909902581078,0,0,0.0,0,1
disclosed_no_signal,56,sequential,mechanism_repair,15.593799754988211,0.0,-0.8877978747947246,0.01,0.7305836677998272,4.976190854883195,0.5360909902581078,0,0,0.0,0,31
disclosed_no_signal,57,stop,mechanism_repair,-0.13927360025137336,12.126871192971997,-12.350044552410942,0.01,-4.32083759816008,3.4617989502963664,0.9694118009479141,0,0,0.0,0,0
disclosed_no_signal,57,fixed,mechanism_repair,-5.099485873442571,17.087083466163193,-12.350044552410942,0.01,-4.32083759816008,-1.4984133228948315,0.9694118009479141,0,0,4.960212273191198,3,0
disclosed_no_signal,57,random,mechanism_repair,-5.099485873442571,17.087083466163193,-12.350044552410942,0.01,-4.32083759816008,-1.4984133228948315,0.9694118009479141,0,0,4.960212273191198,3,0
disclosed_no_signal,57,entropy,mechanism_repair,-0.13927360025137336,12.126871192971997,-12.350044552410942,0.01,-4.32083759816008,3.4617989502963664,0.9694118009479141,0,0,0.0,0,0
disclosed_no_signal,57,myopic,mechanism_repair,-0.13927360025137336,12.126871192971997,-12.350044552410942,0.01,-4.32083759816008,3.4617989502963664,0.9694118009479141,0,0,0.0,0,1
disclosed_no_signal,57,sequential,mechanism_repair,-0.13927360025137336,12.126871192971997,-12.350044552410942,0.01,-4.32083759816008,3.4617989502963664,0.9694118009479141,0,0,0.0,0,31
disclosed_no_signal,58,stop,mechanism_repair,15.938543489036476,0.0,-0.9074250829957897,0.01,0.7467352245486192,5.0461357712846615,0.5071367348045634,0,0,0.0,0,0
disclosed_no_signal,58,fixed,mechanism_repair,9.298599341878587,6.639944147157889,-0.9074250829957897,0.01,0.7467352245486192,-1.5938083758732278,0.5071367348045634,0,0,6.639944147157889,3,0
disclosed_no_signal,58,random,mechanism_repair,9.298599341878587,6.639944147157889,-0.9074250829957897,0.01,0.7467352245486192,-1.5938083758732278,0.5071367348045634,0,0,6.639944147157889,3,0
disclosed_no_signal,58,entropy,mechanism_repair,15.938543489036476,0.0,-0.9074250829957897,0.01,0.7467352245486192,5.0461357712846615,0.5071367348045634,0,0,0.0,0,0
disclosed_no_signal,58,myopic,mechanism_repair,15.938543489036476,0.0,-0.9074250829957897,0.01,0.7467352245486192,5.0461357712846615,0.5071367348045634,0,0,0.0,0,1
disclosed_no_signal,58,sequential,mechanism_repair,15.938543489036476,0.0,-0.9074250829957897,0.01,0.7467352245486192,5.0461357712846615,0.5071367348045634,0,0,0.0,0,31
disclosed_no_signal,59,stop,mechanism_repair,-0.1555684100779281,13.545697585941985,-13.79498190570541,0.01,-4.826369348803185,4.198721003981114,0.5643622191655074,0,0,0.0,0,0
disclosed_no_signal,59,fixed,mechanism_repair,-3.868099719683851,17.25822889554791,-13.79498190570541,0.01,-4.826369348803185,0.4861896943751911,0.5643622191655074,0,0,3.712531309605923,3,0
disclosed_no_signal,59,random,mechanism_repair,-3.868099719683851,17.25822889554791,-13.79498190570541,0.01,-4.826369348803185,0.4861896943751911,0.5643622191655074,0,0,3.712531309605923,3,0
disclosed_no_signal,59,entropy,mechanism_repair,-0.1555684100779281,13.545697585941985,-13.79498190570541,0.01,-4.826369348803185,4.198721003981114,0.5643622191655074,0,0,0.0,0,0
disclosed_no_signal,59,myopic,mechanism_repair,-0.1555684100779281,13.545697585941985,-13.79498190570541,0.01,-4.826369348803185,4.198721003981114,0.5643622191655074,0,0,0.0,0,1
disclosed_no_signal,59,sequential,mechanism_repair,-0.1555684100779281,13.545697585941985,-13.79498190570541,0.01,-4.826369348803185,4.198721003981114,0.5643622191655074,0,0,0.0,0,31
disclosed_no_signal,60,stop,source_repair,-8.425398629709004,27.011096130252337,-83.76900783070177,0.08,-9.875925133724841,5.165587113848685,0.9324513481096336,0,0,0.0,0,0
disclosed_no_signal,60,fixed,source_repair,-12.613277786129888,31.19897528667322,-83.76900783070177,0.08,-9.875925133724841,0.9777079574277998,0.9324513481096336,0,0,4.187879156420885,3,0
disclosed_no_signal,60,random,source_repair,-12.613277786129888,31.19897528667322,-83.76900783070177,0.08,-9.875925133724841,0.9777079574277998,0.9324513481096336,0,0,4.187879156420885,3,0
disclosed_no_signal,60,entropy,source_repair,-8.425398629709004,27.011096130252337,-83.76900783070177,0.08,-9.875925133724841,5.165587113848685,0.9324513481096336,0,0,0.0,0,0
disclosed_no_signal,60,myopic,source_repair,-8.425398629709004,27.011096130252337,-83.76900783070177,0.08,-9.875925133724841,5.165587113848685,0.9324513481096336,0,0,0.0,0,1
disclosed_no_signal,60,sequential,source_repair,-8.425398629709004,27.011096130252337,-83.76900783070177,0.08,-9.875925133724841,5.165587113848685,0.9324513481096336,0,0,0.0,0,31
disclosed_no_signal,61,stop,source_repair,17.302969223945045,0.0,-2.0184786262637977,0.01,1.9526586710595435,7.921700521146457,0.46056791693098353,0,0,0.0,0,0
disclosed_no_signal,61,fixed,source_repair,9.276047792019455,8.02692143192559,-2.0184786262637977,0.01,1.9526586710595435,-0.10522091077913309,0.46056791693098353,0,0,8.02692143192559,3,0
disclosed_no_signal,61,random,source_repair,9.276047792019455,8.02692143192559,-2.0184786262637977,0.01,1.9526586710595435,-0.10522091077913309,0.46056791693098353,0,0,8.02692143192559,3,0
disclosed_no_signal,61,entropy,source_repair,17.302969223945045,0.0,-2.0184786262637977,0.01,1.9526586710595435,7.921700521146457,0.46056791693098353,0,0,0.0,0,0
disclosed_no_signal,61,myopic,source_repair,17.302969223945045,0.0,-2.0184786262637977,0.01,1.9526586710595435,7.921700521146457,0.46056791693098353,0,0,0.0,0,1
disclosed_no_signal,61,sequential,source_repair,17.302969223945045,0.0,-2.0184786262637977,0.01,1.9526586710595435,7.921700521146457,0.46056791693098353,0,0,0.0,0,31
disclosed_no_signal,62,stop,source_repair,0.6824080894838187,11.15041567574046,-11.528058987396554,0.01,-3.4451670537047168,3.509270557791553,0.2779829833638115,0,0,0.0,0,0
disclosed_no_signal,62,fixed,source_repair,-6.3919548537671265,18.224778618991404,-11.528058987396554,0.01,-3.4451670537047168,-3.565092385459392,0.2779829833638115,0,0,7.074362943250945,3,0
disclosed_no_signal,62,random,source_repair,-6.3919548537671265,18.224778618991404,-11.528058987396554,0.01,-3.4451670537047168,-3.5650923854593928,0.2779829833638115,0,0,7.074362943250946,3,0
disclosed_no_signal,62,entropy,source_repair,0.6824080894838187,11.15041567574046,-11.528058987396554,0.01,-3.4451670537047168,3.509270557791553,0.2779829833638115,0,0,0.0,0,0
disclosed_no_signal,62,myopic,source_repair,0.6824080894838187,11.15041567574046,-11.528058987396554,0.01,-3.4451670537047168,3.509270557791553,0.2779829833638115,0,0,0.0,0,1
disclosed_no_signal,62,sequential,source_repair,0.6824080894838187,11.15041567574046,-11.528058987396554,0.01,-3.4451670537047168,3.509270557791553,0.2779829833638115,0,0,0.0,0,31
disclosed_no_signal,63,stop,source_repair,14.291058933800644,0.0,-1.6671241005638215,0.01,1.6127613581541336,3.1530440541229643,0.8101047436267876,0,0,0.0,0,0
disclosed_no_signal,63,fixed,source_repair,7.78704900733444,6.504009926466203,-1.6671241005638215,0.01,1.6127613581541336,-3.350965872343238,0.8101047436267876,0,0,6.504009926466203,3,0
disclosed_no_signal,63,random,source_repair,7.78704900733444,6.504009926466203,-1.6671241005638215,0.01,1.6127613581541336,-3.350965872343238,0.8101047436267876,0,0,6.504009926466203,3,0
disclosed_no_signal,63,entropy,source_repair,14.291058933800644,0.0,-1.6671241005638215,0.01,1.6127613581541336,3.1530440541229643,0.8101047436267876,0,0,0.0,0,0
disclosed_no_signal,63,myopic,source_repair,14.291058933800644,0.0,-1.6671241005638215,0.01,1.6127613581541336,3.1530440541229643,0.8101047436267876,0,0,0.0,0,1
disclosed_no_signal,63,sequential,source_repair,14.291058933800644,0.0,-1.6671241005638215,0.01,1.6127613581541336,3.1530440541229643,0.8101047436267876,0,0,0.0,0,31
disclosed_no_signal,64,stop,mechanism_repair,13.474856833194561,0.0,-0.7671606309967238,0.01,0.6313092692577216,5.254605075062165,0.5328971460983373,0,0,0.0,0,0
disclosed_no_signal,64,fixed,mechanism_repair,9.773218988012474,3.7016378451820877,-0.7671606309967238,0.01,0.6313092692577216,1.5529672298800774,0.5328971460983373,0,0,3.7016378451820877,3,0
disclosed_no_signal,64,random,mechanism_repair,9.773218988012474,3.7016378451820877,-0.7671606309967238,0.01,0.6313092692577216,1.5529672298800774,0.5328971460983373,0,0,3.7016378451820877,3,0
disclosed_no_signal,64,entropy,mechanism_repair,13.474856833194561,0.0,-0.7671606309967238,0.01,0.6313092692577216,5.254605075062165,0.5328971460983373,0,0,0.0,0,0
disclosed_no_signal,64,myopic,mechanism_repair,13.474856833194561,0.0,-0.7671606309967238,0.01,0.6313092692577216,5.254605075062165,0.5328971460983373,0,0,0.0,0,1
disclosed_no_signal,64,sequential,mechanism_repair,13.474856833194561,0.0,-0.7671606309967238,0.01,0.6313092692577216,5.254605075062165,0.5328971460983373,0,0,0.0,0,31
disclosed_no_signal,65,stop,source_repair,-7.997764343656479,25.64013775584062,-79.51728023520309,0.08,-9.374668827729208,4.730306946835443,0.5860599900155482,0,0,0.0,0,0
disclosed_no_signal,65,fixed,source_repair,-12.18350583004117,29.82587924222531,-79.51728023520309,0.08,-9.374668827729208,0.5445654604507526,0.5860599900155482,0,0,4.18574148638469,3,0
disclosed_no_signal,65,random,source_repair,-12.18350583004117,29.82587924222531,-79.51728023520309,0.08,-9.374668827729208,0.5445654604507526,0.5860599900155482,0,0,4.18574148638469,3,0
disclosed_no_signal,65,entropy,source_repair,-7.997764343656479,25.64013775584062,-79.51728023520309,0.08,-9.374668827729208,4.730306946835443,0.5860599900155482,0,0,0.0,0,0
disclosed_no_signal,65,myopic,source_repair,-7.997764343656479,25.64013775584062,-79.51728023520309,0.08,-9.374668827729208,4.730306946835443,0.5860599900155482,0,0,0.0,0,1
disclosed_no_signal,65,sequential,source_repair,-7.997764343656479,25.64013775584062,-79.51728023520309,0.08,-9.374668827729208,4.730306946835443,0.5860599900155482,0,0,0.0,0,31
disclosed_no_signal,66,stop,source_repair,18.94887685057581,0.0,-2.2104820519279467,0.01,2.1384011154520346,8.595330272944851,0.4983400563327325,0,0,0.0,0,0
disclosed_no_signal,66,fixed,source_repair,16.02609700096415,2.9227798496116613,-2.2104820519279467,0.01,2.1384011154520346,5.67255042333319,0.49834005633273254,0,0,2.922779849611663,3,0
disclosed_no_signal,66,random,source_repair,16.02609700096415,2.9227798496116613,-2.2104820519279467,0.01,2.1384011154520346,5.67255042333319,0.49834005633273254,0,0,2.922779849611663,3,0
disclosed_no_signal,66,entropy,source_repair,18.94887685057581,0.0,-2.2104820519279467,0.01,2.1384011154520346,8.595330272944851,0.4983400563327325,0,0,0.0,0,0
disclosed_no_signal,66,myopic,source_repair,18.94887685057581,0.0,-2.2104820519279467,0.01,2.1384011154520346,8.595330272944851,0.4983400563327325,0,0,0.0,0,1
disclosed_no_signal,66,sequential,source_repair,18.94887685057581,0.0,-2.2104820519279467,0.01,2.1384011154520346,8.595330272944851,0.4983400563327325,0,0,0.0,0,31
disclosed_no_signal,67,stop,mechanism_repair,-6.00501207956078,20.09142723882791,-67.87342624131756,0.08,-7.180294039213069,4.335683467226422,0.8936836712087192,0,0,0.0,0,0
disclosed_no_signal,67,fixed,mechanism_repair,-10.869933422941688,24.95634858220882,-67.87342624131756,0.08,-7.180294039213069,-0.5292378761544851,0.8936836712087192,0,0,4.8649213433809075,3,0
disclosed_no_signal,67,random,mechanism_repair,-10.869933422941688,24.95634858220882,-67.87342624131756,0.08,-7.180294039213069,-0.5292378761544851,0.8936836712087192,0,0,4.8649213433809075,3,0
disclosed_no_signal,67,entropy,mechanism_repair,-6.00501207956078,20.09142723882791,-67.87342624131756,0.08,-7.180294039213069,4.335683467226422,0.8936836712087192,0,0,0.0,0,0
disclosed_no_signal,67,myopic,mechanism_repair,-6.00501207956078,20.09142723882791,-67.87342624131756,0.08,-7.180294039213069,4.335683467226422,0.8936836712087192,0,0,0.0,0,1
disclosed_no_signal,67,sequential,mechanism_repair,-6.00501207956078,20.09142723882791,-67.87342624131756,0.08,-7.180294039213069,4.335683467226422,0.8936836712087192,0,0,0.0,0,31
disclosed_no_signal,68,stop,source_repair,20.44886496898494,0.0,-2.3854632310234125,0.01,2.3076763865335193,4.868877706866343,0.714618294510499,0,0,0.0,0,0
disclosed_no_signal,68,fixed,source_repair,13.337085138164412,7.111779830820527,-2.3854632310234125,0.01,2.3076763865335193,-2.2429021239541846,0.714618294510499,0,0,7.111779830820527,3,0
disclosed_no_signal,68,random,source_repair,13.337085138164412,7.111779830820527,-2.3854632310234125,0.01,2.3076763865335193,-2.2429021239541846,0.714618294510499,0,0,7.111779830820527,3,0
disclosed_no_signal,68,entropy,source_repair,20.44886496898494,0.0,-2.3854632310234125,0.01,2.3076763865335193,4.868877706866343,0.714618294510499,0,0,0.0,0,0
disclosed_no_signal,68,myopic,source_repair,20.44886496898494,0.0,-2.3854632310234125,0.01,2.3076763865335193,4.868877706866343,0.714618294510499,0,0,0.0,0,1
disclosed_no_signal,68,sequential,source_repair,20.44886496898494,0.0,-2.3854632310234125,0.01,2.3076763865335193,4.868877706866343,0.714618294510499,0,0,0.0,0,31
disclosed_no_signal,69,stop,mechanism_repair,-6.77612890418667,22.671411653403855,-76.58920236736867,0.08,-8.102331408337422,5.490514128431915,0.8272117418367823,0,0,0.0,0,0
disclosed_no_signal,69,fixed,mechanism_repair,-13.523515936981731,29.418798686198915,-76.58920236736867,0.08,-8.102331408337422,-1.2568729043631448,0.8272117418367823,0,0,6.74738703279506,3,0
disclosed_no_signal,69,random,mechanism_repair,-13.523515936981731,29.418798686198915,-76.58920236736867,0.08,-8.102331408337422,-1.2568729043631457,0.8272117418367823,0,0,6.747387032795061,3,0
disclosed_no_signal,69,entropy,mechanism_repair,-6.77612890418667,22.671411653403855,-76.58920236736867,0.08,-8.102331408337422,5.490514128431915,0.8272117418367823,0,0,0.0,0,0
disclosed_no_signal,69,myopic,mechanism_repair,-6.77612890418667,22.671411653403855,-76.58920236736867,0.08,-8.102331408337422,5.490514128431915,0.8272117418367823,0,0,0.0,0,1
disclosed_no_signal,69,sequential,mechanism_repair,-6.77612890418667,22.671411653403855,-76.58920236736867,0.08,-8.102331408337422,5.490514128431915,0.8272117418367823,0,0,0.0,0,31
disclosed_no_signal,70,stop,mechanism_repair,-5.634944262773449,18.853263099288263,-63.69062521873618,0.08,-6.737797720508407,3.1959936272620526,0.5330169433006674,0,0,0.0,0,0
disclosed_no_signal,70,fixed,mechanism_repair,-11.748876467654114,24.967195304168925,-63.69062521873618,0.08,-6.737797720508407,-2.917938577618613,0.5330169433006674,0,0,6.1139322048806655,3,0
disclosed_no_signal,70,random,mechanism_repair,-11.748876467654114,24.967195304168925,-63.69062521873618,0.08,-6.737797720508407,-2.917938577618612,0.5330169433006674,0,0,6.113932204880665,3,0
disclosed_no_signal,70,entropy,mechanism_repair,-5.634944262773449,18.853263099288263,-63.69062521873618,0.08,-6.737797720508407,3.1959936272620526,0.5330169433006674,0,0,0.0,0,0
disclosed_no_signal,70,myopic,mechanism_repair,-5.634944262773449,18.853263099288263,-63.69062521873618,0.08,-6.737797720508407,3.1959936272620526,0.5330169433006674,0,0,0.0,0,1
disclosed_no_signal,70,sequential,mechanism_repair,-5.634944262773449,18.853263099288263,-63.69062521873618,0.08,-6.737797720508407,3.1959936272620526,0.5330169433006674,0,0,0.0,0,31
disclosed_no_signal,71,stop,mechanism_repair,-0.15139522719259357,13.182328999046693,-13.424926170331208,0.01,-4.696900120734085,5.00243707982661,0.686419867434554,0,0,0.0,0,0
disclosed_no_signal,71,fixed,mechanism_repair,-5.963987406555307,18.994921178409406,-13.424926170331208,0.01,-4.696900120734085,-0.8101550995361038,0.686419867434554,0,0,5.8125921793627136,3,0
disclosed_no_signal,71,random,mechanism_repair,-5.963987406555307,18.994921178409406,-13.424926170331208,0.01,-4.696900120734085,-0.8101550995361038,0.686419867434554,0,0,5.8125921793627136,3,0
disclosed_no_signal,71,entropy,mechanism_repair,-0.15139522719259357,13.182328999046693,-13.424926170331208,0.01,-4.696900120734085,5.00243707982661,0.686419867434554,0,0,0.0,0,0
disclosed_no_signal,71,myopic,mechanism_repair,-0.15139522719259357,13.182328999046693,-13.424926170331208,0.01,-4.696900120734085,5.00243707982661,0.686419867434554,0,0,0.0,0,1
disclosed_no_signal,71,sequential,mechanism_repair,-0.15139522719259357,13.182328999046693,-13.424926170331208,0.01,-4.696900120734085,5.00243707982661,0.686419867434554,0,0,0.0,0,31
disclosed_no_signal,72,stop,source_repair,-5.829888530123899,18.69011621130511,-57.96330825345582,0.08,-6.833568973039004,4.550428222362591,1.0300669007279553,0,0,0.0,0,0
disclosed_no_signal,72,fixed,source_repair,-11.400751999411868,24.26097968059308,-57.96330825345582,0.08,-6.833568973039004,-1.0204352469253788,1.0300669007279553,0,0,5.5708634692879695,3,0
disclosed_no_signal,72,random,source_repair,-11.40075199941187,24.26097968059308,-57.96330825345582,0.08,-6.833568973039004,-1.0204352469253797,1.0300669007279553,0,0,5.57086346928797,3,0
disclosed_no_signal,72,entropy,source_repair,-5.829888530123899,18.69011621130511,-57.96330825345582,0.08,-6.833568973039004,4.550428222362591,1.0300669007279553,0,0,0.0,0,0
disclosed_no_signal,72,myopic,source_repair,-5.829888530123899,18.69011621130511,-57.96330825345582,0.08,-6.833568973039004,4.550428222362591,1.0300669007279553,0,0,0.0,0,1
disclosed_no_signal,72,sequential,source_repair,-5.829888530123899,18.69011621130511,-57.96330825345582,0.08,-6.833568973039004,4.550428222362591,1.0300669007279553,0,0,0.0,0,31
disclosed_no_signal,73,stop,source_repair,14.069042505633508,0.0,-1.6412247644941158,0.01,1.5877065656519145,5.247489462740986,0.4812038500209152,0,0,0.0,0,0
disclosed_no_signal,73,fixed,source_repair,9.380202010402938,4.68884049523057,-1.6412247644941158,0.01,1.5877065656519145,0.5586489675104156,0.4812038500209152,0,0,4.68884049523057,3,0
disclosed_no_signal,73,random,source_repair,9.380202010402938,4.68884049523057,-1.6412247644941158,0.01,1.5877065656519145,0.5586489675104156,0.4812038500209152,0,0,4.68884049523057,3,0
disclosed_no_signal,73,entropy,source_repair,14.069042505633508,0.0,-1.6412247644941158,0.01,1.5877065656519145,5.247489462740986,0.4812038500209152,0,0,0.0,0,0
disclosed_no_signal,73,myopic,source_repair,14.069042505633508,0.0,-1.6412247644941158,0.01,1.5877065656519145,5.247489462740986,0.4812038500209152,0,0,0.0,0,1
disclosed_no_signal,73,sequential,source_repair,14.069042505633508,0.0,-1.6412247644941158,0.01,1.5877065656519145,5.247489462740986,0.4812038500209152,0,0,0.0,0,31
disclosed_no_signal,74,stop,mechanism_repair,18.500567784047213,0.0,-1.0532881670433691,0.01,0.8667683874627741,8.025238069024741,0.3692965060809056,0,0,0.0,0,0
disclosed_no_signal,74,fixed,mechanism_repair,11.25909043916355,7.241477344883663,-1.0532881670433691,0.01,0.8667683874627741,0.7837607241410778,0.3692965060809056,0,0,7.241477344883664,3,0
disclosed_no_signal,74,random,mechanism_repair,11.25909043916355,7.241477344883663,-1.0532881670433691,0.01,0.8667683874627741,0.7837607241410787,0.3692965060809056,0,0,7.241477344883663,3,0
disclosed_no_signal,74,entropy,mechanism_repair,18.500567784047213,0.0,-1.0532881670433691,0.01,0.8667683874627741,8.025238069024741,0.3692965060809056,0,0,0.0,0,0
disclosed_no_signal,74,myopic,mechanism_repair,18.500567784047213,0.0,-1.0532881670433691,0.01,0.8667683874627741,8.025238069024741,0.3692965060809056,0,0,0.0,0,1
disclosed_no_signal,74,sequential,mechanism_repair,18.500567784047213,0.0,-1.0532881670433691,0.01,0.8667683874627741,8.025238069024741,0.3692965060809056,0,0,0.0,0,31
disclosed_no_signal,75,stop,mechanism_repair,-0.17147788196046432,14.930971722027424,-15.205749532879732,0.01,-5.3199463379300695,3.9644474640640293,0.5619666517864742,0,0,0.0,0,0
disclosed_no_signal,75,fixed,mechanism_repair,-3.3921190359025166,18.151612875969477,-15.205749532879732,0.01,-5.3199463379300695,0.7438063101219767,0.5619666517864742,0,0,3.2206411539420525,3,0
disclosed_no_signal,75,random,mechanism_repair,-3.3921190359025166,18.151612875969477,-15.205749532879732,0.01,-5.3199463379300695,0.7438063101219767,0.5619666517864742,0,0,3.2206411539420525,3,0
disclosed_no_signal,75,entropy,mechanism_repair,-0.17147788196046432,14.930971722027424,-15.205749532879732,0.01,-5.3199463379300695,3.9644474640640293,0.5619666517864742,0,0,0.0,0,0
disclosed_no_signal,75,myopic,mechanism_repair,-0.17147788196046432,14.930971722027424,-15.205749532879732,0.01,-5.3199463379300695,3.9644474640640293,0.5619666517864742,0,0,0.0,0,1
disclosed_no_signal,75,sequential,mechanism_repair,-0.17147788196046432,14.930971722027424,-15.205749532879732,0.01,-5.3199463379300695,3.9644474640640293,0.5619666517864742,0,0,0.0,0,31
disclosed_no_signal,76,stop,source_repair,-7.5929141497091175,24.342223201566146,-75.49208207455428,0.08,-8.90011914984219,8.045895493158822,1.1614174253551803,0,0,0.0,0,0
disclosed_no_signal,76,fixed,source_repair,-12.48871243888556,29.23802149074259,-75.49208207455428,0.08,-8.90011914984219,3.150097203982379,1.1614174253551803,0,0,4.895798289176443,3,0
disclosed_no_signal,76,random,source_repair,-12.48871243888556,29.23802149074259,-75.49208207455428,0.08,-8.90011914984219,3.150097203982379,1.1614174253551803,0,0,4.895798289176443,3,0
disclosed_no_signal,76,entropy,source_repair,-7.5929141497091175,24.342223201566146,-75.49208207455428,0.08,-8.90011914984219,8.045895493158822,1.1614174253551803,0,0,0.0,0,0
disclosed_no_signal,76,myopic,source_repair,-7.5929141497091175,24.342223201566146,-75.49208207455428,0.08,-8.90011914984219,8.045895493158822,1.1614174253551803,0,0,0.0,0,1
disclosed_no_signal,76,sequential,source_repair,-7.5929141497091175,24.342223201566146,-75.49208207455428,0.08,-8.90011914984219,8.045895493158822,1.1614174253551803,0,0,0.0,0,31
disclosed_no_signal,77,stop,mechanism_repair,-5.518584506000834,18.463949380056626,-62.37543463058646,0.08,-6.59866440039362,2.7462583295706122,1.0214580825977577,0,0,0.0,0,0
disclosed_no_signal,77,fixed,mechanism_repair,-8.649524958637086,21.59488983269288,-62.37543463058646,0.08,-6.59866440039362,-0.38468212306563965,1.0214580825977577,0,0,3.130940452636252,3,0
disclosed_no_signal,77,random,mechanism_repair,-8.649524958637086,21.59488983269288,-62.37543463058646,0.08,-6.59866440039362,-0.38468212306563965,1.0214580825977577,0,0,3.130940452636252,3,0
disclosed_no_signal,77,entropy,mechanism_repair,-5.518584506000834,18.463949380056626,-62.37543463058646,0.08,-6.59866440039362,2.7462583295706122,1.0214580825977577,0,0,0.0,0,0
disclosed_no_signal,77,myopic,mechanism_repair,-5.518584506000834,18.463949380056626,-62.37543463058646,0.08,-6.59866440039362,2.7462583295706122,1.0214580825977577,0,0,0.0,0,1
disclosed_no_signal,77,sequential,mechanism_repair,-5.518584506000834,18.463949380056626,-62.37543463058646,0.08,-6.59866440039362,2.7462583295706122,1.0214580825977577,0,0,0.0,0,31
disclosed_no_signal,78,stop,mechanism_repair,15.35127361988152,0.0,-0.8739901954149132,0.01,0.7192210983101885,4.73438047715136,0.5409908905734802,0,0,0.0,0,0
disclosed_no_signal,78,fixed,mechanism_repair,10.532012581326256,4.819261038555263,-0.8739901954149132,0.01,0.7192210983101885,-0.08488056140390299,0.5409908905734802,0,0,4.819261038555263,3,0
disclosed_no_signal,78,random,mechanism_repair,10.532012581326256,4.819261038555263,-0.8739901954149132,0.01,0.7192210983101885,-0.08488056140390299,0.5409908905734802,0,0,4.819261038555263,3,0
disclosed_no_signal,78,entropy,mechanism_repair,15.35127361988152,0.0,-0.8739901954149132,0.01,0.7192210983101885,4.73438047715136,0.5409908905734802,0,0,0.0,0,0
disclosed_no_signal,78,myopic,mechanism_repair,15.35127361988152,0.0,-0.8739901954149132,0.01,0.7192210983101885,4.73438047715136,0.5409908905734802,0,0,0.0,0,1
disclosed_no_signal,78,sequential,mechanism_repair,15.35127361988152,0.0,-0.8739901954149132,0.01,0.7192210983101885,4.73438047715136,0.5409908905734802,0,0,0.0,0,31
disclosed_no_signal,79,stop,source_repair,-7.778145348205588,24.9360583337423,-77.33373187645535,0.08,-9.11723996859263,4.084482579245625,0.8167068793732363,0,0,0.0,0,0
disclosed_no_signal,79,fixed,source_repair,-11.179883789650376,28.337796775187087,-77.33373187645535,0.08,-9.11723996859263,0.6827441378008374,0.8167068793732363,0,0,3.4017384414447878,3,0
disclosed_no_signal,79,random,source_repair,-11.179883789650376,28.337796775187087,-77.33373187645535,0.08,-9.11723996859263,0.6827441378008374,0.8167068793732363,0,0,3.4017384414447878,3,0
disclosed_no_signal,79,entropy,source_repair,-7.778145348205588,24.9360583337423,-77.33373187645535,0.08,-9.11723996859263,4.084482579245625,0.8167068793732363,0,0,0.0,0,0
disclosed_no_signal,79,myopic,source_repair,-7.778145348205588,24.9360583337423,-77.33373187645535,0.08,-9.11723996859263,4.084482579245625,0.8167068793732363,0,0,0.0,0,1
disclosed_no_signal,79,sequential,source_repair,-7.778145348205588,24.9360583337423,-77.33373187645535,0.08,-9.11723996859263,4.084482579245625,0.8167068793732363,0,0,0.0,0,31
disclosed_no_signal,80,stop,mechanism_repair,-6.922926298933391,23.162562901116075,-78.24842336688545,0.08,-8.277859524602093,4.482388992293872,0.6948951317196056,0,0,0.0,0,0
disclosed_no_signal,80,fixed,mechanism_repair,-12.331613608344183,28.57125021052687,-78.24842336688545,0.08,-8.277859524602093,-0.9262983171169195,0.6948951317196056,0,0,5.408687309410792,3,0
disclosed_no_signal,80,random,mechanism_repair,-12.331613608344185,28.57125021052687,-78.24842336688545,0.08,-8.277859524602093,-0.9262983171169203,0.6948951317196056,0,0,5.408687309410793,3,0
disclosed_no_signal,80,entropy,mechanism_repair,-6.922926298933391,23.162562901116075,-78.24842336688545,0.08,-8.277859524602093,4.482388992293872,0.6948951317196056,0,0,0.0,0,0
disclosed_no_signal,80,myopic,mechanism_repair,-6.922926298933391,23.162562901116075,-78.24842336688545,0.08,-8.277859524602093,4.482388992293872,0.6948951317196056,0,0,0.0,0,1
disclosed_no_signal,80,sequential,mechanism_repair,-6.922926298933391,23.162562901116075,-78.24842336688545,0.08,-8.277859524602093,4.482388992293872,0.6948951317196056,0,0,0.0,0,31
disclosed_no_signal,81,stop,mechanism_repair,-0.12307103344405923,10.716076610845958,-10.913286821063547,0.01,-3.818167603836771,2.590621831087301,0.521618331159992,0,0,0.0,0,0
disclosed_no_signal,81,fixed,mechanism_repair,-5.190855467774365,15.783861045176263,-10.913286821063547,0.01,-3.818167603836771,-2.4771626032430047,0.521618331159992,0,0,5.067784434330306,3,0
disclosed_no_signal,81,random,mechanism_repair,-5.190855467774364,15.783861045176263,-10.913286821063547,0.01,-3.818167603836771,-2.477162603243004,0.521618331159992,0,0,5.067784434330305,3,0
disclosed_no_signal,81,entropy,mechanism_repair,-0.12307103344405923,10.716076610845958,-10.913286821063547,0.01,-3.818167603836771,2.590621831087301,0.521618331159992,0,0,0.0,0,0
disclosed_no_signal,81,myopic,mechanism_repair,-0.12307103344405923,10.716076610845958,-10.913286821063547,0.01,-3.818167603836771,2.590621831087301,0.521618331159992,0,0,0.0,0,1
disclosed_no_signal,81,sequential,mechanism_repair,-0.12307103344405923,10.716076610845958,-10.913286821063547,0.01,-3.818167603836771,2.590621831087301,0.521618331159992,0,0,0.0,0,31
disclosed_no_signal,82,stop,mechanism_repair,-0.19282320280327692,16.789557670593762,-17.098539429302626,0.01,-5.982165629137809,7.119835569321711,0.5287170851908021,0,0,0.0,0,0
disclosed_no_signal,82,fixed,mechanism_repair,-7.032540865531925,23.62927533332241,-17.098539429302626,0.01,-5.982165629137809,0.28011790659306257,0.5287170851908021,0,0,6.839717662728648,3,0
disclosed_no_signal,82,random,mechanism_repair,-7.032540865531925,23.62927533332241,-17.098539429302626,0.01,-5.982165629137809,0.28011790659306257,0.5287170851908021,0,0,6.839717662728648,3,0
disclosed_no_signal,82,entropy,mechanism_repair,-0.19282320280327692,16.789557670593762,-17.098539429302626,0.01,-5.982165629137809,7.119835569321711,0.5287170851908021,0,0,0.0,0,0
disclosed_no_signal,82,myopic,mechanism_repair,-0.19282320280327692,16.789557670593762,-17.098539429302626,0.01,-5.982165629137809,7.119835569321711,0.5287170851908021,0,0,0.0,0,1
disclosed_no_signal,82,sequential,mechanism_repair,-0.19282320280327692,16.789557670593762,-17.098539429302626,0.01,-5.982165629137809,7.119835569321711,0.5287170851908021,0,0,0.0,0,31
disclosed_no_signal,83,stop,source_repair,13.709908859432032,0.0,-1.5993300133997912,0.01,1.5471779477454524,6.4407459985676425,0.32691041375627605,0,0,0.0,0,0
disclosed_no_signal,83,fixed,source_repair,5.315773905382427,8.394134954049605,-1.5993300133997912,0.01,1.5471779477454524,-1.9533889554819623,0.32691041375627605,0,0,8.394134954049605,3,0
disclosed_no_signal,83,random,source_repair,5.315773905382427,8.394134954049605,-1.5993300133997912,0.01,1.5471779477454524,-1.9533889554819623,0.32691041375627605,0,0,8.394134954049605,3,0
disclosed_no_signal,83,entropy,source_repair,13.709908859432032,0.0,-1.5993300133997912,0.01,1.5471779477454524,6.4407459985676425,0.32691041375627605,0,0,0.0,0,0
disclosed_no_signal,83,myopic,source_repair,13.709908859432032,0.0,-1.5993300133997912,0.01,1.5471779477454524,6.4407459985676425,0.32691041375627605,0,0,0.0,0,1
disclosed_no_signal,83,sequential,source_repair,13.709908859432032,0.0,-1.5993300133997912,0.01,1.5471779477454524,6.4407459985676425,0.32691041375627605,0,0,0.0,0,31
disclosed_no_signal,84,stop,source_repair,0.6700638890925716,10.948713838279595,-11.319525893408493,0.01,-3.3828468187197798,4.621612087526333,0.4612492229893892,0,0,0.0,0,0
disclosed_no_signal,84,fixed,source_repair,-2.8863332773532937,14.50511100472546,-11.319525893408493,0.01,-3.3828468187197798,1.0652149210804671,0.4612492229893892,0,0,3.5563971664458656,3,0
disclosed_no_signal,84,random,source_repair,-2.8863332773532937,14.50511100472546,-11.319525893408493,0.01,-3.3828468187197798,1.0652149210804671,0.4612492229893892,0,0,3.5563971664458656,3,0
disclosed_no_signal,84,entropy,source_repair,0.6700638890925716,10.948713838279595,-11.319525893408493,0.01,-3.3828468187197798,4.621612087526333,0.4612492229893892,0,0,0.0,0,0
disclosed_no_signal,84,myopic,source_repair,0.6700638890925716,10.948713838279595,-11.319525893408493,0.01,-3.3828468187197798,4.621612087526333,0.4612492229893892,0,0,0.0,0,1
disclosed_no_signal,84,sequential,source_repair,0.6700638890925716,10.948713838279595,-11.319525893408493,0.01,-3.3828468187197798,4.621612087526333,0.4612492229893892,0,0,0.0,0,31
disclosed_no_signal,85,stop,source_repair,0.926839436332071,15.14437642084345,-15.657287565221392,0.01,-4.6791893873075425,6.71882599260212,0.6099342619621295,0,0,0.0,0,0
disclosed_no_signal,85,fixed,source_repair,-4.658190401193084,20.729406258368606,-15.657287565221392,0.01,-4.6791893873075425,1.1337961550769649,0.6099342619621295,0,0,5.5850298375251555,3,0
disclosed_no_signal,85,random,source_repair,-4.658190401193084,20.729406258368606,-15.657287565221392,0.01,-4.6791893873075425,1.1337961550769649,0.6099342619621295,0,0,5.5850298375251555,3,0
disclosed_no_signal,85,entropy,source_repair,0.926839436332071,15.14437642084345,-15.657287565221392,0.01,-4.6791893873075425,6.71882599260212,0.6099342619621295,0,0,0.0,0,0
disclosed_no_signal,85,myopic,source_repair,0.926839436332071,15.14437642084345,-15.657287565221392,0.01,-4.6791893873075425,6.71882599260212,0.6099342619621295,0,0,0.0,0,1
disclosed_no_signal,85,sequential,source_repair,0.926839436332071,15.14437642084345,-15.657287565221392,0.01,-4.6791893873075425,6.71882599260212,0.6099342619621295,0,0,0.0,0,31
disclosed_no_signal,86,stop,mechanism_repair,-0.18227035724720464,15.870697250910183,-16.162769028185824,0.01,-5.654773131464471,4.915640315895798,0.7260175393438106,0,0,0.0,0,0
disclosed_no_signal,86,fixed,mechanism_repair,-5.321960364244873,21.01038725790785,-16.162769028185824,0.01,-5.654773131464471,-0.22404969110187078,0.7260175393438106,0,0,5.139690006997669,3,0
disclosed_no_signal,86,random,mechanism_repair,-5.321960364244873,21.01038725790785,-16.162769028185824,0.01,-5.654773131464471,-0.2240496911018699,0.7260175393438106,0,0,5.139690006997668,3,0
disclosed_no_signal,86,entropy,mechanism_repair,-0.18227035724720464,15.870697250910183,-16.162769028185824,0.01,-5.654773131464471,4.915640315895798,0.7260175393438106,0,0,0.0,0,0
disclosed_no_signal,86,myopic,mechanism_repair,-0.18227035724720464,15.870697250910183,-16.162769028185824,0.01,-5.654773131464471,4.915640315895798,0.7260175393438106,0,0,0.0,0,1
disclosed_no_signal,86,sequential,mechanism_repair,-0.18227035724720464,15.870697250910183,-16.162769028185824,0.01,-5.654773131464471,4.915640315895798,0.7260175393438106,0,0,0.0,0,31
disclosed_no_signal,87,stop,source_repair,14.470881781928217,0.0,-1.6881013427216085,0.01,1.6330545598067727,4.7143326754869985,0.40351915000971855,0,0,0.0,0,0
disclosed_no_signal,87,fixed,source_repair,7.6166676055023235,6.854214176425893,-1.6881013427216085,0.01,1.6330545598067727,-2.1398815009388947,0.40351915000971855,0,0,6.854214176425893,3,0
disclosed_no_signal,87,random,source_repair,7.616667605502323,6.854214176425894,-1.6881013427216085,0.01,1.6330545598067727,-2.1398815009388956,0.40351915000971855,0,0,6.854214176425894,3,0
disclosed_no_signal,87,entropy,source_repair,14.470881781928217,0.0,-1.6881013427216085,0.01,1.6330545598067727,4.7143326754869985,0.40351915000971855,0,0,0.0,0,0
disclosed_no_signal,87,myopic,source_repair,14.470881781928217,0.0,-1.6881013427216085,0.01,1.6330545598067727,4.7143326754869985,0.40351915000971855,0,0,0.0,0,1
disclosed_no_signal,87,sequential,source_repair,14.470881781928217,0.0,-1.6881013427216085,0.01,1.6330545598067727,4.7143326754869985,0.40351915000971855,0,0,0.0,0,31
disclosed_no_signal,88,stop,source_repair,0.5870433425424427,9.592174228144964,-9.917042874017966,0.01,-2.963713962350197,4.726695601781403,0.5361791173486412,0,0,0.0,0,0
disclosed_no_signal,88,fixed,source_repair,-2.39890473603973,12.578122306727137,-9.917042874017966,0.01,-2.963713962350197,1.74074752319923,0.5361791173486412,0,0,2.985948078582173,3,0
disclosed_no_signal,88,random,source_repair,-2.39890473603973,12.578122306727137,-9.917042874017966,0.01,-2.963713962350197,1.74074752319923,0.5361791173486412,0,0,2.985948078582173,3,0
disclosed_no_signal,88,entropy,source_repair,0.5870433425424427,9.592174228144964,-9.917042874017966,0.01,-2.963713962350197,4.726695601781403,0.5361791173486412,0,0,0.0,0,0
disclosed_no_signal,88,myopic,source_repair,0.5870433425424427,9.592174228144964,-9.917042874017966,0.01,-2.963713962350197,4.726695601781403,0.5361791173486412,0,0,0.0,0,1
disclosed_no_signal,88,sequential,source_repair,0.5870433425424427,9.592174228144964,-9.917042874017966,0.01,-2.963713962350197,4.726695601781403,0.5361791173486412,0,0,0.0,0,31
disclosed_no_signal,89,stop,source_repair,-7.032411871194663,22.545301584968133,-69.91932263354191,0.08,-8.243120142059679,2.882217226813867,0.7158490805989338,0,0,0.0,0,0
disclosed_no_signal,89,fixed,source_repair,-12.799769038056084,28.312658751829552,-69.91932263354191,0.08,-8.243120142059679,-2.8851399400475533,0.7158490805989338,0,0,5.76735716686142,3,0
disclosed_no_signal,89,random,source_repair,-12.799769038056084,28.312658751829552,-69.91932263354191,0.08,-8.243120142059679,-2.8851399400475533,0.7158490805989338,0,0,5.76735716686142,3,0
disclosed_no_signal,89,entropy,source_repair,-7.032411871194663,22.545301584968133,-69.91932263354191,0.08,-8.243120142059679,2.882217226813867,0.7158490805989338,0,0,0.0,0,0
disclosed_no_signal,89,myopic,source_repair,-7.032411871194663,22.545301584968133,-69.91932263354191,0.08,-8.243120142059679,2.882217226813867,0.7158490805989338,0,0,0.0,0,1
disclosed_no_signal,89,sequential,source_repair,-7.032411871194663,22.545301584968133,-69.91932263354191,0.08,-8.243120142059679,2.882217226813867,0.7158490805989338,0,0,0.0,0,31
disclosed_no_signal,90,stop,mechanism_repair,-0.17693191103426875,15.405866518610367,-15.689383918219496,0.01,-5.489152661605326,7.2909240809741975,0.9600217489160077,0,0,0.0,0,0
disclosed_no_signal,90,fixed,mechanism_repair,-6.1811507751926404,21.410085382768738,-15.689383918219496,0.01,-5.489152661605326,1.286705216815827,0.9600217489160079,0,0,6.004218864158371,3,0
disclosed_no_signal,90,random,mechanism_repair,-6.1811507751926404,21.410085382768738,-15.689383918219496,0.01,-5.489152661605326,1.286705216815827,0.9600217489160079,0,0,6.004218864158371,3,0
disclosed_no_signal,90,entropy,mechanism_repair,-0.17693191103426875,15.405866518610367,-15.689383918219496,0.01,-5.489152661605326,7.2909240809741975,0.9600217489160077,0,0,0.0,0,0
disclosed_no_signal,90,myopic,mechanism_repair,-0.17693191103426875,15.405866518610367,-15.689383918219496,0.01,-5.489152661605326,7.2909240809741975,0.9600217489160077,0,0,0.0,0,1
disclosed_no_signal,90,sequential,mechanism_repair,-0.17693191103426875,15.405866518610367,-15.689383918219496,0.01,-5.489152661605326,7.2909240809741975,0.9600217489160077,0,0,0.0,0,31
disclosed_no_signal,91,stop,source_repair,-8.931342628889857,28.63310864253988,-88.7993249340174,0.08,-10.46897304485258,5.922746550311223,1.0848495927157138,0,0,0.0,0,0
disclosed_no_signal,91,fixed,source_repair,-12.081338897196146,31.78310491084617,-88.7993249340174,0.08,-10.46897304485258,2.7727502820049343,1.0848495927157138,0,0,3.149996268306289,3,0
disclosed_no_signal,91,random,source_repair,-12.081338897196146,31.78310491084617,-88.7993249340174,0.08,-10.46897304485258,2.7727502820049343,1.0848495927157138,0,0,3.149996268306289,3,0
disclosed_no_signal,91,entropy,source_repair,-8.931342628889857,28.63310864253988,-88.7993249340174,0.08,-10.46897304485258,5.922746550311223,1.0848495927157138,0,0,0.0,0,0
disclosed_no_signal,91,myopic,source_repair,-8.931342628889857,28.63310864253988,-88.7993249340174,0.08,-10.46897304485258,5.922746550311223,1.0848495927157138,0,0,0.0,0,1
disclosed_no_signal,91,sequential,source_repair,-8.931342628889857,28.63310864253988,-88.7993249340174,0.08,-10.46897304485258,5.922746550311223,1.0848495927157138,0,0,0.0,0,31
disclosed_no_signal,92,stop,mechanism_repair,-0.1426543325005809,12.421239288936128,-12.64982996631658,0.01,-4.425721761313205,3.657471808800522,0.7966541461787788,0,0,0.0,0,0
disclosed_no_signal,92,fixed,mechanism_repair,-6.097627373685479,18.376212330121028,-12.64982996631658,0.01,-4.425721761313205,-2.297501232384376,0.7966541461787788,0,0,5.954973041184898,3,0
disclosed_no_signal,92,random,mechanism_repair,-6.09762737368548,18.376212330121028,-12.64982996631658,0.01,-4.425721761313205,-2.297501232384377,0.7966541461787788,0,0,5.954973041184899,3,0
disclosed_no_signal,92,entropy,mechanism_repair,-0.1426543325005809,12.421239288936128,-12.64982996631658,0.01,-4.425721761313205,3.657471808800522,0.7966541461787788,0,0,0.0,0,0
disclosed_no_signal,92,myopic,mechanism_repair,-0.1426543325005809,12.421239288936128,-12.64982996631658,0.01,-4.425721761313205,3.657471808800522,0.7966541461787788,0,0,0.0,0,1
disclosed_no_signal,92,sequential,mechanism_repair,-0.1426543325005809,12.421239288936128,-12.64982996631658,0.01,-4.425721761313205,3.657471808800522,0.7966541461787788,0,0,0.0,0,31
disclosed_no_signal,93,stop,mechanism_repair,15.570171998132235,0.0,-0.8864526816633234,0.01,0.7294766859521092,5.220269114526631,0.44092052005696425,0,0,0.0,0,0
disclosed_no_signal,93,fixed,mechanism_repair,10.280917087133922,5.289254910998313,-0.8864526816633234,0.01,0.7294766859521092,-0.0689857964716829,0.44092052005696425,0,0,5.289254910998314,3,0
disclosed_no_signal,93,random,mechanism_repair,10.280917087133922,5.289254910998313,-0.8864526816633234,0.01,0.7294766859521092,-0.0689857964716829,0.44092052005696425,0,0,5.289254910998314,3,0
disclosed_no_signal,93,entropy,mechanism_repair,15.570171998132235,0.0,-0.8864526816633234,0.01,0.7294766859521092,5.220269114526631,0.44092052005696425,0,0,0.0,0,0
disclosed_no_signal,93,myopic,mechanism_repair,15.570171998132235,0.0,-0.8864526816633234,0.01,0.7294766859521092,5.220269114526631,0.44092052005696425,0,0,0.0,0,1
disclosed_no_signal,93,sequential,mechanism_repair,15.570171998132235,0.0,-0.8864526816633234,0.01,0.7294766859521092,5.220269114526631,0.44092052005696425,0,0,0.0,0,31
disclosed_no_signal,94,stop,mechanism_repair,12.176995050538352,0.0,-0.6932697929377785,0.01,0.5705032671050466,5.222097233665601,0.35684943537087266,0,0,0.0,0,0
disclosed_no_signal,94,fixed,mechanism_repair,8.289802916591547,3.8871921339468045,-0.6932697929377785,0.01,0.5705032671050466,1.3349050997187972,0.35684943537087266,0,0,3.887192133946804,3,0
disclosed_no_signal,94,random,mechanism_repair,8.289802916591547,3.8871921339468045,-0.6932697929377785,0.01,0.5705032671050466,1.3349050997187972,0.35684943537087266,0,0,3.887192133946804,3,0
disclosed_no_signal,94,entropy,mechanism_repair,12.176995050538352,0.0,-0.6932697929377785,0.01,0.5705032671050466,5.222097233665601,0.35684943537087266,0,0,0.0,0,0
disclosed_no_signal,94,myopic,mechanism_repair,12.176995050538352,0.0,-0.6932697929377785,0.01,0.5705032671050466,5.222097233665601,0.35684943537087266,0,0,0.0,0,1
disclosed_no_signal,94,sequential,mechanism_repair,12.176995050538352,0.0,-0.6932697929377785,0.01,0.5705032671050466,5.222097233665601,0.35684943537087266,0,0,0.0,0,31
disclosed_no_signal,95,stop,mechanism_repair,-0.1638752130967982,14.268989940368211,-14.531585161354652,0.01,-5.0840804063163345,5.686953262891656,0.5078315541096866,0,0,0.0,0,0
disclosed_no_signal,95,fixed,mechanism_repair,-7.302952663039665,21.40806739031108,-14.531585161354652,0.01,-5.0840804063163345,-1.4521241870512114,0.5078315541096866,0,0,7.139077449942867,3,0
disclosed_no_signal,95,random,mechanism_repair,-7.302952663039665,21.40806739031108,-14.531585161354652,0.01,-5.0840804063163345,-1.4521241870512114,0.5078315541096866,0,0,7.139077449942867,3,0
disclosed_no_signal,95,entropy,mechanism_repair,-0.1638752130967982,14.268989940368211,-14.531585161354652,0.01,-5.0840804063163345,5.686953262891656,0.5078315541096866,0,0,0.0,0,0
disclosed_no_signal,95,myopic,mechanism_repair,-0.1638752130967982,14.268989940368211,-14.531585161354652,0.01,-5.0840804063163345,5.686953262891656,0.5078315541096866,0,0,0.0,0,1
disclosed_no_signal,95,sequential,mechanism_repair,-0.1638752130967982,14.268989940368211,-14.531585161354652,0.01,-5.0840804063163345,5.686953262891656,0.5078315541096866,0,0,0.0,0,31
disclosed_no_signal,96,stop,source_repair,0.634951871664792,10.374990291377138,-10.72637142424018,0.01,-3.205582264715456,5.392957855997882,0.6780838892568672,0,0,0.0,0,0
disclosed_no_signal,96,fixed,source_repair,-4.661217446882817,15.671159609924747,-10.72637142424018,0.01,-3.205582264715456,0.09678853745027372,0.6780838892568672,0,0,5.296169318547609,3,0
disclosed_no_signal,96,random,source_repair,-4.661217446882817,15.671159609924747,-10.72637142424018,0.01,-3.205582264715456,0.09678853745027372,0.6780838892568672,0,0,5.296169318547609,3,0
disclosed_no_signal,96,entropy,source_repair,0.634951871664792,10.374990291377138,-10.72637142424018,0.01,-3.205582264715456,5.392957855997882,0.6780838892568672,0,0,0.0,0,0
disclosed_no_signal,96,myopic,source_repair,0.634951871664792,10.374990291377138,-10.72637142424018,0.01,-3.205582264715456,5.392957855997882,0.6780838892568672,0,0,0.0,0,1
disclosed_no_signal,96,sequential,source_repair,0.634951871664792,10.374990291377138,-10.72637142424018,0.01,-3.205582264715456,5.392957855997882,0.6780838892568672,0,0,0.0,0,31
disclosed_no_signal,97,stop,mechanism_repair,-7.824011718732081,26.17739316423492,-88.43320800470525,0.08,-9.355302531024083,4.497673958408811,1.0866793016237228,0,0,0.0,0,0
disclosed_no_signal,97,fixed,mechanism_repair,-12.954519285547262,31.307900731050104,-88.43320800470525,0.08,-9.355302531024083,-0.6328336084063704,1.0866793016237228,0,0,5.130507566815181,3,0
disclosed_no_signal,97,random,mechanism_repair,-12.954519285547264,31.307900731050104,-88.43320800470525,0.08,-9.355302531024083,-0.6328336084063713,1.0866793016237228,0,0,5.130507566815182,3,0
disclosed_no_signal,97,entropy,mechanism_repair,-7.824011718732081,26.17739316423492,-88.43320800470525,0.08,-9.355302531024083,4.497673958408811,1.0866793016237228,0,0,0.0,0,0
disclosed_no_signal,97,myopic,mechanism_repair,-7.824011718732081,26.17739316423492,-88.43320800470525,0.08,-9.355302531024083,4.497673958408811,1.0866793016237228,0,0,0.0,0,1
disclosed_no_signal,97,sequential,mechanism_repair,-7.824011718732081,26.17739316423492,-88.43320800470525,0.08,-9.355302531024083,4.497673958408811,1.0866793016237228,0,0,0.0,0,31
disclosed_no_signal,98,stop,mechanism_repair,19.49399222357665,0.0,-1.1098465505060817,0.01,0.9133112238539647,7.749327186938346,0.4993154478408856,0,0,0.0,0,0
disclosed_no_signal,98,fixed,mechanism_repair,12.631188702057415,6.862803521519236,-1.1098465505060817,0.01,0.9133112238539647,0.8865236654191095,0.4993154478408856,0,0,6.862803521519236,3,0
disclosed_no_signal,98,random,mechanism_repair,12.631188702057415,6.862803521519236,-1.1098465505060817,0.01,0.9133112238539647,0.8865236654191095,0.4993154478408856,0,0,6.862803521519236,3,0
disclosed_no_signal,98,entropy,mechanism_repair,19.49399222357665,0.0,-1.1098465505060817,0.01,0.9133112238539647,7.749327186938346,0.4993154478408856,0,0,0.0,0,0
disclosed_no_signal,98,myopic,mechanism_repair,19.49399222357665,0.0,-1.1098465505060817,0.01,0.9133112238539647,7.749327186938346,0.4993154478408856,0,0,0.0,0,1
disclosed_no_signal,98,sequential,mechanism_repair,19.49399222357665,0.0,-1.1098465505060817,0.01,0.9133112238539647,7.749327186938346,0.4993154478408856,0,0,0.0,0,31
disclosed_no_signal,99,stop,mechanism_repair,-7.562027542238094,25.300852709359074,-85.47205431441033,0.08,-9.042043640629727,6.7971460377730235,0.9174273754388907,0,0,0.0,0,0
disclosed_no_signal,99,fixed,mechanism_repair,-13.20970141325493,30.94852658037591,-85.47205431441033,0.08,-9.042043640629727,1.149472166756187,0.9174273754388907,0,0,5.647673871016837,3,0
disclosed_no_signal,99,random,mechanism_repair,-13.20970141325493,30.94852658037591,-85.47205431441033,0.08,-9.042043640629727,1.149472166756187,0.9174273754388907,0,0,5.647673871016837,3,0
disclosed_no_signal,99,entropy,mechanism_repair,-7.562027542238094,25.300852709359074,-85.47205431441033,0.08,-9.042043640629727,6.7971460377730235,0.9174273754388907,0,0,0.0,0,0
disclosed_no_signal,99,myopic,mechanism_repair,-7.562027542238094,25.300852709359074,-85.47205431441033,0.08,-9.042043640629727,6.7971460377730235,0.9174273754388907,0,0,0.0,0,1
disclosed_no_signal,99,sequential,mechanism_repair,-7.562027542238094,25.300852709359074,-85.47205431441033,0.08,-9.042043640629727,6.7971460377730235,0.9174273754388907,0,0,0.0,0,31
disclosed_no_signal,100,stop,source_repair,14.160841236986663,0.0,-1.6519335494868104,0.01,1.5980661511339798,5.2069360023907,0.43734087321604337,0,0,0.0,0,0
disclosed_no_signal,100,fixed,source_repair,7.130589705208564,7.030251531778099,-1.6519335494868104,0.01,1.5980661511339798,-1.8233155293873988,0.4373408732160433,0,0,7.030251531778099,3,0
disclosed_no_signal,100,random,source_repair,7.130589705208564,7.030251531778099,-1.6519335494868104,0.01,1.5980661511339798,-1.8233155293873988,0.4373408732160433,0,0,7.030251531778099,3,0
disclosed_no_signal,100,entropy,source_repair,14.160841236986663,0.0,-1.6519335494868104,0.01,1.5980661511339798,5.2069360023907,0.43734087321604337,0,0,0.0,0,0
disclosed_no_signal,100,myopic,source_repair,14.160841236986663,0.0,-1.6519335494868104,0.01,1.5980661511339798,5.2069360023907,0.43734087321604337,0,0,0.0,0,1
disclosed_no_signal,100,sequential,source_repair,14.160841236986663,0.0,-1.6519335494868104,0.01,1.5980661511339798,5.2069360023907,0.43734087321604337,0,0,0.0,0,31
disclosed_no_signal,101,stop,source_repair,14.99753533562067,0.0,-1.7495381358994488,0.01,1.6924879792940337,4.948449231092938,0.43525066165943826,0,0,0.0,0,0
disclosed_no_signal,101,fixed,source_repair,10.400505089584913,4.597030246035757,-1.7495381358994488,0.01,1.6924879792940337,0.3514189850571805,0.43525066165943826,0,0,4.597030246035757,3,0
disclosed_no_signal,101,random,source_repair,10.400505089584913,4.597030246035757,-1.7495381358994488,0.01,1.6924879792940337,0.3514189850571805,0.43525066165943826,0,0,4.597030246035757,3,0
disclosed_no_signal,101,entropy,source_repair,14.99753533562067,0.0,-1.7495381358994488,0.01,1.6924879792940337,4.948449231092938,0.43525066165943826,0,0,0.0,0,0
disclosed_no_signal,101,myopic,source_repair,14.99753533562067,0.0,-1.7495381358994488,0.01,1.6924879792940337,4.948449231092938,0.43525066165943826,0,0,0.0,0,1
disclosed_no_signal,101,sequential,source_repair,14.99753533562067,0.0,-1.7495381358994488,0.01,1.6924879792940337,4.948449231092938,0.43525066165943826,0,0,0.0,0,31
disclosed_no_signal,102,stop,source_repair,19.00232751300778,0.0,-2.216717341275236,0.01,2.144433080146697,5.668842823124643,0.4448913532749906,0,0,0.0,0,0
disclosed_no_signal,102,fixed,source_repair,14.676725037325188,4.325602475682594,-2.216717341275236,0.01,2.144433080146697,1.343240347442051,0.4448913532749907,0,0,4.325602475682593,3,0
disclosed_no_signal,102,random,source_repair,14.676725037325188,4.325602475682594,-2.216717341275236,0.01,2.144433080146697,1.343240347442051,0.4448913532749907,0,0,4.325602475682593,3,0
disclosed_no_signal,102,entropy,source_repair,19.00232751300778,0.0,-2.216717341275236,0.01,2.144433080146697,5.668842823124643,0.4448913532749906,0,0,0.0,0,0
disclosed_no_signal,102,myopic,source_repair,19.00232751300778,0.0,-2.216717341275236,0.01,2.144433080146697,5.668842823124643,0.4448913532749906,0,0,0.0,0,1
disclosed_no_signal,102,sequential,source_repair,19.00232751300778,0.0,-2.216717341275236,0.01,2.144433080146697,5.668842823124643,0.4448913532749906,0,0,0.0,0,31
disclosed_no_signal,103,stop,mechanism_repair,12.262644774025874,0.0,-0.6981460670777384,0.01,0.5745160343660562,3.612720051513044,0.4773579357421066,0,0,0.0,0,0
disclosed_no_signal,103,fixed,mechanism_repair,9.380752005717937,2.881892768307937,-0.6981460670777384,0.01,0.5745160343660562,0.7308272832051079,0.4773579357421066,0,0,2.881892768307936,3,0
disclosed_no_signal,103,random,mechanism_repair,9.380752005717937,2.881892768307937,-0.6981460670777384,0.01,0.5745160343660562,0.7308272832051079,0.4773579357421066,0,0,2.881892768307936,3,0
disclosed_no_signal,103,entropy,mechanism_repair,12.262644774025874,0.0,-0.6981460670777384,0.01,0.5745160343660562,3.612720051513044,0.4773579357421066,0,0,0.0,0,0
disclosed_no_signal,103,myopic,mechanism_repair,12.262644774025874,0.0,-0.6981460670777384,0.01,0.5745160343660562,3.612720051513044,0.4773579357421066,0,0,0.0,0,1
disclosed_no_signal,103,sequential,mechanism_repair,12.262644774025874,0.0,-0.6981460670777384,0.01,0.5745160343660562,3.612720051513044,0.4773579357421066,0,0,0.0,0,31
disclosed_no_signal,104,stop,source_repair,0.8925354450570077,14.583855864378098,-15.077783246594114,0.01,-4.506004188637322,6.329289974045962,1.0816774068245727,0,0,0.0,0,0
disclosed_no_signal,104,fixed,source_repair,-4.86170351198454,20.338094821419645,-15.077783246594114,0.01,-4.506004188637322,0.5750510170044159,1.081677406824573,0,0,5.754238957041548,3,0
disclosed_no_signal,104,random,source_repair,-4.86170351198454,20.338094821419645,-15.077783246594114,0.01,-4.506004188637322,0.5750510170044159,1.081677406824573,0,0,5.754238957041548,3,0
disclosed_no_signal,104,entropy,source_repair,0.8925354450570077,14.583855864378098,-15.077783246594114,0.01,-4.506004188637322,6.329289974045962,1.0816774068245727,0,0,0.0,0,0
disclosed_no_signal,104,myopic,source_repair,0.8925354450570077,14.583855864378098,-15.077783246594114,0.01,-4.506004188637322,6.329289974045962,1.0816774068245727,0,0,0.0,0,1
disclosed_no_signal,104,sequential,source_repair,0.8925354450570077,14.583855864378098,-15.077783246594114,0.01,-4.506004188637322,6.329289974045962,1.0816774068245727,0,0,0.0,0,31
disclosed_no_signal,105,stop,mechanism_repair,16.87612361969627,0.0,-0.9608040964837161,0.01,0.7906617043980582,4.7105787703111375,0.5397486577385536,0,0,0.0,0,0
disclosed_no_signal,105,fixed,mechanism_repair,11.050760792605141,5.825362827091128,-0.9608040964837161,0.01,0.7906617043980582,-1.1147840567799907,0.5397486577385536,0,0,5.825362827091128,3,0
disclosed_no_signal,105,random,mechanism_repair,11.050760792605141,5.825362827091128,-0.9608040964837161,0.01,0.7906617043980582,-1.1147840567799907,0.5397486577385536,0,0,5.825362827091128,3,0
disclosed_no_signal,105,entropy,mechanism_repair,16.87612361969627,0.0,-0.9608040964837161,0.01,0.7906617043980582,4.7105787703111375,0.5397486577385536,0,0,0.0,0,0
disclosed_no_signal,105,myopic,mechanism_repair,16.87612361969627,0.0,-0.9608040964837161,0.01,0.7906617043980582,4.7105787703111375,0.5397486577385536,0,0,0.0,0,1
disclosed_no_signal,105,sequential,mechanism_repair,16.87612361969627,0.0,-0.9608040964837161,0.01,0.7906617043980582,4.7105787703111375,0.5397486577385536,0,0,0.0,0,31
disclosed_no_signal,106,stop,source_repair,0.6938590728396942,11.337522520283546,-11.721502783893865,0.01,-3.502977843462534,3.2218629138244457,0.7094281823926749,0,0,0.0,0,0
disclosed_no_signal,106,fixed,source_repair,-2.1134840721712047,14.144865665294446,-11.721502783893865,0.01,-3.502977843462534,0.4145197688135469,0.7094281823926749,0,0,2.8073431450108988,3,0
disclosed_no_signal,106,random,source_repair,-2.1134840721712047,14.144865665294446,-11.721502783893865,0.01,-3.502977843462534,0.4145197688135469,0.7094281823926749,0,0,2.8073431450108988,3,0
disclosed_no_signal,106,entropy,source_repair,0.6938590728396942,11.337522520283546,-11.721502783893865,0.01,-3.502977843462534,3.2218629138244457,0.7094281823926749,0,0,0.0,0,0
disclosed_no_signal,106,myopic,source_repair,0.6938590728396942,11.337522520283546,-11.721502783893865,0.01,-3.502977843462534,3.2218629138244457,0.7094281823926749,0,0,0.0,0,1
disclosed_no_signal,106,sequential,source_repair,0.6938590728396942,11.337522520283546,-11.721502783893865,0.01,-3.502977843462534,3.2218629138244457,0.7094281823926749,0,0,0.0,0,31
disclosed_no_signal,107,stop,source_repair,17.522451971187845,0.0,-2.0440823956752463,0.01,1.9774275349467045,5.903387925644523,0.5372061949712211,0,0,0.0,0,0
disclosed_no_signal,107,fixed,source_repair,13.981220741335498,3.5412312298523467,-2.0440823956752463,0.01,1.9774275349467045,2.362156695792176,0.5372061949712211,0,0,3.541231229852347,3,0
disclosed_no_signal,107,random,source_repair,13.981220741335498,3.5412312298523467,-2.0440823956752463,0.01,1.9774275349467045,2.3621566957921756,0.5372061949712211,0,0,3.5412312298523476,3,0
disclosed_no_signal,107,entropy,source_repair,17.522451971187845,0.0,-2.0440823956752463,0.01,1.9774275349467045,5.903387925644523,0.5372061949712211,0,0,0.0,0,0
disclosed_no_signal,107,myopic,source_repair,17.522451971187845,0.0,-2.0440823956752463,0.01,1.9774275349467045,5.903387925644523,0.5372061949712211,0,0,0.0,0,1
disclosed_no_signal,107,sequential,source_repair,17.522451971187845,0.0,-2.0440823956752463,0.01,1.9774275349467045,5.903387925644523,0.5372061949712211,0,0,0.0,0,31
disclosed_no_signal,108,stop,mechanism_repair,16.38915708373888,0.0,-0.9330797533145141,0.01,0.7678468803317351,4.6558723739239545,0.5650310515057486,0,0,0.0,0,0
disclosed_no_signal,108,fixed,mechanism_repair,8.651688692440871,7.737468391298009,-0.9330797533145141,0.01,0.7678468803317351,-3.0815960173740544,0.5650310515057486,0,0,7.737468391298009,3,0
disclosed_no_signal,108,random,mechanism_repair,8.651688692440871,7.737468391298009,-0.9330797533145141,0.01,0.7678468803317351,-3.0815960173740544,0.5650310515057486,0,0,7.737468391298009,3,0
disclosed_no_signal,108,entropy,mechanism_repair,16.38915708373888,0.0,-0.9330797533145141,0.01,0.7678468803317351,4.6558723739239545,0.5650310515057486,0,0,0.0,0,0
disclosed_no_signal,108,myopic,mechanism_repair,16.38915708373888,0.0,-0.9330797533145141,0.01,0.7678468803317351,4.6558723739239545,0.5650310515057486,0,0,0.0,0,1
disclosed_no_signal,108,sequential,mechanism_repair,16.38915708373888,0.0,-0.9330797533145141,0.01,0.7678468803317351,4.6558723739239545,0.5650310515057486,0,0,0.0,0,31
disclosed_no_signal,109,stop,source_repair,-6.033544871236169,19.343020750198,-59.988148902923704,0.08,-7.072287028555216,3.262009972750623,0.6848523367848367,0,0,0.0,0,0
disclosed_no_signal,109,fixed,source_repair,-9.553857808787765,22.8633336877496,-59.988148902923704,0.08,-7.072287028555216,-0.25830296480097203,0.6848523367848367,0,0,3.520312937551595,3,0
disclosed_no_signal,109,random,source_repair,-9.553857808787765,22.8633336877496,-59.988148902923704,0.08,-7.072287028555216,-0.25830296480097203,0.6848523367848367,0,0,3.520312937551595,3,0
disclosed_no_signal,109,entropy,source_repair,-6.033544871236169,19.343020750198,-59.988148902923704,0.08,-7.072287028555216,3.262009972750623,0.6848523367848367,0,0,0.0,0,0
disclosed_no_signal,109,myopic,source_repair,-6.033544871236169,19.343020750198,-59.988148902923704,0.08,-7.072287028555216,3.262009972750623,0.6848523367848367,0,0,0.0,0,1
disclosed_no_signal,109,sequential,source_repair,-6.033544871236169,19.343020750198,-59.988148902923704,0.08,-7.072287028555216,3.262009972750623,0.6848523367848367,0,0,0.0,0,31
disclosed_no_signal,110,stop,source_repair,17.85271023370827,0.0,-2.0826086876322325,0.01,2.014697534774661,5.197310549302917,0.508374316073523,0,0,0.0,0,0
disclosed_no_signal,110,fixed,source_repair,11.632305272395028,6.220404961313241,-2.0826086876322325,0.01,2.014697534774661,-1.023094412010324,0.508374316073523,0,0,6.220404961313241,3,0
disclosed_no_signal,110,random,source_repair,11.63230527239503,6.220404961313239,-2.0826086876322325,0.01,2.014697534774661,-1.0230944120103231,0.508374316073523,0,0,6.22040496131324,3,0
disclosed_no_signal,110,entropy,source_repair,17.85271023370827,0.0,-2.0826086876322325,0.01,2.014697534774661,5.197310549302917,0.508374316073523,0,0,0.0,0,0
disclosed_no_signal,110,myopic,source_repair,17.85271023370827,0.0,-2.0826086876322325,0.01,2.014697534774661,5.197310549302917,0.508374316073523,0,0,0.0,0,1
disclosed_no_signal,110,sequential,source_repair,17.85271023370827,0.0,-2.0826086876322325,0.01,2.014697534774661,5.197310549302917,0.508374316073523,0,0,0.0,0,31
disclosed_no_signal,111,stop,mechanism_repair,-0.12004690113157251,10.45275848768524,-10.645122799137038,0.01,-3.7243466314915588,4.542919086112685,0.6196596392508442,0,0,0.0,0,0
disclosed_no_signal,111,fixed,mechanism_repair,-5.373002204437671,15.70571379099134,-10.645122799137038,0.01,-3.7243466314915588,-0.7100362171934131,0.6196596392508442,0,0,5.2529553033060985,3,0
disclosed_no_signal,111,random,mechanism_repair,-5.373002204437671,15.70571379099134,-10.645122799137038,0.01,-3.7243466314915588,-0.7100362171934131,0.6196596392508442,0,0,5.2529553033060985,3,0
disclosed_no_signal,111,entropy,mechanism_repair,-0.12004690113157251,10.45275848768524,-10.645122799137038,0.01,-3.7243466314915588,4.542919086112685,0.6196596392508442,0,0,0.0,0,0
disclosed_no_signal,111,myopic,mechanism_repair,-0.12004690113157251,10.45275848768524,-10.645122799137038,0.01,-3.7243466314915588,4.542919086112685,0.6196596392508442,0,0,0.0,0,1
disclosed_no_signal,111,sequential,mechanism_repair,-0.12004690113157251,10.45275848768524,-10.645122799137038,0.01,-3.7243466314915588,4.542919086112685,0.6196596392508442,0,0,0.0,0,31
disclosed_no_signal,112,stop,mechanism_repair,19.855690277427886,0.0,-1.1304390147272425,0.01,0.9302571058692937,4.082355122495953,0.6294426584165363,0,0,0.0,0,0
disclosed_no_signal,112,fixed,mechanism_repair,17.07128474765149,2.7844055297763965,-1.1304390147272425,0.01,0.9302571058692937,1.297949592719558,0.6294426584165363,0,0,2.7844055297763948,3,0
disclosed_no_signal,112,random,mechanism_repair,17.071284747651493,2.784405529776393,-1.1304390147272425,0.01,0.9302571058692937,1.2979495927195583,0.6294426584165363,0,0,2.7844055297763943,3,0
disclosed_no_signal,112,entropy,mechanism_repair,19.855690277427886,0.0,-1.1304390147272425,0.01,0.9302571058692937,4.082355122495953,0.6294426584165363,0,0,0.0,0,0
disclosed_no_signal,112,myopic,mechanism_repair,19.855690277427886,0.0,-1.1304390147272425,0.01,0.9302571058692937,4.082355122495953,0.6294426584165363,0,0,0.0,0,1
disclosed_no_signal,112,sequential,mechanism_repair,19.855690277427886,0.0,-1.1304390147272425,0.01,0.9302571058692937,4.082355122495953,0.6294426584165363,0,0,0.0,0,31
disclosed_no_signal,113,stop,mechanism_repair,-8.068653075186178,26.995908422436564,-91.19833933880867,0.08,-9.647824319526602,6.027013366818144,0.8937673537074118,0,0,0.0,0,0
disclosed_no_signal,113,fixed,mechanism_repair,-12.92706065875354,31.854316006003927,-91.19833933880867,0.08,-9.647824319526602,1.168605783250782,0.8937673537074118,0,0,4.858407583567362,3,0
disclosed_no_signal,113,random,mechanism_repair,-12.92706065875354,31.854316006003927,-91.19833933880867,0.08,-9.647824319526602,1.168605783250782,0.8937673537074118,0,0,4.858407583567362,3,0
disclosed_no_signal,113,entropy,mechanism_repair,-8.068653075186178,26.995908422436564,-91.19833933880867,0.08,-9.647824319526602,6.027013366818144,0.8937673537074118,0,0,0.0,0,0
disclosed_no_signal,113,myopic,mechanism_repair,-8.068653075186178,26.995908422436564,-91.19833933880867,0.08,-9.647824319526602,6.027013366818144,0.8937673537074118,0,0,0.0,0,1
disclosed_no_signal,113,sequential,mechanism_repair,-8.068653075186178,26.995908422436564,-91.19833933880867,0.08,-9.647824319526602,6.027013366818144,0.8937673537074118,0,0,0.0,0,31
disclosed_no_signal,114,stop,source_repair,0.7891600479927804,12.89472194924126,-13.331441587450858,0.01,-3.984108980157728,3.21636865057985,0.6507298509871682,0,0,0.0,0,0
disclosed_no_signal,114,fixed,source_repair,-5.677101315435128,19.36098331266917,-13.331441587450858,0.01,-3.984108980157728,-3.2498927128480584,0.6507298509871682,0,0,6.4662613634279085,3,0
disclosed_no_signal,114,random,source_repair,-5.677101315435127,19.36098331266917,-13.331441587450858,0.01,-3.984108980157728,-3.2498927128480575,0.6507298509871682,0,0,6.466261363427908,3,0
disclosed_no_signal,114,entropy,source_repair,0.7891600479927804,12.89472194924126,-13.331441587450858,0.01,-3.984108980157728,3.21636865057985,0.6507298509871682,0,0,0.0,0,0
disclosed_no_signal,114,myopic,source_repair,0.7891600479927804,12.89472194924126,-13.331441587450858,0.01,-3.984108980157728,3.21636865057985,0.6507298509871682,0,0,0.0,0,1
disclosed_no_signal,114,sequential,source_repair,0.7891600479927804,12.89472194924126,-13.331441587450858,0.01,-3.984108980157728,3.21636865057985,0.6507298509871682,0,0,0.0,0,31
disclosed_no_signal,115,stop,mechanism_repair,12.218488794594254,0.0,-0.6956321458196246,0.01,0.5724472866640649,4.0795023794576135,0.5396316398746449,0,0,0.0,0,0
disclosed_no_signal,115,fixed,mechanism_repair,7.6373572738051525,4.581131520789102,-0.6956321458196246,0.01,0.5724472866640649,-0.5016291413314882,0.5396316398746449,0,0,4.581131520789102,3,0
disclosed_no_signal,115,random,mechanism_repair,7.6373572738051525,4.581131520789102,-0.6956321458196246,0.01,0.5724472866640649,-0.5016291413314882,0.5396316398746449,0,0,4.581131520789102,3,0
disclosed_no_signal,115,entropy,mechanism_repair,12.218488794594254,0.0,-0.6956321458196246,0.01,0.5724472866640649,4.0795023794576135,0.5396316398746449,0,0,0.0,0,0
disclosed_no_signal,115,myopic,mechanism_repair,12.218488794594254,0.0,-0.6956321458196246,0.01,0.5724472866640649,4.0795023794576135,0.5396316398746449,0,0,0.0,0,1
disclosed_no_signal,115,sequential,mechanism_repair,12.218488794594254,0.0,-0.6956321458196246,0.01,0.5724472866640649,4.0795023794576135,0.5396316398746449,0,0,0.0,0,31
disclosed_no_signal,116,stop,source_repair,0.7390729232170269,12.076308056060745,-12.485309576675993,0.01,-3.7312419424548944,4.369245785891845,0.5011622070619117,0,0,0.0,0,0
disclosed_no_signal,116,fixed,source_repair,-4.378229655222041,17.193610634499812,-12.485309576675993,0.01,-3.7312419424548944,-0.7480567925472226,0.5011622070619117,0,0,5.117302578439068,3,0
disclosed_no_signal,116,random,source_repair,-4.378229655222041,17.193610634499812,-12.485309576675993,0.01,-3.7312419424548944,-0.7480567925472226,0.5011622070619117,0,0,5.117302578439068,3,0
disclosed_no_signal,116,entropy,source_repair,0.7390729232170269,12.076308056060745,-12.485309576675993,0.01,-3.7312419424548944,4.369245785891845,0.5011622070619117,0,0,0.0,0,0
disclosed_no_signal,116,myopic,source_repair,0.7390729232170269,12.076308056060745,-12.485309576675993,0.01,-3.7312419424548944,4.369245785891845,0.5011622070619117,0,0,0.0,0,1
disclosed_no_signal,116,sequential,source_repair,0.7390729232170269,12.076308056060745,-12.485309576675993,0.01,-3.7312419424548944,4.369245785891845,0.5011622070619117,0,0,0.0,0,31
disclosed_no_signal,117,stop,mechanism_repair,-0.17263105016872948,15.03138071770368,-15.308006376407787,0.01,-5.3557223395720195,4.598044741267516,0.3803024074818391,0,0,0.0,0,0
disclosed_no_signal,117,fixed,mechanism_repair,-4.495459516171678,19.35420918370663,-15.308006376407787,0.01,-5.3557223395720195,0.27521627526456705,0.3803024074818391,0,0,4.322828466002949,3,0
disclosed_no_signal,117,random,mechanism_repair,-4.495459516171678,19.35420918370663,-15.308006376407787,0.01,-5.3557223395720195,0.27521627526456705,0.3803024074818391,0,0,4.322828466002949,3,0
disclosed_no_signal,117,entropy,mechanism_repair,-0.17263105016872948,15.03138071770368,-15.308006376407787,0.01,-5.3557223395720195,4.598044741267516,0.3803024074818391,0,0,0.0,0,0
disclosed_no_signal,117,myopic,mechanism_repair,-0.17263105016872948,15.03138071770368,-15.308006376407787,0.01,-5.3557223395720195,4.598044741267516,0.3803024074818391,0,0,0.0,0,1
disclosed_no_signal,117,sequential,mechanism_repair,-0.17263105016872948,15.03138071770368,-15.308006376407787,0.01,-5.3557223395720195,4.598044741267516,0.3803024074818391,0,0,0.0,0,31
disclosed_no_signal,118,stop,source_repair,-8.503185913924193,27.260475406413697,-84.54240312117197,0.08,-9.967104367969752,4.1591263390760345,0.6252774387070612,0,0,0.0,0,0
disclosed_no_signal,118,fixed,source_repair,-12.223928791700835,30.981218284190337,-84.54240312117197,0.08,-9.967104367969752,0.43838346129939154,0.6252774387070612,0,0,3.720742877776643,3,0
disclosed_no_signal,118,random,source_repair,-12.223928791700835,30.981218284190337,-84.54240312117197,0.08,-9.967104367969752,0.43838346129939154,0.6252774387070612,0,0,3.720742877776643,3,0
disclosed_no_signal,118,entropy,source_repair,-8.503185913924193,27.260475406413697,-84.54240312117197,0.08,-9.967104367969752,4.1591263390760345,0.6252774387070612,0,0,0.0,0,0
disclosed_no_signal,118,myopic,source_repair,-8.503185913924193,27.260475406413697,-84.54240312117197,0.08,-9.967104367969752,4.1591263390760345,0.6252774387070612,0,0,0.0,0,1
disclosed_no_signal,118,sequential,source_repair,-8.503185913924193,27.260475406413697,-84.54240312117197,0.08,-9.967104367969752,4.1591263390760345,0.6252774387070612,0,0,0.0,0,31
disclosed_no_signal,119,stop,mechanism_repair,-5.009611736595024,16.761040338812943,-56.622619271448805,0.08,-5.990077091348005,5.050159917439386,1.1021025946667629,0,0,0.0,0,0
disclosed_no_signal,119,fixed,mechanism_repair,-9.43693263043319,21.18836123265111,-56.622619271448805,0.08,-5.990077091348005,0.6228390236012187,1.1021025946667629,0,0,4.427320893838167,3,0
disclosed_no_signal,119,random,mechanism_repair,-9.43693263043319,21.18836123265111,-56.622619271448805,0.08,-5.990077091348005,0.6228390236012187,1.1021025946667629,0,0,4.427320893838167,3,0
disclosed_no_signal,119,entropy,mechanism_repair,-5.009611736595024,16.761040338812943,-56.622619271448805,0.08,-5.990077091348005,5.050159917439386,1.1021025946667629,0,0,0.0,0,0
disclosed_no_signal,119,myopic,mechanism_repair,-5.009611736595024,16.761040338812943,-56.622619271448805,0.08,-5.990077091348005,5.050159917439386,1.1021025946667629,0,0,0.0,0,1
disclosed_no_signal,119,sequential,mechanism_repair,-5.009611736595024,16.761040338812943,-56.622619271448805,0.08,-5.990077091348005,5.050159917439386,1.1021025946667629,0,0,0.0,0,31
hidden_no_signal,0,stop,mechanism_repair,-0.1884601903550822,16.409660189110568,-16.71165061461931,0.01,-5.846807110413686,4.74689363109968,1.1347921649891242,0,0,0.0,0,0
hidden_no_signal,0,fixed,mechanism_repair,-6.1322532476897305,22.353453246445213,-16.71165061461931,0.01,-5.846807110413686,4.0232736053542855,1.4669785943012366,0,0,5.9437930573346485,3,0
hidden_no_signal,0,random,mechanism_repair,-6.1322532476897305,22.353453246445213,-16.71165061461931,0.01,-5.846807110413686,4.023273605354282,1.4669785943012363,0,0,5.9437930573346485,3,0
hidden_no_signal,0,entropy,mechanism_repair,-6.1322532476897305,22.353453246445213,-16.71165061461931,0.01,-5.846807110413686,4.023273605354282,1.4669785943012363,0,0,5.9437930573346485,3,0
hidden_no_signal,0,myopic,mechanism_repair,-0.7727551090340605,16.993955107789546,-16.71165061461931,0.01,-5.846807110413686,16.43132208337064,1.8037172911081352,0,0,0.5842949186789783,1,2
hidden_no_signal,0,sequential,mechanism_repair,-0.7727551090340605,16.993955107789546,-16.71165061461931,0.01,-5.846807110413686,16.43132208337064,1.8037172911081352,0,0,0.5842949186789783,1,36
hidden_no_signal,1,stop,source_repair,18.350316118724976,0.0,-2.1406569237592077,0.01,2.0708528936366233,9.047050237938336,0.39411963104072106,0,0,0.0,0,0
hidden_no_signal,1,fixed,general,-25.620294093972632,43.97061021269761,-88.41843815527153,0.3,-25.129450844129806,1.4210451324408817,1.5614962063085056,0,0,7.157128126549481,3,0
hidden_no_signal,1,random,general,-25.620294093972632,43.97061021269761,-88.41843815527153,0.3,-25.129450844129806,1.421045132440879,1.5614962063085054,0,0,7.157128126549482,3,0
hidden_no_signal,1,entropy,general,-25.620294093972632,43.97061021269761,-88.41843815527153,0.3,-25.129450844129806,1.421045132440879,1.5614962063085054,0,0,7.157128126549482,3,0
hidden_no_signal,1,myopic,mechanism_repair,-12.844004180907856,31.19432029963283,-88.41843815527153,0.08,-9.353740036426096,7.335107333754127,1.4641466861287067,0,0,5.0212992051704095,2,3
hidden_no_signal,1,sequential,general,-23.203185630480956,41.553501749205935,-88.41843815527153,0.3,-25.129450844129806,10.118832126106657,1.855189393666347,1,0,4.7400196630578035,2,37
hidden_no_signal,2,stop,mechanism_repair,21.397461311206825,0.0,-1.2182162767618654,0.01,1.0024904777519508,6.715657034057106,0.5010511701221808,0,0,0.0,0,0
hidden_no_signal,2,fixed,mechanism_repair,17.778678052785494,3.618783258421331,-1.2182162767618654,0.01,1.0024904777519508,6.920367260319492,0.2829178826715311,0,0,3.618783258421332,3,0
hidden_no_signal,2,random,mechanism_repair,17.778678052785494,3.618783258421331,-1.2182162767618654,0.01,1.0024904777519508,6.920367260319492,0.2829178826715311,0,0,3.618783258421332,3,0
hidden_no_signal,2,entropy,mechanism_repair,17.778678052785494,3.618783258421331,-1.2182162767618654,0.01,1.0024904777519508,6.920367260319488,0.2829178826715312,0,0,3.618783258421332,3,0
hidden_no_signal,2,myopic,mechanism_repair,18.100976519868954,3.296484791337871,-1.2182162767618654,0.01,1.0024904777519508,13.699697572792289,0.04648294673201017,0,0,3.2964847913378708,2,3
hidden_no_signal,2,sequential,mechanism_repair,17.778678052785494,3.618783258421331,-1.2182162767618654,0.01,1.0024904777519508,6.920367260319488,0.2829178826715312,0,0,3.618783258421332,3,37
hidden_no_signal,3,stop,mechanism_repair,18.124995011742335,0.0,-1.0319057769702678,0.01,0.849172462298449,4.37205277862518,0.5533003452073044,0,0,0.0,0,0
hidden_no_signal,3,fixed,source_repair,-15.703085341412127,33.82808035315446,-81.69254067681281,0.08,-9.631120585055827,8.74758041534406,1.8896777656715456,0,0,7.486535592286375,3,0
hidden_no_signal,3,random,source_repair,-15.703085341412127,33.82808035315446,-81.69254067681281,0.08,-9.631120585055827,8.747580415344057,1.8896777656715453,0,0,7.486535592286375,3,0
hidden_no_signal,3,entropy,source_repair,-15.703085341412127,33.82808035315446,-81.69254067681281,0.08,-9.631120585055827,8.74758041534406,1.8896777656715456,0,0,7.486535592286375,3,0
hidden_no_signal,3,myopic,source_repair,-10.613957161651966,28.738952173394303,-81.69254067681281,0.08,-9.631120585055827,12.335108402408302,1.6789213922847517,0,0,2.397407412526214,1,2
hidden_no_signal,3,sequential,source_repair,-10.613957161651966,28.738952173394303,-81.69254067681281,0.08,-9.631120585055827,12.335108402408302,1.6789213922847517,0,0,2.397407412526214,1,36
hidden_no_signal,4,stop,mechanism_repair,-0.1952022675371453,16.99670828302351,-17.30950227799267,0.01,-6.055973962748795,10.392080772767262,0.8433078970882854,0,0,0.0,0,0
hidden_no_signal,4,fixed,mechanism_repair,-4.055484358816172,20.856990374302537,-17.30950227799267,0.01,-6.055973962748795,10.831552089806689,1.3469040502181326,0,0,3.8602820912790268,3,0
hidden_no_signal,4,random,mechanism_repair,-4.055484358816172,20.856990374302537,-17.30950227799267,0.01,-6.055973962748795,10.831552089806689,1.3469040502181326,0,0,3.8602820912790268,3,0
hidden_no_signal,4,entropy,mechanism_repair,-4.055484358816172,20.856990374302537,-17.30950227799267,0.01,-6.055973962748795,10.831552089806689,1.3469040502181326,0,0,3.8602820912790268,3,0
hidden_no_signal,4,myopic,mechanism_repair,-0.1952022675371453,16.99670828302351,-17.30950227799267,0.01,-6.055973962748795,10.392080772767262,0.8433078970882854,0,0,0.0,0,1
hidden_no_signal,4,sequential,mechanism_repair,-4.055484358816172,20.856990374302537,-17.30950227799267,0.01,-6.055973962748795,10.831552089806689,1.3469040502181326,0,0,3.8602820912790268,3,37
hidden_no_signal,5,stop,mechanism_repair,18.777438985139746,0.0,-1.0690512054165668,0.01,0.8797400544573837,5.675044764603586,0.6491467344045807,0,0,0.0,0,0
hidden_no_signal,5,fixed,mechanism_repair,16.04176530470168,2.7356736804380652,-1.0690512054165668,0.01,0.8797400544573837,14.554519425848442,0.00979717590087173,0,0,2.735673680438064,3,0
hidden_no_signal,5,random,mechanism_repair,16.04176530470168,2.7356736804380652,-1.0690512054165668,0.01,0.8797400544573837,14.554519425848442,0.009797175900871731,0,0,2.735673680438064,3,0
hidden_no_signal,5,entropy,mechanism_repair,16.04176530470168,2.7356736804380652,-1.0690512054165668,0.01,0.8797400544573837,14.55451942584844,0.009797175900871714,0,0,2.7356736804380644,3,0
hidden_no_signal,5,myopic,mechanism_repair,18.245223826038114,0.5322151591016322,-1.0690512054165668,0.01,0.8797400544573837,13.467799804877853,0.08630364334630694,0,0,0.532215159101631,1,2
hidden_no_signal,5,sequential,mechanism_repair,18.245223826038114,0.5322151591016322,-1.0690512054165668,0.01,0.8797400544573837,13.467799804877853,0.08630364334630694,0,0,0.532215159101631,1,36
hidden_no_signal,6,stop,mechanism_repair,-8.642309928338065,28.91523593959272,-97.6822656980507,0.08,-10.333755476477997,8.649972897799897,0.8183032855809799,0,0,0.0,0,0
hidden_no_signal,6,fixed,source_repair,15.462624660345043,4.8103013509096115,-2.3649390642685963,0.01,2.287821486085924,10.54006161957607,0.10983561091428269,0,0,4.8103013509096115,3,0
hidden_no_signal,6,random,source_repair,15.462624660345043,4.8103013509096115,-2.3649390642685963,0.01,2.287821486085924,10.54006161957607,0.10983561091428268,0,0,4.8103013509096115,3,0
hidden_no_signal,6,entropy,source_repair,15.462624660345043,4.8103013509096115,-2.3649390642685963,0.01,2.287821486085924,10.540061619576074,0.10983561091428262,0,0,4.8103013509096115,3,0
hidden_no_signal,6,myopic,source_repair,19.699577679132943,0.5733483321217108,-2.3649390642685963,0.01,2.287821486085924,13.945934914406326,0.07228053518217001,0,0,0.5733483321217097,1,2
hidden_no_signal,6,sequential,source_repair,17.731367408631662,2.5415586026229917,-2.3649390642685963,0.01,2.287821486085924,15.640948047065637,0.01433184268092748,0,0,2.5415586026229935,2,37
hidden_no_signal,7,stop,source_repair,0.7771407314456856,12.698328650709602,-13.128396822480514,0.01,-3.923428935453947,4.050830167326877,0.34818526966293595,0,0,0.0,0,0
hidden_no_signal,7,fixed,source_repair,-3.4704702231877356,16.94593960534302,-13.128396822480514,0.01,-3.923428935453947,6.6605767040325805,1.1873975075455332,0,0,4.247610954633421,3,0
hidden_no_signal,7,random,source_repair,-3.4704702231877356,16.94593960534302,-13.128396822480514,0.01,-3.923428935453947,6.6605767040325805,1.1873975075455332,0,0,4.247610954633421,3,0
hidden_no_signal,7,entropy,source_repair,-3.4704702231877356,16.94593960534302,-13.128396822480514,0.01,-3.923428935453947,6.6605767040325805,1.1873975075455332,0,0,4.247610954633421,3,0
hidden_no_signal,7,myopic,source_repair,-0.7011037701496964,14.176573152304984,-13.128396822480514,0.01,-3.923428935453947,6.132090384737713,0.679041040811019,0,0,1.478244501595382,2,3
hidden_no_signal,7,sequential,source_repair,-0.7011037701496964,14.176573152304984,-13.128396822480514,0.01,-3.923428935453947,6.132090384737713,0.679041040811019,0,0,1.478244501595382,2,37
hidden_no_signal,8,stop,source_repair,0.931018640353401,15.21266380305606,-15.727887710824447,0.01,-4.700288281395812,7.0600119154814465,0.7857736135269551,0,0,0.0,0,0
hidden_no_signal,8,fixed,source_repair,-3.4842071515992425,19.627889595008703,-15.727887710824447,0.01,-4.700288281395812,10.921752626513195,1.5823036607642766,0,0,4.415225791952643,3,0
hidden_no_signal,8,random,source_repair,-3.4842071515992425,19.627889595008703,-15.727887710824447,0.01,-4.700288281395812,10.921752626513195,1.5823036607642766,0,0,4.415225791952643,3,0
hidden_no_signal,8,entropy,source_repair,-3.4842071515992425,19.627889595008703,-15.727887710824447,0.01,-4.700288281395812,10.921752626513198,1.5823036607642766,0,0,4.415225791952643,3,0
hidden_no_signal,8,myopic,source_repair,0.2361900497213958,15.907492393688065,-15.727887710824447,0.01,-4.700288281395812,9.866842500994823,0.7692204010108206,0,0,0.6948285906320052,1,2
hidden_no_signal,8,sequential,source_repair,0.2361900497213958,15.907492393688065,-15.727887710824447,0.01,-4.700288281395812,9.866842500994823,0.7692204010108206,0,0,0.6948285906320052,1,36
hidden_no_signal,9,stop,source_repair,1.020158335630176,16.669189115199863,-17.23374275724763,0.01,-5.150313927453315,6.519942297768354,0.909337465329647,0,0,0.0,0,0
hidden_no_signal,9,fixed,source_repair,-1.3570285885196758,19.046376039349713,-17.23374275724763,0.01,-5.150313927453315,12.267290671516653,1.2689716721444386,0,0,2.3771869241498518,3,0
hidden_no_signal,9,random,source_repair,-1.3570285885196758,19.046376039349713,-17.23374275724763,0.01,-5.150313927453315,12.267290671516653,1.2689716721444386,0,0,2.3771869241498518,3,0
hidden_no_signal,9,entropy,source_repair,-1.3570285885196758,19.046376039349713,-17.23374275724763,0.01,-5.150313927453315,12.267290671516653,1.2689716721444386,0,0,2.3771869241498518,3,0
hidden_no_signal,9,myopic,source_repair,0.2945505747335677,17.39479687609647,-17.23374275724763,0.01,-5.150313927453315,13.508168512562396,1.4533830771050862,0,0,0.7256077608966083,1,2
hidden_no_signal,9,sequential,source_repair,0.2945505747335677,17.39479687609647,-17.23374275724763,0.01,-5.150313927453315,13.508168512562396,1.4533830771050862,0,0,0.7256077608966083,1,36
hidden_no_signal,10,stop,source_repair,1.0111532190049992,16.52204725811081,-17.08161748610387,0.01,-5.104851202743686,5.689367586682161,0.794894609389513,0,0,0.0,0,0
hidden_no_signal,10,fixed,source_repair,-2.489893052949908,20.023093530065715,-17.08161748610387,0.01,-5.104851202743686,0.377099370076297,0.48721730817321784,0,0,3.501046271954907,3,0
hidden_no_signal,10,random,source_repair,-2.489893052949908,20.023093530065715,-17.08161748610387,0.01,-5.104851202743686,0.3770993700762961,0.4872173081732177,0,0,3.501046271954907,3,0
hidden_no_signal,10,entropy,source_repair,-2.4898930529499084,20.02309353006572,-17.08161748610387,0.01,-5.104851202743686,0.37709937007629746,0.4872173081732178,0,0,3.5010462719549076,3,0
hidden_no_signal,10,myopic,source_repair,-2.4898930529499084,20.02309353006572,-17.08161748610387,0.01,-5.104851202743686,0.37709937007629746,0.4872173081732178,0,0,3.5010462719549076,3,3
hidden_no_signal,10,sequential,source_repair,-2.4898930529499084,20.02309353006572,-17.08161748610387,0.01,-5.104851202743686,0.37709937007629657,0.4872173081732176,0,0,3.5010462719549076,3,37
hidden_no_signal,11,stop,mechanism_repair,15.702976444810375,0.0,-0.8940136037847202,0.01,0.7356986947811766,5.6276395215942285,0.43990849953326666,0,0,0.0,0,0
hidden_no_signal,11,fixed,general,-13.81936299976671,29.522339444577085,-70.77607696629039,0.2,-12.665192720283546,7.293584427128142,1.824694417539542,1,0,4.7302246946220485,3,0
hidden_no_signal,11,random,general,-13.81936299976671,29.522339444577085,-70.77607696629039,0.2,-12.665192720283546,7.293584427128142,1.824694417539542,1,0,4.7302246946220485,3,0
hidden_no_signal,11,entropy,general,-13.81936299976671,29.522339444577085,-70.77607696629039,0.2,-12.665192720283546,7.293584427128142,1.824694417539542,1,0,4.7302246946220485,3,0
hidden_no_signal,11,myopic,general,-9.426121666910012,25.12909811172039,-70.77607696629039,0.2,-12.665192720283546,7.134647696538764,1.2980154273081985,0,0,0.33698336176535026,1,2
hidden_no_signal,11,sequential,general,-9.426121666910012,25.12909811172039,-70.77607696629039,0.2,-12.665192720283546,7.134647696538764,1.2980154273081985,0,0,0.33698336176535026,1,36
hidden_no_signal,12,stop,source_repair,0.867953973702377,14.18219939554467,-14.66252343924404,0.01,-4.381903556555692,5.191413114254245,0.45263722185527233,0,0,0.0,0,0
hidden_no_signal,12,fixed,mechanism_repair,-7.539862570422994,22.59001593967004,-15.505197200120136,0.01,-5.4247123356398586,8.463800668825085,1.8007402587497288,0,0,7.365007765041204,3,0
hidden_no_signal,12,random,mechanism_repair,-7.5398625704229945,22.590015939670042,-15.505197200120136,0.01,-5.4247123356398586,8.463800668825087,1.800740258749729,0,0,7.365007765041205,3,0
hidden_no_signal,12,entropy,mechanism_repair,-7.5398625704229945,22.590015939670042,-15.505197200120136,0.01,-5.4247123356398586,8.463800668825083,1.8007402587497288,0,0,7.365007765041205,3,0
hidden_no_signal,12,myopic,mechanism_repair,-5.559505563115816,20.609658932362862,-15.505197200120136,0.01,-5.4247123356398586,7.173410338372794,1.6187826139357515,0,0,5.384650757734026,2,3
hidden_no_signal,12,sequential,mechanism_repair,-5.559505563115816,20.609658932362862,-15.505197200120136,0.01,-5.4247123356398586,7.173410338372794,1.6187826139357515,0,0,5.384650757734026,2,37
hidden_no_signal,13,stop,source_repair,17.67512583896659,0.0,-2.0618925723513937,0.01,1.994656944992109,7.460455706503612,0.48003545895500715,0,0,0.0,0,0
hidden_no_signal,13,fixed,source_repair,11.605231035853517,6.069894803113073,-2.0618925723513937,0.01,1.994656944992109,0.48068751430611467,0.8769697215554993,0,0,6.069894803113072,3,0
hidden_no_signal,13,random,source_repair,11.60523103585352,6.069894803113071,-2.0618925723513937,0.01,1.994656944992109,0.48068751430611734,0.876969721555499,0,0,6.069894803113071,3,0
hidden_no_signal,13,entropy,source_repair,11.605231035853517,6.069894803113073,-2.0618925723513937,0.01,1.994656944992109,0.48068751430611467,0.8769697215554993,0,0,6.069894803113072,3,0
hidden_no_signal,13,myopic,general,-20.051144111925048,37.726269950891634,-85.16512798842712,0.3,-24.20482584934245,8.6710233850437,1.4800358413287171,0,0,2.267320675394282,1,2
hidden_no_signal,13,sequential,source_repair,15.805766075375647,1.8693597635909427,-2.0618925723513937,0.01,1.994656944992109,11.029421422516016,0.10495809522441506,0,0,1.869359763590942,1,36
hidden_no_signal,14,stop,mechanism_repair,20.149036073023264,0.0,-1.1471399970408225,0.01,0.9440006225648429,10.459244659994543,0.25581937291153306,0,0,0.0,0,0
hidden_no_signal,14,fixed,source_repair,-12.954088182717205,33.10312425574047,-90.8152497657317,0.08,-10.706639972381003,10.015121503484574,1.4182856868930644,0,0,3.8199859562796648,3,0
hidden_no_signal,14,random,source_repair,-12.954088182717205,33.10312425574047,-90.8152497657317,0.08,-10.706639972381003,10.015121503484572,1.4182856868930644,0,0,3.8199859562796648,3,0
hidden_no_signal,14,entropy,source_repair,-12.954088182717207,33.10312425574047,-90.8152497657317,0.08,-10.706639972381003,10.015121503484572,1.4182856868930647,0,0,3.819985956279665,3,0
hidden_no_signal,14,myopic,source_repair,-11.764850312151722,31.913886385174987,-90.8152497657317,0.08,-10.706639972381003,7.009362523871813,1.0429378842229422,0,0,2.630748085714181,2,3
hidden_no_signal,14,sequential,source_repair,-11.764850312151722,31.913886385174987,-90.8152497657317,0.08,-10.706639972381003,7.009362523871813,1.0429378842229422,0,0,2.630748085714181,2,37
hidden_no_signal,15,stop,source_repair,-9.086882576363754,29.131756203083484,-90.34577129822675,0.08,-10.65129093200147,5.014280449133911,0.9250171422967627,0,0,0.0,0,0
hidden_no_signal,15,fixed,source_repair,-14.428109524196726,34.472983150916455,-90.34577129822675,0.08,-10.65129093200147,12.614721146463271,1.8995110000443651,0,0,5.341226947832972,3,0
hidden_no_signal,15,random,source_repair,-14.428109524196726,34.472983150916455,-90.34577129822675,0.08,-10.65129093200147,12.614721146463268,1.899511000044365,0,0,5.341226947832972,3,0
hidden_no_signal,15,entropy,source_repair,-14.428109524196726,34.472983150916455,-90.34577129822675,0.08,-10.65129093200147,12.614721146463271,1.8995110000443651,0,0,5.341226947832972,3,0
hidden_no_signal,15,myopic,source_repair,-9.878280032307467,29.9231536590272,-90.34577129822675,0.08,-10.65129093200147,15.754189060788878,1.7387390078904037,0,0,0.7913974559437136,1,2
hidden_no_signal,15,sequential,source_repair,-9.878280032307467,29.9231536590272,-90.34577129822675,0.08,-10.65129093200147,15.754189060788878,1.7387390078904037,0,0,0.7913974559437136,1,36
hidden_no_signal,16,stop,mechanism_repair,-0.15641528660910564,13.619437064144655,-13.870078427024307,0.01,-4.852642927933097,6.629145703165365,0.5586294405392391,0,0,0.0,0,0
hidden_no_signal,16,fixed,mechanism_repair,-6.160941383674273,19.623963161209822,-13.870078427024307,0.01,-4.852642927933097,9.104049527199734,1.8531756819030767,0,0,6.004526097065168,3,0
hidden_no_signal,16,random,mechanism_repair,-6.160941383674274,19.623963161209822,-13.870078427024307,0.01,-4.852642927933097,9.104049527199734,1.8531756819030767,0,0,6.004526097065169,3,0
hidden_no_signal,16,entropy,mechanism_repair,-6.160941383674274,19.623963161209822,-13.870078427024307,0.01,-4.852642927933097,9.104049527199733,1.8531756819030765,0,0,6.004526097065169,3,0
hidden_no_signal,16,myopic,mechanism_repair,-1.8648264658897897,15.32784824342534,-13.870078427024307,0.01,-4.852642927933097,8.20785410536459,1.2309557078697166,0,0,1.708411179280684,1,2
hidden_no_signal,16,sequential,mechanism_repair,-1.8648264658897897,15.32784824342534,-13.870078427024307,0.01,-4.852642927933097,8.20785410536459,1.2309557078697166,0,0,1.708411179280684,1,36
hidden_no_signal,17,stop,mechanism_repair,-0.1192390037197138,10.382413010630945,-10.573482739483016,0.01,-3.6992823443164085,2.817224974503761,0.5505271119500055,0,0,0.0,0,0
hidden_no_signal,17,fixed,general,6.002651643070125,4.260522363841105,-2.1836540440236663,0.01,2.7008352649766394,3.0095970646813575,0.04488636722791068,0,0,4.260522363841105,3,0
hidden_no_signal,17,random,general,6.002651643070125,4.260522363841105,-2.1836540440236663,0.01,2.7008352649766394,3.0095970646813583,0.04488636722791067,0,0,4.260522363841105,3,0
hidden_no_signal,17,entropy,general,6.002651643070125,4.260522363841105,-2.1836540440236663,0.01,2.7008352649766394,3.0095970646813566,0.04488636722791071,0,0,4.260522363841105,3,0
hidden_no_signal,17,myopic,mechanism_repair,-0.5688420412057649,10.832016048116994,-10.573482739483016,0.01,-3.6992823443164085,4.557032093326108,0.43628079946714365,0,0,0.4496030374860511,1,2
hidden_no_signal,17,sequential,mechanism_repair,-0.5688420412057649,10.832016048116994,-10.573482739483016,0.01,-3.6992823443164085,4.557032093326108,0.43628079946714365,0,0,0.4496030374860511,1,36
hidden_no_signal,18,stop,mechanism_repair,-7.914846770987465,26.481306931425486,-89.45989806589044,0.08,-9.463915532233674,5.46839968411761,0.7699402807342081,0,0,0.0,0,0
hidden_no_signal,18,fixed,mechanism_repair,-12.332041751514126,30.89850191195215,-89.45989806589044,0.08,-9.463915532233674,13.302567546324129,1.7900591817038736,0,0,4.417194980526661,3,0
hidden_no_signal,18,random,mechanism_repair,-12.332041751514126,30.89850191195215,-89.45989806589044,0.08,-9.463915532233674,13.302567546324132,1.7900591817038738,0,0,4.417194980526661,3,0
hidden_no_signal,18,entropy,mechanism_repair,-12.332041751514126,30.89850191195215,-89.45989806589044,0.08,-9.463915532233674,13.302567546324132,1.7900591817038738,0,0,4.417194980526661,3,0
hidden_no_signal,18,myopic,mechanism_repair,-10.163508079304314,28.729968239742337,-89.45989806589044,0.08,-9.463915532233674,13.602779768432914,1.6588621530609717,0,0,2.2486613083168487,2,3
hidden_no_signal,18,sequential,mechanism_repair,-10.163508079304314,28.729968239742337,-89.45989806589044,0.08,-9.463915532233674,13.602779768432914,1.6588621530609717,0,0,2.2486613083168487,2,37
hidden_no_signal,19,stop,mechanism_repair,20.760132893456994,0.0,-1.1819314184390195,0.01,0.9726310630904418,3.993077652173243,0.713919557214556,0,0,0.0,0,0
hidden_no_signal,19,fixed,mechanism_repair,16.123390869711354,4.63674202374564,-1.1819314184390195,0.01,0.9726310630904418,4.11232034204057,0.32252377615612043,0,0,4.636742023745641,3,0
hidden_no_signal,19,random,mechanism_repair,16.123390869711354,4.63674202374564,-1.1819314184390195,0.01,0.9726310630904418,4.11232034204057,0.32252377615612043,0,0,4.636742023745641,3,0
hidden_no_signal,19,entropy,mechanism_repair,16.123390869711354,4.63674202374564,-1.1819314184390195,0.01,0.9726310630904418,4.1123203420405705,0.32252377615612043,0,0,4.63674202374564,3,0
hidden_no_signal,19,myopic,source_repair,-11.094664094208884,31.85479698766588,-93.56957062642223,0.08,-11.031359905430833,9.675192882870618,1.0694796835473737,0,0,1.6835351748882035,2,3
hidden_no_signal,19,sequential,source_repair,-11.094664094208884,31.85479698766588,-93.56957062642223,0.08,-11.031359905430833,9.675192882870618,1.0694796835473737,0,0,1.6835351748882035,2,37
hidden_no_signal,20,stop,source_repair,1.0367965371864578,16.94105409791077,-17.514815288392594,0.01,-5.234312614921924,4.35881263107438,0.46402313763076236,0,0,0.0,0,0
hidden_no_signal,20,fixed,general,11.485599074433166,6.4922515606640605,-3.8250746032121774,0.01,4.731013325025586,5.943995586200602,0.03823278450753008,0,0,6.4922515606640605,3,0
hidden_no_signal,20,random,general,11.485599074433166,6.4922515606640605,-3.8250746032121774,0.01,4.731013325025586,5.943995586200604,0.03823278450753007,0,0,6.4922515606640605,3,0
hidden_no_signal,20,entropy,general,11.485599074433166,6.4922515606640605,-3.8250746032121774,0.01,4.731013325025586,5.943995586200602,0.03823278450753008,0,0,6.4922515606640605,3,0
hidden_no_signal,20,myopic,general,11.485599074433166,6.4922515606640605,-3.8250746032121774,0.01,4.731013325025586,5.943995586200604,0.03823278450753007,0,0,6.4922515606640605,3,3
hidden_no_signal,20,sequential,general,14.28153842861456,3.6963122064826663,-3.8250746032121774,0.01,4.731013325025586,5.611976436678077,0.10906948927127028,0,0,3.6963122064826663,2,37
hidden_no_signal,21,stop,source_repair,-6.510019902094135,20.870558309879495,-64.72547260062196,0.08,-7.630792559231221,3.4650508423073996,1.227641947820984,0,0,0.0,0,0
hidden_no_signal,21,fixed,source_repair,-12.184343138001374,26.544881545786733,-64.72547260062196,0.08,-7.630792559231221,-2.495662672251744,1.0311817770031468,0,0,5.674323235907239,3,0
hidden_no_signal,21,random,source_repair,-12.184343138001374,26.544881545786733,-64.72547260062196,0.08,-7.630792559231221,-2.495662672251744,1.0311817770031468,0,0,5.674323235907239,3,0
hidden_no_signal,21,entropy,source_repair,-12.184343138001374,26.544881545786733,-64.72547260062196,0.08,-7.630792559231221,-2.495662672251744,1.0311817770031468,0,0,5.674323235907239,3,0
hidden_no_signal,21,myopic,source_repair,-8.129190858304415,22.489729266089775,-64.72547260062196,0.08,-7.630792559231221,4.535573545406359,0.9557897392198134,0,0,1.6191709562102803,1,2
hidden_no_signal,21,sequential,source_repair,-8.129190858304415,22.489729266089775,-64.72547260062196,0.08,-7.630792559231221,4.535573545406359,0.9557897392198134,0,0,1.6191709562102803,1,36
hidden_no_signal,22,stop,source_repair,19.144624857638107,0.0,-2.2333170441928663,0.01,2.160491488403971,4.526423271129456,0.625732911728391,0,0,0.0,0,0
hidden_no_signal,22,fixed,source_repair,15.106067762812376,4.03855709482573,-2.2333170441928663,0.01,2.160491488403971,13.05709536760348,0.018193279392567888,0,0,4.03855709482573,3,0
hidden_no_signal,22,random,source_repair,15.106067762812376,4.03855709482573,-2.2333170441928663,0.01,2.160491488403971,13.05709536760348,0.018193279392567888,0,0,4.03855709482573,3,0
hidden_no_signal,22,entropy,source_repair,15.106067762812376,4.03855709482573,-2.2333170441928663,0.01,2.160491488403971,13.05709536760348,0.01819327939256791,0,0,4.038557094825729,3,0
hidden_no_signal,22,myopic,source_repair,17.20774114802629,1.9368837096118163,-2.2333170441928663,0.01,2.160491488403971,12.726997089010132,0.08700396588798148,0,0,1.936883709611816,2,3
hidden_no_signal,22,sequential,source_repair,17.20774114802629,1.9368837096118163,-2.2333170441928663,0.01,2.160491488403971,12.726997089010132,0.08700396588798148,0,0,1.936883709611816,2,37
hidden_no_signal,23,stop,mechanism_repair,-6.501982683451058,21.754179718857593,-73.49058357261755,0.08,-7.774530156892699,5.232555084635724,0.8954836263197212,0,0,0.0,0,0
hidden_no_signal,23,fixed,source_repair,8.106183581091653,7.1460134543148826,-1.779245707547581,0.01,1.7212268257797267,-0.12212929076673884,0.3986602894457735,0,0,7.1460134543148826,3,0
hidden_no_signal,23,random,source_repair,8.106183581091653,7.1460134543148826,-1.779245707547581,0.01,1.7212268257797267,-0.12212929076673884,0.39866028944577353,0,0,7.146013454314883,3,0
hidden_no_signal,23,entropy,source_repair,8.106183581091653,7.1460134543148826,-1.779245707547581,0.01,1.7212268257797267,-0.12212929076674062,0.3986602894457737,0,0,7.146013454314883,3,0
hidden_no_signal,23,myopic,source_repair,9.860667031516245,5.39153000389029,-1.779245707547581,0.01,1.7212268257797267,4.29407594456767,0.18245678740008014,0,0,5.39153000389029,2,3
hidden_no_signal,23,sequential,source_repair,9.860667031516245,5.39153000389029,-1.779245707547581,0.01,1.7212268257797267,4.29407594456767,0.18245678740008014,0,0,5.39153000389029,2,37
hidden_no_signal,24,stop,source_repair,0.7172456724617307,11.71965501702032,-12.1165773794506,0.01,-3.62104611339903,4.681294364828526,0.6831965954381032,0,0,0.0,0,0
hidden_no_signal,24,fixed,mechanism_repair,-4.506347449877426,16.943248139359476,-12.812932401258108,0.01,-4.482785452885818,5.84064559156369,1.354759530979135,0,0,4.361853782852369,3,0
hidden_no_signal,24,random,mechanism_repair,-4.506347449877426,16.943248139359476,-12.812932401258108,0.01,-4.482785452885818,5.840645591563692,1.3547595309791352,0,0,4.361853782852369,3,0
hidden_no_signal,24,entropy,mechanism_repair,-4.506347449877426,16.943248139359476,-12.812932401258108,0.01,-4.482785452885818,5.84064559156369,1.354759530979135,0,0,4.361853782852369,3,0
hidden_no_signal,24,myopic,mechanism_repair,-4.506347449877426,16.943248139359476,-12.812932401258108,0.01,-4.482785452885818,5.84064559156369,1.354759530979135,0,0,4.361853782852369,3,3
hidden_no_signal,24,sequential,mechanism_repair,-2.8823382909640825,15.319238980446134,-12.812932401258108,0.01,-4.482785452885818,5.597663009048296,0.9099672006872267,0,0,2.737844623939025,2,37
hidden_no_signal,25,stop,mechanism_repair,17.42787085952335,0.0,-0.9922165831539775,0.01,0.8165115632204627,5.781638910171469,0.4588008735937061,0,0,0.0,0,0
hidden_no_signal,25,fixed,mechanism_repair,13.198149481245041,4.229721378278308,-0.9922165831539775,0.01,0.8165115632204627,2.0961263398636474,0.43976439922016836,0,0,4.229721378278308,3,0
hidden_no_signal,25,random,mechanism_repair,13.198149481245041,4.229721378278308,-0.9922165831539775,0.01,0.8165115632204627,2.09612633986365,0.43976439922016825,0,0,4.229721378278308,3,0
hidden_no_signal,25,entropy,mechanism_repair,13.198149481245041,4.229721378278308,-0.9922165831539775,0.01,0.8165115632204627,2.09612633986365,0.43976439922016825,0,0,4.229721378278308,3,0
hidden_no_signal,25,myopic,mechanism_repair,16.393399282440832,1.0344715770825168,-0.9922165831539775,0.01,0.8165115632204627,7.8791356050889005,0.3212456815594475,0,0,1.034471577082518,1,2
hidden_no_signal,25,sequential,mechanism_repair,13.198149481245041,4.229721378278308,-0.9922165831539775,0.01,0.8165115632204627,2.09612633986365,0.43976439922016825,0,0,4.229721378278308,3,37
hidden_no_signal,26,stop,source_repair,16.891784683720722,0.0,-1.9705118758667428,0.01,1.9062560538276097,6.596866734251232,0.4177559987039966,0,0,0.0,0,0
hidden_no_signal,26,fixed,source_repair,12.873021811257617,4.018762872463105,-1.9705118758667428,0.01,1.9062560538276097,1.6530415305564903,0.4409634683721688,0,0,4.018762872463105,3,0
hidden_no_signal,26,random,source_repair,12.873021811257617,4.018762872463105,-1.9705118758667428,0.01,1.9062560538276097,1.6530415305564894,0.4409634683721688,0,0,4.018762872463105,3,0
hidden_no_signal,26,entropy,source_repair,12.873021811257617,4.018762872463105,-1.9705118758667428,0.01,1.9062560538276097,1.6530415305564903,0.4409634683721688,0,0,4.018762872463105,3,0
hidden_no_signal,26,myopic,mechanism_repair,-8.454140375896786,25.345925059617507,-81.390707916235,0.08,-8.61028015324381,5.599072771726204,0.7593128877891787,0,0,1.253204586044626,2,3
hidden_no_signal,26,sequential,mechanism_repair,-8.454140375896786,25.345925059617507,-81.390707916235,0.08,-8.61028015324381,5.599072771726204,0.7593128877891787,0,0,1.253204586044626,2,37
hidden_no_signal,27,stop,source_repair,-8.984556842947491,28.80370879032852,-89.32840398534918,0.08,-10.531348680378013,6.2001368515330775,0.9553267983493641,0,0,0.0,0,0
hidden_no_signal,27,fixed,source_repair,-15.037114855462812,34.85626680284384,-89.32840398534918,0.08,-10.531348680378013,-0.38081835042770695,1.331040431511762,0,0,6.0525580125153216,3,0
hidden_no_signal,27,random,source_repair,-15.037114855462812,34.85626680284384,-89.32840398534918,0.08,-10.531348680378013,-0.38081835042770606,1.3310404315117619,0,0,6.0525580125153216,3,0
hidden_no_signal,27,entropy,source_repair,-15.037114855462812,34.85626680284384,-89.32840398534918,0.08,-10.531348680378013,-0.38081835042770695,1.331040431511762,0,0,6.0525580125153216,3,0
hidden_no_signal,27,myopic,general,-12.889793906444165,32.7089458538252,-89.32840398534918,0.2,-15.985082818430914,10.521377101030051,1.643570240635,1,0,1.4181462367466904,1,2
hidden_no_signal,27,sequential,general,-12.889793906444165,32.7089458538252,-89.32840398534918,0.2,-15.985082818430914,10.521377101030051,1.643570240635,1,0,1.4181462367466904,1,36
hidden_no_signal,28,stop,mechanism_repair,13.333003254685257,0.0,-0.7590845169314342,0.01,0.6246633003914931,3.3895181349676324,0.6189329701435803,0,0,0.0,0,0
hidden_no_signal,28,fixed,mechanism_repair,7.806401498717302,5.526601755967955,-0.7590845169314342,0.01,0.6246633003914931,6.113997860466685,0.017673078381391108,0,0,5.526601755967955,3,0
hidden_no_signal,28,random,mechanism_repair,7.806401498717302,5.526601755967955,-0.7590845169314342,0.01,0.6246633003914931,6.113997860466685,0.0176730783813911,0,0,5.526601755967955,3,0
hidden_no_signal,28,entropy,mechanism_repair,7.806401498717302,5.526601755967955,-0.7590845169314342,0.01,0.6246633003914931,6.113997860466685,0.017673078381391108,0,0,5.526601755967955,3,0
hidden_no_signal,28,myopic,mechanism_repair,10.773518959475728,2.559484295209529,-0.7590845169314342,0.01,0.6246633003914931,5.430776768533052,0.1761297584283752,0,0,2.5594842952095296,2,3
hidden_no_signal,28,sequential,mechanism_repair,10.773518959475728,2.559484295209529,-0.7590845169314342,0.01,0.6246633003914931,5.430776768533052,0.1761297584283752,0,0,2.5594842952095296,2,37
hidden_no_signal,29,stop,source_repair,0.8015527591117585,13.097216442573686,-13.540794183053011,0.01,-4.046674123671014,7.976706102956101,0.7424455797385932,0,0,0.0,0,0
hidden_no_signal,29,fixed,general,10.449716333666835,3.44905286801861,-2.9571849365288183,0.01,3.6575708425488016,4.536009848865318,0.07800978434601426,0,0,3.449052868018609,3,0
hidden_no_signal,29,random,general,10.449716333666835,3.44905286801861,-2.9571849365288183,0.01,3.6575708425488016,4.536009848865318,0.07800978434601426,0,0,3.449052868018609,3,0
hidden_no_signal,29,entropy,general,10.449716333666835,3.44905286801861,-2.9571849365288183,0.01,3.6575708425488016,4.536009848865318,0.07800978434601426,0,0,3.449052868018609,3,0
hidden_no_signal,29,myopic,source_repair,0.8015527591117585,13.097216442573686,-13.540794183053011,0.01,-4.046674123671014,7.976706102956101,0.7424455797385932,0,0,0.0,0,1
hidden_no_signal,29,sequential,source_repair,0.47860403727943085,13.420165164406015,-13.540794183053011,0.01,-4.046674123671014,9.080038195830493,0.7503554048579021,0,0,0.32294872183232765,1,36
hidden_no_signal,30,stop,mechanism_repair,17.213098257546505,0.0,-0.9799889886872637,0.01,0.8064492719405608,3.446143026648193,0.7105658188110869,0,0,0.0,0,0
hidden_no_signal,30,fixed,source_repair,-11.482385312950312,28.69548357049682,-77.5824616044084,0.08,-9.146563894414463,10.56497377903361,1.7174115864591681,0,0,3.679222990527973,3,0
hidden_no_signal,30,random,source_repair,-11.482385312950312,28.69548357049682,-77.5824616044084,0.08,-9.146563894414463,10.564973779033608,1.717411586459168,0,0,3.679222990527973,3,0
hidden_no_signal,30,entropy,source_repair,-11.482385312950312,28.69548357049682,-77.5824616044084,0.08,-9.146563894414463,10.56497377903361,1.7174115864591681,0,0,3.679222990527973,3,0
hidden_no_signal,30,myopic,source_repair,-8.954823944439843,26.16792220198635,-77.5824616044084,0.08,-9.146563894414463,10.06334476184872,1.3614229142142922,0,0,1.1516616220175036,1,2
hidden_no_signal,30,sequential,source_repair,-8.954823944439843,26.16792220198635,-77.5824616044084,0.08,-9.146563894414463,10.06334476184872,1.3614229142142922,0,0,1.1516616220175036,1,36
hidden_no_signal,31,stop,mechanism_repair,21.49303651497178,0.0,-1.2236576357711404,0.01,1.0069682627699983,4.120986039030578,0.6945592362524703,0,0,0.0,0,0
hidden_no_signal,31,fixed,mechanism_repair,19.72901477496346,1.764021740008321,-1.2236576357711404,0.01,1.0069682627699983,3.5600500279569767,0.6904132111813382,0,0,1.764021740008321,3,0
hidden_no_signal,31,random,mechanism_repair,19.72901477496346,1.764021740008321,-1.2236576357711404,0.01,1.0069682627699983,3.5600500279569767,0.6904132111813382,0,0,1.764021740008321,3,0
hidden_no_signal,31,entropy,mechanism_repair,19.72901477496346,1.764021740008321,-1.2236576357711404,0.01,1.0069682627699983,3.5600500279569767,0.6904132111813382,0,0,1.764021740008321,3,0
hidden_no_signal,31,myopic,mechanism_repair,19.72901477496346,1.764021740008321,-1.2236576357711404,0.01,1.0069682627699983,3.5600500279569776,0.6904132111813381,0,0,1.764021740008321,3,3
hidden_no_signal,31,sequential,mechanism_repair,19.72901477496346,1.764021740008321,-1.2236576357711404,0.01,1.0069682627699983,3.5600500279569776,0.6904132111813381,0,0,1.764021740008321,3,37
hidden_no_signal,32,stop,source_repair,-7.411317008082105,23.76003854003925,-73.68656365963369,0.08,-8.687258031451552,4.057842678122365,0.659992343897661,0,0,0.0,0,0
hidden_no_signal,32,fixed,general,-13.919219413097116,30.267940945054264,-73.68656365963369,0.2,-13.18601665488182,2.5216472376651184,1.0814524298462938,0,0,4.456313343123105,3,0
hidden_no_signal,32,random,general,-13.919219413097116,30.267940945054264,-73.68656365963369,0.2,-13.18601665488182,2.5216472376651184,1.0814524298462938,0,0,4.456313343123105,3,0
hidden_no_signal,32,entropy,general,-13.919219413097116,30.267940945054264,-73.68656365963369,0.2,-13.18601665488182,2.5216472376651184,1.0814524298462938,0,0,4.456313343123105,3,0
hidden_no_signal,32,myopic,mechanism_repair,14.567377586180514,1.7813439457766318,-0.9307776462269524,0.01,0.7659524380409293,7.1512928053419245,0.19976454462514986,0,0,1.7813439457766322,1,2
hidden_no_signal,32,sequential,mechanism_repair,14.567377586180514,1.7813439457766318,-0.9307776462269524,0.01,0.7659524380409293,7.1512928053419245,0.19976454462514986,0,0,1.7813439457766322,1,36
hidden_no_signal,33,stop,mechanism_repair,-7.950741318658319,26.60140205916957,-89.86560681410354,0.08,-9.506835247176216,5.354280859121735,0.5871015297634773,0,0,0.0,0,0
hidden_no_signal,33,fixed,source_repair,15.598324080373274,3.052336660137975,-2.1756936386572456,0.01,2.104747106961899,12.546368654072424,0.023724658390782253,0,0,3.0523366601379744,3,0
hidden_no_signal,33,random,source_repair,15.598324080373274,3.052336660137975,-2.1756936386572456,0.01,2.104747106961899,12.546368654072424,0.023724658390782243,0,0,3.0523366601379744,3,0
hidden_no_signal,33,entropy,source_repair,15.598324080373274,3.052336660137975,-2.1756936386572456,0.01,2.104747106961899,12.546368654072424,0.023724658390782243,0,0,3.0523366601379744,3,0
hidden_no_signal,33,myopic,source_repair,15.598324080373274,3.052336660137975,-2.1756936386572456,0.01,2.104747106961899,12.546368654072424,0.02372465839078225,0,0,3.0523366601379744,3,3
hidden_no_signal,33,sequential,source_repair,15.991989469902563,2.6586712706086857,-2.1756936386572456,0.01,2.104747106961899,11.600245179007707,0.05816931441731368,0,0,2.658671270608685,2,37
hidden_no_signal,34,stop,source_repair,0.8485367919634347,13.864926416256898,-14.334505029285207,0.01,-4.283875066223166,6.683158611107886,0.83351090202777,0,0,0.0,0,0
hidden_no_signal,34,fixed,mechanism_repair,-7.826173009426502,22.539636217646834,-15.158327157405047,0.01,-5.3033549497714665,-1.6053147290760297,1.0779380675630836,0,0,7.655229917841636,3,0
hidden_no_signal,34,random,mechanism_repair,-7.826173009426502,22.539636217646834,-15.158327157405047,0.01,-5.3033549497714665,-1.6053147290760297,1.0779380675630836,0,0,7.655229917841636,3,0
hidden_no_signal,34,entropy,mechanism_repair,-7.826173009426502,22.539636217646834,-15.158327157405047,0.01,-5.3033549497714665,-1.6053147290760297,1.0779380675630836,0,0,7.655229917841636,3,0
hidden_no_signal,34,myopic,mechanism_repair,-5.088903330166192,19.802366538386526,-15.158327157405047,0.01,-5.3033549497714665,6.2843167538024165,1.3965532390871216,0,0,4.917960238581326,2,3
hidden_no_signal,34,sequential,mechanism_repair,-5.088903330166192,19.802366538386526,-15.158327157405047,0.01,-5.3033549497714665,6.2843167538024165,1.3965532390871216,0,0,4.917960238581326,2,37
hidden_no_signal,35,stop,source_repair,0.6598772135309348,10.7822655375977,-11.147440306250743,0.01,-3.331418942097923,4.432890652345545,0.7427352816663102,0,0,0.0,0,0
hidden_no_signal,35,fixed,source_repair,-2.8287941404651704,14.270936891593806,-11.147440306250743,0.01,-3.331418942097923,7.468964072945811,1.716757295991226,0,0,3.4886713539961054,3,0
hidden_no_signal,35,random,source_repair,-2.8287941404651704,14.270936891593806,-11.147440306250743,0.01,-3.331418942097923,7.468964072945811,1.7167572959912256,0,0,3.4886713539961054,3,0
hidden_no_signal,35,entropy,source_repair,-2.8287941404651704,14.270936891593806,-11.147440306250743,0.01,-3.331418942097923,7.468964072945811,1.7167572959912258,0,0,3.4886713539961054,3,0
hidden_no_signal,35,myopic,source_repair,-0.2259804827971481,11.668123233925783,-11.147440306250743,0.01,-3.331418942097923,8.15608150085654,1.3380783347622716,0,0,0.8858576963280829,1,2
hidden_no_signal,35,sequential,source_repair,-0.2259804827971481,11.668123233925783,-11.147440306250743,0.01,-3.331418942097923,8.15608150085654,1.3380783347622716,0,0,0.8858576963280829,1,36
hidden_no_signal,36,stop,mechanism_repair,16.00195153833925,0.0,-0.9110350775000398,0.01,0.7497059491927416,5.64850715937321,0.4064227714299182,0,0,0.0,0,0
hidden_no_signal,36,fixed,source_repair,-12.031766025735935,28.033717564075182,-72.12361030208652,0.08,-8.502994056667044,3.3840330874948306,1.226564309359104,0,0,4.777649221141865,3,0
hidden_no_signal,36,random,source_repair,-12.031766025735935,28.033717564075182,-72.12361030208652,0.08,-8.502994056667044,3.3840330874948306,1.226564309359104,0,0,4.777649221141865,3,0
hidden_no_signal,36,entropy,source_repair,-12.031766025735935,28.033717564075182,-72.12361030208652,0.08,-8.502994056667044,3.384033087494829,1.226564309359104,0,0,4.777649221141865,3,0
hidden_no_signal,36,myopic,source_repair,-9.271695126175189,25.273646664514438,-72.12361030208652,0.08,-8.502994056667044,3.605732506180519,0.8686541547040993,0,0,2.017578321581118,1,2
hidden_no_signal,36,sequential,source_repair,-9.271695126175189,25.273646664514438,-72.12361030208652,0.08,-8.502994056667044,3.605732506180519,0.8686541547040993,0,0,2.017578321581118,1,36
hidden_no_signal,37,stop,mechanism_repair,-0.21236114021335484,18.490770606288127,-18.831060144220373,0.01,-6.588312482522753,6.600840893984473,0.5666845851834735,0,0,0.0,0,0
hidden_no_signal,37,fixed,mechanism_repair,-4.632986158735049,22.91139562480982,-18.831060144220373,0.01,-6.588312482522753,9.83238038949876,0.9638763076919331,0,0,4.420625018521694,3,0
hidden_no_signal,37,random,mechanism_repair,-4.632986158735049,22.91139562480982,-18.831060144220373,0.01,-6.588312482522753,9.83238038949876,0.9638763076919331,0,0,4.420625018521694,3,0
hidden_no_signal,37,entropy,mechanism_repair,-4.632986158735049,22.91139562480982,-18.831060144220373,0.01,-6.588312482522753,9.832380389498757,0.9638763076919329,0,0,4.420625018521694,3,0
hidden_no_signal,37,myopic,mechanism_repair,-1.2418195964108416,19.520229062485615,-18.831060144220373,0.01,-6.588312482522753,15.224741753502679,1.3609949602198055,0,0,1.0294584561974869,1,2
hidden_no_signal,37,sequential,mechanism_repair,-1.2418195964108416,19.520229062485615,-18.831060144220373,0.01,-6.588312482522753,15.224741753502679,1.3609949602198055,0,0,1.0294584561974869,1,36
hidden_no_signal,38,stop,source_repair,-7.1512945114406525,22.926429002794954,-71.10130597455384,0.08,-8.382469757000033,6.1407861692587105,0.8371579941827377,0,0,0.0,0,0
hidden_no_signal,38,fixed,mechanism_repair,13.802327466454305,1.972807024899998,-0.898121759678574,0.01,0.7390793647354938,8.411293734231352,0.15526422882115642,0,0,1.9728070248999978,3,0
hidden_no_signal,38,random,mechanism_repair,13.802327466454305,1.972807024899998,-0.898121759678574,0.01,0.7390793647354938,8.411293734231352,0.15526422882115645,0,0,1.9728070248999978,3,0
hidden_no_signal,38,entropy,mechanism_repair,13.802327466454305,1.972807024899998,-0.898121759678574,0.01,0.7390793647354938,8.411293734231352,0.15526422882115645,0,0,1.9728070248999978,3,0
hidden_no_signal,38,myopic,mechanism_repair,14.317535954262095,1.457598537092208,-0.898121759678574,0.01,0.7390793647354938,10.44654842858964,0.06624820653863586,0,0,1.457598537092207,2,3
hidden_no_signal,38,sequential,mechanism_repair,14.317535954262095,1.457598537092208,-0.898121759678574,0.01,0.7390793647354938,10.44654842858964,0.06624820653863586,0,0,1.457598537092207,2,37
hidden_no_signal,39,stop,source_repair,0.9815145572118618,16.03775727949091,-16.580925529598442,0.01,-4.955219123788041,7.8154603949432015,0.9624153559563418,0,0,0.0,0,0
hidden_no_signal,39,fixed,source_repair,-2.679322790307657,19.698594627010433,-16.580925529598442,0.01,-4.955219123788041,1.983703564309879,0.9984765238282176,0,0,3.660837347519519,3,0
hidden_no_signal,39,random,source_repair,-2.679322790307657,19.698594627010433,-16.580925529598442,0.01,-4.955219123788041,1.983703564309879,0.9984765238282176,0,0,3.660837347519519,3,0
hidden_no_signal,39,entropy,source_repair,-2.679322790307657,19.698594627010433,-16.580925529598442,0.01,-4.955219123788041,1.9837035643098764,0.9984765238282176,0,0,3.660837347519519,3,0
hidden_no_signal,39,myopic,source_repair,-1.873471810086626,18.892743646789402,-16.580925529598442,0.01,-4.955219123788041,3.278872334540398,1.2190228466880257,0,0,2.854986367298488,2,3
hidden_no_signal,39,sequential,source_repair,0.12063287417345547,16.89863896252932,-16.580925529598442,0.01,-4.955219123788041,10.85672912603798,1.2549555466451399,0,0,0.8608816830384063,1,36
hidden_no_signal,40,stop,source_repair,19.592458750345653,0.0,-2.2855591263954866,0.01,2.211030024447807,6.639361880657767,0.5160604740103171,0,0,0.0,0,0
hidden_no_signal,40,fixed,general,-25.544383301967596,45.13684205231325,-94.4035291337266,0.3,-26.830476701164397,3.0024942146942504,1.5078594122355313,0,0,5.831435836806531,3,0
hidden_no_signal,40,random,general,-25.544383301967596,45.13684205231325,-94.4035291337266,0.3,-26.830476701164397,3.002494214694253,1.5078594122355313,0,0,5.83143583680653,3,0
hidden_no_signal,40,entropy,general,-25.544383301967596,45.13684205231325,-94.4035291337266,0.3,-26.830476701164397,3.0024942146942504,1.5078594122355313,0,0,5.831435836806531,3,0
hidden_no_signal,40,myopic,general,-22.92807426185093,42.52053301219658,-94.4035291337266,0.3,-26.830476701164397,10.174390419980067,1.679911398936127,1,0,3.215126796689865,2,3
hidden_no_signal,40,sequential,general,-22.92807426185093,42.52053301219658,-94.4035291337266,0.3,-26.830476701164397,10.174390419980067,1.679911398936127,1,0,3.215126796689865,2,37
hidden_no_signal,41,stop,source_repair,11.8015047472784,0.0,-1.3767050488171084,0.01,1.3318124928774204,3.132313212499761,0.49253999440957236,0,0,0.0,0,0
hidden_no_signal,41,fixed,source_repair,7.384503106823256,4.417001640455145,-1.3767050488171084,0.01,1.3318124928774204,2.668193537095152,0.1475111476551856,0,0,4.417001640455145,3,0
hidden_no_signal,41,random,source_repair,7.3845031068232565,4.417001640455144,-1.3767050488171084,0.01,1.3318124928774204,2.668193537095153,0.1475111476551856,0,0,4.417001640455144,3,0
hidden_no_signal,41,entropy,source_repair,7.3845031068232565,4.417001640455144,-1.3767050488171084,0.01,1.3318124928774204,2.668193537095153,0.14751114765518558,0,0,4.417001640455144,3,0
hidden_no_signal,41,myopic,source_repair,10.286888349116257,1.5146163981621434,-1.3767050488171084,0.01,1.3318124928774204,8.231214715087505,0.02769444306997989,0,0,1.5146163981621428,1,2
hidden_no_signal,41,sequential,source_repair,10.286888349116257,1.5146163981621434,-1.3767050488171084,0.01,1.3318124928774204,8.231214715087505,0.02769444306997989,0,0,1.5146163981621428,1,36
hidden_no_signal,42,stop,source_repair,12.210612270933211,0.0,-1.4244295047560462,0.01,1.3779807165574791,5.99902676725201,0.2648796322557647,0,0,0.0,0,0
hidden_no_signal,42,fixed,source_repair,8.122418910535245,4.088193360397966,-1.4244295047560462,0.01,1.3779807165574791,5.432101537352151,0.09628287745989077,0,0,4.088193360397967,3,0
hidden_no_signal,42,random,source_repair,8.122418910535245,4.088193360397966,-1.4244295047560462,0.01,1.3779807165574791,5.4321015373521515,0.09628287745989075,0,0,4.088193360397966,3,0
hidden_no_signal,42,entropy,source_repair,8.122418910535245,4.088193360397966,-1.4244295047560462,0.01,1.3779807165574791,5.4321015373521515,0.09628287745989075,0,0,4.088193360397966,3,0
hidden_no_signal,42,myopic,source_repair,11.09516450406746,1.115447766865751,-1.4244295047560462,0.01,1.3779807165574791,7.1786976084690926,0.1633733376707927,0,0,1.1154477668657503,1,2
hidden_no_signal,42,sequential,source_repair,11.09516450406746,1.115447766865751,-1.4244295047560462,0.01,1.3779807165574791,7.1786976084690926,0.1633733376707927,0,0,1.1154477668657503,1,36
hidden_no_signal,43,stop,source_repair,14.801132293287752,0.0,-1.726626730466585,0.01,1.670323684907893,5.28408585089361,0.4027019221662128,0,0,0.0,0,0
hidden_no_signal,43,fixed,source_repair,12.176364345122245,2.6247679481655073,-1.726626730466585,0.01,1.670323684907893,3.142622996680912,0.35559178828314497,0,0,2.624767948165507,3,0
hidden_no_signal,43,random,source_repair,12.176364345122245,2.6247679481655073,-1.726626730466585,0.01,1.670323684907893,3.1426229966809123,0.3555917882831449,0,0,2.6247679481655073,3,0
hidden_no_signal,43,entropy,source_repair,12.176364345122245,2.6247679481655073,-1.726626730466585,0.01,1.670323684907893,3.1426229966809123,0.3555917882831449,0,0,2.6247679481655073,3,0
hidden_no_signal,43,myopic,source_repair,14.306851307762729,0.4942809855250232,-1.726626730466585,0.01,1.670323684907893,7.0757672109701515,0.28314552299793133,0,0,0.4942809855250237,1,2
hidden_no_signal,43,sequential,source_repair,14.306851307762729,0.4942809855250232,-1.726626730466585,0.01,1.670323684907893,7.0757672109701515,0.28314552299793133,0,0,0.4942809855250237,1,36
hidden_no_signal,44,stop,source_repair,0.869315086727851,14.204439718087112,-14.685516999091847,0.01,-4.388775195130897,4.078131939156228,0.4825893905692177,0,0,0.0,0,0
hidden_no_signal,44,fixed,source_repair,-5.126912049385838,20.200666854200804,-14.685516999091847,0.01,-4.388775195130897,7.949879571420355,1.4280536170859153,0,0,5.996227136113689,3,0
hidden_no_signal,44,random,source_repair,-5.126912049385838,20.200666854200804,-14.685516999091847,0.01,-4.388775195130897,7.949879571420355,1.4280536170859153,0,0,5.996227136113689,3,0
hidden_no_signal,44,entropy,source_repair,-5.126912049385838,20.200666854200804,-14.685516999091847,0.01,-4.388775195130897,7.949879571420355,1.4280536170859153,0,0,5.996227136113689,3,0
hidden_no_signal,44,myopic,source_repair,-3.4706352291438334,18.5443900339588,-14.685516999091847,0.01,-4.388775195130897,7.391492801183286,0.9853078478432804,0,0,4.339950315871684,2,3
hidden_no_signal,44,sequential,source_repair,-2.697505098987997,17.77125990380296,-14.685516999091847,0.01,-4.388775195130897,6.832901319892127,0.8229005719500232,0,0,3.566820185715848,2,37
hidden_no_signal,45,stop,source_repair,0.6740766242184855,11.014281151065154,-11.387313846021016,0.01,-3.4031052873166256,2.8930127742880587,0.8366352084067353,0,0,0.0,0,0
hidden_no_signal,45,fixed,mechanism_repair,-4.7508673438232165,16.439225119106858,-12.041757170504983,0.01,-4.212978901365535,7.890643410172645,1.7857900576410735,0,0,4.6150703539927935,3,0
hidden_no_signal,45,random,mechanism_repair,-4.7508673438232165,16.439225119106858,-12.041757170504983,0.01,-4.212978901365535,7.890643410172647,1.7857900576410737,0,0,4.6150703539927935,3,0
hidden_no_signal,45,entropy,mechanism_repair,-4.7508673438232165,16.439225119106858,-12.041757170504983,0.01,-4.212978901365535,7.890643410172645,1.7857900576410735,0,0,4.6150703539927935,3,0
hidden_no_signal,45,myopic,mechanism_repair,-1.779176531462069,13.467534306745709,-12.041757170504983,0.01,-4.212978901365535,8.551010525782749,1.4455960636642666,0,0,1.6433795416316461,2,3
hidden_no_signal,45,sequential,mechanism_repair,-1.779176531462069,13.467534306745709,-12.041757170504983,0.01,-4.212978901365535,8.551010525782749,1.4455960636642666,0,0,1.6433795416316461,2,37
hidden_no_signal,46,stop,mechanism_repair,21.25224261500783,0.0,-1.2099485772985141,0.01,0.9956868500685676,8.713679152922117,0.35581374813374184,0,0,0.0,0,0
hidden_no_signal,46,fixed,source_repair,-13.647918643343573,34.9001612583514,-95.7875957027989,0.08,-11.292853388119452,10.749586406468055,1.5831114410914218,0,0,4.013703096604165,3,0
hidden_no_signal,46,random,source_repair,-13.647918643343573,34.9001612583514,-95.7875957027989,0.08,-11.292853388119452,10.749586406468055,1.5831114410914218,0,0,4.013703096604165,3,0
hidden_no_signal,46,entropy,source_repair,-13.647918643343573,34.9001612583514,-95.7875957027989,0.08,-11.292853388119452,10.749586406468055,1.5831114410914218,0,0,4.013703096604165,3,0
hidden_no_signal,46,myopic,source_repair,-10.600815213870156,31.853057828877986,-95.7875957027989,0.08,-11.292853388119452,13.40304164903732,1.3593483609992663,0,0,0.96659966713075,1,2
hidden_no_signal,46,sequential,source_repair,-10.600815213870156,31.853057828877986,-95.7875957027989,0.08,-11.292853388119452,13.40304164903732,1.3593483609992663,0,0,0.96659966713075,1,36
hidden_no_signal,47,stop,source_repair,0.586863427722254,9.589234454917992,-9.914003536278852,0.01,-2.962805654520117,2.446370318969089,0.41362982642715984,0,0,0.0,0,0
hidden_no_signal,47,fixed,mechanism_repair,-7.244913836546021,17.421011719186268,-10.483773854455798,0.01,-3.6678964232640876,3.8300519366778722,1.7770356342430627,0,0,7.126686495524305,3,0
hidden_no_signal,47,random,mechanism_repair,-7.244913836546021,17.421011719186268,-10.483773854455798,0.01,-3.6678964232640876,3.8300519366778722,1.7770356342430627,0,0,7.126686495524305,3,0
hidden_no_signal,47,entropy,mechanism_repair,-7.244913836546021,17.421011719186268,-10.483773854455798,0.01,-3.6678964232640876,3.8300519366778722,1.7770356342430627,0,0,7.126686495524305,3,0
hidden_no_signal,47,myopic,mechanism_repair,-2.3102065371493294,12.486304419789576,-10.483773854455798,0.01,-3.6678964232640876,7.590782628107629,1.5233697866593434,0,0,2.1919791961276136,1,2
hidden_no_signal,47,sequential,mechanism_repair,-2.3102065371493294,12.486304419789576,-10.483773854455798,0.01,-3.6678964232640876,7.590782628107629,1.5233697866593434,0,0,2.1919791961276136,1,36
hidden_no_signal,48,stop,source_repair,17.800428659818746,0.0,-2.0765097783596365,0.01,2.008797502978341,7.590582433834336,0.4976639737485552,0,0,0.0,0,0
hidden_no_signal,48,fixed,source_repair,14.863790521255165,2.9366381385635805,-2.0765097783596365,0.01,2.008797502978341,13.590045692677375,0.005172369700252311,0,0,2.9366381385635796,3,0
hidden_no_signal,48,random,source_repair,14.863790521255165,2.9366381385635805,-2.0765097783596365,0.01,2.008797502978341,13.590045692677375,0.005172369700252311,0,0,2.9366381385635796,3,0
hidden_no_signal,48,entropy,source_repair,14.863790521255165,2.9366381385635805,-2.0765097783596365,0.01,2.008797502978341,13.590045692677375,0.00517236970025231,0,0,2.93663813856358,3,0
hidden_no_signal,48,myopic,source_repair,16.215523366400866,1.5849052934178793,-2.0765097783596365,0.01,2.008797502978341,10.621143216555957,0.08747163419319212,0,0,1.5849052934178778,1,2
hidden_no_signal,48,sequential,source_repair,15.725336233717705,2.0750924261010404,-2.0765097783596365,0.01,2.008797502978341,12.410160224141332,0.030716835626925384,0,0,2.0750924261010413,2,37
hidden_no_signal,49,stop,mechanism_repair,14.36782966457906,0.0,-0.8180000283475186,0.01,0.6731458566609809,5.557702237928085,0.5287719375019101,0,0,0.0,0,0
hidden_no_signal,49,fixed,mechanism_repair,7.182645521014444,7.185184143564617,-0.8180000283475186,0.01,0.6731458566609809,6.374904530894251,0.005495284816794324,0,0,7.185184143564617,3,0
hidden_no_signal,49,random,mechanism_repair,7.182645521014444,7.185184143564617,-0.8180000283475186,0.01,0.6731458566609809,6.374904530894253,0.005495284816794312,0,0,7.185184143564617,3,0
hidden_no_signal,49,entropy,mechanism_repair,7.182645521014445,7.185184143564616,-0.8180000283475186,0.01,0.6731458566609809,6.374904530894254,0.005495284816794313,0,0,7.185184143564616,3,0
hidden_no_signal,49,myopic,mechanism_repair,11.439577812621962,2.928251851957098,-0.8180000283475186,0.01,0.6731458566609809,9.637494719990539,0.022123490229933946,0,0,2.9282518519570973,1,2
hidden_no_signal,49,sequential,mechanism_repair,11.439577812621962,2.928251851957098,-0.8180000283475186,0.01,0.6731458566609809,9.637494719990539,0.022123490229933946,0,0,2.9282518519570973,1,36
hidden_no_signal,50,stop,source_repair,0.6958076519556033,11.369361924672626,-11.754420528182038,0.01,-3.5128153302612986,2.60360261702073,0.33556421663488073,0,0,0.0,0,0
hidden_no_signal,50,fixed,general,7.230104414515138,4.835065162113091,-2.567057356729412,0.01,3.1750446254284816,6.689478033137453,0.0010166760943296823,0,0,4.835065162113091,3,0
hidden_no_signal,50,random,general,7.230104414515138,4.835065162113091,-2.567057356729412,0.01,3.1750446254284816,6.689478033137453,0.0010166760943296823,0,0,4.835065162113091,3,0
hidden_no_signal,50,entropy,general,7.230104414515138,4.835065162113091,-2.567057356729412,0.01,3.1750446254284816,6.689478033137453,0.0010166760943296823,0,0,4.835065162113091,3,0
hidden_no_signal,50,myopic,general,11.470231268241646,0.5949383083865829,-2.567057356729412,0.01,3.1750446254284816,9.560793146120611,0.010195475193703347,0,0,0.5949383083865833,1,2
hidden_no_signal,50,sequential,general,11.470231268241646,0.5949383083865829,-2.567057356729412,0.01,3.1750446254284816,9.560793146120611,0.010195475193703347,0,0,0.5949383083865833,1,36
hidden_no_signal,51,stop,source_repair,-6.206450179227911,19.89734014811083,-61.70724929635285,0.08,-7.274959917043705,2.5522026160489584,0.7795617271228917,0,0,0.0,0,0
hidden_no_signal,51,fixed,mechanism_repair,8.394472620591252,5.296417348291666,-0.7794599911118261,0.01,0.641430617685773,-2.271476424923342,0.7716928206097287,0,0,5.296417348291665,3,0
hidden_no_signal,51,random,mechanism_repair,8.394472620591252,5.296417348291666,-0.7794599911118261,0.01,0.641430617685773,-2.2714764249233426,0.7716928206097287,0,0,5.296417348291665,3,0
hidden_no_signal,51,entropy,mechanism_repair,8.394472620591252,5.296417348291666,-0.7794599911118261,0.01,0.641430617685773,-2.2714764249233426,0.7716928206097288,0,0,5.296417348291665,3,0
hidden_no_signal,51,myopic,general,-10.639114414777449,24.330004383660366,-61.70724929635285,0.2,-11.042349874084195,5.8106611190144655,1.5707854732817383,1,0,2.714604505140557,2,3
hidden_no_signal,51,sequential,general,-10.639114414777449,24.330004383660366,-61.70724929635285,0.2,-11.042349874084195,5.810661119014467,1.5707854732817381,1,0,2.714604505140557,2,37
hidden_no_signal,52,stop,source_repair,0.9117711601985437,14.898163714700475,-15.402736104324916,0.01,-4.603116536924688,4.473124531913843,0.433932350059288,0,0,0.0,0,0
hidden_no_signal,52,fixed,source_repair,-3.65084438205043,19.46077925694945,-15.402736104324916,0.01,-4.603116536924688,-1.340966866379707,0.2657962291121607,0,0,4.562615542248974,3,0
hidden_no_signal,52,random,source_repair,-3.65084438205043,19.46077925694945,-15.402736104324916,0.01,-4.603116536924688,-1.340966866379706,0.2657962291121607,0,0,4.562615542248974,3,0
hidden_no_signal,52,entropy,source_repair,-3.65084438205043,19.46077925694945,-15.402736104324916,0.01,-4.603116536924688,-1.3409668663797074,0.2657962291121607,0,0,4.562615542248974,3,0
hidden_no_signal,52,myopic,general,13.435577800878377,2.374357074020642,-3.363815930829581,0.01,4.160509177605006,5.016334182405897,0.11520106798836804,0,0,2.374357074020642,2,3
hidden_no_signal,52,sequential,general,13.435577800878377,2.374357074020642,-3.363815930829581,0.01,4.160509177605006,5.016334182405897,0.11520106798836803,0,0,2.374357074020642,2,37
hidden_no_signal,53,stop,source_repair,11.464603811381258,0.0,-1.3374038555088763,0.01,1.2937928602205437,4.388844435096233,0.4579910166455204,0,0,0.0,0,0
hidden_no_signal,53,fixed,source_repair,6.898444071066029,4.5661597403152285,-1.3374038555088763,0.01,1.2937928602205437,-1.999429446804501,0.6770234685240241,0,0,4.5661597403152285,3,0
hidden_no_signal,53,random,source_repair,6.898444071066029,4.5661597403152285,-1.3374038555088763,0.01,1.2937928602205437,-1.9994294468045024,0.6770234685240243,0,0,4.5661597403152285,3,0
hidden_no_signal,53,entropy,source_repair,6.898444071066029,4.5661597403152285,-1.3374038555088763,0.01,1.2937928602205437,-1.9994294468045024,0.6770234685240242,0,0,4.5661597403152285,3,0
hidden_no_signal,53,myopic,mechanism_repair,-7.549781638571332,19.01438544995259,-55.240594031888385,0.08,-5.843873368636614,3.0093271991930584,0.9916931949580053,0,0,2.6624427665921537,2,3
hidden_no_signal,53,sequential,mechanism_repair,-7.549781638571332,19.01438544995259,-55.240594031888385,0.08,-5.843873368636614,3.0093271991930584,0.9916931949580053,0,0,2.6624427665921537,2,37
hidden_no_signal,54,stop,source_repair,17.520854441578702,0.0,-2.043896035789312,0.01,1.9772472520135735,3.809871967413423,0.6865029059661774,0,0,0.0,0,0
hidden_no_signal,54,fixed,general,-23.54885797314042,41.06971241471912,-84.421792782602,0.3,-23.99356215926583,6.590189977680812,1.6741342330946192,1,0,5.920254664457608,3,0
hidden_no_signal,54,random,general,-23.54885797314042,41.06971241471912,-84.421792782602,0.3,-23.99356215926583,6.590189977680811,1.6741342330946192,1,0,5.920254664457608,3,0
hidden_no_signal,54,entropy,general,-23.54885797314042,41.06971241471912,-84.421792782602,0.3,-23.99356215926583,6.590189977680812,1.6741342330946192,1,0,5.920254664457608,3,0
hidden_no_signal,54,myopic,general,-19.866532813568842,37.387387255147544,-84.421792782602,0.3,-23.99356215926583,7.073654727458555,1.4026977608234812,0,0,2.237929504886028,1,2
hidden_no_signal,54,sequential,general,-21.092318695535635,38.61317313711434,-84.421792782602,0.3,-23.99356215926583,7.670921971316962,1.5989633322992098,1,0,3.463715386852823,2,37
hidden_no_signal,55,stop,mechanism_repair,-0.15475309885868038,13.47470657170704,-13.722684428914322,0.01,-4.801075054953041,3.3065727828755223,0.6222491868623629,0,0,0.0,0,0
hidden_no_signal,55,fixed,mechanism_repair,-3.0765729517251925,16.39652642457355,-13.722684428914322,0.01,-4.801075054953041,5.264969630878561,1.1354223452364494,0,0,2.9218198528665122,3,0
hidden_no_signal,55,random,mechanism_repair,-3.076572951725192,16.39652642457355,-13.722684428914322,0.01,-4.801075054953041,5.264969630878562,1.1354223452364494,0,0,2.921819852866512,3,0
hidden_no_signal,55,entropy,mechanism_repair,-3.0765729517251925,16.39652642457355,-13.722684428914322,0.01,-4.801075054953041,5.264969630878561,1.1354223452364494,0,0,2.9218198528665122,3,0
hidden_no_signal,55,myopic,mechanism_repair,-1.2601605527061066,14.580114025554465,-13.722684428914322,0.01,-4.801075054953041,10.472698979325354,1.46853428700889,0,0,1.1054074538474261,2,3
hidden_no_signal,55,sequential,mechanism_repair,-1.2601605527061066,14.580114025554465,-13.722684428914322,0.01,-4.801075054953041,10.472698979325354,1.46853428700889,0,0,1.1054074538474261,2,37
hidden_no_signal,56,stop,mechanism_repair,15.593799754988211,0.0,-0.8877978747947246,0.01,0.7305836677998272,4.976190854883195,0.5360909902581078,0,0,0.0,0,0
hidden_no_signal,56,fixed,general,-14.520451928786747,30.11425168377496,-70.2839984212492,0.2,-12.577136559591963,2.5633661699430395,1.6268320926407542,0,0,5.494506868373692,3,0
hidden_no_signal,56,random,general,-14.520451928786747,30.11425168377496,-70.2839984212492,0.2,-12.577136559591963,2.5633661699430377,1.6268320926407545,0,0,5.494506868373692,3,0
hidden_no_signal,56,entropy,general,-14.520451928786747,30.11425168377496,-70.2839984212492,0.2,-12.577136559591963,2.5633661699430395,1.6268320926407542,0,0,5.494506868373692,3,0
hidden_no_signal,56,myopic,general,-9.327343490662395,24.921143245650605,-70.2839984212492,0.2,-12.577136559591963,9.870550631106415,1.6086409270836008,1,0,0.30139843024934054,1,2
hidden_no_signal,56,sequential,general,-9.327343490662395,24.921143245650605,-70.2839984212492,0.2,-12.577136559591963,9.870550631106415,1.6086409270836008,1,0,0.30139843024934054,1,36
hidden_no_signal,57,stop,mechanism_repair,-0.13927360025137336,12.126871192971997,-12.350044552410942,0.01,-4.32083759816008,3.4617989502963664,0.9694118009479141,0,0,0.0,0,0
hidden_no_signal,57,fixed,mechanism_repair,-5.099485873442571,17.087083466163193,-12.350044552410942,0.01,-4.32083759816008,7.093516799686823,1.6888926397942705,0,0,4.960212273191198,3,0
hidden_no_signal,57,random,mechanism_repair,-5.099485873442571,17.087083466163193,-12.350044552410942,0.01,-4.32083759816008,7.093516799686821,1.6888926397942703,0,0,4.960212273191198,3,0
hidden_no_signal,57,entropy,mechanism_repair,-5.099485873442571,17.087083466163193,-12.350044552410942,0.01,-4.32083759816008,7.093516799686823,1.6888926397942705,0,0,4.960212273191198,3,0
hidden_no_signal,57,myopic,mechanism_repair,-2.08235131061334,14.069948903333964,-12.350044552410942,0.01,-4.32083759816008,5.976714831973568,0.8767617730805656,0,0,1.9430777103619665,1,2
hidden_no_signal,57,sequential,mechanism_repair,-2.08235131061334,14.069948903333964,-12.350044552410942,0.01,-4.32083759816008,5.976714831973568,0.8767617730805656,0,0,1.9430777103619665,1,36
hidden_no_signal,58,stop,mechanism_repair,15.938543489036476,0.0,-0.9074250829957897,0.01,0.7467352245486192,5.0461357712846615,0.5071367348045634,0,0,0.0,0,0
hidden_no_signal,58,fixed,mechanism_repair,9.298599341878587,6.639944147157889,-0.9074250829957897,0.01,0.7467352245486192,7.4446000280826805,0.01306305319347348,0,0,6.639944147157889,3,0
hidden_no_signal,58,random,mechanism_repair,9.298599341878587,6.639944147157889,-0.9074250829957897,0.01,0.7467352245486192,7.4446000280826805,0.013063053193473482,0,0,6.639944147157889,3,0
hidden_no_signal,58,entropy,mechanism_repair,9.298599341878587,6.639944147157889,-0.9074250829957897,0.01,0.7467352245486192,7.4446000280826805,0.013063053193473478,0,0,6.639944147157889,3,0
hidden_no_signal,58,myopic,mechanism_repair,14.969247208079722,0.9692962809567547,-0.9074250829957897,0.01,0.7467352245486192,6.380354217435119,0.2878785348240429,0,0,0.9692962809567556,1,2
hidden_no_signal,58,sequential,mechanism_repair,14.969247208079722,0.9692962809567547,-0.9074250829957897,0.01,0.7467352245486192,6.380354217435119,0.2878785348240429,0,0,0.9692962809567556,1,36
hidden_no_signal,59,stop,mechanism_repair,-0.1555684100779281,13.545697585941985,-13.79498190570541,0.01,-4.826369348803185,4.198721003981114,0.5643622191655074,0,0,0.0,0,0
hidden_no_signal,59,fixed,source_repair,-2.9403122137974136,16.33044138966147,-13.045254628221418,0.01,-3.8985818429167467,10.174478712192132,1.8195018773099247,0,0,3.712531309605923,3,0
hidden_no_signal,59,random,source_repair,-2.9403122137974136,16.33044138966147,-13.045254628221418,0.01,-3.8985818429167467,10.174478712192132,1.8195018773099247,0,0,3.712531309605923,3,0
hidden_no_signal,59,entropy,source_repair,-2.9403122137974136,16.33044138966147,-13.045254628221418,0.01,-3.8985818429167467,10.174478712192132,1.8195018773099247,0,0,3.712531309605923,3,0
hidden_no_signal,59,myopic,source_repair,-0.15050446997161904,13.540633645835676,-13.045254628221418,0.01,-3.8985818429167467,10.846283480282063,1.5309491493002847,0,0,0.9227235657801285,1,2
hidden_no_signal,59,sequential,source_repair,-0.15050446997161904,13.540633645835676,-13.045254628221418,0.01,-3.8985818429167467,10.846283480282063,1.5309491493002847,0,0,0.9227235657801285,1,36
hidden_no_signal,60,stop,source_repair,-8.425398629709004,27.011096130252337,-83.76900783070177,0.08,-9.875925133724841,5.165587113848685,0.9324513481096336,0,0,0.0,0,0
hidden_no_signal,60,fixed,mechanism_repair,14.397818344122449,4.187879156420884,-1.0581348357562326,0.01,0.8707567919244001,8.975478363097732,0.1512864675137039,0,0,4.187879156420885,3,0
hidden_no_signal,60,random,mechanism_repair,14.397818344122449,4.187879156420884,-1.0581348357562326,0.01,0.8707567919244001,8.975478363097732,0.1512864675137038,0,0,4.187879156420885,3,0
hidden_no_signal,60,entropy,mechanism_repair,14.397818344122449,4.187879156420884,-1.0581348357562326,0.01,0.8707567919244001,8.975478363097732,0.1512864675137038,0,0,4.187879156420885,3,0
hidden_no_signal,60,myopic,mechanism_repair,17.926583549654566,0.6591139508887665,-1.0581348357562326,0.01,0.8707567919244001,12.95771886834496,0.07492692689088093,0,0,0.6591139508887647,1,2
hidden_no_signal,60,sequential,mechanism_repair,17.926583549654566,0.6591139508887665,-1.0581348357562326,0.01,0.8707567919244001,12.95771886834496,0.07492692689088093,0,0,0.6591139508887647,1,36
hidden_no_signal,61,stop,source_repair,17.302969223945045,0.0,-2.0184786262637977,0.01,1.9526586710595435,7.921700521146457,0.46056791693098353,0,0,0.0,0,0
hidden_no_signal,61,fixed,general,-25.436299583450843,42.73926880739589,-83.37194325872207,0.3,-23.695183873531537,1.3447754743817146,1.3609202774846658,0,0,8.02692143192559,3,0
hidden_no_signal,61,random,general,-25.436299583450843,42.73926880739589,-83.37194325872207,0.3,-23.695183873531537,1.3447754743817146,1.360920277484666,0,0,8.02692143192559,3,0
hidden_no_signal,61,entropy,general,-25.436299583450843,42.73926880739589,-83.37194325872207,0.3,-23.695183873531537,1.3447754743817129,1.3609202774846658,0,0,8.02692143192559,3,0
hidden_no_signal,61,myopic,general,-23.009238964247995,40.31220818819304,-83.37194325872207,0.3,-23.695183873531537,7.284858491209729,1.7009883612847658,1,0,5.599860812722742,2,3
hidden_no_signal,61,sequential,general,-23.009238964247995,40.31220818819304,-83.37194325872207,0.3,-23.695183873531537,7.284858491209729,1.7009883612847658,1,0,5.599860812722742,2,37
hidden_no_signal,62,stop,source_repair,0.6824080894838187,11.15041567574046,-11.528058987396554,0.01,-3.4451670537047168,3.509270557791553,0.2779829833638115,0,0,0.0,0,0
hidden_no_signal,62,fixed,mechanism_repair,-7.211838359336277,19.044662124560556,-12.190591113108999,0.01,-4.265050559273869,-0.6164063517447147,0.6721893280785478,0,0,7.074362943250945,3,0
hidden_no_signal,62,random,mechanism_repair,-7.211838359336278,19.044662124560556,-12.190591113108999,0.01,-4.265050559273869,-0.6164063517447174,0.6721893280785477,0,0,7.074362943250946,3,0
hidden_no_signal,62,entropy,mechanism_repair,-7.211838359336277,19.044662124560556,-12.190591113108999,0.01,-4.265050559273869,-0.6164063517447147,0.6721893280785478,0,0,7.074362943250945,3,0
hidden_no_signal,62,myopic,general,9.281582920942201,2.551240844282077,-2.5176220777072933,0.01,3.113900990848494,3.8630301040796247,0.09486871429268588,0,0,2.5512408442820766,1,2
hidden_no_signal,62,sequential,general,9.281582920942201,2.551240844282077,-2.5176220777072933,0.01,3.113900990848494,3.8630301040796247,0.09486871429268588,0,0,2.5512408442820766,1,36
hidden_no_signal,63,stop,source_repair,14.291058933800644,0.0,-1.6671241005638215,0.01,1.6127613581541336,3.1530440541229643,0.8101047436267876,0,0,0.0,0,0
hidden_no_signal,63,fixed,general,-20.882955293829177,35.17401422762982,-68.85947371894052,0.3,-19.570587267488364,2.003954221316178,1.659387254043038,1,0,6.504009926466203,3,0
hidden_no_signal,63,random,general,-20.882955293829177,35.17401422762982,-68.85947371894052,0.3,-19.570587267488364,2.003954221316178,1.659387254043038,1,0,6.504009926466203,3,0
hidden_no_signal,63,entropy,general,-20.882955293829177,35.17401422762982,-68.85947371894052,0.3,-19.570587267488364,2.003954221316178,1.659387254043038,1,0,6.504009926466203,3,0
hidden_no_signal,63,myopic,general,-17.9351657059149,32.22622463971555,-68.85947371894052,0.3,-19.570587267488364,7.770875442438969,1.8471576833955818,1,0,3.5562203385519298,2,3
hidden_no_signal,63,sequential,general,-17.9351657059149,32.22622463971555,-68.85947371894052,0.3,-19.570587267488364,7.770875442438969,1.8471576833955818,1,0,3.5562203385519298,2,37
hidden_no_signal,64,stop,mechanism_repair,13.474856833194561,0.0,-0.7671606309967238,0.01,0.6313092692577216,5.254605075062165,0.5328971460983373,0,0,0.0,0,0
hidden_no_signal,64,fixed,mechanism_repair,9.773218988012474,3.7016378451820877,-0.7671606309967238,0.01,0.6313092692577216,9.065775434562275,0.004278044169457984,0,0,3.7016378451820877,3,0
hidden_no_signal,64,random,mechanism_repair,9.773218988012474,3.7016378451820877,-0.7671606309967238,0.01,0.6313092692577216,9.065775434562275,0.004278044169457984,0,0,3.7016378451820877,3,0
hidden_no_signal,64,entropy,mechanism_repair,9.773218988012474,3.7016378451820877,-0.7671606309967238,0.01,0.6313092692577216,9.065775434562275,0.004278044169457984,0,0,3.7016378451820877,3,0
hidden_no_signal,64,myopic,mechanism_repair,12.623083591075765,0.8517732421187958,-0.7671606309967238,0.01,0.6313092692577216,10.073098553948697,0.05128004778070141,0,0,0.8517732421187956,1,2
hidden_no_signal,64,sequential,mechanism_repair,12.623083591075765,0.8517732421187958,-0.7671606309967238,0.01,0.6313092692577216,10.073098553948697,0.05128004778070141,0,0,0.8517732421187956,1,36
hidden_no_signal,65,stop,source_repair,-7.997764343656479,25.64013775584062,-79.51728023520309,0.08,-9.374668827729208,4.730306946835443,0.5860599900155482,0,0,0.0,0,0
hidden_no_signal,65,fixed,mechanism_repair,13.45663192579945,4.185741486384689,-1.004428802970987,0.01,0.8265612024448744,11.66673820018283,0.015806472013965914,0,0,4.18574148638469,3,0
hidden_no_signal,65,random,mechanism_repair,13.45663192579945,4.185741486384689,-1.004428802970987,0.01,0.8265612024448744,11.66673820018283,0.015806472013965914,0,0,4.18574148638469,3,0
hidden_no_signal,65,entropy,mechanism_repair,13.45663192579945,4.185741486384689,-1.004428802970987,0.01,0.8265612024448744,11.66673820018283,0.015806472013965917,0,0,4.185741486384689,3,0
hidden_no_signal,65,myopic,mechanism_repair,15.330632305302203,2.311741106881936,-1.004428802970987,0.01,0.8265612024448744,10.309968071729466,0.10458144917070505,0,0,2.3117411068819362,1,2
hidden_no_signal,65,sequential,mechanism_repair,15.330632305302203,2.311741106881936,-1.004428802970987,0.01,0.8265612024448744,10.309968071729466,0.10458144917070505,0,0,2.3117411068819362,1,36
hidden_no_signal,66,stop,source_repair,18.94887685057581,0.0,-2.2104820519279467,0.01,2.1384011154520346,8.595330272944851,0.4983400563327325,0,0,0.0,0,0
hidden_no_signal,66,fixed,source_repair,16.02609700096415,2.9227798496116613,-2.2104820519279467,0.01,2.1384011154520346,13.287475107431648,0.04477998938842355,0,0,2.922779849611663,3,0
hidden_no_signal,66,random,source_repair,16.02609700096415,2.9227798496116613,-2.2104820519279467,0.01,2.1384011154520346,13.287475107431645,0.044779989388423584,0,0,2.922779849611663,3,0
hidden_no_signal,66,entropy,source_repair,16.02609700096415,2.9227798496116613,-2.2104820519279467,0.01,2.1384011154520346,13.287475107431645,0.044779989388423584,0,0,2.922779849611663,3,0
hidden_no_signal,66,myopic,source_repair,18.168500495955644,0.7803763546201665,-2.2104820519279467,0.01,2.1384011154520346,16.78872104490682,0.008850480697314518,0,0,0.7803763546201676,1,2
hidden_no_signal,66,sequential,source_repair,18.168500495955644,0.7803763546201665,-2.2104820519279467,0.01,2.1384011154520346,16.78872104490682,0.008850480697314518,0,0,0.7803763546201676,1,36
hidden_no_signal,67,stop,mechanism_repair,-6.00501207956078,20.09142723882791,-67.87342624131756,0.08,-7.180294039213069,4.335683467226422,0.8936836712087192,0,0,0.0,0,0
hidden_no_signal,67,fixed,mechanism_repair,-10.869933422941688,24.95634858220882,-67.87342624131756,0.08,-7.180294039213069,0.14950240961402894,0.9255633673654367,0,0,4.8649213433809075,3,0
hidden_no_signal,67,random,mechanism_repair,-10.869933422941688,24.95634858220882,-67.87342624131756,0.08,-7.180294039213069,0.14950240961402894,0.9255633673654367,0,0,4.8649213433809075,3,0
hidden_no_signal,67,entropy,mechanism_repair,-10.869933422941688,24.95634858220882,-67.87342624131756,0.08,-7.180294039213069,0.14950240961403072,0.9255633673654368,0,0,4.8649213433809075,3,0
hidden_no_signal,67,myopic,source_repair,13.49825723951205,0.5881579197550817,-1.643251372158212,0.01,1.5896670882834905,8.371648864203681,0.1348201280617504,0,0,0.5881579197550821,1,2
hidden_no_signal,67,sequential,source_repair,13.49825723951205,0.5881579197550817,-1.643251372158212,0.01,1.5896670882834905,8.371648864203681,0.1348201280617504,0,0,0.5881579197550821,1,36
hidden_no_signal,68,stop,source_repair,20.44886496898494,0.0,-2.3854632310234125,0.01,2.3076763865335193,4.868877706866343,0.714618294510499,0,0,0.0,0,0
hidden_no_signal,68,fixed,mechanism_repair,-15.829092203321304,36.277957172306245,-98.53000302053228,0.08,-10.423437161645783,11.855895688513321,1.7354560122419618,0,0,7.111779830820527,3,0
hidden_no_signal,68,random,mechanism_repair,-15.829092203321304,36.277957172306245,-98.53000302053228,0.08,-10.423437161645783,11.855895688513321,1.7354560122419618,0,0,7.111779830820527,3,0
hidden_no_signal,68,entropy,mechanism_repair,-15.829092203321304,36.277957172306245,-98.53000302053228,0.08,-10.423437161645783,11.855895688513321,1.7354560122419618,0,0,7.111779830820527,3,0
hidden_no_signal,68,myopic,mechanism_repair,-13.469735978928423,33.91860094791336,-98.53000302053228,0.08,-10.423437161645783,11.319192131631839,1.572690143177371,0,0,4.752423606427646,2,3
hidden_no_signal,68,sequential,mechanism_repair,-13.469735978928423,33.91860094791336,-98.53000302053228,0.08,-10.423437161645783,11.319192131631839,1.572690143177371,0,0,4.752423606427646,2,37
hidden_no_signal,69,stop,mechanism_repair,-6.77612890418667,22.671411653403855,-76.58920236736867,0.08,-8.102331408337422,5.490514128431915,0.8272117418367823,0,0,0.0,0,0
hidden_no_signal,69,fixed,mechanism_repair,-13.523515936981731,29.418798686198915,-76.58920236736867,0.08,-8.102331408337422,-3.712409829266764,0.7752034061478132,0,0,6.74738703279506,3,0
hidden_no_signal,69,random,mechanism_repair,-13.523515936981731,29.418798686198915,-76.58920236736867,0.08,-8.102331408337422,-3.712409829266765,0.7752034061478132,0,0,6.747387032795061,3,0
hidden_no_signal,69,entropy,mechanism_repair,-13.523515936981731,29.418798686198915,-76.58920236736867,0.08,-8.102331408337422,-3.712409829266765,0.7752034061478132,0,0,6.747387032795061,3,0
hidden_no_signal,69,myopic,source_repair,13.230394254617245,2.664888494599939,-1.8542648994205058,0.01,1.7937997396567926,2.5773359839642493,0.6128014363081851,0,0,2.66488849459994,1,2
hidden_no_signal,69,sequential,mechanism_repair,-8.191632436512542,24.086915185729726,-76.58920236736867,0.08,-8.102331408337422,6.339221350541064,1.160773545002246,0,0,1.4155035323258707,1,36
hidden_no_signal,70,stop,mechanism_repair,-5.634944262773449,18.853263099288263,-63.69062521873618,0.08,-6.737797720508407,3.1959936272620526,0.5330169433006674,0,0,0.0,0,0
hidden_no_signal,70,fixed,source_repair,7.1043866316341475,6.1139322048806655,-1.5419835579272978,0.01,1.4917014853861894,0.18883493591533362,0.36049982085775095,0,0,6.1139322048806655,3,0
hidden_no_signal,70,random,source_repair,7.104386631634148,6.113932204880665,-1.5419835579272978,0.01,1.4917014853861894,0.1888349359153345,0.36049982085775095,0,0,6.113932204880665,3,0
hidden_no_signal,70,entropy,source_repair,7.104386631634149,6.113932204880664,-1.5419835579272978,0.01,1.4917014853861894,0.18883493591533362,0.3604998208577511,0,0,6.113932204880664,3,0
hidden_no_signal,70,myopic,source_repair,11.390232288385612,1.8280865481292015,-1.5419835579272978,0.01,1.4917014853861894,6.508406969194354,0.21757513106280274,0,0,1.828086548129201,1,2
hidden_no_signal,70,sequential,source_repair,11.390232288385612,1.8280865481292015,-1.5419835579272978,0.01,1.4917014853861894,6.508406969194354,0.21757513106280274,0,0,1.828086548129201,1,36
hidden_no_signal,71,stop,mechanism_repair,-0.15139522719259357,13.182328999046693,-13.424926170331208,0.01,-4.696900120734085,5.00243707982661,0.686419867434554,0,0,0.0,0,0
hidden_no_signal,71,fixed,mechanism_repair,-5.963987406555307,18.994921178409406,-13.424926170331208,0.01,-4.696900120734085,0.19917732258694176,1.2682493554719971,0,0,5.8125921793627136,3,0
hidden_no_signal,71,random,mechanism_repair,-5.963987406555307,18.994921178409406,-13.424926170331208,0.01,-4.696900120734085,0.19917732258694176,1.2682493554719971,0,0,5.8125921793627136,3,0
hidden_no_signal,71,entropy,mechanism_repair,-5.963987406555307,18.994921178409406,-13.424926170331208,0.01,-4.696900120734085,0.19917732258694176,1.2682493554719971,0,0,5.8125921793627136,3,0
hidden_no_signal,71,myopic,mechanism_repair,-1.0610152519008598,14.09194902375496,-13.424926170331208,0.01,-4.696900120734085,8.002547077398217,1.0641511128938204,0,0,0.9096200247082662,1,2
hidden_no_signal,71,sequential,mechanism_repair,-1.0610152519008598,14.09194902375496,-13.424926170331208,0.01,-4.696900120734085,8.002547077398217,1.0641511128938204,0,0,0.9096200247082662,1,36
hidden_no_signal,72,stop,source_repair,-5.829888530123899,18.69011621130511,-57.96330825345582,0.08,-6.833568973039004,4.550428222362591,1.0300669007279553,0,0,0.0,0,0
hidden_no_signal,72,fixed,general,-13.014572529205452,25.874800210386663,-57.96330825345582,0.2,-10.372381476934201,4.054198386025224,1.8791440823623096,1,0,5.5708634692879695,3,0
hidden_no_signal,72,random,general,-13.014572529205454,25.874800210386667,-57.96330825345582,0.2,-10.372381476934201,4.054198386025223,1.8791440823623096,1,0,5.57086346928797,3,0
hidden_no_signal,72,entropy,general,-13.014572529205452,25.874800210386663,-57.96330825345582,0.2,-10.372381476934201,4.054198386025224,1.8791440823623093,1,0,5.5708634692879695,3,0
hidden_no_signal,72,myopic,general,-8.359326663161255,21.219554344342466,-57.96330825345582,0.2,-10.372381476934201,6.978694106413767,1.6761613551673573,1,0,0.9156176032437713,1,2
hidden_no_signal,72,sequential,general,-8.359326663161255,21.219554344342466,-57.96330825345582,0.2,-10.372381476934201,6.978694106413767,1.6761613551673573,1,0,0.9156176032437713,1,36
hidden_no_signal,73,stop,source_repair,14.069042505633508,0.0,-1.6412247644941158,0.01,1.5877065656519145,5.247489462740986,0.4812038500209152,0,0,0.0,0,0
hidden_no_signal,73,fixed,general,-18.844404088992306,32.91344659462581,-67.78971853345253,0.3,-19.266551583191774,5.444125907191037,1.7000373150050345,1,0,4.68884049523057,3,0
hidden_no_signal,73,random,general,-18.844404088992306,32.91344659462581,-67.78971853345253,0.3,-19.266551583191774,5.444125907191037,1.7000373150050345,1,0,4.68884049523057,3,0
hidden_no_signal,73,entropy,general,-18.844404088992306,32.91344659462581,-67.78971853345253,0.3,-19.266551583191774,5.444125907191037,1.7000373150050345,1,0,4.68884049523057,3,0
hidden_no_signal,73,myopic,general,-15.908635567742987,29.977678073376495,-67.78971853345253,0.3,-19.266551583191774,6.7117962684488415,1.5909108070355658,0,0,1.7530719739812537,2,3
hidden_no_signal,73,sequential,general,-15.908635567742987,29.977678073376495,-67.78971853345253,0.3,-19.266551583191774,6.7117962684488415,1.5909108070355658,0,0,1.7530719739812537,2,37
hidden_no_signal,74,stop,mechanism_repair,18.500567784047213,0.0,-1.0532881670433691,0.01,0.8667683874627741,8.025238069024741,0.3692965060809056,0,0,0.0,0,0
hidden_no_signal,74,fixed,mechanism_repair,11.25909043916355,7.241477344883663,-1.0532881670433691,0.01,0.8667683874627741,-0.8727232149257462,0.6413429230836315,0,0,7.241477344883664,3,0
hidden_no_signal,74,random,mechanism_repair,11.25909043916355,7.241477344883663,-1.0532881670433691,0.01,0.8667683874627741,-0.8727232149257418,0.6413429230836313,0,0,7.241477344883663,3,0
hidden_no_signal,74,entropy,mechanism_repair,11.25909043916355,7.241477344883663,-1.0532881670433691,0.01,0.8667683874627741,-0.8727232149257427,0.6413429230836314,0,0,7.241477344883663,3,0
hidden_no_signal,74,myopic,general,-15.41723399685647,33.91780178090369,-83.38531322426687,0.2,-14.921582366447758,5.8412922880739515,1.394962252193337,1,0,4.708804298582198,2,3
hidden_no_signal,74,sequential,general,-15.41723399685647,33.91780178090369,-83.38531322426687,0.2,-14.921582366447758,5.8412922880739515,1.394962252193337,1,0,4.708804298582198,2,37
hidden_no_signal,75,stop,mechanism_repair,-0.17147788196046432,14.930971722027424,-15.205749532879732,0.01,-5.3199463379300695,3.9644474640640293,0.5619666517864742,0,0,0.0,0,0
hidden_no_signal,75,fixed,mechanism_repair,-3.3921190359025166,18.151612875969477,-15.205749532879732,0.01,-5.3199463379300695,13.396520804405577,1.834921484967948,0,0,3.2206411539420525,3,0
hidden_no_signal,75,random,mechanism_repair,-3.3921190359025166,18.151612875969477,-15.205749532879732,0.01,-5.3199463379300695,13.396520804405577,1.834921484967948,0,0,3.2206411539420525,3,0
hidden_no_signal,75,entropy,mechanism_repair,-3.3921190359025166,18.151612875969477,-15.205749532879732,0.01,-5.3199463379300695,13.396520804405577,1.834921484967948,0,0,3.2206411539420525,3,0
hidden_no_signal,75,myopic,mechanism_repair,-2.130452445444878,16.889946285511837,-15.205749532879732,0.01,-5.3199463379300695,13.904221072938316,1.6738121046969912,0,0,1.9589745634844136,2,3
hidden_no_signal,75,sequential,mechanism_repair,-2.130452445444878,16.889946285511837,-15.205749532879732,0.01,-5.3199463379300695,13.904221072938316,1.6738121046969912,0,0,1.9589745634844136,2,37
hidden_no_signal,76,stop,source_repair,-7.5929141497091175,24.342223201566146,-75.49208207455428,0.08,-8.90011914984219,8.045895493158822,1.1614174253551803,0,0,0.0,0,0
hidden_no_signal,76,fixed,source_repair,-12.48871243888556,29.23802149074259,-75.49208207455428,0.08,-8.90011914984219,5.860108571195853,1.2664029962824448,0,0,4.895798289176443,3,0
hidden_no_signal,76,random,source_repair,-12.48871243888556,29.23802149074259,-75.49208207455428,0.08,-8.90011914984219,5.860108571195853,1.2664029962824448,0,0,4.895798289176443,3,0
hidden_no_signal,76,entropy,source_repair,-12.48871243888556,29.23802149074259,-75.49208207455428,0.08,-8.90011914984219,5.860108571195854,1.2664029962824448,0,0,4.895798289176442,3,0
hidden_no_signal,76,myopic,source_repair,-7.5929141497091175,24.342223201566146,-75.49208207455428,0.08,-8.90011914984219,8.045895493158822,1.1614174253551803,0,0,0.0,0,1
hidden_no_signal,76,sequential,source_repair,-10.612069542665338,27.361378594522368,-75.49208207455428,0.08,-8.90011914984219,7.063214945439076,1.2184160342095025,0,0,3.019155392956221,2,37
hidden_no_signal,77,stop,mechanism_repair,-5.518584506000834,18.463949380056626,-62.37543463058646,0.08,-6.59866440039362,2.7462583295706122,1.0214580825977577,0,0,0.0,0,0
hidden_no_signal,77,fixed,mechanism_repair,-8.649524958637086,21.59488983269288,-62.37543463058646,0.08,-6.59866440039362,9.121152210615374,1.7685859965712436,0,0,3.130940452636252,3,0
hidden_no_signal,77,random,mechanism_repair,-8.649524958637086,21.59488983269288,-62.37543463058646,0.08,-6.59866440039362,9.121152210615374,1.7685859965712436,0,0,3.130940452636252,3,0
hidden_no_signal,77,entropy,mechanism_repair,-8.649524958637086,21.59488983269288,-62.37543463058646,0.08,-6.59866440039362,9.121152210615378,1.7685859965712436,0,0,3.130940452636252,3,0
hidden_no_signal,77,myopic,mechanism_repair,-5.952535062975692,18.897899937031482,-62.37543463058646,0.08,-6.59866440039362,9.393704007178334,1.4521856770074861,0,0,0.4339505569748586,1,2
hidden_no_signal,77,sequential,mechanism_repair,-5.952535062975692,18.897899937031482,-62.37543463058646,0.08,-6.59866440039362,9.393704007178334,1.4521856770074861,0,0,0.4339505569748586,1,36
hidden_no_signal,78,stop,mechanism_repair,15.35127361988152,0.0,-0.8739901954149132,0.01,0.7192210983101885,4.73438047715136,0.5409908905734802,0,0,0.0,0,0
hidden_no_signal,78,fixed,mechanism_repair,10.532012581326256,4.819261038555263,-0.8739901954149132,0.01,0.7192210983101885,-0.6448749082897116,0.8265905784613735,0,0,4.819261038555263,3,0
hidden_no_signal,78,random,mechanism_repair,10.532012581326256,4.819261038555263,-0.8739901954149132,0.01,0.7192210983101885,-0.6448749082897116,0.8265905784613732,0,0,4.819261038555263,3,0
hidden_no_signal,78,entropy,mechanism_repair,10.532012581326256,4.819261038555263,-0.8739901954149132,0.01,0.7192210983101885,-0.6448749082897116,0.8265905784613734,0,0,4.819261038555263,3,0
hidden_no_signal,78,myopic,mechanism_repair,13.958991599563676,1.3922820203178432,-0.8739901954149132,0.01,0.7192210983101885,6.158070083588704,0.45212706640180783,0,0,1.3922820203178439,1,2
hidden_no_signal,78,sequential,mechanism_repair,13.144767316027131,2.206506303854388,-0.8739901954149132,0.01,0.7192210983101885,7.992303025869862,0.17566234397093214,0,0,2.2065063038543884,2,37
hidden_no_signal,79,stop,source_repair,-7.778145348205588,24.9360583337423,-77.33373187645535,0.08,-9.11723996859263,4.084482579245625,0.8167068793732363,0,0,0.0,0,0
hidden_no_signal,79,fixed,source_repair,-11.179883789650376,28.337796775187087,-77.33373187645535,0.08,-9.11723996859263,11.701718670459039,1.8557449659966496,0,0,3.4017384414447878,3,0
hidden_no_signal,79,random,source_repair,-11.179883789650376,28.337796775187087,-77.33373187645535,0.08,-9.11723996859263,11.701718670459039,1.8557449659966496,0,0,3.4017384414447878,3,0
hidden_no_signal,79,entropy,source_repair,-11.179883789650376,28.337796775187087,-77.33373187645535,0.08,-9.11723996859263,11.701718670459039,1.8557449659966496,0,0,3.4017384414447878,3,0
hidden_no_signal,79,myopic,source_repair,-8.326742914953071,25.484655900489784,-77.33373187645535,0.08,-9.11723996859263,10.478191368023579,1.3529184685778368,0,0,0.5485975667474832,1,2
hidden_no_signal,79,sequential,source_repair,-8.326742914953071,25.484655900489784,-77.33373187645535,0.08,-9.11723996859263,10.478191368023579,1.3529184685778368,0,0,0.5485975667474832,1,36
hidden_no_signal,80,stop,mechanism_repair,-6.922926298933391,23.162562901116075,-78.24842336688545,0.08,-8.277859524602093,4.482388992293872,0.6948951317196056,0,0,0.0,0,0
hidden_no_signal,80,fixed,mechanism_repair,-12.331613608344183,28.57125021052687,-78.24842336688545,0.08,-8.277859524602093,9.172326762396956,1.5788742325752452,0,0,5.408687309410792,3,0
hidden_no_signal,80,random,mechanism_repair,-12.331613608344185,28.57125021052687,-78.24842336688545,0.08,-8.277859524602093,9.172326762396958,1.5788742325752452,0,0,5.408687309410793,3,0
hidden_no_signal,80,entropy,mechanism_repair,-12.331613608344185,28.57125021052687,-78.24842336688545,0.08,-8.277859524602093,9.172326762396958,1.5788742325752452,0,0,5.408687309410793,3,0
hidden_no_signal,80,myopic,mechanism_repair,-7.150207656982776,23.38984425916546,-78.24842336688545,0.08,-8.277859524602093,10.161414135924943,1.1544389465769649,0,0,0.22728135804938443,1,2
hidden_no_signal,80,sequential,mechanism_repair,-7.150207656982776,23.38984425916546,-78.24842336688545,0.08,-8.277859524602093,10.161414135924943,1.1544389465769649,0,0,0.22728135804938443,1,36
hidden_no_signal,81,stop,mechanism_repair,-0.12307103344405923,10.716076610845958,-10.913286821063547,0.01,-3.818167603836771,2.590621831087301,0.521618331159992,0,0,0.0,0,0
hidden_no_signal,81,fixed,mechanism_repair,-5.190855467774365,15.783861045176263,-10.913286821063547,0.01,-3.818167603836771,-2.0025856952087064,0.46741919776214846,0,0,5.067784434330306,3,0
hidden_no_signal,81,random,mechanism_repair,-5.190855467774364,15.783861045176263,-10.913286821063547,0.01,-3.818167603836771,-2.0025856952087056,0.46741919776214846,0,0,5.067784434330305,3,0
hidden_no_signal,81,entropy,mechanism_repair,-5.190855467774365,15.783861045176263,-10.913286821063547,0.01,-3.818167603836771,-2.0025856952087064,0.46741919776214846,0,0,5.067784434330306,3,0
hidden_no_signal,81,myopic,mechanism_repair,-0.12307103344405923,10.716076610845958,-10.913286821063547,0.01,-3.818167603836771,2.590621831087301,0.521618331159992,0,0,0.0,0,1
hidden_no_signal,81,sequential,source_repair,-2.051612456977802,12.6446180343797,-10.320173406875313,0.01,-3.0841897537788285,1.6146621500703464,0.7474005638064489,0,0,2.662519273591685,2,37
hidden_no_signal,82,stop,mechanism_repair,-0.19282320280327692,16.789557670593762,-17.098539429302626,0.01,-5.982165629137809,7.119835569321711,0.5287170851908021,0,0,0.0,0,0
hidden_no_signal,82,fixed,mechanism_repair,-7.032540865531925,23.62927533332241,-17.098539429302626,0.01,-5.982165629137809,4.758128888868312,1.2224218999221275,0,0,6.839717662728648,3,0
hidden_no_signal,82,random,mechanism_repair,-7.032540865531925,23.62927533332241,-17.098539429302626,0.01,-5.982165629137809,4.758128888868312,1.2224218999221277,0,0,6.839717662728648,3,0
hidden_no_signal,82,entropy,mechanism_repair,-7.032540865531925,23.62927533332241,-17.098539429302626,0.01,-5.982165629137809,4.758128888868312,1.2224218999221275,0,0,6.839717662728648,3,0
hidden_no_signal,82,myopic,mechanism_repair,-2.2759015120115693,18.872635979802055,-17.098539429302626,0.01,-5.982165629137809,9.642169825864908,1.4043801706635464,0,0,2.0830783092082923,1,2
hidden_no_signal,82,sequential,mechanism_repair,-2.2759015120115693,18.872635979802055,-17.098539429302626,0.01,-5.982165629137809,9.642169825864908,1.4043801706635464,0,0,2.0830783092082923,1,36
hidden_no_signal,83,stop,source_repair,13.709908859432032,0.0,-1.5993300133997912,0.01,1.5471779477454524,6.4407459985676425,0.32691041375627605,0,0,0.0,0,0
hidden_no_signal,83,fixed,mechanism_repair,-14.238643111712761,27.948551971144795,-66.05928316216537,0.08,-6.988376797681707,3.729313186619944,1.5787397157765792,0,0,8.394134954049605,3,0
hidden_no_signal,83,random,mechanism_repair,-14.238643111712761,27.948551971144795,-66.05928316216537,0.08,-6.988376797681707,3.729313186619944,1.5787397157765792,0,0,8.394134954049605,3,0
hidden_no_signal,83,entropy,mechanism_repair,-14.238643111712761,27.948551971144795,-66.05928316216537,0.08,-6.988376797681707,3.729313186619944,1.5787397157765792,0,0,8.394134954049605,3,0
hidden_no_signal,83,myopic,source_repair,13.709908859432032,0.0,-1.5993300133997912,0.01,1.5471779477454524,6.4407459985676425,0.32691041375627605,0,0,0.0,0,1
hidden_no_signal,83,sequential,source_repair,13.709908859432032,0.0,-1.5993300133997912,0.01,1.5471779477454524,6.4407459985676425,0.32691041375627605,0,0,0.0,0,31
hidden_no_signal,84,stop,source_repair,0.6700638890925716,10.948713838279595,-11.319525893408493,0.01,-3.3828468187197798,4.621612087526333,0.4612492229893892,0,0,0.0,0,0
hidden_no_signal,84,fixed,source_repair,-2.8863332773532937,14.50511100472546,-11.319525893408493,0.01,-3.3828468187197798,-0.862889928012843,0.326747513994257,0,0,3.5563971664458656,3,0
hidden_no_signal,84,random,source_repair,-2.8863332773532937,14.50511100472546,-11.319525893408493,0.01,-3.3828468187197798,-0.862889928012843,0.326747513994257,0,0,3.5563971664458656,3,0
hidden_no_signal,84,entropy,source_repair,-2.8863332773532937,14.50511100472546,-11.319525893408493,0.01,-3.3828468187197798,-0.862889928012843,0.326747513994257,0,0,3.5563971664458656,3,0
hidden_no_signal,84,myopic,general,10.075097547002505,1.5436801803696607,-2.472080367525993,0.01,3.05757308615057,7.682982535293458,0.01715593076205757,0,0,1.5436801803696607,2,3
hidden_no_signal,84,sequential,general,10.075097547002505,1.5436801803696607,-2.472080367525993,0.01,3.05757308615057,7.682982535293458,0.01715593076205757,0,0,1.5436801803696607,2,37
hidden_no_signal,85,stop,source_repair,0.926839436332071,15.14437642084345,-15.657287565221392,0.01,-4.6791893873075425,6.71882599260212,0.6099342619621295,0,0,0.0,0,0
hidden_no_signal,85,fixed,general,10.486186019650365,5.5850298375251555,-3.419407629186282,0.01,4.229267330835664,8.260077719650733,0.009131346378545624,0,0,5.5850298375251555,3,0
hidden_no_signal,85,random,general,10.486186019650365,5.5850298375251555,-3.419407629186282,0.01,4.229267330835664,8.260077719650733,0.009131346378545624,0,0,5.5850298375251555,3,0
hidden_no_signal,85,entropy,general,10.486186019650365,5.5850298375251555,-3.419407629186282,0.01,4.229267330835664,8.260077719650733,0.009131346378545624,0,0,5.5850298375251555,3,0
hidden_no_signal,85,myopic,general,14.981195289024525,1.0900205681509956,-3.419407629186282,0.01,4.229267330835664,12.009761510165836,0.013765814713530387,0,0,1.090020568150996,1,2
hidden_no_signal,85,sequential,general,14.981195289024525,1.0900205681509956,-3.419407629186282,0.01,4.229267330835664,12.009761510165836,0.013765814713530387,0,0,1.090020568150996,1,36
hidden_no_signal,86,stop,mechanism_repair,-0.18227035724720464,15.870697250910183,-16.162769028185824,0.01,-5.654773131464471,4.915640315895798,0.7260175393438106,0,0,0.0,0,0
hidden_no_signal,86,fixed,source_repair,-4.234926305963354,19.923353199626334,-15.284357667958334,0.01,-4.567739073182951,6.585030220347417,0.9852491257302198,0,0,5.139690006997669,3,0
hidden_no_signal,86,random,source_repair,-4.234926305963353,19.92335319962633,-15.284357667958334,0.01,-4.567739073182951,6.585030220347418,0.9852491257302198,0,0,5.139690006997668,3,0
hidden_no_signal,86,entropy,source_repair,-4.234926305963353,19.92335319962633,-15.284357667958334,0.01,-4.567739073182951,6.585030220347418,0.9852491257302198,0,0,5.139690006997668,3,0
hidden_no_signal,86,myopic,source_repair,-3.3126677425688333,19.001094636231812,-15.284357667958334,0.01,-4.567739073182951,9.142009186903133,1.3054491495052338,0,0,4.217431443603148,2,3
hidden_no_signal,86,sequential,source_repair,-4.234926305963354,19.923353199626334,-15.284357667958334,0.01,-4.567739073182951,6.585030220347417,0.9852491257302198,0,0,5.139690006997669,3,37
hidden_no_signal,87,stop,source_repair,14.470881781928217,0.0,-1.6881013427216085,0.01,1.6330545598067727,4.7143326754869985,0.40351915000971855,0,0,0.0,0,0
hidden_no_signal,87,fixed,mechanism_repair,-13.023123648415073,27.49400543034329,-69.72592502545771,0.08,-7.376268910587895,6.706689798608503,1.7390993559371195,0,0,6.854214176425893,3,0
hidden_no_signal,87,random,mechanism_repair,-13.023123648415073,27.49400543034329,-69.72592502545771,0.08,-7.376268910587895,6.706689798608502,1.7390993559371195,0,0,6.854214176425894,3,0
hidden_no_signal,87,entropy,mechanism_repair,-13.023123648415073,27.49400543034329,-69.72592502545771,0.08,-7.376268910587895,6.706689798608503,1.7390993559371195,0,0,6.854214176425893,3,0
hidden_no_signal,87,myopic,mechanism_repair,-9.086439322603562,23.55732110453178,-69.72592502545771,0.08,-7.376268910587895,10.514615668098603,1.6558866918042856,0,0,2.917529850614382,1,2
hidden_no_signal,87,sequential,mechanism_repair,-9.086439322603562,23.55732110453178,-69.72592502545771,0.08,-7.376268910587895,10.514615668098603,1.6558866918042856,0,0,2.917529850614382,1,36
hidden_no_signal,88,stop,source_repair,0.5870433425424427,9.592174228144964,-9.917042874017966,0.01,-2.963713962350197,4.726695601781403,0.5361791173486412,0,0,0.0,0,0
hidden_no_signal,88,fixed,general,7.193269492105234,2.9859480785821724,-2.1657909724866817,0.01,2.6787414659703703,6.699825895389678,0.000961977741813963,0,0,2.985948078582173,3,0
hidden_no_signal,88,random,general,7.193269492105234,2.9859480785821724,-2.1657909724866817,0.01,2.6787414659703703,6.699825895389678,0.0009619777418139632,0,0,2.985948078582173,3,0
hidden_no_signal,88,entropy,general,7.193269492105234,2.9859480785821724,-2.1657909724866817,0.01,2.6787414659703703,6.699825895389678,0.0009619777418139633,0,0,2.9859480785821724,3,0
hidden_no_signal,88,myopic,general,9.697900202769006,0.4813173679184004,-2.1657909724866817,0.01,2.6787414659703703,6.511162100323571,0.04012201485266431,0,0,0.48131736791840096,2,3
hidden_no_signal,88,sequential,general,9.697900202769006,0.4813173679184004,-2.1657909724866817,0.01,2.6787414659703703,6.511162100323571,0.04012201485266431,0,0,0.48131736791840096,2,37
hidden_no_signal,89,stop,source_repair,-7.032411871194663,22.545301584968133,-69.91932263354191,0.08,-8.243120142059679,2.882217226813867,0.7158490805989338,0,0,0.0,0,0
hidden_no_signal,89,fixed,mechanism_repair,9.745532546912049,5.767357166861421,-0.8831914437921085,0.01,0.7267929589539226,4.0554887470680105,0.13343518525660836,0,0,5.76735716686142,3,0
hidden_no_signal,89,random,mechanism_repair,9.745532546912049,5.767357166861421,-0.8831914437921085,0.01,0.7267929589539226,4.0554887470680105,0.13343518525660839,0,0,5.76735716686142,3,0
hidden_no_signal,89,entropy,mechanism_repair,9.745532546912049,5.767357166861421,-0.8831914437921085,0.01,0.7267929589539226,4.0554887470680105,0.13343518525660839,0,0,5.76735716686142,3,0
hidden_no_signal,89,myopic,source_repair,-7.968721267741274,23.481610981514745,-69.91932263354191,0.08,-8.243120142059679,8.346730647487476,1.255590411174489,0,0,0.9363093965466112,1,2
hidden_no_signal,89,sequential,source_repair,-7.968721267741274,23.481610981514745,-69.91932263354191,0.08,-8.243120142059679,8.346730647487476,1.255590411174489,0,0,0.9363093965466112,1,36
hidden_no_signal,90,stop,mechanism_repair,-0.17693191103426875,15.405866518610367,-15.689383918219496,0.01,-5.489152661605326,7.2909240809741975,0.9600217489160077,0,0,0.0,0,0
hidden_no_signal,90,fixed,general,9.224715743417727,6.004218864158371,-3.2401988526757664,0.01,4.007614370414762,-0.1265334885831937,0.16438354026423013,0,0,6.004218864158371,3,0
hidden_no_signal,90,random,general,9.224715743417727,6.004218864158371,-3.2401988526757664,0.01,4.007614370414762,-0.1265334885831937,0.16438354026423013,0,0,6.004218864158371,3,0
hidden_no_signal,90,entropy,general,9.224715743417727,6.004218864158371,-3.2401988526757664,0.01,4.007614370414762,-0.1265334885831919,0.16438354026423008,0,0,6.004218864158371,3,0
hidden_no_signal,90,myopic,general,11.626398237359782,3.602536370216317,-3.2401988526757664,0.01,4.007614370414762,6.69482696964212,0.044311784708938165,0,0,3.6025363702163173,2,3
hidden_no_signal,90,sequential,general,11.626398237359782,3.602536370216317,-3.2401988526757664,0.01,4.007614370414762,6.69482696964212,0.044311784708938165,0,0,3.6025363702163173,2,37
hidden_no_signal,91,stop,source_repair,-8.931342628889857,28.63310864253988,-88.7993249340174,0.08,-10.46897304485258,5.922746550311223,1.0848495927157138,0,0,0.0,0,0
hidden_no_signal,91,fixed,source_repair,-12.081338897196146,31.78310491084617,-88.7993249340174,0.08,-10.46897304485258,14.20400868403362,1.8614425751375554,0,0,3.149996268306289,3,0
hidden_no_signal,91,random,source_repair,-12.081338897196146,31.78310491084617,-88.7993249340174,0.08,-10.46897304485258,14.204008684033617,1.8614425751375552,0,0,3.149996268306289,3,0
hidden_no_signal,91,entropy,source_repair,-12.081338897196146,31.78310491084617,-88.7993249340174,0.08,-10.46897304485258,14.204008684033617,1.8614425751375552,0,0,3.149996268306289,3,0
hidden_no_signal,91,myopic,source_repair,-11.57185107788902,31.273617091539045,-88.7993249340174,0.08,-10.46897304485258,13.194583317638896,1.6781110153088883,0,0,2.6405084489991637,2,3
hidden_no_signal,91,sequential,source_repair,-11.57185107788902,31.273617091539045,-88.7993249340174,0.08,-10.46897304485258,13.194583317638896,1.6781110153088883,0,0,2.6405084489991637,2,37
hidden_no_signal,92,stop,mechanism_repair,-0.1426543325005809,12.421239288936128,-12.64982996631658,0.01,-4.425721761313205,3.657471808800522,0.7966541461787788,0,0,0.0,0,0
hidden_no_signal,92,fixed,general,6.32361191525065,5.954973041184898,-2.612464884347989,0.01,3.2312065674830395,-0.2722833912224756,0.1968278232633299,0,0,5.954973041184898,3,0
hidden_no_signal,92,random,general,6.323611915250649,5.954973041184899,-2.612464884347989,0.01,3.2312065674830395,-0.2722833912224756,0.19682782326332984,0,0,5.954973041184899,3,0
hidden_no_signal,92,entropy,general,6.323611915250649,5.954973041184899,-2.612464884347989,0.01,3.2312065674830395,-0.27228339122247647,0.19682782326332982,0,0,5.954973041184899,3,0
hidden_no_signal,92,myopic,general,7.019210005734941,5.259374950700607,-2.612464884347989,0.01,3.2312065674830395,3.5381739454773005,0.052413407236119466,0,0,5.259374950700607,2,3
hidden_no_signal,92,sequential,mechanism_repair,-3.4638233280448034,15.742408284480351,-12.64982996631658,0.01,-4.425721761313205,7.578649081172813,1.1879391236261014,0,0,3.3211689955442227,2,37
hidden_no_signal,93,stop,mechanism_repair,15.570171998132235,0.0,-0.8864526816633234,0.01,0.7294766859521092,5.220269114526631,0.44092052005696425,0,0,0.0,0,0
hidden_no_signal,93,fixed,mechanism_repair,10.280917087133922,5.289254910998313,-0.8864526816633234,0.01,0.7294766859521092,0.3927035643738339,0.42736149923060374,0,0,5.289254910998314,3,0
hidden_no_signal,93,random,mechanism_repair,10.280917087133922,5.289254910998313,-0.8864526816633234,0.01,0.7294766859521092,0.3927035643738339,0.4273614992306037,0,0,5.289254910998314,3,0
hidden_no_signal,93,entropy,mechanism_repair,10.280917087133922,5.289254910998313,-0.8864526816633234,0.01,0.7294766859521092,0.3927035643738339,0.4273614992306037,0,0,5.289254910998314,3,0
hidden_no_signal,93,myopic,mechanism_repair,13.671929691972363,1.8982423061598723,-0.8864526816633234,0.01,0.7294766859521092,8.726854164432336,0.10065459825578042,0,0,1.8982423061598728,1,2
hidden_no_signal,93,sequential,mechanism_repair,13.671929691972363,1.8982423061598723,-0.8864526816633234,0.01,0.7294766859521092,8.726854164432336,0.10065459825578042,0,0,1.8982423061598728,1,36
hidden_no_signal,94,stop,mechanism_repair,12.176995050538352,0.0,-0.6932697929377785,0.01,0.5705032671050466,5.222097233665601,0.35684943537087266,0,0,0.0,0,0
hidden_no_signal,94,fixed,source_repair,-9.407352860213864,21.584347910752214,-54.88385860757411,0.08,-6.470518067419263,5.080063417693225,1.4973031668012853,0,0,3.887192133946804,3,0
hidden_no_signal,94,random,source_repair,-9.407352860213864,21.584347910752214,-54.88385860757411,0.08,-6.470518067419263,5.080063417693223,1.497303166801285,0,0,3.887192133946804,3,0
hidden_no_signal,94,entropy,source_repair,-9.407352860213864,21.584347910752214,-54.88385860757411,0.08,-6.470518067419263,5.080063417693225,1.4973031668012853,0,0,3.887192133946804,3,0
hidden_no_signal,94,myopic,source_repair,-6.168043985102658,18.34503903564101,-54.88385860757411,0.08,-6.470518067419263,3.790764424874456,0.7899463578806294,0,0,0.6478832588355986,1,2
hidden_no_signal,94,sequential,source_repair,-6.168043985102658,18.34503903564101,-54.88385860757411,0.08,-6.470518067419263,3.790764424874456,0.7899463578806294,0,0,0.6478832588355986,1,36
hidden_no_signal,95,stop,mechanism_repair,-0.1638752130967982,14.268989940368211,-14.531585161354652,0.01,-5.0840804063163345,5.686953262891656,0.5078315541096866,0,0,0.0,0,0
hidden_no_signal,95,fixed,mechanism_repair,-7.302952663039665,21.40806739031108,-14.531585161354652,0.01,-5.0840804063163345,6.511401130565034,1.4556528213524091,0,0,7.139077449942867,3,0
hidden_no_signal,95,random,mechanism_repair,-7.302952663039665,21.40806739031108,-14.531585161354652,0.01,-5.0840804063163345,6.511401130565032,1.455652821352409,0,0,7.139077449942867,3,0
hidden_no_signal,95,entropy,mechanism_repair,-7.302952663039665,21.40806739031108,-14.531585161354652,0.01,-5.0840804063163345,6.511401130565034,1.4556528213524091,0,0,7.139077449942867,3,0
hidden_no_signal,95,myopic,mechanism_repair,-0.1638752130967982,14.268989940368211,-14.531585161354652,0.01,-5.0840804063163345,5.686953262891656,0.5078315541096866,0,0,0.0,0,1
hidden_no_signal,95,sequential,mechanism_repair,-0.1638752130967982,14.268989940368211,-14.531585161354652,0.01,-5.0840804063163345,5.686953262891656,0.5078315541096866,0,0,0.0,0,31
hidden_no_signal,96,stop,source_repair,0.634951871664792,10.374990291377138,-10.72637142424018,0.01,-3.205582264715456,5.392957855997882,0.6780838892568672,0,0,0.0,0,0
hidden_no_signal,96,fixed,mechanism_repair,-5.424084380072312,16.434026543114243,-11.342829552070075,0.01,-3.9684491979049517,-0.8867294975376501,0.8241812638665733,0,0,5.296169318547609,3,0
hidden_no_signal,96,random,mechanism_repair,-5.424084380072312,16.434026543114243,-11.342829552070075,0.01,-3.9684491979049517,-0.886729497537651,0.8241812638665733,0,0,5.296169318547609,3,0
hidden_no_signal,96,entropy,mechanism_repair,-5.424084380072312,16.434026543114243,-11.342829552070075,0.01,-3.9684491979049517,-0.886729497537651,0.8241812638665734,0,0,5.296169318547609,3,0
hidden_no_signal,96,myopic,source_repair,0.634951871664792,10.374990291377138,-10.72637142424018,0.01,-3.205582264715456,5.392957855997882,0.6780838892568672,0,0,0.0,0,1
hidden_no_signal,96,sequential,source_repair,-1.926707232786439,12.93664939582837,-10.72637142424018,0.01,-3.205582264715456,3.3370311513824604,0.5306422130577724,0,0,2.561659104451231,2,37
hidden_no_signal,97,stop,mechanism_repair,-7.824011718732081,26.17739316423492,-88.43320800470525,0.08,-9.355302531024083,4.497673958408811,1.0866793016237228,0,0,0.0,0,0
hidden_no_signal,97,fixed,general,-23.596757712008234,41.950139157511074,-88.43320800470525,0.3,-25.133648590810967,5.564677312602141,1.4778954897029177,0,0,5.130507566815181,3,0
hidden_no_signal,97,random,general,-23.596757712008237,41.950139157511074,-88.43320800470525,0.3,-25.133648590810967,5.56467731260214,1.4778954897029177,0,0,5.130507566815182,3,0
hidden_no_signal,97,entropy,general,-23.596757712008237,41.950139157511074,-88.43320800470525,0.3,-25.133648590810967,5.56467731260214,1.4778954897029175,0,0,5.130507566815182,3,0
hidden_no_signal,97,myopic,general,-22.36159238965109,40.71497383515393,-88.43320800470525,0.3,-25.133648590810967,10.719656654883199,1.8113050302010758,1,0,3.895342244458037,2,3
hidden_no_signal,97,sequential,general,-22.36159238965109,40.71497383515393,-88.43320800470525,0.3,-25.133648590810967,10.719656654883199,1.8113050302010758,1,0,3.895342244458037,2,37
hidden_no_signal,98,stop,mechanism_repair,19.49399222357665,0.0,-1.1098465505060817,0.01,0.9133112238539647,7.749327186938346,0.4993154478408856,0,0,0.0,0,0
hidden_no_signal,98,fixed,general,-18.14624345166442,37.64023567524107,-87.86285191506497,0.2,-15.722826132169523,2.6453303419629766,1.1431793326116895,0,0,6.862803521519236,3,0
hidden_no_signal,98,random,general,-18.14624345166442,37.64023567524107,-87.86285191506497,0.2,-15.722826132169523,2.6453303419629766,1.1431793326116892,0,0,6.862803521519236,3,0
hidden_no_signal,98,entropy,general,-18.14624345166442,37.64023567524107,-87.86285191506497,0.2,-15.722826132169523,2.6453303419629757,1.1431793326116895,0,0,6.862803521519237,3,0
hidden_no_signal,98,myopic,general,-13.38664557226797,32.88063779584462,-87.86285191506497,0.2,-15.722826132169523,9.719930784132073,1.4703904162170751,1,0,2.103205642122784,1,2
hidden_no_signal,98,sequential,general,-13.38664557226797,32.88063779584462,-87.86285191506497,0.2,-15.722826132169523,9.719930784132073,1.4703904162170751,1,0,2.103205642122784,1,36
hidden_no_signal,99,stop,mechanism_repair,-7.562027542238094,25.300852709359074,-85.47205431441033,0.08,-9.042043640629727,6.7971460377730235,0.9174273754388907,0,0,0.0,0,0
hidden_no_signal,99,fixed,general,-23.49558837061805,41.23441353773903,-85.47205431441033,0.3,-24.29205754199031,8.770025756949412,1.8315732811275454,1,0,5.647673871016837,3,0
hidden_no_signal,99,random,general,-23.49558837061805,41.23441353773903,-85.47205431441033,0.3,-24.29205754199031,8.770025756949412,1.8315732811275454,1,0,5.647673871016837,3,0
hidden_no_signal,99,entropy,general,-23.49558837061805,41.23441353773903,-85.47205431441033,0.3,-24.29205754199031,8.770025756949416,1.8315732811275456,1,0,5.647673871016837,3,0
hidden_no_signal,99,myopic,general,-20.79535833828316,38.534183505404144,-85.47205431441033,0.3,-24.29205754199031,10.355343997974234,1.707183143272222,1,0,2.94744383868195,2,3
hidden_no_signal,99,sequential,general,-20.79535833828316,38.534183505404144,-85.47205431441033,0.3,-24.29205754199031,10.355343997974234,1.707183143272222,1,0,2.94744383868195,2,37
hidden_no_signal,100,stop,source_repair,14.160841236986663,0.0,-1.6519335494868104,0.01,1.5980661511339798,5.2069360023907,0.43734087321604337,0,0,0.0,0,0
hidden_no_signal,100,fixed,mechanism_repair,-13.066991307185333,27.227832544171996,-68.23203791358564,0.08,-7.218231379279324,-0.6565437358563244,0.6929026915161827,0,0,7.030251531778099,3,0
hidden_no_signal,100,random,mechanism_repair,-13.066991307185333,27.227832544171996,-68.23203791358564,0.08,-7.218231379279324,-0.6565437358563226,0.6929026915161828,0,0,7.030251531778099,3,0
hidden_no_signal,100,entropy,mechanism_repair,-13.066991307185333,27.227832544171996,-68.23203791358564,0.08,-7.218231379279324,-0.6565437358563244,0.6929026915161827,0,0,7.030251531778099,3,0
hidden_no_signal,100,myopic,mechanism_repair,-8.651280085404352,22.812121322391015,-68.23203791358564,0.08,-7.218231379279324,8.362238193347894,1.367026510103502,0,0,2.614540309997116,1,2
hidden_no_signal,100,sequential,source_repair,12.630475049165756,1.5303661878209063,-1.6519335494868104,0.01,1.5980661511339798,8.945592411980126,0.07407000959681238,0,0,1.5303661878209063,1,36
hidden_no_signal,101,stop,source_repair,14.99753533562067,0.0,-1.7495381358994488,0.01,1.6924879792940337,4.948449231092938,0.43525066165943826,0,0,0.0,0,0
hidden_no_signal,101,fixed,mechanism_repair,-10.99045112961614,25.98798646523681,-72.26353170019469,0.08,-7.64472098512586,9.697653958806603,1.738466719403026,0,0,4.597030246035757,3,0
hidden_no_signal,101,random,mechanism_repair,-10.99045112961614,25.98798646523681,-72.26353170019469,0.08,-7.64472098512586,9.697653958806606,1.7384667194030266,0,0,4.597030246035757,3,0
hidden_no_signal,101,entropy,mechanism_repair,-10.99045112961614,25.98798646523681,-72.26353170019469,0.08,-7.64472098512586,9.697653958806606,1.7384667194030266,0,0,4.597030246035757,3,0
hidden_no_signal,101,myopic,mechanism_repair,-9.830574670774421,24.828110006395093,-72.26353170019469,0.08,-7.64472098512586,9.451964037707434,1.544393885321528,0,0,3.4371537871940374,2,3
hidden_no_signal,101,sequential,mechanism_repair,-9.830574670774421,24.828110006395093,-72.26353170019469,0.08,-7.64472098512586,9.451964037707434,1.544393885321528,0,0,3.4371537871940374,2,37
hidden_no_signal,102,stop,source_repair,19.00232751300778,0.0,-2.216717341275236,0.01,2.144433080146697,5.668842823124643,0.4448913532749906,0,0,0.0,0,0
hidden_no_signal,102,fixed,source_repair,14.676725037325188,4.325602475682594,-2.216717341275236,0.01,2.144433080146697,2.643163556676802,0.3756361356562441,0,0,4.325602475682593,3,0
hidden_no_signal,102,random,source_repair,14.676725037325188,4.325602475682594,-2.216717341275236,0.01,2.144433080146697,2.6431635566768,0.37563613565624426,0,0,4.325602475682593,3,0
hidden_no_signal,102,entropy,source_repair,14.67672503732519,4.325602475682592,-2.216717341275236,0.01,2.144433080146697,2.643163556676802,0.3756361356562442,0,0,4.325602475682592,3,0
hidden_no_signal,102,myopic,source_repair,17.698865119482065,1.3034623935257166,-2.216717341275236,0.01,2.144433080146697,9.375914781199135,0.21126753546815158,0,0,1.3034623935257168,1,2
hidden_no_signal,102,sequential,source_repair,17.698865119482065,1.3034623935257166,-2.216717341275236,0.01,2.144433080146697,9.375914781199135,0.21126753546815158,0,0,1.3034623935257168,1,36
hidden_no_signal,103,stop,mechanism_repair,12.262644774025874,0.0,-0.6981460670777384,0.01,0.5745160343660562,3.612720051513044,0.4773579357421066,0,0,0.0,0,0
hidden_no_signal,103,fixed,mechanism_repair,9.380752005717937,2.881892768307937,-0.6981460670777384,0.01,0.5745160343660562,3.5358848978525153,0.3797760913068194,0,0,2.881892768307936,3,0
hidden_no_signal,103,random,mechanism_repair,9.380752005717937,2.881892768307937,-0.6981460670777384,0.01,0.5745160343660562,3.5358848978525153,0.37977609130681944,0,0,2.881892768307936,3,0
hidden_no_signal,103,entropy,mechanism_repair,9.380752005717937,2.881892768307937,-0.6981460670777384,0.01,0.5745160343660562,3.5358848978525153,0.37977609130681944,0,0,2.881892768307936,3,0
hidden_no_signal,103,myopic,mechanism_repair,10.696548079183955,1.566096694841919,-0.6981460670777384,0.01,0.5745160343660562,7.705697013682205,0.057070156720576186,0,0,1.5660966948419184,1,2
hidden_no_signal,103,sequential,mechanism_repair,10.696548079183955,1.566096694841919,-0.6981460670777384,0.01,0.5745160343660562,7.705697013682205,0.057070156720576186,0,0,1.5660966948419184,1,36
hidden_no_signal,104,stop,source_repair,0.8925354450570077,14.583855864378098,-15.077783246594114,0.01,-4.506004188637322,6.329289974045962,1.0816774068245727,0,0,0.0,0,0
hidden_no_signal,104,fixed,mechanism_repair,-5.934045854953518,21.41043716438862,-15.944322513639753,0.01,-5.578346531606299,11.183546513100957,1.7620295779678652,0,0,5.754238957041548,3,0
hidden_no_signal,104,random,mechanism_repair,-5.934045854953518,21.41043716438862,-15.944322513639753,0.01,-5.578346531606299,11.183546513100957,1.7620295779678652,0,0,5.754238957041548,3,0
hidden_no_signal,104,entropy,mechanism_repair,-5.934045854953517,21.41043716438862,-15.944322513639753,0.01,-5.578346531606299,11.183546513100957,1.7620295779678654,0,0,5.754238957041547,3,0
hidden_no_signal,104,myopic,mechanism_repair,-2.5255804570626603,18.001971766497764,-15.944322513639753,0.01,-5.578346531606299,13.080987877800684,1.7299897654566638,0,0,2.3457735591506905,1,2
hidden_no_signal,104,sequential,mechanism_repair,-2.5255804570626603,18.001971766497764,-15.944322513639753,0.01,-5.578346531606299,13.080987877800684,1.7299897654566638,0,0,2.3457735591506905,1,36
hidden_no_signal,105,stop,mechanism_repair,16.87612361969627,0.0,-0.9608040964837161,0.01,0.7906617043980582,4.7105787703111375,0.5397486577385536,0,0,0.0,0,0
hidden_no_signal,105,fixed,general,-15.593537808008909,32.46966142770518,-76.06365763829419,0.2,-13.611391366852647,7.9029985668564,1.920557731595539,1,0,5.825362827091128,3,0
hidden_no_signal,105,random,general,-15.593537808008909,32.46966142770518,-76.06365763829419,0.2,-13.611391366852647,7.9029985668564,1.920557731595539,1,0,5.825362827091128,3,0
hidden_no_signal,105,entropy,general,-15.593537808008909,32.46966142770518,-76.06365763829419,0.2,-13.611391366852647,7.9029985668564,1.9205577315955393,1,0,5.825362827091128,3,0
hidden_no_signal,105,myopic,general,-13.139830778596105,30.015954398292372,-76.06365763829419,0.2,-13.611391366852647,8.170945419008987,1.7933777114793854,1,0,3.371655797678324,2,3
hidden_no_signal,105,sequential,general,-15.593537808008909,32.46966142770518,-76.06365763829419,0.2,-13.611391366852647,7.9029985668564,1.9205577315955393,1,0,5.825362827091128,3,37
hidden_no_signal,106,stop,source_repair,0.6938590728396942,11.337522520283546,-11.721502783893865,0.01,-3.502977843462534,3.2218629138244457,0.7094281823926749,0,0,0.0,0,0
hidden_no_signal,106,fixed,source_repair,-2.1134840721712047,14.144865665294446,-11.721502783893865,0.01,-3.502977843462534,3.6105987913122792,0.6356507627740852,0,0,2.8073431450108988,3,0
hidden_no_signal,106,random,source_repair,-2.1134840721712047,14.144865665294446,-11.721502783893865,0.01,-3.502977843462534,3.6105987913122792,0.6356507627740852,0,0,2.8073431450108988,3,0
hidden_no_signal,106,entropy,source_repair,-2.1134840721712047,14.144865665294446,-11.721502783893865,0.01,-3.502977843462534,3.6105987913122792,0.6356507627740852,0,0,2.8073431450108988,3,0
hidden_no_signal,106,myopic,source_repair,-0.33957743377347815,12.370959026896719,-11.721502783893865,0.01,-3.502977843462534,5.560344396457928,1.0120646084524412,0,0,1.0334365066131723,1,2
hidden_no_signal,106,sequential,source_repair,-0.33957743377347815,12.370959026896719,-11.721502783893865,0.01,-3.502977843462534,5.560344396457928,1.0120646084524412,0,0,1.0334365066131723,1,36
hidden_no_signal,107,stop,source_repair,17.522451971187845,0.0,-2.0440823956752463,0.01,1.9774275349467045,5.903387925644523,0.5372061949712211,0,0,0.0,0,0
hidden_no_signal,107,fixed,mechanism_repair,-11.011019288830797,28.533471260018644,-84.42949025615142,0.08,-8.93175133762444,2.4507858302313648,1.331342079533327,0,0,3.541231229852347,3,0
hidden_no_signal,107,random,mechanism_repair,-11.011019288830799,28.533471260018644,-84.42949025615142,0.08,-8.93175133762444,2.4507858302313625,1.3313420795333273,0,0,3.5412312298523476,3,0
hidden_no_signal,107,entropy,mechanism_repair,-11.011019288830799,28.533471260018644,-84.42949025615142,0.08,-8.93175133762444,2.4507858302313643,1.3313420795333275,0,0,3.5412312298523476,3,0
hidden_no_signal,107,myopic,mechanism_repair,-8.190066214790434,25.71251818597828,-84.42949025615142,0.08,-8.93175133762444,8.662051001789138,1.223338050283612,0,0,0.7202781558119844,2,3
hidden_no_signal,107,sequential,mechanism_repair,-8.190066214790434,25.71251818597828,-84.42949025615142,0.08,-8.93175133762444,8.662051001789138,1.223338050283612,0,0,0.7202781558119844,2,37
hidden_no_signal,108,stop,mechanism_repair,16.38915708373888,0.0,-0.9330797533145141,0.01,0.7678468803317351,4.6558723739239545,0.5650310515057486,0,0,0.0,0,0
hidden_no_signal,108,fixed,mechanism_repair,8.651688692440871,7.737468391298009,-0.9330797533145141,0.01,0.7678468803317351,7.527287053145786,0.006054457000558869,0,0,7.737468391298009,3,0
hidden_no_signal,108,random,mechanism_repair,8.651688692440871,7.737468391298009,-0.9330797533145141,0.01,0.7678468803317351,7.527287053145784,0.006054457000558882,0,0,7.737468391298009,3,0
hidden_no_signal,108,entropy,mechanism_repair,8.651688692440871,7.737468391298009,-0.9330797533145141,0.01,0.7678468803317351,7.527287053145786,0.00605445700055887,0,0,7.737468391298009,3,0
hidden_no_signal,108,myopic,mechanism_repair,11.155191555180567,5.233965528558313,-0.9330797533145141,0.01,0.7678468803317351,8.65639747514257,0.02990151518490322,0,0,5.233965528558313,2,3
hidden_no_signal,108,sequential,mechanism_repair,11.155191555180567,5.233965528558313,-0.9330797533145141,0.01,0.7678468803317351,8.65639747514257,0.02990151518490322,0,0,5.233965528558313,2,37
hidden_no_signal,109,stop,source_repair,-6.033544871236169,19.343020750198,-59.988148902923704,0.08,-7.072287028555216,3.262009972750623,0.6848523367848367,0,0,0.0,0,0
hidden_no_signal,109,fixed,source_repair,-9.553857808787765,22.8633336877496,-59.988148902923704,0.08,-7.072287028555216,6.04116742899729,1.5039384108370621,0,0,3.520312937551595,3,0
hidden_no_signal,109,random,source_repair,-9.553857808787765,22.8633336877496,-59.988148902923704,0.08,-7.072287028555216,6.04116742899729,1.5039384108370621,0,0,3.520312937551595,3,0
hidden_no_signal,109,entropy,source_repair,-9.553857808787763,22.863333687749595,-59.988148902923704,0.08,-7.072287028555216,6.041167428997291,1.503938410837062,0,0,3.5203129375515947,3,0
hidden_no_signal,109,myopic,source_repair,-7.4253693848979525,20.734845263859786,-59.988148902923704,0.08,-7.072287028555216,4.930875664148309,1.2100946256323617,0,0,1.3918245136617842,1,2
hidden_no_signal,109,sequential,source_repair,-7.4253693848979525,20.734845263859786,-59.988148902923704,0.08,-7.072287028555216,4.930875664148309,1.2100946256323617,0,0,1.3918245136617842,1,36
hidden_no_signal,110,stop,source_repair,17.85271023370827,0.0,-2.0826086876322325,0.01,2.014697534774661,5.197310549302917,0.508374316073523,0,0,0.0,0,0
hidden_no_signal,110,fixed,source_repair,11.632305272395028,6.220404961313241,-2.0826086876322325,0.01,2.014697534774661,10.276534147705084,0.005674930508998624,0,0,6.220404961313241,3,0
hidden_no_signal,110,random,source_repair,11.63230527239503,6.220404961313239,-2.0826086876322325,0.01,2.014697534774661,10.276534147705085,0.005674930508998625,0,0,6.22040496131324,3,0
hidden_no_signal,110,entropy,source_repair,11.632305272395028,6.220404961313241,-2.0826086876322325,0.01,2.014697534774661,10.276534147705084,0.005674930508998624,0,0,6.220404961313241,3,0
hidden_no_signal,110,myopic,source_repair,15.51304897159779,2.3396612621104786,-2.0826086876322325,0.01,2.014697534774661,11.48177753636575,0.051584111236510674,0,0,2.339661262110479,1,2
hidden_no_signal,110,sequential,source_repair,15.51304897159779,2.3396612621104786,-2.0826086876322325,0.01,2.014697534774661,11.48177753636575,0.051584111236510674,0,0,2.339661262110479,1,36
hidden_no_signal,111,stop,mechanism_repair,-0.12004690113157251,10.45275848768524,-10.645122799137038,0.01,-3.7243466314915588,4.542919086112685,0.6196596392508442,0,0,0.0,0,0
hidden_no_signal,111,fixed,source_repair,-4.657059842267449,14.989771428821117,-10.066583516575244,0.01,-3.0084042693213373,0.6013982115863552,1.3580761804658388,0,0,5.2529553033060985,3,0
hidden_no_signal,111,random,source_repair,-4.657059842267449,14.989771428821117,-10.066583516575244,0.01,-3.0084042693213373,0.601398211586357,1.3580761804658388,0,0,5.2529553033060985,3,0
hidden_no_signal,111,entropy,source_repair,-4.657059842267449,14.989771428821117,-10.066583516575244,0.01,-3.0084042693213373,0.6013982115863552,1.3580761804658388,0,0,5.2529553033060985,3,0
hidden_no_signal,111,myopic,mechanism_repair,-0.12004690113157251,10.45275848768524,-10.645122799137038,0.01,-3.7243466314915588,4.542919086112685,0.6196596392508442,0,0,0.0,0,1
hidden_no_signal,111,sequential,mechanism_repair,-0.12004690113157251,10.45275848768524,-10.645122799137038,0.01,-3.7243466314915588,4.542919086112685,0.6196596392508442,0,0,0.0,0,31
hidden_no_signal,112,stop,mechanism_repair,19.855690277427886,0.0,-1.1304390147272425,0.01,0.9302571058692937,4.082355122495953,0.6294426584165363,0,0,0.0,0,0
hidden_no_signal,112,fixed,mechanism_repair,17.07128474765149,2.7844055297763965,-1.1304390147272425,0.01,0.9302571058692937,15.139787230754775,0.009253909724896363,0,0,2.7844055297763948,3,0
hidden_no_signal,112,random,mechanism_repair,17.071284747651493,2.784405529776393,-1.1304390147272425,0.01,0.9302571058692937,15.139787230754775,0.00925390972489638,0,0,2.7844055297763943,3,0
hidden_no_signal,112,entropy,mechanism_repair,17.071284747651493,2.784405529776393,-1.1304390147272425,0.01,0.9302571058692937,15.139787230754779,0.009253909724896347,0,0,2.7844055297763943,3,0
hidden_no_signal,112,myopic,mechanism_repair,18.731808646869514,1.1238816305583725,-1.1304390147272425,0.01,0.9302571058692937,13.558357715262153,0.06771264495380333,0,0,1.123881630558373,1,2
hidden_no_signal,112,sequential,mechanism_repair,18.731808646869514,1.1238816305583725,-1.1304390147272425,0.01,0.9302571058692937,13.558357715262153,0.06771264495380333,0,0,1.123881630558373,1,36
hidden_no_signal,113,stop,mechanism_repair,-8.068653075186178,26.995908422436564,-91.19833933880867,0.08,-9.647824319526602,6.027013366818144,0.8937673537074118,0,0,0.0,0,0
hidden_no_signal,113,fixed,source_repair,14.068847763683024,4.858407583567363,-2.2079597945185236,0.01,2.135961105566835,1.1793972728093847,0.410608111665698,0,0,4.858407583567362,3,0
hidden_no_signal,113,random,source_repair,14.068847763683024,4.858407583567363,-2.2079597945185236,0.01,2.135961105566835,1.1793972728093847,0.410608111665698,0,0,4.858407583567362,3,0
hidden_no_signal,113,entropy,source_repair,14.068847763683024,4.858407583567363,-2.2079597945185236,0.01,2.135961105566835,1.1793972728093847,0.410608111665698,0,0,4.858407583567362,3,0
hidden_no_signal,113,myopic,source_repair,17.867043551410777,1.06021179583961,-2.2079597945185236,0.01,2.135961105566835,7.825654246418503,0.28330429108318594,0,0,1.0602117958396093,1,2
hidden_no_signal,113,sequential,source_repair,17.867043551410777,1.06021179583961,-2.2079597945185236,0.01,2.135961105566835,7.825654246418503,0.28330429108318594,0,0,1.0602117958396093,1,36
hidden_no_signal,114,stop,source_repair,0.7891600479927804,12.89472194924126,-13.331441587450858,0.01,-3.984108980157728,3.21636865057985,0.6507298509871682,0,0,0.0,0,0
hidden_no_signal,114,fixed,mechanism_repair,-6.625242635232279,20.30912463246632,-14.097616391327344,0.01,-4.932250299954879,-0.7093738151696494,0.5273877142528971,0,0,6.4662613634279085,3,0
hidden_no_signal,114,random,mechanism_repair,-6.625242635232278,20.309124632466318,-14.097616391327344,0.01,-4.932250299954879,-0.7093738151696503,0.527387714252897,0,0,6.466261363427908,3,0
hidden_no_signal,114,entropy,mechanism_repair,-6.625242635232279,20.30912463246632,-14.097616391327344,0.01,-4.932250299954879,-0.7093738151696494,0.5273877142528971,0,0,6.4662613634279085,3,0
hidden_no_signal,114,myopic,mechanism_repair,-0.8309186301155626,14.514800627349603,-14.097616391327344,0.01,-4.932250299954879,5.851940633029647,0.4683546719331653,0,0,0.6719373583111914,1,2
hidden_no_signal,114,sequential,mechanism_repair,-0.8309186301155626,14.514800627349603,-14.097616391327344,0.01,-4.932250299954879,5.851940633029647,0.4683546719331653,0,0,0.6719373583111914,1,36
hidden_no_signal,115,stop,mechanism_repair,12.218488794594254,0.0,-0.6956321458196246,0.01,0.5724472866640649,4.0795023794576135,0.5396316398746449,0,0,0.0,0,0
hidden_no_signal,115,fixed,mechanism_repair,7.6373572738051525,4.581131520789102,-0.6956321458196246,0.01,0.5724472866640649,6.791506246053984,0.0060933265373933985,0,0,4.581131520789102,3,0
hidden_no_signal,115,random,mechanism_repair,7.6373572738051525,4.581131520789102,-0.6956321458196246,0.01,0.5724472866640649,6.791506246053983,0.006093326537393412,0,0,4.581131520789102,3,0
hidden_no_signal,115,entropy,mechanism_repair,7.6373572738051525,4.581131520789102,-0.6956321458196246,0.01,0.5724472866640649,6.791506246053984,0.0060933265373933985,0,0,4.581131520789102,3,0
hidden_no_signal,115,myopic,mechanism_repair,10.805537697472335,1.412951097121919,-0.6956321458196246,0.01,0.5724472866640649,9.012780249255488,0.026181819789563316,0,0,1.41295109712192,1,2
hidden_no_signal,115,sequential,mechanism_repair,10.805537697472335,1.412951097121919,-0.6956321458196246,0.01,0.5724472866640649,9.012780249255488,0.026181819789563316,0,0,1.41295109712192,1,36
hidden_no_signal,116,stop,source_repair,0.7390729232170269,12.076308056060745,-12.485309576675993,0.01,-3.7312419424548944,4.369245785891845,0.5011622070619117,0,0,0.0,0,0
hidden_no_signal,116,fixed,source_repair,-4.378229655222041,17.193610634499812,-12.485309576675993,0.01,-3.7312419424548944,8.800731219886222,1.9583519907563134,0,0,5.117302578439068,3,0
hidden_no_signal,116,random,source_repair,-4.378229655222041,17.193610634499812,-12.485309576675993,0.01,-3.7312419424548944,8.800731219886222,1.9583519907563134,0,0,5.117302578439068,3,0
hidden_no_signal,116,entropy,source_repair,-4.378229655222041,17.193610634499812,-12.485309576675993,0.01,-3.7312419424548944,8.800731219886222,1.9583519907563134,0,0,5.117302578439068,3,0
hidden_no_signal,116,myopic,source_repair,0.02355204623512186,12.79182893304265,-12.485309576675993,0.01,-3.7312419424548944,11.29924519819097,1.5691589250880953,0,0,0.715520876981905,1,2
hidden_no_signal,116,sequential,source_repair,0.02355204623512186,12.79182893304265,-12.485309576675993,0.01,-3.7312419424548944,11.29924519819097,1.5691589250880953,0,0,0.715520876981905,1,36
hidden_no_signal,117,stop,mechanism_repair,-0.17263105016872948,15.03138071770368,-15.308006376407787,0.01,-5.3557223395720195,4.598044741267516,0.3803024074818391,0,0,0.0,0,0
hidden_no_signal,117,fixed,mechanism_repair,-4.495459516171678,19.35420918370663,-15.308006376407787,0.01,-5.3557223395720195,12.311993250448943,1.868818821649486,0,0,4.322828466002949,3,0
hidden_no_signal,117,random,mechanism_repair,-4.495459516171678,19.35420918370663,-15.308006376407787,0.01,-5.3557223395720195,12.311993250448943,1.868818821649486,0,0,4.322828466002949,3,0
hidden_no_signal,117,entropy,mechanism_repair,-4.495459516171678,19.35420918370663,-15.308006376407787,0.01,-5.3557223395720195,12.311993250448939,1.8688188216494859,0,0,4.322828466002949,3,0
hidden_no_signal,117,myopic,mechanism_repair,-0.7457798639137668,15.604529531448717,-15.308006376407787,0.01,-5.3557223395720195,12.755205769780405,1.313336700640227,0,0,0.5731488137450373,1,2
hidden_no_signal,117,sequential,mechanism_repair,-0.7457798639137668,15.604529531448717,-15.308006376407787,0.01,-5.3557223395720195,12.755205769780405,1.313336700640227,0,0,0.5731488137450373,1,36
hidden_no_signal,118,stop,source_repair,-8.503185913924193,27.260475406413697,-84.54240312117197,0.08,-9.967104367969752,4.1591263390760345,0.6252774387070612,0,0,0.0,0,0
hidden_no_signal,118,fixed,source_repair,-12.223928791700835,30.981218284190337,-84.54240312117197,0.08,-9.967104367969752,13.19553464231807,1.920294556663858,0,0,3.720742877776643,3,0
hidden_no_signal,118,random,source_repair,-12.223928791700835,30.981218284190337,-84.54240312117197,0.08,-9.967104367969752,13.19553464231807,1.920294556663858,0,0,3.720742877776643,3,0
hidden_no_signal,118,entropy,source_repair,-12.223928791700835,30.981218284190337,-84.54240312117197,0.08,-9.967104367969752,13.19553464231807,1.920294556663858,0,0,3.720742877776643,3,0
hidden_no_signal,118,myopic,source_repair,-11.641430003886349,30.39871949637585,-84.54240312117197,0.08,-9.967104367969752,13.205927624201808,1.8583372208309923,0,0,3.1382440899621558,2,3
hidden_no_signal,118,sequential,source_repair,-10.229904418116778,28.98719391060628,-84.54240312117197,0.08,-9.967104367969752,11.358345669813072,1.5189167824625776,0,0,1.726718504192584,2,37
hidden_no_signal,119,stop,mechanism_repair,-5.009611736595024,16.761040338812943,-56.622619271448805,0.08,-5.990077091348005,5.050159917439386,1.1021025946667629,0,0,0.0,0,0
hidden_no_signal,119,fixed,mechanism_repair,-9.43693263043319,21.18836123265111,-56.622619271448805,0.08,-5.990077091348005,6.511463336719189,1.7263039120603965,0,0,4.427320893838167,3,0
hidden_no_signal,119,random,mechanism_repair,-9.43693263043319,21.18836123265111,-56.622619271448805,0.08,-5.990077091348005,6.511463336719189,1.7263039120603965,0,0,4.427320893838167,3,0
hidden_no_signal,119,entropy,mechanism_repair,-9.43693263043319,21.18836123265111,-56.622619271448805,0.08,-5.990077091348005,6.511463336719189,1.7263039120603965,0,0,4.427320893838167,3,0
hidden_no_signal,119,myopic,mechanism_repair,-5.009611736595024,16.761040338812943,-56.622619271448805,0.08,-5.990077091348005,5.050159917439386,1.1021025946667629,0,0,0.0,0,1
hidden_no_signal,119,sequential,mechanism_repair,-5.009611736595024,16.761040338812943,-56.622619271448805,0.08,-5.990077091348005,5.050159917439386,1.1021025946667629,0,0,0.0,0,31
reversed,0,stop,mechanism_repair,-0.1884601903550822,16.409660189110568,-16.71165061461931,0.01,-5.846807110413686,4.74689363109968,1.1347921649891242,0,0,0.0,0,0
reversed,0,fixed,mechanism_repair,-6.1322532476897305,22.353453246445213,-16.71165061461931,0.01,-5.846807110413686,4.0232736053542855,1.4669785943012366,0,0,5.9437930573346485,3,0
reversed,0,random,mechanism_repair,-6.1322532476897305,22.353453246445213,-16.71165061461931,0.01,-5.846807110413686,4.023273605354282,1.4669785943012363,0,0,5.9437930573346485,3,0
reversed,0,entropy,mechanism_repair,-6.1322532476897305,22.353453246445213,-16.71165061461931,0.01,-5.846807110413686,4.023273605354282,1.4669785943012363,0,0,5.9437930573346485,3,0
reversed,0,myopic,mechanism_repair,-0.7727551090340605,16.993955107789546,-16.71165061461931,0.01,-5.846807110413686,16.43132208337064,1.8037172911081352,0,0,0.5842949186789783,1,2
reversed,0,sequential,mechanism_repair,-0.7727551090340605,16.993955107789546,-16.71165061461931,0.01,-5.846807110413686,16.43132208337064,1.8037172911081352,0,0,0.5842949186789783,1,36
reversed,1,stop,source_repair,18.350316118724976,0.0,-2.1406569237592077,0.01,2.0708528936366233,9.047050237938336,0.39411963104072106,0,0,0.0,0,0
reversed,1,fixed,general,-25.620294093972632,43.97061021269761,-88.41843815527153,0.3,-25.129450844129806,1.4210451324408817,1.5614962063085056,0,0,7.157128126549481,3,0
reversed,1,random,general,-25.620294093972632,43.97061021269761,-88.41843815527153,0.3,-25.129450844129806,1.421045132440879,1.5614962063085054,0,0,7.157128126549482,3,0
reversed,1,entropy,general,-25.620294093972632,43.97061021269761,-88.41843815527153,0.3,-25.129450844129806,1.421045132440879,1.5614962063085054,0,0,7.157128126549482,3,0
reversed,1,myopic,mechanism_repair,-12.844004180907856,31.19432029963283,-88.41843815527153,0.08,-9.353740036426096,7.335107333754127,1.4641466861287067,0,0,5.0212992051704095,2,3
reversed,1,sequential,general,-23.203185630480956,41.553501749205935,-88.41843815527153,0.3,-25.129450844129806,10.118832126106657,1.855189393666347,1,0,4.7400196630578035,2,37
reversed,2,stop,mechanism_repair,21.397461311206825,0.0,-1.2182162767618654,0.01,1.0024904777519508,6.715657034057106,0.5010511701221808,0,0,0.0,0,0
reversed,2,fixed,source_repair,-13.318830362137678,34.7162916733445,-96.44212191031426,0.08,-11.370018583110735,6.269260839594117,1.4095546232271623,0,0,3.618783258421332,3,0
reversed,2,random,source_repair,-13.318830362137678,34.7162916733445,-96.44212191031426,0.08,-11.370018583110735,6.269260839594119,1.4095546232271623,0,0,3.618783258421332,3,0
reversed,2,entropy,source_repair,-13.318830362137678,34.7162916733445,-96.44212191031426,0.08,-11.370018583110735,6.269260839594119,1.4095546232271623,0,0,3.618783258421332,3,0
reversed,2,myopic,source_repair,-11.141090451715977,32.5385517629228,-96.44212191031426,0.08,-11.370018583110735,11.456782183897865,1.2294650693665228,0,0,1.4410433479996307,1,2
reversed,2,sequential,source_repair,-11.463388918799438,32.860850230006264,-96.44212191031426,0.08,-11.370018583110735,14.139814036699217,1.5782277632826534,0,0,1.7633418150830922,2,37
reversed,3,stop,mechanism_repair,18.124995011742335,0.0,-1.0319057769702678,0.01,0.849172462298449,4.37205277862518,0.5533003452073044,0,0,0.0,0,0
reversed,3,fixed,source_repair,-15.703085341412127,33.82808035315446,-81.69254067681281,0.08,-9.631120585055827,5.984450445594907,1.6243665547131636,0,0,7.486535592286375,3,0
reversed,3,random,source_repair,-15.703085341412127,33.82808035315446,-81.69254067681281,0.08,-9.631120585055827,5.984450445594907,1.6243665547131636,0,0,7.486535592286375,3,0
reversed,3,entropy,source_repair,-15.703085341412127,33.82808035315446,-81.69254067681281,0.08,-9.631120585055827,5.984450445594907,1.6243665547131636,0,0,7.486535592286375,3,0
reversed,3,myopic,source_repair,-10.613957161651966,28.738952173394303,-81.69254067681281,0.08,-9.631120585055827,12.335108402408302,1.6789213922847517,0,0,2.397407412526214,1,2
reversed,3,sequential,source_repair,-10.613957161651966,28.738952173394303,-81.69254067681281,0.08,-9.631120585055827,12.335108402408302,1.6789213922847517,0,0,2.397407412526214,1,36
reversed,4,stop,mechanism_repair,-0.1952022675371453,16.99670828302351,-17.30950227799267,0.01,-6.055973962748795,10.392080772767262,0.8433078970882854,0,0,0.0,0,0
reversed,4,fixed,mechanism_repair,-4.055484358816172,20.856990374302537,-17.30950227799267,0.01,-6.055973962748795,14.945309194949795,1.8576627031846298,0,0,3.8602820912790268,3,0
reversed,4,random,mechanism_repair,-4.055484358816172,20.856990374302537,-17.30950227799267,0.01,-6.055973962748795,14.945309194949795,1.8576627031846298,0,0,3.8602820912790268,3,0
reversed,4,entropy,mechanism_repair,-4.055484358816172,20.856990374302537,-17.30950227799267,0.01,-6.055973962748795,14.945309194949795,1.8576627031846298,0,0,3.8602820912790268,3,0
reversed,4,myopic,mechanism_repair,-0.1952022675371453,16.99670828302351,-17.30950227799267,0.01,-6.055973962748795,10.392080772767262,0.8433078970882854,0,0,0.0,0,1
reversed,4,sequential,mechanism_repair,-0.8667022279781929,17.668208243464555,-17.30950227799267,0.01,-6.055973962748795,14.079135411252722,1.3072990924282006,0,0,0.6714999604410475,1,36
reversed,5,stop,mechanism_repair,18.777438985139746,0.0,-1.0690512054165668,0.01,0.8797400544573837,5.675044764603586,0.6491467344045807,0,0,0.0,0,0
reversed,5,fixed,source_repair,-11.247993903567481,30.02543288870723,-84.63322042881157,0.08,-9.977811250554632,11.528058389286537,1.603764099533149,0,0,2.735673680438064,3,0
reversed,5,random,source_repair,-11.247993903567481,30.02543288870723,-84.63322042881157,0.08,-9.977811250554632,11.528058389286537,1.603764099533149,0,0,2.735673680438064,3,0
reversed,5,entropy,source_repair,-11.247993903567483,30.02543288870723,-84.63322042881157,0.08,-9.977811250554632,11.528058389286535,1.603764099533149,0,0,2.7356736804380644,3,0
reversed,5,myopic,source_repair,-10.049612689138279,28.827051674278025,-84.63322042881157,0.08,-9.977811250554632,9.942525533273646,1.4434398541487206,0,0,1.5372924660088598,2,3
reversed,5,sequential,source_repair,-10.049612689138279,28.827051674278025,-84.63322042881157,0.08,-9.977811250554632,9.942525533273646,1.4434398541487206,0,0,1.5372924660088598,2,37
reversed,6,stop,mechanism_repair,-8.642309928338065,28.91523593959272,-97.6822656980507,0.08,-10.333755476477997,8.649972897799897,0.8183032855809799,0,0,0.0,0,0
reversed,6,fixed,mechanism_repair,-13.452611279247677,33.72553729050233,-97.6822656980507,0.08,-10.333755476477997,12.744363334951107,1.681478782013561,0,0,4.8103013509096115,3,0
reversed,6,random,mechanism_repair,-13.452611279247677,33.72553729050233,-97.6822656980507,0.08,-10.333755476477997,12.744363334951107,1.681478782013561,0,0,4.8103013509096115,3,0
reversed,6,entropy,mechanism_repair,-13.452611279247677,33.72553729050233,-97.6822656980507,0.08,-10.333755476477997,12.744363334951107,1.6814787820135608,0,0,4.8103013509096115,3,0
reversed,6,myopic,mechanism_repair,-9.215658260459774,29.48858427171443,-97.6822656980507,0.08,-10.333755476477997,13.943736961861786,1.4677904682654461,0,0,0.5733483321217097,1,2
reversed,6,sequential,mechanism_repair,-10.61052019883935,30.883446210094004,-97.6822656980507,0.08,-10.333755476477997,16.490146002293738,1.6419173182298328,0,0,1.9682102705012836,1,36
reversed,7,stop,source_repair,0.7771407314456856,12.698328650709602,-13.128396822480514,0.01,-3.923428935453947,4.050830167326877,0.34818526966293595,0,0,0.0,0,0
reversed,7,fixed,source_repair,-3.4704702231877356,16.94593960534302,-13.128396822480514,0.01,-3.923428935453947,6.6605767040325805,1.1873975075455332,0,0,4.247610954633421,3,0
reversed,7,random,source_repair,-3.4704702231877356,16.94593960534302,-13.128396822480514,0.01,-3.923428935453947,6.6605767040325805,1.1873975075455332,0,0,4.247610954633421,3,0
reversed,7,entropy,source_repair,-3.4704702231877356,16.94593960534302,-13.128396822480514,0.01,-3.923428935453947,6.6605767040325805,1.1873975075455332,0,0,4.247610954633421,3,0
reversed,7,myopic,source_repair,-0.7011037701496964,14.176573152304984,-13.128396822480514,0.01,-3.923428935453947,6.132090384737713,0.679041040811019,0,0,1.478244501595382,2,3
reversed,7,sequential,source_repair,-0.7011037701496964,14.176573152304984,-13.128396822480514,0.01,-3.923428935453947,6.132090384737713,0.679041040811019,0,0,1.478244501595382,2,37
reversed,8,stop,source_repair,0.931018640353401,15.21266380305606,-15.727887710824447,0.01,-4.700288281395812,7.0600119154814465,0.7857736135269551,0,0,0.0,0,0
reversed,8,fixed,mechanism_repair,-4.602785372412188,20.74646781582165,-16.631789303400566,0.01,-5.818866502208758,2.9145608676758874,1.3805827459675721,0,0,4.415225791952643,3,0
reversed,8,random,mechanism_repair,-4.602785372412188,20.74646781582165,-16.631789303400566,0.01,-5.818866502208758,2.9145608676758883,1.3805827459675721,0,0,4.415225791952643,3,0
reversed,8,entropy,mechanism_repair,-4.602785372412188,20.74646781582165,-16.631789303400566,0.01,-5.818866502208758,2.9145608676758883,1.3805827459675721,0,0,4.415225791952643,3,0
reversed,8,myopic,mechanism_repair,-0.8823881710915499,17.02607061450101,-16.631789303400566,0.01,-5.818866502208758,9.373429191896559,1.18151625560814,0,0,0.6948285906320052,1,2
reversed,8,sequential,mechanism_repair,-0.8823881710915499,17.02607061450101,-16.631789303400566,0.01,-5.818866502208758,9.373429191896559,1.18151625560814,0,0,0.6948285906320052,1,36
reversed,9,stop,source_repair,1.020158335630176,16.669189115199863,-17.23374275724763,0.01,-5.150313927453315,6.519942297768354,0.909337465329647,0,0,0.0,0,0
reversed,9,fixed,source_repair,-1.3570285885196758,19.046376039349713,-17.23374275724763,0.01,-5.150313927453315,8.094051621624894,1.1789610713669614,0,0,2.3771869241498518,3,0
reversed,9,random,source_repair,-1.3570285885196758,19.046376039349713,-17.23374275724763,0.01,-5.150313927453315,8.094051621624896,1.1789610713669614,0,0,2.3771869241498518,3,0
reversed,9,entropy,source_repair,-1.3570285885196758,19.046376039349713,-17.23374275724763,0.01,-5.150313927453315,8.094051621624896,1.1789610713669614,0,0,2.3771869241498518,3,0
reversed,9,myopic,source_repair,0.2945505747335677,17.39479687609647,-17.23374275724763,0.01,-5.150313927453315,13.508168512562396,1.4533830771050862,0,0,0.7256077608966083,1,2
reversed,9,sequential,source_repair,0.2945505747335677,17.39479687609647,-17.23374275724763,0.01,-5.150313927453315,13.508168512562396,1.4533830771050862,0,0,0.7256077608966083,1,36
reversed,10,stop,source_repair,1.0111532190049992,16.52204725811081,-17.08161748610387,0.01,-5.104851202743686,5.689367586682161,0.794894609389513,0,0,0.0,0,0
reversed,10,fixed,source_repair,-2.489893052949908,20.023093530065715,-17.08161748610387,0.01,-5.104851202743686,5.251436676039463,1.500239300534065,0,0,3.501046271954907,3,0
reversed,10,random,source_repair,-2.489893052949908,20.023093530065715,-17.08161748610387,0.01,-5.104851202743686,5.251436676039464,1.5002393005340648,0,0,3.501046271954907,3,0
reversed,10,entropy,source_repair,-2.4898930529499084,20.02309353006572,-17.08161748610387,0.01,-5.104851202743686,5.251436676039466,1.500239300534065,0,0,3.5010462719549076,3,0
reversed,10,myopic,mechanism_repair,-0.6462505291284077,18.179451006244218,-18.063319640477655,0.01,-6.319707618781245,13.863196262365753,1.4029524290958582,0,0,0.44254733209584685,1,2
reversed,10,sequential,source_repair,-0.6010275190100876,18.134227996125897,-17.08161748610387,0.01,-5.104851202743686,14.536993863556184,1.6280743970774092,0,0,1.6121807380150868,1,36
reversed,11,stop,mechanism_repair,15.702976444810375,0.0,-0.8940136037847202,0.01,0.7356986947811766,5.6276395215942285,0.43990849953326666,0,0,0.0,0,0
reversed,11,fixed,source_repair,-11.848808014757887,27.55178445956826,-70.77607696629039,0.08,-8.344126968657395,1.4504006471257176,1.4488747960449342,0,0,4.7302246946220485,3,0
reversed,11,random,source_repair,-11.848808014757887,27.55178445956826,-70.77607696629039,0.08,-8.344126968657395,1.4504006471257167,1.4488747960449342,0,0,4.7302246946220485,3,0
reversed,11,entropy,source_repair,-11.848808014757887,27.55178445956826,-70.77607696629039,0.08,-8.344126968657395,1.4504006471257176,1.4488747960449342,0,0,4.7302246946220485,3,0
reversed,11,myopic,general,-9.426121666910012,25.12909811172039,-70.77607696629039,0.2,-12.665192720283546,7.134647696538764,1.2980154273081985,0,0,0.33698336176535026,1,2
reversed,11,sequential,general,-9.426121666910012,25.12909811172039,-70.77607696629039,0.2,-12.665192720283546,7.134647696538764,1.2980154273081985,0,0,0.33698336176535026,1,36
reversed,12,stop,source_repair,0.867953973702377,14.18219939554467,-14.66252343924404,0.01,-4.381903556555692,5.191413114254245,0.45263722185527233,0,0,0.0,0,0
reversed,12,fixed,mechanism_repair,-7.539862570422994,22.59001593967004,-15.505197200120136,0.01,-5.4247123356398586,-1.5657325051675501,1.4648014724048117,0,0,7.365007765041204,3,0
reversed,12,random,mechanism_repair,-7.5398625704229945,22.590015939670042,-15.505197200120136,0.01,-5.4247123356398586,-1.5657325051675484,1.4648014724048117,0,0,7.365007765041205,3,0
reversed,12,entropy,mechanism_repair,-7.5398625704229945,22.590015939670042,-15.505197200120136,0.01,-5.4247123356398586,-1.5657325051675484,1.4648014724048117,0,0,7.365007765041205,3,0
reversed,12,myopic,mechanism_repair,-5.559505563115816,20.609658932362862,-15.505197200120136,0.01,-5.4247123356398586,7.173410338372794,1.6187826139357515,0,0,5.384650757734026,2,3
reversed,12,sequential,mechanism_repair,-5.559505563115816,20.609658932362862,-15.505197200120136,0.01,-5.4247123356398586,7.173410338372794,1.6187826139357515,0,0,5.384650757734026,2,37
reversed,13,stop,source_repair,17.67512583896659,0.0,-2.0618925723513937,0.01,1.994656944992109,7.460455706503612,0.48003545895500715,0,0,0.0,0,0
reversed,13,fixed,source_repair,11.605231035853517,6.069894803113073,-2.0618925723513937,0.01,1.994656944992109,0.48068751430611467,0.8769697215554993,0,0,6.069894803113072,3,0
reversed,13,random,source_repair,11.60523103585352,6.069894803113071,-2.0618925723513937,0.01,1.994656944992109,0.48068751430611734,0.876969721555499,0,0,6.069894803113071,3,0
reversed,13,entropy,source_repair,11.605231035853517,6.069894803113073,-2.0618925723513937,0.01,1.994656944992109,0.48068751430611467,0.8769697215554993,0,0,6.069894803113072,3,0
reversed,13,myopic,general,-20.051144111925048,37.726269950891634,-85.16512798842712,0.3,-24.20482584934245,8.6710233850437,1.4800358413287171,0,0,2.267320675394282,1,2
reversed,13,sequential,source_repair,15.805766075375647,1.8693597635909427,-2.0618925723513937,0.01,1.994656944992109,11.029421422516016,0.10495809522441506,0,0,1.869359763590942,1,36
reversed,14,stop,mechanism_repair,20.149036073023264,0.0,-1.1471399970408225,0.01,0.9440006225648429,10.459244659994543,0.25581937291153306,0,0,0.0,0,0
reversed,14,fixed,source_repair,-12.954088182717205,33.10312425574047,-90.8152497657317,0.08,-10.706639972381003,10.015121503484574,1.4182856868930644,0,0,3.8199859562796648,3,0
reversed,14,random,source_repair,-12.954088182717205,33.10312425574047,-90.8152497657317,0.08,-10.706639972381003,10.015121503484572,1.4182856868930644,0,0,3.8199859562796648,3,0
reversed,14,entropy,source_repair,-12.954088182717207,33.10312425574047,-90.8152497657317,0.08,-10.706639972381003,10.015121503484572,1.4182856868930647,0,0,3.819985956279665,3,0
reversed,14,myopic,source_repair,-11.764850312151722,31.913886385174987,-90.8152497657317,0.08,-10.706639972381003,7.009362523871813,1.0429378842229422,0,0,2.630748085714181,2,3
reversed,14,sequential,source_repair,-11.764850312151722,31.913886385174987,-90.8152497657317,0.08,-10.706639972381003,7.009362523871813,1.0429378842229422,0,0,2.630748085714181,2,37
reversed,15,stop,source_repair,-9.086882576363754,29.131756203083484,-90.34577129822675,0.08,-10.65129093200147,5.014280449133911,0.9250171422967627,0,0,0.0,0,0
reversed,15,fixed,source_repair,-14.428109524196726,34.472983150916455,-90.34577129822675,0.08,-10.65129093200147,12.614721146463271,1.8995110000443651,0,0,5.341226947832972,3,0
reversed,15,random,source_repair,-14.428109524196726,34.472983150916455,-90.34577129822675,0.08,-10.65129093200147,12.614721146463268,1.899511000044365,0,0,5.341226947832972,3,0
reversed,15,entropy,source_repair,-14.428109524196726,34.472983150916455,-90.34577129822675,0.08,-10.65129093200147,12.614721146463271,1.8995110000443651,0,0,5.341226947832972,3,0
reversed,15,myopic,source_repair,-9.878280032307467,29.9231536590272,-90.34577129822675,0.08,-10.65129093200147,15.754189060788878,1.7387390078904037,0,0,0.7913974559437136,1,2
reversed,15,sequential,source_repair,-9.878280032307467,29.9231536590272,-90.34577129822675,0.08,-10.65129093200147,15.754189060788878,1.7387390078904037,0,0,0.7913974559437136,1,36
reversed,16,stop,mechanism_repair,-0.15641528660910564,13.619437064144655,-13.870078427024307,0.01,-4.852642927933097,6.629145703165365,0.5586294405392391,0,0,0.0,0,0
reversed,16,fixed,mechanism_repair,-6.160941383674273,19.623963161209822,-13.870078427024307,0.01,-4.852642927933097,9.104049527199734,1.8531756819030767,0,0,6.004526097065168,3,0
reversed,16,random,mechanism_repair,-6.160941383674274,19.623963161209822,-13.870078427024307,0.01,-4.852642927933097,9.104049527199734,1.8531756819030767,0,0,6.004526097065169,3,0
reversed,16,entropy,mechanism_repair,-6.160941383674274,19.623963161209822,-13.870078427024307,0.01,-4.852642927933097,9.104049527199733,1.8531756819030765,0,0,6.004526097065169,3,0
reversed,16,myopic,mechanism_repair,-1.8648264658897897,15.32784824342534,-13.870078427024307,0.01,-4.852642927933097,8.20785410536459,1.2309557078697166,0,0,1.708411179280684,1,2
reversed,16,sequential,mechanism_repair,-1.8648264658897897,15.32784824342534,-13.870078427024307,0.01,-4.852642927933097,8.20785410536459,1.2309557078697166,0,0,1.708411179280684,1,36
reversed,17,stop,mechanism_repair,-0.1192390037197138,10.382413010630945,-10.573482739483016,0.01,-3.6992823443164085,2.817224974503761,0.5505271119500055,0,0,0.0,0,0
reversed,17,fixed,source_repair,-3.6686371887504796,13.931811195661709,-9.998836938424155,0.01,-2.9881581655060696,0.2650506078677015,0.823344136376397,0,0,4.260522363841105,3,0
reversed,17,random,source_repair,-3.6686371887504796,13.931811195661709,-9.998836938424155,0.01,-2.9881581655060696,0.2650506078677006,0.823344136376397,0,0,4.260522363841105,3,0
reversed,17,entropy,source_repair,-3.6686371887504796,13.931811195661709,-9.998836938424155,0.01,-2.9881581655060696,0.2650506078677006,0.823344136376397,0,0,4.260522363841105,3,0
reversed,17,myopic,source_repair,0.1422821376045742,10.120891869306655,-9.998836938424155,0.01,-2.9881581655060696,6.807923868191362,1.2120589889674946,0,0,0.4496030374860511,1,2
reversed,17,sequential,source_repair,0.1422821376045742,10.120891869306655,-9.998836938424155,0.01,-2.9881581655060696,6.807923868191362,1.2120589889674946,0,0,0.4496030374860511,1,36
reversed,18,stop,mechanism_repair,-7.914846770987465,26.481306931425486,-89.45989806589044,0.08,-9.463915532233674,5.46839968411761,0.7699402807342081,0,0,0.0,0,0
reversed,18,fixed,mechanism_repair,-12.332041751514126,30.89850191195215,-89.45989806589044,0.08,-9.463915532233674,13.302567546324129,1.7900591817038736,0,0,4.417194980526661,3,0
reversed,18,random,mechanism_repair,-12.332041751514126,30.89850191195215,-89.45989806589044,0.08,-9.463915532233674,13.302567546324132,1.7900591817038738,0,0,4.417194980526661,3,0
reversed,18,entropy,mechanism_repair,-12.332041751514126,30.89850191195215,-89.45989806589044,0.08,-9.463915532233674,13.302567546324132,1.7900591817038738,0,0,4.417194980526661,3,0
reversed,18,myopic,mechanism_repair,-10.163508079304314,28.729968239742337,-89.45989806589044,0.08,-9.463915532233674,13.602779768432914,1.6588621530609717,0,0,2.2486613083168487,2,3
reversed,18,sequential,mechanism_repair,-10.163508079304314,28.729968239742337,-89.45989806589044,0.08,-9.463915532233674,13.602779768432914,1.6588621530609717,0,0,2.2486613083168487,2,37
reversed,19,stop,mechanism_repair,20.760132893456994,0.0,-1.1819314184390195,0.01,0.9726310630904418,3.993077652173243,0.713919557214556,0,0,0.0,0,0
reversed,19,fixed,general,-16.653044777875653,37.41317767133265,-93.56957062642223,0.2,-16.744028427886086,12.115126142845146,1.91595600279995,1,0,4.636742023745641,3,0
reversed,19,random,general,-16.653044777875653,37.41317767133265,-93.56957062642223,0.2,-16.744028427886086,12.115126142845146,1.91595600279995,1,0,4.636742023745641,3,0
reversed,19,entropy,general,-16.653044777875653,37.41317767133265,-93.56957062642223,0.2,-16.744028427886086,12.115126142845142,1.9159560027999498,1,0,4.63674202374564,3,0
reversed,19,myopic,general,-13.291201423324154,34.05133431678115,-93.56957062642223,0.2,-16.744028427886086,13.21703403847716,1.7301556085560943,1,0,1.2748986691941409,1,2
reversed,19,sequential,general,-13.291201423324154,34.05133431678115,-93.56957062642223,0.2,-16.744028427886086,13.21703403847716,1.7301556085560943,1,0,1.2748986691941409,1,36
reversed,20,stop,source_repair,1.0367965371864578,16.94105409791077,-17.514815288392594,0.01,-5.234312614921924,4.35881263107438,0.46402313763076236,0,0,0.0,0,0
reversed,20,fixed,mechanism_repair,-6.701120765971042,24.678971401068267,-18.52141386818527,0.01,-6.479978357415363,8.009342428824239,1.222716081767379,0,0,6.4922515606640605,3,0
reversed,20,random,mechanism_repair,-6.701120765971042,24.678971401068267,-18.52141386818527,0.01,-6.479978357415363,8.009342428824239,1.222716081767379,0,0,6.4922515606640605,3,0
reversed,20,entropy,mechanism_repair,-6.701120765971042,24.678971401068267,-18.52141386818527,0.01,-6.479978357415363,8.009342428824239,1.222716081767379,0,0,6.4922515606640605,3,0
reversed,20,myopic,mechanism_repair,-3.004808559488375,20.9826591945856,-18.52141386818527,0.01,-6.479978357415363,6.619287291765058,0.8337871913973242,0,0,2.795939354181394,1,2
reversed,20,sequential,mechanism_repair,-3.905181411789647,21.883032046886875,-18.52141386818527,0.01,-6.479978357415363,3.6237119594916276,0.6463280229747047,0,0,3.6963122064826663,2,37
reversed,21,stop,source_repair,-6.510019902094135,20.870558309879495,-64.72547260062196,0.08,-7.630792559231221,3.4650508423073996,1.227641947820984,0,0,0.0,0,0
reversed,21,fixed,general,-13.986436559355532,28.34697496714089,-64.72547260062196,0.2,-11.582452991690245,-0.7343142675920715,1.5729188359908455,0,0,5.674323235907239,3,0
reversed,21,random,general,-13.986436559355532,28.34697496714089,-64.72547260062196,0.2,-11.582452991690245,-0.7343142675920724,1.5729188359908455,0,0,5.674323235907239,3,0
reversed,21,entropy,general,-13.986436559355532,28.34697496714089,-64.72547260062196,0.2,-11.582452991690245,-0.7343142675920715,1.5729188359908455,0,0,5.674323235907239,3,0
reversed,21,myopic,general,-9.931284279658573,24.291822687443933,-64.72547260062196,0.2,-11.582452991690245,7.958255241156917,1.7420192799761027,1,0,1.6191709562102803,1,2
reversed,21,sequential,general,-9.931284279658573,24.291822687443933,-64.72547260062196,0.2,-11.582452991690245,7.958255241156917,1.7420192799761027,1,0,1.6191709562102803,1,36
reversed,22,stop,source_repair,19.144624857638107,0.0,-2.2333170441928663,0.01,2.160491488403971,4.526423271129456,0.625732911728391,0,0,0.0,0,0
reversed,22,fixed,mechanism_repair,-12.199874380234888,31.344499237872995,-92.24570399927065,0.08,-9.758624475712319,8.28100458131064,1.235403392943496,0,0,4.03855709482573,3,0
reversed,22,random,mechanism_repair,-12.199874380234888,31.344499237872995,-92.24570399927065,0.08,-9.758624475712319,8.28100458131064,1.235403392943496,0,0,4.03855709482573,3,0
reversed,22,entropy,mechanism_repair,-12.199874380234888,31.344499237872995,-92.24570399927065,0.08,-9.758624475712319,8.281004581310643,1.2354033929434962,0,0,4.038557094825729,3,0
reversed,22,myopic,mechanism_repair,-9.564781558668798,28.709406416306905,-92.24570399927065,0.08,-9.758624475712319,15.740035967629897,1.623275908985716,0,0,1.4034642732596398,1,2
reversed,22,sequential,mechanism_repair,-9.564781558668798,28.709406416306905,-92.24570399927065,0.08,-9.758624475712319,15.740035967629897,1.623275908985716,0,0,1.4034642732596398,1,36
reversed,23,stop,mechanism_repair,-6.501982683451058,21.754179718857593,-73.49058357261755,0.08,-7.774530156892699,5.232555084635724,0.8954836263197212,0,0,0.0,0,0
reversed,23,fixed,mechanism_repair,-13.64799613776594,28.900193173172475,-73.49058357261755,0.08,-7.774530156892699,8.478680474475714,1.8950541533698682,0,0,7.1460134543148826,3,0
reversed,23,random,mechanism_repair,-13.647996137765942,28.900193173172475,-73.49058357261755,0.08,-7.774530156892699,8.478680474475713,1.8950541533698682,0,0,7.146013454314883,3,0
reversed,23,entropy,mechanism_repair,-13.647996137765942,28.900193173172475,-73.49058357261755,0.08,-7.774530156892699,8.478680474475713,1.8950541533698682,0,0,7.146013454314883,3,0
reversed,23,myopic,mechanism_repair,-9.260760781100096,24.51295781650663,-73.49058357261755,0.08,-7.774530156892699,11.809081318806456,1.757783056829881,0,0,2.7587780976490377,1,2
reversed,23,sequential,mechanism_repair,-9.260760781100096,24.51295781650663,-73.49058357261755,0.08,-7.774530156892699,11.809081318806456,1.757783056829881,0,0,2.7587780976490377,1,36
reversed,24,stop,source_repair,0.7172456724617307,11.71965501702032,-12.1165773794506,0.01,-3.62104611339903,4.681294364828526,0.6831965954381032,0,0,0.0,0,0
reversed,24,fixed,mechanism_repair,-4.506347449877426,16.943248139359476,-12.812932401258108,0.01,-4.482785452885818,5.84064559156369,1.354759530979135,0,0,4.361853782852369,3,0
reversed,24,random,mechanism_repair,-4.506347449877426,16.943248139359476,-12.812932401258108,0.01,-4.482785452885818,5.840645591563692,1.3547595309791352,0,0,4.361853782852369,3,0
reversed,24,entropy,mechanism_repair,-4.506347449877426,16.943248139359476,-12.812932401258108,0.01,-4.482785452885818,5.84064559156369,1.354759530979135,0,0,4.361853782852369,3,0
reversed,24,myopic,mechanism_repair,-4.506347449877426,16.943248139359476,-12.812932401258108,0.01,-4.482785452885818,5.84064559156369,1.354759530979135,0,0,4.361853782852369,3,3
reversed,24,sequential,mechanism_repair,-2.8823382909640825,15.319238980446134,-12.812932401258108,0.01,-4.482785452885818,5.597663009048296,0.9099672006872267,0,0,2.737844623939025,2,37
reversed,25,stop,mechanism_repair,17.42787085952335,0.0,-0.9922165831539775,0.01,0.8165115632204627,5.781638910171469,0.4588008735937061,0,0,0.0,0,0
reversed,25,fixed,general,-14.317256640343773,31.745127499867124,-78.55047949969008,0.2,-14.056401594681386,3.1848568897942453,1.2102220931104053,0,0,4.229721378278308,3,0
reversed,25,random,general,-14.317256640343773,31.745127499867124,-78.55047949969008,0.2,-14.056401594681386,3.184856889794247,1.2102220931104055,0,0,4.229721378278308,3,0
reversed,25,entropy,general,-14.317256640343773,31.745127499867124,-78.55047949969008,0.2,-14.056401594681386,3.184856889794247,1.2102220931104055,0,0,4.229721378278308,3,0
reversed,25,myopic,mechanism_repair,16.393399282440832,1.0344715770825168,-0.9922165831539775,0.01,0.8165115632204627,7.8791356050889005,0.3212456815594475,0,0,1.034471577082518,1,2
reversed,25,sequential,general,-14.317256640343773,31.745127499867124,-78.55047949969008,0.2,-14.056401594681386,3.184856889794247,1.2102220931104055,0,0,4.229721378278308,3,37
reversed,26,stop,source_repair,16.891784683720722,0.0,-1.9705118758667428,0.01,1.9062560538276097,6.596866734251232,0.4177559987039966,0,0,0.0,0,0
reversed,26,fixed,general,-21.01442780181376,37.90621248553448,-81.390707916235,0.3,-23.132095934087847,2.1260207731387606,1.387101548197921,0,0,4.018762872463105,3,0
reversed,26,random,general,-21.01442780181376,37.90621248553448,-81.390707916235,0.3,-23.132095934087847,2.1260207731387606,1.3871015481979212,0,0,4.018762872463105,3,0
reversed,26,entropy,general,-21.01442780181376,37.90621248553448,-81.390707916235,0.3,-23.132095934087847,2.1260207731387606,1.387101548197921,0,0,4.018762872463105,3,0
reversed,26,myopic,general,-18.248869515395278,35.140654199116,-81.390707916235,0.3,-23.132095934087847,8.29975436618548,1.5006418927075127,0,0,1.253204586044626,2,3
reversed,26,sequential,general,-18.248869515395278,35.140654199116,-81.390707916235,0.3,-23.132095934087847,8.29975436618548,1.5006418927075127,0,0,1.253204586044626,2,37
reversed,27,stop,source_repair,-8.984556842947491,28.80370879032852,-89.32840398534918,0.08,-10.531348680378013,6.2001368515330775,0.9553267983493641,0,0,0.0,0,0
reversed,27,fixed,source_repair,-15.037114855462812,34.85626680284384,-89.32840398534918,0.08,-10.531348680378013,0.5285449263813167,1.5013357651982342,0,0,6.0525580125153216,3,0
reversed,27,random,source_repair,-15.037114855462812,34.85626680284384,-89.32840398534918,0.08,-10.531348680378013,0.5285449263813167,1.5013357651982342,0,0,6.0525580125153216,3,0
reversed,27,entropy,source_repair,-15.037114855462812,34.85626680284384,-89.32840398534918,0.08,-10.531348680378013,0.5285449263813167,1.5013357651982342,0,0,6.0525580125153216,3,0
reversed,27,myopic,general,-12.889793906444165,32.7089458538252,-89.32840398534918,0.2,-15.985082818430914,10.521377101030051,1.643570240635,1,0,1.4181462367466904,1,2
reversed,27,sequential,general,-12.889793906444165,32.7089458538252,-89.32840398534918,0.2,-15.985082818430914,10.521377101030051,1.643570240635,1,0,1.4181462367466904,1,36
reversed,28,stop,mechanism_repair,13.333003254685257,0.0,-0.7590845169314342,0.01,0.6246633003914931,3.3895181349676324,0.6189329701435803,0,0,0.0,0,0
reversed,28,fixed,mechanism_repair,7.806401498717302,5.526601755967955,-0.7590845169314342,0.01,0.6246633003914931,6.113997860466685,0.017673078381391108,0,0,5.526601755967955,3,0
reversed,28,random,mechanism_repair,7.806401498717302,5.526601755967955,-0.7590845169314342,0.01,0.6246633003914931,6.113997860466685,0.0176730783813911,0,0,5.526601755967955,3,0
reversed,28,entropy,mechanism_repair,7.806401498717302,5.526601755967955,-0.7590845169314342,0.01,0.6246633003914931,6.113997860466685,0.017673078381391108,0,0,5.526601755967955,3,0
reversed,28,myopic,mechanism_repair,10.773518959475728,2.559484295209529,-0.7590845169314342,0.01,0.6246633003914931,5.430776768533052,0.1761297584283752,0,0,2.5594842952095296,2,3
reversed,28,sequential,mechanism_repair,10.773518959475728,2.559484295209529,-0.7590845169314342,0.01,0.6246633003914931,5.430776768533052,0.1761297584283752,0,0,2.5594842952095296,2,37
reversed,29,stop,source_repair,0.8015527591117585,13.097216442573686,-13.540794183053011,0.01,-4.046674123671014,7.976706102956101,0.7424455797385932,0,0,0.0,0,0
reversed,29,fixed,general,10.449716333666835,3.44905286801861,-2.9571849365288183,0.01,3.6575708425488016,4.536009848865318,0.07800978434601426,0,0,3.449052868018609,3,0
reversed,29,random,general,10.449716333666835,3.44905286801861,-2.9571849365288183,0.01,3.6575708425488016,4.536009848865318,0.07800978434601426,0,0,3.449052868018609,3,0
reversed,29,entropy,general,10.449716333666835,3.44905286801861,-2.9571849365288183,0.01,3.6575708425488016,4.536009848865318,0.07800978434601426,0,0,3.449052868018609,3,0
reversed,29,myopic,source_repair,0.8015527591117585,13.097216442573686,-13.540794183053011,0.01,-4.046674123671014,7.976706102956101,0.7424455797385932,0,0,0.0,0,1
reversed,29,sequential,source_repair,0.47860403727943085,13.420165164406015,-13.540794183053011,0.01,-4.046674123671014,9.080038195830493,0.7503554048579021,0,0,0.32294872183232765,1,36
reversed,30,stop,mechanism_repair,17.213098257546505,0.0,-0.9799889886872637,0.01,0.8064492719405608,3.446143026648193,0.7105658188110869,0,0,0.0,0,0
reversed,30,fixed,source_repair,-11.482385312950312,28.69548357049682,-77.5824616044084,0.08,-9.146563894414463,3.7031124574862626,1.4179161780042782,0,0,3.679222990527973,3,0
reversed,30,random,source_repair,-11.482385312950312,28.69548357049682,-77.5824616044084,0.08,-9.146563894414463,3.7031124574862617,1.4179161780042782,0,0,3.679222990527973,3,0
reversed,30,entropy,source_repair,-11.482385312950312,28.69548357049682,-77.5824616044084,0.08,-9.146563894414463,3.7031124574862626,1.417916178004278,0,0,3.679222990527973,3,0
reversed,30,myopic,source_repair,-8.954823944439843,26.16792220198635,-77.5824616044084,0.08,-9.146563894414463,10.06334476184872,1.3614229142142922,0,0,1.1516616220175036,1,2
reversed,30,sequential,source_repair,-8.954823944439843,26.16792220198635,-77.5824616044084,0.08,-9.146563894414463,10.06334476184872,1.3614229142142922,0,0,1.1516616220175036,1,36
reversed,31,stop,mechanism_repair,21.49303651497178,0.0,-1.2236576357711404,0.01,1.0069682627699983,4.120986039030578,0.6945592362524703,0,0,0.0,0,0
reversed,31,fixed,source_repair,-11.507395664836,33.00043217980778,-96.87289616521501,0.08,-11.420804600530614,10.677078072670923,1.4908317005028826,0,0,1.764021740008321,3,0
reversed,31,random,source_repair,-11.507395664836,33.00043217980778,-96.87289616521501,0.08,-11.420804600530614,10.677078072670923,1.4908317005028826,0,0,1.764021740008321,3,0
reversed,31,entropy,source_repair,-11.507395664836,33.00043217980778,-96.87289616521501,0.08,-11.420804600530614,10.677078072670923,1.4908317005028828,0,0,1.764021740008321,3,0
reversed,31,myopic,source_repair,-10.27378223592392,31.766818750895702,-96.87289616521501,0.08,-11.420804600530614,14.9799366975848,1.4952901881254028,0,0,0.5304083110962404,1,2
reversed,31,sequential,source_repair,-10.27378223592392,31.766818750895702,-96.87289616521501,0.08,-11.420804600530614,14.9799366975848,1.4952901881254028,0,0,0.5304083110962404,1,36
reversed,32,stop,source_repair,-7.411317008082105,23.76003854003925,-73.68656365963369,0.08,-8.687258031451552,4.057842678122365,0.659992343897661,0,0,0.0,0,0
reversed,32,fixed,general,-13.919219413097116,30.267940945054264,-73.68656365963369,0.2,-13.18601665488182,2.5216472376651184,1.0814524298462938,0,0,4.456313343123105,3,0
reversed,32,random,general,-13.919219413097116,30.267940945054264,-73.68656365963369,0.2,-13.18601665488182,2.5216472376651184,1.0814524298462938,0,0,4.456313343123105,3,0
reversed,32,entropy,general,-13.919219413097116,30.267940945054264,-73.68656365963369,0.2,-13.18601665488182,2.5216472376651184,1.0814524298462938,0,0,4.456313343123105,3,0
reversed,32,myopic,mechanism_repair,14.567377586180514,1.7813439457766318,-0.9307776462269524,0.01,0.7659524380409293,7.1512928053419245,0.19976454462514986,0,0,1.7813439457766322,1,2
reversed,32,sequential,mechanism_repair,14.567377586180514,1.7813439457766318,-0.9307776462269524,0.01,0.7659524380409293,7.1512928053419245,0.19976454462514986,0,0,1.7813439457766322,1,36
reversed,33,stop,mechanism_repair,-7.950741318658319,26.60140205916957,-89.86560681410354,0.08,-9.506835247176216,5.354280859121735,0.5871015297634773,0,0,0.0,0,0
reversed,33,fixed,general,-21.817694293556702,40.468355034067955,-89.86560681410354,0.3,-25.540751410324162,8.799106902524557,1.5871207448606028,1,0,3.0523366601379744,3,0
reversed,33,random,general,-21.817694293556702,40.468355034067955,-89.86560681410354,0.3,-25.540751410324162,8.799106902524555,1.5871207448606028,1,0,3.0523366601379744,3,0
reversed,33,entropy,general,-21.817694293556702,40.468355034067955,-89.86560681410354,0.3,-25.540751410324162,8.799106902524555,1.5871207448606028,1,0,3.0523366601379744,3,0
reversed,33,myopic,general,-21.817694293556702,40.468355034067955,-89.86560681410354,0.3,-25.540751410324162,8.799106902524555,1.5871207448606028,1,0,3.0523366601379744,3,3
reversed,33,sequential,general,-21.817694293556702,40.468355034067955,-89.86560681410354,0.3,-25.540751410324162,8.799106902524555,1.5871207448606028,1,0,3.0523366601379744,3,37
reversed,34,stop,source_repair,0.8485367919634347,13.864926416256898,-14.334505029285207,0.01,-4.283875066223166,6.683158611107886,0.83351090202777,0,0,0.0,0,0
reversed,34,fixed,mechanism_repair,-7.826173009426502,22.539636217646834,-15.158327157405047,0.01,-5.3033549497714665,-1.6053147290760297,1.0779380675630836,0,0,7.655229917841636,3,0
reversed,34,random,mechanism_repair,-7.826173009426502,22.539636217646834,-15.158327157405047,0.01,-5.3033549497714665,-1.6053147290760297,1.0779380675630836,0,0,7.655229917841636,3,0
reversed,34,entropy,mechanism_repair,-7.826173009426502,22.539636217646834,-15.158327157405047,0.01,-5.3033549497714665,-1.6053147290760297,1.0779380675630836,0,0,7.655229917841636,3,0
reversed,34,myopic,mechanism_repair,-5.088903330166192,19.802366538386526,-15.158327157405047,0.01,-5.3033549497714665,6.2843167538024165,1.3965532390871216,0,0,4.917960238581326,2,3
reversed,34,sequential,mechanism_repair,-5.088903330166192,19.802366538386526,-15.158327157405047,0.01,-5.3033549497714665,6.2843167538024165,1.3965532390871216,0,0,4.917960238581326,2,37
reversed,35,stop,source_repair,0.6598772135309348,10.7822655375977,-11.147440306250743,0.01,-3.331418942097923,4.432890652345545,0.7427352816663102,0,0,0.0,0,0
reversed,35,fixed,source_repair,-2.8287941404651704,14.270936891593806,-11.147440306250743,0.01,-3.331418942097923,7.468964072945811,1.716757295991226,0,0,3.4886713539961054,3,0
reversed,35,random,source_repair,-2.8287941404651704,14.270936891593806,-11.147440306250743,0.01,-3.331418942097923,7.468964072945811,1.7167572959912256,0,0,3.4886713539961054,3,0
reversed,35,entropy,source_repair,-2.8287941404651704,14.270936891593806,-11.147440306250743,0.01,-3.331418942097923,7.468964072945811,1.7167572959912258,0,0,3.4886713539961054,3,0
reversed,35,myopic,source_repair,-0.2259804827971481,11.668123233925783,-11.147440306250743,0.01,-3.331418942097923,8.15608150085654,1.3380783347622716,0,0,0.8858576963280829,1,2
reversed,35,sequential,source_repair,-0.2259804827971481,11.668123233925783,-11.147440306250743,0.01,-3.331418942097923,8.15608150085654,1.3380783347622716,0,0,0.8858576963280829,1,36
reversed,36,stop,mechanism_repair,16.00195153833925,0.0,-0.9110350775000398,0.01,0.7497059491927416,5.64850715937321,0.4064227714299182,0,0,0.0,0,0
reversed,36,fixed,source_repair,-12.031766025735935,28.033717564075182,-72.12361030208652,0.08,-8.502994056667044,3.3840330874948306,1.226564309359104,0,0,4.777649221141865,3,0
reversed,36,random,source_repair,-12.031766025735935,28.033717564075182,-72.12361030208652,0.08,-8.502994056667044,3.3840330874948306,1.226564309359104,0,0,4.777649221141865,3,0
reversed,36,entropy,source_repair,-12.031766025735935,28.033717564075182,-72.12361030208652,0.08,-8.502994056667044,3.384033087494829,1.226564309359104,0,0,4.777649221141865,3,0
reversed,36,myopic,source_repair,-9.271695126175189,25.273646664514438,-72.12361030208652,0.08,-8.502994056667044,3.605732506180519,0.8686541547040993,0,0,2.017578321581118,1,2
reversed,36,sequential,source_repair,-9.271695126175189,25.273646664514438,-72.12361030208652,0.08,-8.502994056667044,3.605732506180519,0.8686541547040993,0,0,2.017578321581118,1,36
reversed,37,stop,mechanism_repair,-0.21236114021335484,18.490770606288127,-18.831060144220373,0.01,-6.588312482522753,6.600840893984473,0.5666845851834735,0,0,0.0,0,0
reversed,37,fixed,mechanism_repair,-4.632986158735049,22.91139562480982,-18.831060144220373,0.01,-6.588312482522753,14.382150616421136,1.665564004785227,0,0,4.420625018521694,3,0
reversed,37,random,mechanism_repair,-4.632986158735049,22.91139562480982,-18.831060144220373,0.01,-6.588312482522753,14.382150616421132,1.6655640047852267,0,0,4.420625018521694,3,0
reversed,37,entropy,mechanism_repair,-4.632986158735049,22.91139562480982,-18.831060144220373,0.01,-6.588312482522753,14.382150616421136,1.665564004785227,0,0,4.420625018521694,3,0
reversed,37,myopic,mechanism_repair,-1.2418195964108416,19.520229062485615,-18.831060144220373,0.01,-6.588312482522753,15.224741753502679,1.3609949602198055,0,0,1.0294584561974869,1,2
reversed,37,sequential,mechanism_repair,-1.2418195964108416,19.520229062485615,-18.831060144220373,0.01,-6.588312482522753,15.224741753502679,1.3609949602198055,0,0,1.0294584561974869,1,36
reversed,38,stop,source_repair,-7.1512945114406525,22.926429002794954,-71.10130597455384,0.08,-8.382469757000033,6.1407861692587105,0.8371579941827377,0,0,0.0,0,0
reversed,38,fixed,source_repair,-9.12410153634065,24.899236027694954,-71.10130597455384,0.08,-8.382469757000033,10.42741975125339,1.681660399183772,0,0,1.9728070248999978,3,0
reversed,38,random,source_repair,-9.12410153634065,24.899236027694954,-71.10130597455384,0.08,-8.382469757000033,10.427419751253389,1.6816603991837717,0,0,1.9728070248999978,3,0
reversed,38,entropy,source_repair,-9.12410153634065,24.899236027694954,-71.10130597455384,0.08,-8.382469757000033,10.42741975125339,1.681660399183772,0,0,1.9728070248999978,3,0
reversed,38,myopic,source_repair,-7.5022701049098375,23.27740459626414,-71.10130597455384,0.08,-8.382469757000033,11.428367078199857,1.526612799792441,0,0,0.35097559346918455,1,2
reversed,38,sequential,source_repair,-7.5022701049098375,23.27740459626414,-71.10130597455384,0.08,-8.382469757000033,11.428367078199857,1.526612799792441,0,0,0.35097559346918455,1,36
reversed,39,stop,source_repair,0.9815145572118618,16.03775727949091,-16.580925529598442,0.01,-4.955219123788041,7.8154603949432015,0.9624153559563418,0,0,0.0,0,0
reversed,39,fixed,source_repair,-2.679322790307657,19.698594627010433,-16.580925529598442,0.01,-4.955219123788041,1.983703564309879,0.9984765238282176,0,0,3.660837347519519,3,0
reversed,39,random,source_repair,-2.679322790307657,19.698594627010433,-16.580925529598442,0.01,-4.955219123788041,1.983703564309879,0.9984765238282176,0,0,3.660837347519519,3,0
reversed,39,entropy,source_repair,-2.679322790307657,19.698594627010433,-16.580925529598442,0.01,-4.955219123788041,1.9837035643098764,0.9984765238282176,0,0,3.660837347519519,3,0
reversed,39,myopic,source_repair,-1.873471810086626,18.892743646789402,-16.580925529598442,0.01,-4.955219123788041,3.278872334540398,1.2190228466880257,0,0,2.854986367298488,2,3
reversed,39,sequential,source_repair,0.12063287417345547,16.89863896252932,-16.580925529598442,0.01,-4.955219123788041,10.85672912603798,1.2549555466451399,0,0,0.8608816830384063,1,36
reversed,40,stop,source_repair,19.592458750345653,0.0,-2.2855591263954866,0.01,2.211030024447807,6.639361880657767,0.5160604740103171,0,0,0.0,0,0
reversed,40,fixed,general,-25.544383301967596,45.13684205231325,-94.4035291337266,0.3,-26.830476701164397,3.0024942146942504,1.5078594122355313,0,0,5.831435836806531,3,0
reversed,40,random,general,-25.544383301967596,45.13684205231325,-94.4035291337266,0.3,-26.830476701164397,3.002494214694253,1.5078594122355313,0,0,5.83143583680653,3,0
reversed,40,entropy,general,-25.544383301967596,45.13684205231325,-94.4035291337266,0.3,-26.830476701164397,3.0024942146942504,1.5078594122355313,0,0,5.831435836806531,3,0
reversed,40,myopic,general,-22.92807426185093,42.52053301219658,-94.4035291337266,0.3,-26.830476701164397,10.174390419980067,1.679911398936127,1,0,3.215126796689865,2,3
reversed,40,sequential,general,-22.92807426185093,42.52053301219658,-94.4035291337266,0.3,-26.830476701164397,10.174390419980067,1.679911398936127,1,0,3.215126796689865,2,37
reversed,41,stop,source_repair,11.8015047472784,0.0,-1.3767050488171084,0.01,1.3318124928774204,3.132313212499761,0.49253999440957236,0,0,0.0,0,0
reversed,41,fixed,source_repair,7.384503106823256,4.417001640455145,-1.3767050488171084,0.01,1.3318124928774204,2.668193537095152,0.1475111476551856,0,0,4.417001640455145,3,0
reversed,41,random,source_repair,7.3845031068232565,4.417001640455144,-1.3767050488171084,0.01,1.3318124928774204,2.668193537095153,0.1475111476551856,0,0,4.417001640455144,3,0
reversed,41,entropy,source_repair,7.3845031068232565,4.417001640455144,-1.3767050488171084,0.01,1.3318124928774204,2.668193537095153,0.14751114765518558,0,0,4.417001640455144,3,0
reversed,41,myopic,source_repair,10.286888349116257,1.5146163981621434,-1.3767050488171084,0.01,1.3318124928774204,8.231214715087505,0.02769444306997989,0,0,1.5146163981621428,1,2
reversed,41,sequential,source_repair,10.286888349116257,1.5146163981621434,-1.3767050488171084,0.01,1.3318124928774204,8.231214715087505,0.02769444306997989,0,0,1.5146163981621428,1,36
reversed,42,stop,source_repair,12.210612270933211,0.0,-1.4244295047560462,0.01,1.3779807165574791,5.99902676725201,0.2648796322557647,0,0,0.0,0,0
reversed,42,fixed,source_repair,8.122418910535245,4.088193360397966,-1.4244295047560462,0.01,1.3779807165574791,5.432101537352151,0.09628287745989077,0,0,4.088193360397967,3,0
reversed,42,random,source_repair,8.122418910535245,4.088193360397966,-1.4244295047560462,0.01,1.3779807165574791,5.4321015373521515,0.09628287745989075,0,0,4.088193360397966,3,0
reversed,42,entropy,source_repair,8.122418910535245,4.088193360397966,-1.4244295047560462,0.01,1.3779807165574791,5.4321015373521515,0.09628287745989075,0,0,4.088193360397966,3,0
reversed,42,myopic,source_repair,11.09516450406746,1.115447766865751,-1.4244295047560462,0.01,1.3779807165574791,7.1786976084690926,0.1633733376707927,0,0,1.1154477668657503,1,2
reversed,42,sequential,source_repair,11.09516450406746,1.115447766865751,-1.4244295047560462,0.01,1.3779807165574791,7.1786976084690926,0.1633733376707927,0,0,1.1154477668657503,1,36
reversed,43,stop,source_repair,14.801132293287752,0.0,-1.726626730466585,0.01,1.670323684907893,5.28408585089361,0.4027019221662128,0,0,0.0,0,0
reversed,43,fixed,mechanism_repair,-8.934462587109705,23.735594880397457,-71.31719104101116,0.08,-7.544608104864865,6.136423239855736,1.0021538512805688,0,0,2.624767948165507,3,0
reversed,43,random,mechanism_repair,-8.934462587109707,23.735594880397457,-71.31719104101116,0.08,-7.544608104864865,6.136423239855738,1.0021538512805688,0,0,2.6247679481655073,3,0
reversed,43,entropy,mechanism_repair,-8.934462587109707,23.735594880397457,-71.31719104101116,0.08,-7.544608104864865,6.136423239855736,1.0021538512805686,0,0,2.6247679481655073,3,0
reversed,43,myopic,mechanism_repair,-7.699739158829939,22.500871452117693,-71.31719104101116,0.08,-7.544608104864865,6.241342078514181,0.9845224644055822,0,0,1.39004451988574,2,3
reversed,43,sequential,mechanism_repair,-7.699739158829939,22.500871452117693,-71.31719104101116,0.08,-7.544608104864865,6.241342078514181,0.9845224644055822,0,0,1.39004451988574,2,37
reversed,44,stop,source_repair,0.869315086727851,14.204439718087112,-14.685516999091847,0.01,-4.388775195130897,4.078131939156228,0.4825893905692177,0,0,0.0,0,0
reversed,44,fixed,mechanism_repair,-6.171356146304009,21.245110951118974,-15.529512228924713,0.01,-5.433219292049067,4.716631768220352,1.4711811100302483,0,0,5.996227136113689,3,0
reversed,44,random,mechanism_repair,-6.171356146304009,21.245110951118974,-15.529512228924713,0.01,-5.433219292049067,4.716631768220354,1.4711811100302483,0,0,5.996227136113689,3,0
reversed,44,entropy,mechanism_repair,-6.171356146304009,21.245110951118974,-15.529512228924713,0.01,-5.433219292049067,4.716631768220354,1.4711811100302483,0,0,5.996227136113689,3,0
reversed,44,myopic,mechanism_repair,-2.0856723756641626,17.159427180479128,-15.529512228924713,0.01,-5.433219292049067,11.47485247555505,1.4085326169524641,0,0,1.9105433654738428,1,2
reversed,44,sequential,mechanism_repair,-2.0856723756641626,17.159427180479128,-15.529512228924713,0.01,-5.433219292049067,11.47485247555505,1.4085326169524641,0,0,1.9105433654738428,1,36
reversed,45,stop,source_repair,0.6740766242184855,11.014281151065154,-11.387313846021016,0.01,-3.4031052873166256,2.8930127742880587,0.8366352084067353,0,0,0.0,0,0
reversed,45,fixed,mechanism_repair,-4.7508673438232165,16.439225119106858,-12.041757170504983,0.01,-4.212978901365535,7.890643410172645,1.7857900576410735,0,0,4.6150703539927935,3,0
reversed,45,random,mechanism_repair,-4.7508673438232165,16.439225119106858,-12.041757170504983,0.01,-4.212978901365535,7.890643410172647,1.7857900576410737,0,0,4.6150703539927935,3,0
reversed,45,entropy,mechanism_repair,-4.7508673438232165,16.439225119106858,-12.041757170504983,0.01,-4.212978901365535,7.890643410172645,1.7857900576410735,0,0,4.6150703539927935,3,0
reversed,45,myopic,mechanism_repair,-1.779176531462069,13.467534306745709,-12.041757170504983,0.01,-4.212978901365535,8.551010525782749,1.4455960636642666,0,0,1.6433795416316461,2,3
reversed,45,sequential,mechanism_repair,-1.779176531462069,13.467534306745709,-12.041757170504983,0.01,-4.212978901365535,8.551010525782749,1.4455960636642666,0,0,1.6433795416316461,2,37
reversed,46,stop,mechanism_repair,21.25224261500783,0.0,-1.2099485772985141,0.01,0.9956868500685676,8.713679152922117,0.35581374813374184,0,0,0.0,0,0
reversed,46,fixed,source_repair,-13.647918643343573,34.9001612583514,-95.7875957027989,0.08,-11.292853388119452,10.749586406468055,1.5831114410914218,0,0,4.013703096604165,3,0
reversed,46,random,source_repair,-13.647918643343573,34.9001612583514,-95.7875957027989,0.08,-11.292853388119452,10.749586406468055,1.5831114410914218,0,0,4.013703096604165,3,0
reversed,46,entropy,source_repair,-13.647918643343573,34.9001612583514,-95.7875957027989,0.08,-11.292853388119452,10.749586406468055,1.5831114410914218,0,0,4.013703096604165,3,0
reversed,46,myopic,source_repair,-10.600815213870156,31.853057828877986,-95.7875957027989,0.08,-11.292853388119452,13.40304164903732,1.3593483609992663,0,0,0.96659966713075,1,2
reversed,46,sequential,source_repair,-10.600815213870156,31.853057828877986,-95.7875957027989,0.08,-11.292853388119452,13.40304164903732,1.3593483609992663,0,0,0.96659966713075,1,36
reversed,47,stop,source_repair,0.586863427722254,9.589234454917992,-9.914003536278852,0.01,-2.962805654520117,2.446370318969089,0.41362982642715984,0,0,0.0,0,0
reversed,47,fixed,mechanism_repair,-7.244913836546021,17.421011719186268,-10.483773854455798,0.01,-3.6678964232640876,3.8300519366778722,1.7770356342430627,0,0,7.126686495524305,3,0
reversed,47,random,mechanism_repair,-7.244913836546021,17.421011719186268,-10.483773854455798,0.01,-3.6678964232640876,3.8300519366778722,1.7770356342430627,0,0,7.126686495524305,3,0
reversed,47,entropy,mechanism_repair,-7.244913836546021,17.421011719186268,-10.483773854455798,0.01,-3.6678964232640876,3.8300519366778722,1.7770356342430627,0,0,7.126686495524305,3,0
reversed,47,myopic,mechanism_repair,-2.3102065371493294,12.486304419789576,-10.483773854455798,0.01,-3.6678964232640876,7.590782628107629,1.5233697866593434,0,0,2.1919791961276136,1,2
reversed,47,sequential,mechanism_repair,-2.3102065371493294,12.486304419789576,-10.483773854455798,0.01,-3.6678964232640876,7.590782628107629,1.5233697866593434,0,0,2.1919791961276136,1,36
reversed,48,stop,source_repair,17.800428659818746,0.0,-2.0765097783596365,0.01,2.008797502978341,7.590582433834336,0.4976639737485552,0,0,0.0,0,0
reversed,48,fixed,general,-20.84653497691542,38.64696363673417,-85.76888214963704,0.3,-24.376419137265266,8.319050193516002,1.5251296221865411,1,0,2.9366381385635796,3,0
reversed,48,random,general,-20.84653497691542,38.64696363673417,-85.76888214963704,0.3,-24.376419137265266,8.319050193516002,1.5251296221865411,1,0,2.9366381385635796,3,0
reversed,48,entropy,general,-20.84653497691542,38.64696363673417,-85.76888214963704,0.3,-24.376419137265266,8.319050193516002,1.5251296221865411,1,0,2.9366381385635796,3,0
reversed,48,myopic,general,-19.49480213176972,37.295230791588466,-85.76888214963704,0.3,-24.376419137265266,12.141993412870088,1.7439879094992783,1,0,1.5849052934178778,1,2
reversed,48,sequential,general,-19.49480213176972,37.295230791588466,-85.76888214963704,0.3,-24.376419137265266,12.141993412870088,1.7439879094992783,1,0,1.5849052934178778,1,36
reversed,49,stop,mechanism_repair,14.36782966457906,0.0,-0.8180000283475186,0.01,0.6731458566609809,5.557702237928085,0.5287719375019101,0,0,0.0,0,0
reversed,49,fixed,general,-15.501517765097745,29.869347429676807,-64.75833557751207,0.2,-11.588333734923214,0.3610127409686621,1.3463891795636111,0,0,7.185184143564617,3,0
reversed,49,random,general,-15.501517765097745,29.869347429676807,-64.75833557751207,0.2,-11.588333734923214,0.36101274096866387,1.3463891795636114,0,0,7.185184143564617,3,0
reversed,49,entropy,general,-15.501517765097745,29.869347429676807,-64.75833557751207,0.2,-11.588333734923214,0.36101274096866476,1.3463891795636114,0,0,7.185184143564616,3,0
reversed,49,myopic,general,-13.799638550812698,28.167468215391757,-64.75833557751207,0.2,-11.588333734923214,4.026724964106236,1.606400724164221,1,0,5.483304929279569,2,3
reversed,49,sequential,general,-13.799638550812698,28.167468215391757,-64.75833557751207,0.2,-11.588333734923214,4.026724964106236,1.606400724164221,1,0,5.483304929279569,2,37
reversed,50,stop,source_repair,0.6958076519556033,11.369361924672626,-11.754420528182038,0.01,-3.5128153302612986,2.60360261702073,0.33556421663488073,0,0,0.0,0,0
reversed,50,fixed,source_repair,-4.1392575101574876,16.204427086785717,-11.754420528182038,0.01,-3.5128153302612986,5.033309486503322,1.65424606600119,0,0,4.835065162113091,3,0
reversed,50,random,source_repair,-4.1392575101574876,16.204427086785717,-11.754420528182038,0.01,-3.5128153302612986,5.033309486503324,1.65424606600119,0,0,4.835065162113091,3,0
reversed,50,entropy,source_repair,-4.1392575101574876,16.204427086785717,-11.754420528182038,0.01,-3.5128153302612986,5.033309486503322,1.65424606600119,0,0,4.835065162113091,3,0
reversed,50,myopic,source_repair,-2.0838926080408617,14.149062184669091,-11.754420528182038,0.01,-3.5128153302612986,8.537994873176018,1.7562753928006105,0,0,2.779700259996465,2,3
reversed,50,sequential,source_repair,-2.0838926080408617,14.149062184669091,-11.754420528182038,0.01,-3.5128153302612986,8.537994873176018,1.7562753928006105,0,0,2.779700259996465,2,37
reversed,51,stop,source_repair,-6.206450179227911,19.89734014811083,-61.70724929635285,0.08,-7.274959917043705,2.5522026160489584,0.7795617271228917,0,0,0.0,0,0
reversed,51,fixed,source_repair,-11.502867527519577,25.193757496402494,-61.70724929635285,0.08,-7.274959917043705,7.092456983706744,1.923073165653736,0,0,5.296417348291665,3,0
reversed,51,random,source_repair,-11.502867527519577,25.193757496402494,-61.70724929635285,0.08,-7.274959917043705,7.092456983706744,1.923073165653736,0,0,5.296417348291665,3,0
reversed,51,entropy,source_repair,-11.502867527519577,25.193757496402494,-61.70724929635285,0.08,-7.274959917043705,7.092456983706744,1.9230731656537363,0,0,5.296417348291665,3,0
reversed,51,myopic,source_repair,-8.921054684368467,22.611944653251385,-61.70724929635285,0.08,-7.274959917043705,8.725090666306363,1.7871918811018086,0,0,2.714604505140557,2,3
reversed,51,sequential,source_repair,-7.8733495604632875,21.564239529346203,-61.70724929635285,0.08,-7.274959917043705,8.81177179254516,1.5978287008524235,0,0,1.6668993812353767,1,36
reversed,52,stop,source_repair,0.9117711601985437,14.898163714700475,-15.402736104324916,0.01,-4.603116536924688,4.473124531913843,0.433932350059288,0,0,0.0,0,0
reversed,52,fixed,source_repair,-3.65084438205043,19.46077925694945,-15.402736104324916,0.01,-4.603116536924688,8.532628792979377,1.2681274375957536,0,0,4.562615542248974,3,0
reversed,52,random,source_repair,-3.65084438205043,19.46077925694945,-15.402736104324916,0.01,-4.603116536924688,8.532628792979377,1.2681274375957539,0,0,4.562615542248974,3,0
reversed,52,entropy,source_repair,-3.65084438205043,19.46077925694945,-15.402736104324916,0.01,-4.603116536924688,8.532628792979379,1.268127437595754,0,0,4.562615542248974,3,0
reversed,52,myopic,source_repair,-1.4625859138220982,17.272520788721117,-15.402736104324916,0.01,-4.603116536924688,9.050264140611532,0.9441948265149245,0,0,2.374357074020642,2,3
reversed,52,sequential,source_repair,-0.8973368193758289,16.707271694274848,-15.402736104324916,0.01,-4.603116536924688,8.162344821276905,0.9244259196882448,0,0,1.8091079795743725,1,36
reversed,53,stop,source_repair,11.464603811381258,0.0,-1.3374038555088763,0.01,1.2937928602205437,4.388844435096233,0.4579910166455204,0,0,0.0,0,0
reversed,53,fixed,mechanism_repair,-9.453498612294407,20.918102423675663,-55.240594031888385,0.08,-5.843873368636614,4.78233845247518,1.4786727968852669,0,0,4.5661597403152285,3,0
reversed,53,random,mechanism_repair,-9.453498612294407,20.918102423675663,-55.240594031888385,0.08,-5.843873368636614,4.78233845247518,1.4786727968852669,0,0,4.5661597403152285,3,0
reversed,53,entropy,mechanism_repair,-9.453498612294407,20.918102423675663,-55.240594031888385,0.08,-5.843873368636614,4.78233845247518,1.4786727968852669,0,0,4.5661597403152285,3,0
reversed,53,myopic,mechanism_repair,-7.549781638571332,19.01438544995259,-55.240594031888385,0.08,-5.843873368636614,3.0093271991930584,0.9916931949580053,0,0,2.6624427665921537,2,3
reversed,53,sequential,mechanism_repair,-7.549781638571332,19.01438544995259,-55.240594031888385,0.08,-5.843873368636614,3.0093271991930584,0.9916931949580053,0,0,2.6624427665921537,2,37
reversed,54,stop,source_repair,17.520854441578702,0.0,-2.043896035789312,0.01,1.9772472520135735,3.809871967413423,0.6865029059661774,0,0,0.0,0,0
reversed,54,fixed,general,-23.54885797314042,41.06971241471912,-84.421792782602,0.3,-23.99356215926583,6.590189977680812,1.6741342330946192,1,0,5.920254664457608,3,0
reversed,54,random,general,-23.54885797314042,41.06971241471912,-84.421792782602,0.3,-23.99356215926583,6.590189977680811,1.6741342330946192,1,0,5.920254664457608,3,0
reversed,54,entropy,general,-23.54885797314042,41.06971241471912,-84.421792782602,0.3,-23.99356215926583,6.590189977680812,1.6741342330946192,1,0,5.920254664457608,3,0
reversed,54,myopic,general,-19.866532813568842,37.387387255147544,-84.421792782602,0.3,-23.99356215926583,7.073654727458555,1.4026977608234812,0,0,2.237929504886028,1,2
reversed,54,sequential,general,-21.092318695535635,38.61317313711434,-84.421792782602,0.3,-23.99356215926583,7.670921971316962,1.5989633322992098,1,0,3.463715386852823,2,37
reversed,55,stop,mechanism_repair,-0.15475309885868038,13.47470657170704,-13.722684428914322,0.01,-4.801075054953041,3.3065727828755223,0.6222491868623629,0,0,0.0,0,0
reversed,55,fixed,source_repair,-2.1536478440740257,15.473601316922386,-12.976886362125502,0.01,-3.8781499473018743,4.955002722504734,1.5286718875960978,0,0,2.9218198528665122,3,0
reversed,55,random,source_repair,-2.153647844074025,15.473601316922384,-12.976886362125502,0.01,-3.8781499473018743,4.9550027225047355,1.5286718875960978,0,0,2.921819852866512,3,0
reversed,55,entropy,source_repair,-2.1536478440740257,15.473601316922386,-12.976886362125502,0.01,-3.8781499473018743,4.955002722504734,1.5286718875960978,0,0,2.9218198528665122,3,0
reversed,55,myopic,source_repair,0.17844876468995152,13.141504708158408,-12.976886362125502,0.01,-3.8781499473018743,9.107266194016875,1.265796784363303,0,0,0.5897232441025351,1,2
reversed,55,sequential,source_repair,0.17844876468995152,13.141504708158408,-12.976886362125502,0.01,-3.8781499473018743,9.107266194016875,1.265796784363303,0,0,0.5897232441025351,1,36
reversed,56,stop,mechanism_repair,15.593799754988211,0.0,-0.8877978747947246,0.01,0.7305836677998272,4.976190854883195,0.5360909902581078,0,0,0.0,0,0
reversed,56,fixed,general,-14.520451928786747,30.11425168377496,-70.2839984212492,0.2,-12.577136559591963,2.5633661699430395,1.6268320926407542,0,0,5.494506868373692,3,0
reversed,56,random,general,-14.520451928786747,30.11425168377496,-70.2839984212492,0.2,-12.577136559591963,2.5633661699430377,1.6268320926407545,0,0,5.494506868373692,3,0
reversed,56,entropy,general,-14.520451928786747,30.11425168377496,-70.2839984212492,0.2,-12.577136559591963,2.5633661699430395,1.6268320926407542,0,0,5.494506868373692,3,0
reversed,56,myopic,general,-9.327343490662395,24.921143245650605,-70.2839984212492,0.2,-12.577136559591963,9.870550631106415,1.6086409270836008,1,0,0.30139843024934054,1,2
reversed,56,sequential,general,-9.327343490662395,24.921143245650605,-70.2839984212492,0.2,-12.577136559591963,9.870550631106415,1.6086409270836008,1,0,0.30139843024934054,1,36
reversed,57,stop,mechanism_repair,-0.13927360025137336,12.126871192971997,-12.350044552410942,0.01,-4.32083759816008,3.4617989502963664,0.9694118009479141,0,0,0.0,0,0
reversed,57,fixed,mechanism_repair,-5.099485873442571,17.087083466163193,-12.350044552410942,0.01,-4.32083759816008,7.093516799686823,1.6888926397942705,0,0,4.960212273191198,3,0
reversed,57,random,mechanism_repair,-5.099485873442571,17.087083466163193,-12.350044552410942,0.01,-4.32083759816008,7.093516799686821,1.6888926397942703,0,0,4.960212273191198,3,0
reversed,57,entropy,mechanism_repair,-5.099485873442571,17.087083466163193,-12.350044552410942,0.01,-4.32083759816008,7.093516799686823,1.6888926397942705,0,0,4.960212273191198,3,0
reversed,57,myopic,mechanism_repair,-2.08235131061334,14.069948903333964,-12.350044552410942,0.01,-4.32083759816008,5.976714831973568,0.8767617730805656,0,0,1.9430777103619665,1,2
reversed,57,sequential,mechanism_repair,-2.08235131061334,14.069948903333964,-12.350044552410942,0.01,-4.32083759816008,5.976714831973568,0.8767617730805656,0,0,1.9430777103619665,1,36
reversed,58,stop,mechanism_repair,15.938543489036476,0.0,-0.9074250829957897,0.01,0.7467352245486192,5.0461357712846615,0.5071367348045634,0,0,0.0,0,0
reversed,58,fixed,general,-15.865432490948423,31.803975979984898,-71.83781907050006,0.2,-12.855188675773697,5.733762198954254,1.858320173435303,1,0,6.639944147157889,3,0
reversed,58,random,general,-15.865432490948423,31.803975979984898,-71.83781907050006,0.2,-12.855188675773697,5.733762198954254,1.858320173435303,1,0,6.639944147157889,3,0
reversed,58,entropy,general,-15.865432490948423,31.803975979984898,-71.83781907050006,0.2,-12.855188675773697,5.733762198954254,1.858320173435303,1,0,6.639944147157889,3,0
reversed,58,myopic,general,-10.194784624747289,26.133328113783765,-71.83781907050006,0.2,-12.855188675773697,9.62882925210237,1.6412445343367696,1,0,0.9692962809567556,1,2
reversed,58,sequential,general,-10.194784624747289,26.133328113783765,-71.83781907050006,0.2,-12.855188675773697,9.62882925210237,1.6412445343367696,1,0,0.9692962809567556,1,36
reversed,59,stop,mechanism_repair,-0.1555684100779281,13.545697585941985,-13.79498190570541,0.01,-4.826369348803185,4.198721003981114,0.5643622191655074,0,0,0.0,0,0
reversed,59,fixed,source_repair,-2.9403122137974136,16.33044138966147,-13.045254628221418,0.01,-3.8985818429167467,3.0895337686664814,1.4643377702793214,0,0,3.712531309605923,3,0
reversed,59,random,source_repair,-2.9403122137974136,16.33044138966147,-13.045254628221418,0.01,-3.8985818429167467,3.0895337686664814,1.4643377702793214,0,0,3.712531309605923,3,0
reversed,59,entropy,source_repair,-2.9403122137974136,16.33044138966147,-13.045254628221418,0.01,-3.8985818429167467,3.0895337686664814,1.4643377702793212,0,0,3.712531309605923,3,0
reversed,59,myopic,source_repair,-0.15050446997161904,13.540633645835676,-13.045254628221418,0.01,-3.8985818429167467,10.846283480282063,1.5309491493002847,0,0,0.9227235657801285,1,2
reversed,59,sequential,source_repair,-0.15050446997161904,13.540633645835676,-13.045254628221418,0.01,-3.8985818429167467,10.846283480282063,1.5309491493002847,0,0,0.9227235657801285,1,36
reversed,60,stop,source_repair,-8.425398629709004,27.011096130252337,-83.76900783070177,0.08,-9.875925133724841,5.165587113848685,0.9324513481096336,0,0,0.0,0,0
reversed,60,fixed,mechanism_repair,14.397818344122449,4.187879156420884,-1.0581348357562326,0.01,0.8707567919244001,8.975478363097732,0.1512864675137039,0,0,4.187879156420885,3,0
reversed,60,random,mechanism_repair,14.397818344122449,4.187879156420884,-1.0581348357562326,0.01,0.8707567919244001,8.975478363097732,0.1512864675137038,0,0,4.187879156420885,3,0
reversed,60,entropy,mechanism_repair,14.397818344122449,4.187879156420884,-1.0581348357562326,0.01,0.8707567919244001,8.975478363097732,0.1512864675137038,0,0,4.187879156420885,3,0
reversed,60,myopic,mechanism_repair,17.926583549654566,0.6591139508887665,-1.0581348357562326,0.01,0.8707567919244001,12.95771886834496,0.07492692689088093,0,0,0.6591139508887647,1,2
reversed,60,sequential,mechanism_repair,17.926583549654566,0.6591139508887665,-1.0581348357562326,0.01,0.8707567919244001,12.95771886834496,0.07492692689088093,0,0,0.6591139508887647,1,36
reversed,61,stop,source_repair,17.302969223945045,0.0,-2.0184786262637977,0.01,1.9526586710595435,7.921700521146457,0.46056791693098353,0,0,0.0,0,0
reversed,61,fixed,general,-25.436299583450843,42.73926880739589,-83.37194325872207,0.3,-23.695183873531537,1.3447754743817146,1.3609202774846658,0,0,8.02692143192559,3,0
reversed,61,random,general,-25.436299583450843,42.73926880739589,-83.37194325872207,0.3,-23.695183873531537,1.3447754743817146,1.360920277484666,0,0,8.02692143192559,3,0
reversed,61,entropy,general,-25.436299583450843,42.73926880739589,-83.37194325872207,0.3,-23.695183873531537,1.3447754743817129,1.3609202774846658,0,0,8.02692143192559,3,0
reversed,61,myopic,general,-23.009238964247995,40.31220818819304,-83.37194325872207,0.3,-23.695183873531537,7.284858491209729,1.7009883612847658,1,0,5.599860812722742,2,3
reversed,61,sequential,general,-23.009238964247995,40.31220818819304,-83.37194325872207,0.3,-23.695183873531537,7.284858491209729,1.7009883612847658,1,0,5.599860812722742,2,37
reversed,62,stop,source_repair,0.6824080894838187,11.15041567574046,-11.528058987396554,0.01,-3.4451670537047168,3.509270557791553,0.2779829833638115,0,0,0.0,0,0
reversed,62,fixed,mechanism_repair,-7.211838359336277,19.044662124560556,-12.190591113108999,0.01,-4.265050559273869,-0.6164063517447147,0.6721893280785478,0,0,7.074362943250945,3,0
reversed,62,random,mechanism_repair,-7.211838359336278,19.044662124560556,-12.190591113108999,0.01,-4.265050559273869,-0.6164063517447174,0.6721893280785477,0,0,7.074362943250946,3,0
reversed,62,entropy,mechanism_repair,-7.211838359336277,19.044662124560556,-12.190591113108999,0.01,-4.265050559273869,-0.6164063517447147,0.6721893280785478,0,0,7.074362943250945,3,0
reversed,62,myopic,general,9.281582920942201,2.551240844282077,-2.5176220777072933,0.01,3.113900990848494,3.8630301040796247,0.09486871429268588,0,0,2.5512408442820766,1,2
reversed,62,sequential,general,9.281582920942201,2.551240844282077,-2.5176220777072933,0.01,3.113900990848494,3.8630301040796247,0.09486871429268588,0,0,2.5512408442820766,1,36
reversed,63,stop,source_repair,14.291058933800644,0.0,-1.6671241005638215,0.01,1.6127613581541336,3.1530440541229643,0.8101047436267876,0,0,0.0,0,0
reversed,63,fixed,general,-20.882955293829177,35.17401422762982,-68.85947371894052,0.3,-19.570587267488364,2.003954221316178,1.659387254043038,1,0,6.504009926466203,3,0
reversed,63,random,general,-20.882955293829177,35.17401422762982,-68.85947371894052,0.3,-19.570587267488364,2.003954221316178,1.659387254043038,1,0,6.504009926466203,3,0
reversed,63,entropy,general,-20.882955293829177,35.17401422762982,-68.85947371894052,0.3,-19.570587267488364,2.003954221316178,1.659387254043038,1,0,6.504009926466203,3,0
reversed,63,myopic,general,-17.9351657059149,32.22622463971555,-68.85947371894052,0.3,-19.570587267488364,7.770875442438969,1.8471576833955818,1,0,3.5562203385519298,2,3
reversed,63,sequential,general,-17.9351657059149,32.22622463971555,-68.85947371894052,0.3,-19.570587267488364,7.770875442438969,1.8471576833955818,1,0,3.5562203385519298,2,37
reversed,64,stop,mechanism_repair,13.474856833194561,0.0,-0.7671606309967238,0.01,0.6313092692577216,5.254605075062165,0.5328971460983373,0,0,0.0,0,0
reversed,64,fixed,general,-11.501104260315461,24.975961093510023,-60.733549953907406,0.2,-10.868108939120273,1.0062145593383995,1.5180194102742763,0,0,3.7016378451820877,3,0
reversed,64,random,general,-11.501104260315461,24.975961093510023,-60.733549953907406,0.2,-10.868108939120273,1.0062145593384004,1.5180194102742763,0,0,3.7016378451820877,3,0
reversed,64,entropy,general,-11.501104260315461,24.975961093510023,-60.733549953907406,0.2,-10.868108939120273,1.0062145593384004,1.5180194102742763,0,0,3.7016378451820877,3,0
reversed,64,myopic,source_repair,-8.656838262880276,22.131695096074836,-60.733549953907406,0.08,-7.1601658893027675,4.1266334617448095,1.326416802902452,0,0,2.5483217385688537,2,3
reversed,64,sequential,general,-9.804555763865402,23.279412597059963,-60.733549953907406,0.2,-10.868108939120273,7.30898210460259,1.7483253926450586,1,0,2.00508934873203,2,37
reversed,65,stop,source_repair,-7.997764343656479,25.64013775584062,-79.51728023520309,0.08,-9.374668827729208,4.730306946835443,0.5860599900155482,0,0,0.0,0,0
reversed,65,fixed,general,-14.39743431658972,32.03980772877386,-79.51728023520309,0.2,-14.229408042088977,1.8111133529508363,1.0918831824630806,0,0,4.18574148638469,3,0
reversed,65,random,general,-14.39743431658972,32.03980772877386,-79.51728023520309,0.2,-14.229408042088977,1.8111133529508363,1.0918831824630806,0,0,4.18574148638469,3,0
reversed,65,entropy,general,-14.397434316589719,32.03980772877386,-79.51728023520309,0.2,-14.229408042088977,1.8111133529508407,1.091883182463081,0,0,4.185741486384689,3,0
reversed,65,myopic,mechanism_repair,15.330632305302203,2.311741106881936,-1.004428802970987,0.01,0.8265612024448744,10.309968071729466,0.10458144917070505,0,0,2.3117411068819362,1,2
reversed,65,sequential,mechanism_repair,15.330632305302203,2.311741106881936,-1.004428802970987,0.01,0.8265612024448744,10.309968071729466,0.10458144917070505,0,0,2.3117411068819362,1,36
reversed,66,stop,source_repair,18.94887685057581,0.0,-2.2104820519279467,0.01,2.1384011154520346,8.595330272944851,0.4983400563327325,0,0,0.0,0,0
reversed,66,fixed,general,-21.9881875474902,40.93706439806601,-91.30251953615428,0.3,-25.949137131328058,12.8464888739247,1.8693439186164456,1,0,2.922779849611663,3,0
reversed,66,random,general,-21.9881875474902,40.93706439806601,-91.30251953615428,0.3,-25.949137131328058,12.8464888739247,1.8693439186164456,1,0,2.922779849611663,3,0
reversed,66,entropy,general,-21.9881875474902,40.93706439806601,-91.30251953615428,0.3,-25.949137131328058,12.8464888739247,1.8693439186164456,1,0,2.922779849611663,3,0
reversed,66,myopic,general,-19.8457840524987,38.794660903074515,-91.30251953615428,0.3,-25.949137131328058,10.451060246352826,1.564690240958743,0,0,0.7803763546201676,1,2
reversed,66,sequential,general,-20.734850808360317,39.68372765893613,-91.30251953615428,0.3,-25.949137131328058,12.016982112976628,1.6843122562369204,1,0,1.6694431104817822,2,37
reversed,67,stop,mechanism_repair,-6.00501207956078,20.09142723882791,-67.87342624131756,0.08,-7.180294039213069,4.335683467226422,0.8936836712087192,0,0,0.0,0,0
reversed,67,fixed,mechanism_repair,-10.869933422941688,24.95634858220882,-67.87342624131756,0.08,-7.180294039213069,0.14950240961402894,0.9255633673654367,0,0,4.8649213433809075,3,0
reversed,67,random,mechanism_repair,-10.869933422941688,24.95634858220882,-67.87342624131756,0.08,-7.180294039213069,0.14950240961402894,0.9255633673654367,0,0,4.8649213433809075,3,0
reversed,67,entropy,mechanism_repair,-10.869933422941688,24.95634858220882,-67.87342624131756,0.08,-7.180294039213069,0.14950240961403072,0.9255633673654368,0,0,4.8649213433809075,3,0
reversed,67,myopic,source_repair,13.49825723951205,0.5881579197550817,-1.643251372158212,0.01,1.5896670882834905,8.371648864203681,0.1348201280617504,0,0,0.5881579197550821,1,2
reversed,67,sequential,source_repair,13.49825723951205,0.5881579197550817,-1.643251372158212,0.01,1.5896670882834905,8.371648864203681,0.1348201280617504,0,0,0.5881579197550821,1,36
reversed,68,stop,source_repair,20.44886496898494,0.0,-2.3854632310234125,0.01,2.3076763865335193,4.868877706866343,0.714618294510499,0,0,0.0,0,0
reversed,68,fixed,mechanism_repair,-15.829092203321304,36.277957172306245,-98.53000302053228,0.08,-10.423437161645783,11.855895688513321,1.7354560122419618,0,0,7.111779830820527,3,0
reversed,68,random,mechanism_repair,-15.829092203321304,36.277957172306245,-98.53000302053228,0.08,-10.423437161645783,11.855895688513321,1.7354560122419618,0,0,7.111779830820527,3,0
reversed,68,entropy,mechanism_repair,-15.829092203321304,36.277957172306245,-98.53000302053228,0.08,-10.423437161645783,11.855895688513321,1.7354560122419618,0,0,7.111779830820527,3,0
reversed,68,myopic,mechanism_repair,-13.469735978928423,33.91860094791336,-98.53000302053228,0.08,-10.423437161645783,11.319192131631839,1.572690143177371,0,0,4.752423606427646,2,3
reversed,68,sequential,mechanism_repair,-13.469735978928423,33.91860094791336,-98.53000302053228,0.08,-10.423437161645783,11.319192131631839,1.572690143177371,0,0,4.752423606427646,2,37
reversed,69,stop,mechanism_repair,-6.77612890418667,22.671411653403855,-76.58920236736867,0.08,-8.102331408337422,5.490514128431915,0.8272117418367823,0,0,0.0,0,0
reversed,69,fixed,mechanism_repair,-13.523515936981731,29.418798686198915,-76.58920236736867,0.08,-8.102331408337422,7.614400522468153,1.6541074443308361,0,0,6.74738703279506,3,0
reversed,69,random,mechanism_repair,-13.523515936981731,29.418798686198915,-76.58920236736867,0.08,-8.102331408337422,7.614400522468152,1.6541074443308363,0,0,6.747387032795061,3,0
reversed,69,entropy,mechanism_repair,-13.523515936981731,29.418798686198915,-76.58920236736867,0.08,-8.102331408337422,7.614400522468152,1.6541074443308363,0,0,6.747387032795061,3,0
reversed,69,myopic,mechanism_repair,-9.44101739878661,25.336300148003794,-76.58920236736867,0.08,-8.102331408337422,9.249685031844507,1.361804487017229,0,0,2.66488849459994,1,2
reversed,69,sequential,mechanism_repair,-8.191632436512542,24.086915185729726,-76.58920236736867,0.08,-8.102331408337422,6.339221350541064,1.160773545002246,0,0,1.4155035323258707,1,36
reversed,70,stop,mechanism_repair,-5.634944262773449,18.853263099288263,-63.69062521873618,0.08,-6.737797720508407,3.1959936272620526,0.5330169433006674,0,0,0.0,0,0
reversed,70,fixed,mechanism_repair,-11.748876467654114,24.967195304168925,-63.69062521873618,0.08,-6.737797720508407,6.188399139392441,1.724051630865148,0,0,6.1139322048806655,3,0
reversed,70,random,mechanism_repair,-11.748876467654114,24.967195304168925,-63.69062521873618,0.08,-6.737797720508407,6.188399139392442,1.724051630865148,0,0,6.113932204880665,3,0
reversed,70,entropy,mechanism_repair,-11.748876467654114,24.967195304168925,-63.69062521873618,0.08,-6.737797720508407,6.188399139392443,1.724051630865148,0,0,6.113932204880664,3,0
reversed,70,myopic,mechanism_repair,-7.46303081090265,20.681349647417463,-63.69062521873618,0.08,-6.737797720508407,9.932947284852053,1.5841853550617582,0,0,1.828086548129201,1,2
reversed,70,sequential,mechanism_repair,-7.46303081090265,20.681349647417463,-63.69062521873618,0.08,-6.737797720508407,9.932947284852053,1.5841853550617582,0,0,1.828086548129201,1,36
reversed,71,stop,mechanism_repair,-0.15139522719259357,13.182328999046693,-13.424926170331208,0.01,-4.696900120734085,5.00243707982661,0.686419867434554,0,0,0.0,0,0
reversed,71,fixed,mechanism_repair,-5.963987406555307,18.994921178409406,-13.424926170331208,0.01,-4.696900120734085,0.19917732258694176,1.2682493554719971,0,0,5.8125921793627136,3,0
reversed,71,random,mechanism_repair,-5.963987406555307,18.994921178409406,-13.424926170331208,0.01,-4.696900120734085,0.19917732258694176,1.2682493554719971,0,0,5.8125921793627136,3,0
reversed,71,entropy,mechanism_repair,-5.963987406555307,18.994921178409406,-13.424926170331208,0.01,-4.696900120734085,0.19917732258694176,1.2682493554719971,0,0,5.8125921793627136,3,0
reversed,71,myopic,mechanism_repair,-1.0610152519008598,14.09194902375496,-13.424926170331208,0.01,-4.696900120734085,8.002547077398217,1.0641511128938204,0,0,0.9096200247082662,1,2
reversed,71,sequential,mechanism_repair,-1.0610152519008598,14.09194902375496,-13.424926170331208,0.01,-4.696900120734085,8.002547077398217,1.0641511128938204,0,0,0.9096200247082662,1,36
reversed,72,stop,source_repair,-5.829888530123899,18.69011621130511,-57.96330825345582,0.08,-6.833568973039004,4.550428222362591,1.0300669007279553,0,0,0.0,0,0
reversed,72,fixed,general,-13.014572529205452,25.874800210386663,-57.96330825345582,0.2,-10.372381476934201,0.6170402706078004,1.6595743998540604,0,0,5.5708634692879695,3,0
reversed,72,random,general,-13.014572529205454,25.874800210386667,-57.96330825345582,0.2,-10.372381476934201,0.6170402706077995,1.6595743998540604,0,0,5.57086346928797,3,0
reversed,72,entropy,general,-13.014572529205452,25.874800210386663,-57.96330825345582,0.2,-10.372381476934201,0.6170402706077978,1.6595743998540602,0,0,5.5708634692879695,3,0
reversed,72,myopic,general,-8.359326663161255,21.219554344342466,-57.96330825345582,0.2,-10.372381476934201,6.978694106413767,1.6761613551673573,1,0,0.9156176032437713,1,2
reversed,72,sequential,general,-8.359326663161255,21.219554344342466,-57.96330825345582,0.2,-10.372381476934201,6.978694106413767,1.6761613551673573,1,0,0.9156176032437713,1,36
reversed,73,stop,source_repair,14.069042505633508,0.0,-1.6412247644941158,0.01,1.5877065656519145,5.247489462740986,0.4812038500209152,0,0,0.0,0,0
reversed,73,fixed,general,-18.844404088992306,32.91344659462581,-67.78971853345253,0.3,-19.266551583191774,0.5227556625119094,1.4539301363939117,0,0,4.68884049523057,3,0
reversed,73,random,general,-18.844404088992306,32.91344659462581,-67.78971853345253,0.3,-19.266551583191774,0.5227556625119085,1.4539301363939117,0,0,4.68884049523057,3,0
reversed,73,entropy,general,-18.844404088992306,32.91344659462581,-67.78971853345253,0.3,-19.266551583191774,0.5227556625119085,1.4539301363939117,0,0,4.68884049523057,3,0
reversed,73,myopic,general,-15.908635567742987,29.977678073376495,-67.78971853345253,0.3,-19.266551583191774,6.7117962684488415,1.5909108070355658,0,0,1.7530719739812537,2,3
reversed,73,sequential,general,-15.908635567742987,29.977678073376495,-67.78971853345253,0.3,-19.266551583191774,6.7117962684488415,1.5909108070355658,0,0,1.7530719739812537,2,37
reversed,74,stop,mechanism_repair,18.500567784047213,0.0,-1.0532881670433691,0.01,0.8667683874627741,8.025238069024741,0.3692965060809056,0,0,0.0,0,0
reversed,74,fixed,source_repair,-15.628284374966505,34.12885215901372,-83.38531322426687,0.08,-9.830689559071464,3.7588586842624716,1.48954183674902,0,0,7.241477344883664,3,0
reversed,74,random,source_repair,-15.628284374966505,34.12885215901372,-83.38531322426687,0.08,-9.830689559071464,3.7588586842624725,1.48954183674902,0,0,7.241477344883663,3,0
reversed,74,entropy,source_repair,-15.628284374966505,34.12885215901372,-83.38531322426687,0.08,-9.830689559071464,3.7588586842624725,1.48954183674902,0,0,7.241477344883663,3,0
reversed,74,myopic,source_repair,-13.09561132866504,31.596179112712253,-83.38531322426687,0.08,-9.830689559071464,10.143720995190435,1.7157102347406061,0,0,4.708804298582198,2,3
reversed,74,sequential,source_repair,-13.09561132866504,31.596179112712253,-83.38531322426687,0.08,-9.830689559071464,10.143720995190435,1.7157102347406061,0,0,4.708804298582198,2,37
reversed,75,stop,mechanism_repair,-0.17147788196046432,14.930971722027424,-15.205749532879732,0.01,-5.3199463379300695,3.9644474640640293,0.5619666517864742,0,0,0.0,0,0
reversed,75,fixed,mechanism_repair,-3.3921190359025166,18.151612875969477,-15.205749532879732,0.01,-5.3199463379300695,13.396520804405577,1.834921484967948,0,0,3.2206411539420525,3,0
reversed,75,random,mechanism_repair,-3.3921190359025166,18.151612875969477,-15.205749532879732,0.01,-5.3199463379300695,13.396520804405577,1.834921484967948,0,0,3.2206411539420525,3,0
reversed,75,entropy,mechanism_repair,-3.3921190359025166,18.151612875969477,-15.205749532879732,0.01,-5.3199463379300695,13.396520804405577,1.834921484967948,0,0,3.2206411539420525,3,0
reversed,75,myopic,mechanism_repair,-2.130452445444878,16.889946285511837,-15.205749532879732,0.01,-5.3199463379300695,13.904221072938316,1.6738121046969912,0,0,1.9589745634844136,2,3
reversed,75,sequential,mechanism_repair,-2.130452445444878,16.889946285511837,-15.205749532879732,0.01,-5.3199463379300695,13.904221072938316,1.6738121046969912,0,0,1.9589745634844136,2,37
reversed,76,stop,source_repair,-7.5929141497091175,24.342223201566146,-75.49208207455428,0.08,-8.90011914984219,8.045895493158822,1.1614174253551803,0,0,0.0,0,0
reversed,76,fixed,source_repair,-12.48871243888556,29.23802149074259,-75.49208207455428,0.08,-8.90011914984219,6.276687321890637,1.5512121492412518,0,0,4.895798289176443,3,0
reversed,76,random,source_repair,-12.48871243888556,29.23802149074259,-75.49208207455428,0.08,-8.90011914984219,6.276687321890637,1.5512121492412518,0,0,4.895798289176443,3,0
reversed,76,entropy,source_repair,-12.48871243888556,29.23802149074259,-75.49208207455428,0.08,-8.90011914984219,6.276687321890639,1.551212149241252,0,0,4.895798289176442,3,0
reversed,76,myopic,source_repair,-7.5929141497091175,24.342223201566146,-75.49208207455428,0.08,-8.90011914984219,8.045895493158822,1.1614174253551803,0,0,0.0,0,1
reversed,76,sequential,source_repair,-8.197627660406752,24.94693671226378,-75.49208207455428,0.08,-8.90011914984219,9.105166732280727,1.4217179450551198,0,0,0.6047135106976345,1,36
reversed,77,stop,mechanism_repair,-5.518584506000834,18.463949380056626,-62.37543463058646,0.08,-6.59866440039362,2.7462583295706122,1.0214580825977577,0,0,0.0,0,0
reversed,77,fixed,mechanism_repair,-8.649524958637086,21.59488983269288,-62.37543463058646,0.08,-6.59866440039362,9.121152210615374,1.7685859965712436,0,0,3.130940452636252,3,0
reversed,77,random,mechanism_repair,-8.649524958637086,21.59488983269288,-62.37543463058646,0.08,-6.59866440039362,9.121152210615374,1.7685859965712436,0,0,3.130940452636252,3,0
reversed,77,entropy,mechanism_repair,-8.649524958637086,21.59488983269288,-62.37543463058646,0.08,-6.59866440039362,9.121152210615378,1.7685859965712436,0,0,3.130940452636252,3,0
reversed,77,myopic,mechanism_repair,-5.952535062975692,18.897899937031482,-62.37543463058646,0.08,-6.59866440039362,9.393704007178334,1.4521856770074861,0,0,0.4339505569748586,1,2
reversed,77,sequential,mechanism_repair,-5.952535062975692,18.897899937031482,-62.37543463058646,0.08,-6.59866440039362,9.393704007178334,1.4521856770074861,0,0,0.4339505569748586,1,36
reversed,78,stop,mechanism_repair,15.35127361988152,0.0,-0.8739901954149132,0.01,0.7192210983101885,4.73438047715136,0.5409908905734802,0,0,0.0,0,0
reversed,78,fixed,source_repair,-11.778407969546507,27.129681589428024,-69.19089047034726,0.08,-8.15724182387252,7.822297618360706,1.7328653742613238,0,0,4.819261038555263,3,0
reversed,78,random,source_repair,-11.778407969546507,27.129681589428024,-69.19089047034726,0.08,-8.15724182387252,7.822297618360707,1.732865374261324,0,0,4.819261038555263,3,0
reversed,78,entropy,source_repair,-11.778407969546507,27.129681589428024,-69.19089047034726,0.08,-8.15724182387252,7.822297618360707,1.732865374261324,0,0,4.819261038555263,3,0
reversed,78,myopic,source_repair,-8.351428951309087,23.702702571190606,-69.19089047034726,0.08,-8.15724182387252,8.223225215368332,1.2885480064900185,0,0,1.3922820203178439,1,2
reversed,78,sequential,source_repair,-8.351428951309087,23.702702571190606,-69.19089047034726,0.08,-8.15724182387252,8.223225215368332,1.2885480064900185,0,0,1.3922820203178439,1,36
reversed,79,stop,source_repair,-7.778145348205588,24.9360583337423,-77.33373187645535,0.08,-9.11723996859263,4.084482579245625,0.8167068793732363,0,0,0.0,0,0
reversed,79,fixed,source_repair,-11.179883789650376,28.337796775187087,-77.33373187645535,0.08,-9.11723996859263,2.1088055930888756,1.5412150012614596,0,0,3.4017384414447878,3,0
reversed,79,random,source_repair,-11.179883789650376,28.337796775187087,-77.33373187645535,0.08,-9.11723996859263,2.1088055930888756,1.5412150012614596,0,0,3.4017384414447878,3,0
reversed,79,entropy,source_repair,-11.179883789650376,28.337796775187087,-77.33373187645535,0.08,-9.11723996859263,2.1088055930888756,1.5412150012614596,0,0,3.4017384414447878,3,0
reversed,79,myopic,source_repair,-8.326742914953071,25.484655900489784,-77.33373187645535,0.08,-9.11723996859263,10.478191368023579,1.3529184685778368,0,0,0.5485975667474832,1,2
reversed,79,sequential,source_repair,-8.326742914953071,25.484655900489784,-77.33373187645535,0.08,-9.11723996859263,10.478191368023579,1.3529184685778368,0,0,0.5485975667474832,1,36
reversed,80,stop,mechanism_repair,-6.922926298933391,23.162562901116075,-78.24842336688545,0.08,-8.277859524602093,4.482388992293872,0.6948951317196056,0,0,0.0,0,0
reversed,80,fixed,general,-21.748193609838054,37.98783021202074,-78.24842336688545,0.3,-22.23902558848323,3.368361325550617,1.582191444729925,0,0,5.408687309410792,3,0
reversed,80,random,general,-21.748193609838054,37.98783021202074,-78.24842336688545,0.3,-22.23902558848323,3.368361325550616,1.582191444729925,0,0,5.408687309410793,3,0
reversed,80,entropy,general,-21.748193609838054,37.98783021202074,-78.24842336688545,0.3,-22.23902558848323,3.368361325550616,1.582191444729925,0,0,5.408687309410793,3,0
reversed,80,myopic,mechanism_repair,-7.150207656982776,23.38984425916546,-78.24842336688545,0.08,-8.277859524602093,10.161414135924943,1.1544389465769649,0,0,0.22728135804938443,1,2
reversed,80,sequential,mechanism_repair,-7.150207656982776,23.38984425916546,-78.24842336688545,0.08,-8.277859524602093,10.161414135924943,1.1544389465769649,0,0,0.22728135804938443,1,36
reversed,81,stop,mechanism_repair,-0.12307103344405923,10.716076610845958,-10.913286821063547,0.01,-3.818167603836771,2.590621831087301,0.521618331159992,0,0,0.0,0,0
reversed,81,fixed,source_repair,-4.456877617716422,15.049883195118321,-10.320173406875313,0.01,-3.0841897537788285,-1.8992568212301264,1.211598906927291,0,0,5.067784434330306,3,0
reversed,81,random,source_repair,-4.4568776177164215,15.04988319511832,-10.320173406875313,0.01,-3.0841897537788285,-1.8992568212301246,1.211598906927291,0,0,5.067784434330305,3,0
reversed,81,entropy,source_repair,-4.456877617716422,15.049883195118321,-10.320173406875313,0.01,-3.0841897537788285,-1.8992568212301264,1.211598906927291,0,0,5.067784434330306,3,0
reversed,81,myopic,mechanism_repair,-0.12307103344405923,10.716076610845958,-10.913286821063547,0.01,-3.818167603836771,2.590621831087301,0.521618331159992,0,0,0.0,0,1
reversed,81,sequential,mechanism_repair,-1.8036957904173208,12.396701367819219,-10.913286821063547,0.01,-3.818167603836771,3.904979350776494,0.8195777149746253,0,0,1.6806247569732615,1,36
reversed,82,stop,mechanism_repair,-0.19282320280327692,16.789557670593762,-17.098539429302626,0.01,-5.982165629137809,7.119835569321711,0.5287170851908021,0,0,0.0,0,0
reversed,82,fixed,mechanism_repair,-7.032540865531925,23.62927533332241,-17.098539429302626,0.01,-5.982165629137809,10.340614854116506,1.7309966762272841,0,0,6.839717662728648,3,0
reversed,82,random,mechanism_repair,-7.032540865531925,23.62927533332241,-17.098539429302626,0.01,-5.982165629137809,10.340614854116506,1.7309966762272841,0,0,6.839717662728648,3,0
reversed,82,entropy,mechanism_repair,-7.032540865531925,23.62927533332241,-17.098539429302626,0.01,-5.982165629137809,10.340614854116506,1.7309966762272841,0,0,6.839717662728648,3,0
reversed,82,myopic,mechanism_repair,-2.2759015120115693,18.872635979802055,-17.098539429302626,0.01,-5.982165629137809,9.642169825864908,1.4043801706635464,0,0,2.0830783092082923,1,2
reversed,82,sequential,mechanism_repair,-2.2759015120115693,18.872635979802055,-17.098539429302626,0.01,-5.982165629137809,9.642169825864908,1.4043801706635464,0,0,2.0830783092082923,1,36
reversed,83,stop,source_repair,13.709908859432032,0.0,-1.5993300133997912,0.01,1.5471779477454524,6.4407459985676425,0.32691041375627605,0,0,0.0,0,0
reversed,83,fixed,mechanism_repair,-14.238643111712761,27.948551971144795,-66.05928316216537,0.08,-6.988376797681707,-1.8756927864761845,1.3604395078465341,0,0,8.394134954049605,3,0
reversed,83,random,mechanism_repair,-14.238643111712761,27.948551971144795,-66.05928316216537,0.08,-6.988376797681707,-1.8756927864761854,1.3604395078465341,0,0,8.394134954049605,3,0
reversed,83,entropy,mechanism_repair,-14.238643111712761,27.948551971144795,-66.05928316216537,0.08,-6.988376797681707,-1.8756927864761845,1.360439507846534,0,0,8.394134954049605,3,0
reversed,83,myopic,source_repair,13.709908859432032,0.0,-1.5993300133997912,0.01,1.5471779477454524,6.4407459985676425,0.32691041375627605,0,0,0.0,0,1
reversed,83,sequential,source_repair,13.709908859432032,0.0,-1.5993300133997912,0.01,1.5471779477454524,6.4407459985676425,0.32691041375627605,0,0,0.0,0,31
reversed,84,stop,source_repair,0.6700638890925716,10.948713838279595,-11.319525893408493,0.01,-3.3828468187197798,4.621612087526333,0.4612492229893892,0,0,0.0,0,0
reversed,84,fixed,source_repair,-2.8863332773532937,14.50511100472546,-11.319525893408493,0.01,-3.3828468187197798,9.025062751918009,1.9395103734361065,0,0,3.5563971664458656,3,0
reversed,84,random,source_repair,-2.8863332773532937,14.50511100472546,-11.319525893408493,0.01,-3.3828468187197798,9.02506275191801,1.9395103734361068,0,0,3.5563971664458656,3,0
reversed,84,entropy,source_repair,-2.8863332773532937,14.50511100472546,-11.319525893408493,0.01,-3.3828468187197798,9.02506275191801,1.9395103734361068,0,0,3.5563971664458656,3,0
reversed,84,myopic,source_repair,-0.5707505424630479,12.189528269835213,-11.319525893408493,0.01,-3.3828468187197798,10.086168311712383,1.6298003610980512,0,0,1.2408144315556195,1,2
reversed,84,sequential,source_repair,-0.5707505424630479,12.189528269835213,-11.319525893408493,0.01,-3.3828468187197798,10.086168311712383,1.6298003610980512,0,0,1.2408144315556195,1,36
reversed,85,stop,source_repair,0.926839436332071,15.14437642084345,-15.657287565221392,0.01,-4.6791893873075425,6.71882599260212,0.6099342619621295,0,0,0.0,0,0
reversed,85,fixed,source_repair,-4.658190401193084,20.729406258368606,-15.657287565221392,0.01,-4.6791893873075425,6.373644356597863,1.6156134012827734,0,0,5.5850298375251555,3,0
reversed,85,random,source_repair,-4.658190401193084,20.729406258368606,-15.657287565221392,0.01,-4.6791893873075425,6.373644356597861,1.6156134012827734,0,0,5.5850298375251555,3,0
reversed,85,entropy,source_repair,-4.658190401193084,20.729406258368606,-15.657287565221392,0.01,-4.6791893873075425,6.373644356597863,1.6156134012827734,0,0,5.5850298375251555,3,0
reversed,85,myopic,source_repair,-0.16318113181892502,16.234396988994444,-15.657287565221392,0.01,-4.6791893873075425,8.849811220897207,1.4769505150761375,0,0,1.090020568150996,1,2
reversed,85,sequential,source_repair,-0.16318113181892502,16.234396988994444,-15.657287565221392,0.01,-4.6791893873075425,8.849811220897207,1.4769505150761375,0,0,1.090020568150996,1,36
reversed,86,stop,mechanism_repair,-0.18227035724720464,15.870697250910183,-16.162769028185824,0.01,-5.654773131464471,4.915640315895798,0.7260175393438106,0,0,0.0,0,0
reversed,86,fixed,source_repair,-4.234926305963354,19.923353199626334,-15.284357667958334,0.01,-4.567739073182951,9.304086759248442,1.5426558172672264,0,0,5.139690006997669,3,0
reversed,86,random,source_repair,-4.234926305963353,19.92335319962633,-15.284357667958334,0.01,-4.567739073182951,9.30408675924844,1.5426558172672262,0,0,5.139690006997668,3,0
reversed,86,entropy,source_repair,-4.234926305963353,19.92335319962633,-15.284357667958334,0.01,-4.567739073182951,9.30408675924844,1.5426558172672262,0,0,5.139690006997668,3,0
reversed,86,myopic,source_repair,-3.3126677425688333,19.001094636231812,-15.284357667958334,0.01,-4.567739073182951,9.142009186903133,1.3054491495052338,0,0,4.217431443603148,2,3
reversed,86,sequential,source_repair,-2.055121086724037,17.743547980387014,-15.284357667958334,0.01,-4.567739073182951,5.685002629732281,0.8257227420203032,0,0,2.959884787758352,2,37
reversed,87,stop,source_repair,14.470881781928217,0.0,-1.6881013427216085,0.01,1.6330545598067727,4.7143326754869985,0.40351915000971855,0,0,0.0,0,0
reversed,87,fixed,mechanism_repair,-13.023123648415073,27.49400543034329,-69.72592502545771,0.08,-7.376268910587895,6.706689798608503,1.7390993559371195,0,0,6.854214176425893,3,0
reversed,87,random,mechanism_repair,-13.023123648415073,27.49400543034329,-69.72592502545771,0.08,-7.376268910587895,6.706689798608502,1.7390993559371195,0,0,6.854214176425894,3,0
reversed,87,entropy,mechanism_repair,-13.023123648415073,27.49400543034329,-69.72592502545771,0.08,-7.376268910587895,6.706689798608503,1.7390993559371195,0,0,6.854214176425893,3,0
reversed,87,myopic,mechanism_repair,-9.086439322603562,23.55732110453178,-69.72592502545771,0.08,-7.376268910587895,10.514615668098603,1.6558866918042856,0,0,2.917529850614382,1,2
reversed,87,sequential,mechanism_repair,-9.086439322603562,23.55732110453178,-69.72592502545771,0.08,-7.376268910587895,10.514615668098603,1.6558866918042856,0,0,2.917529850614382,1,36
reversed,88,stop,source_repair,0.5870433425424427,9.592174228144964,-9.917042874017966,0.01,-2.963713962350197,4.726695601781403,0.5361791173486412,0,0,0.0,0,0
reversed,88,fixed,source_repair,-2.39890473603973,12.578122306727137,-9.917042874017966,0.01,-2.963713962350197,4.875453638728448,1.6367847618251596,0,0,2.985948078582173,3,0
reversed,88,random,source_repair,-2.39890473603973,12.578122306727137,-9.917042874017966,0.01,-2.963713962350197,4.875453638728448,1.6367847618251596,0,0,2.985948078582173,3,0
reversed,88,entropy,source_repair,-2.3989047360397295,12.578122306727135,-9.917042874017966,0.01,-2.963713962350197,4.875453638728448,1.6367847618251596,0,0,2.9859480785821724,3,0
reversed,88,myopic,source_repair,0.37275890895054303,9.806458661736864,-9.917042874017966,0.01,-2.963713962350197,9.295060748047389,1.5136431913699122,0,0,0.2142844335918997,1,2
reversed,88,sequential,source_repair,0.37275890895054303,9.806458661736864,-9.917042874017966,0.01,-2.963713962350197,9.295060748047389,1.5136431913699122,0,0,0.2142844335918997,1,36
reversed,89,stop,source_repair,-7.032411871194663,22.545301584968133,-69.91932263354191,0.08,-8.243120142059679,2.882217226813867,0.7158490805989338,0,0,0.0,0,0
reversed,89,fixed,source_repair,-12.799769038056084,28.312658751829552,-69.91932263354191,0.08,-8.243120142059679,7.44375933883929,1.813864667098702,0,0,5.76735716686142,3,0
reversed,89,random,source_repair,-12.799769038056084,28.312658751829552,-69.91932263354191,0.08,-8.243120142059679,7.44375933883929,1.813864667098702,0,0,5.76735716686142,3,0
reversed,89,entropy,source_repair,-12.799769038056084,28.312658751829552,-69.91932263354191,0.08,-8.243120142059679,7.44375933883929,1.813864667098702,0,0,5.76735716686142,3,0
reversed,89,myopic,source_repair,-7.968721267741274,23.481610981514745,-69.91932263354191,0.08,-8.243120142059679,8.346730647487476,1.255590411174489,0,0,0.9363093965466112,1,2
reversed,89,sequential,source_repair,-7.968721267741274,23.481610981514745,-69.91932263354191,0.08,-8.243120142059679,8.346730647487476,1.255590411174489,0,0,0.9363093965466112,1,36
reversed,90,stop,mechanism_repair,-0.17693191103426875,15.405866518610367,-15.689383918219496,0.01,-5.489152661605326,7.2909240809741975,0.9600217489160077,0,0,0.0,0,0
reversed,90,fixed,mechanism_repair,-6.1811507751926404,21.410085382768738,-15.689383918219496,0.01,-5.489152661605326,9.906745516614958,1.840637511286745,0,0,6.004218864158371,3,0
reversed,90,random,mechanism_repair,-6.1811507751926404,21.410085382768738,-15.689383918219496,0.01,-5.489152661605326,9.906745516614958,1.840637511286745,0,0,6.004218864158371,3,0
reversed,90,entropy,mechanism_repair,-6.1811507751926404,21.410085382768738,-15.689383918219496,0.01,-5.489152661605326,9.906745516614961,1.8406375112867452,0,0,6.004218864158371,3,0
reversed,90,myopic,mechanism_repair,-2.372216213671813,17.601150821247913,-15.689383918219496,0.01,-5.489152661605326,14.438333635226465,1.8309373033816843,0,0,2.1952843026375444,1,2
reversed,90,sequential,mechanism_repair,-2.372216213671813,17.601150821247913,-15.689383918219496,0.01,-5.489152661605326,14.438333635226465,1.8309373033816843,0,0,2.1952843026375444,1,36
reversed,91,stop,source_repair,-8.931342628889857,28.63310864253988,-88.7993249340174,0.08,-10.46897304485258,5.922746550311223,1.0848495927157138,0,0,0.0,0,0
reversed,91,fixed,general,-14.553699049306418,34.25546506295644,-88.7993249340174,0.2,-15.89040551450838,9.830523082008298,1.8053851866037736,1,0,3.149996268306289,3,0
reversed,91,random,general,-14.553699049306418,34.25546506295644,-88.7993249340174,0.2,-15.89040551450838,9.830523082008298,1.8053851866037736,1,0,3.149996268306289,3,0
reversed,91,entropy,general,-14.553699049306418,34.25546506295644,-88.7993249340174,0.2,-15.89040551450838,9.830523082008298,1.8053851866037736,1,0,3.149996268306289,3,0
reversed,91,myopic,general,-12.778570610349083,32.48033662399911,-88.7993249340174,0.2,-15.89040551450838,13.362069504722205,1.8531199106022378,1,0,1.3748678293489542,1,2
reversed,91,sequential,general,-12.778570610349083,32.48033662399911,-88.7993249340174,0.2,-15.89040551450838,13.362069504722205,1.8531199106022378,1,0,1.3748678293489542,1,36
reversed,92,stop,mechanism_repair,-0.1426543325005809,12.421239288936128,-12.64982996631658,0.01,-4.425721761313205,3.657471808800522,0.7966541461787788,0,0,0.0,0,0
reversed,92,fixed,source_repair,-5.246857559374785,17.525442515810333,-11.962339207277633,0.01,-3.5749519470025115,4.4434162338951655,1.719184429466982,0,0,5.954973041184898,3,0
reversed,92,random,source_repair,-5.246857559374786,17.525442515810333,-11.962339207277633,0.01,-3.5749519470025115,4.443416233895166,1.719184429466982,0,0,5.954973041184899,3,0
reversed,92,entropy,source_repair,-5.246857559374786,17.525442515810333,-11.962339207277633,0.01,-3.5749519470025115,4.443416233895166,1.719184429466982,0,0,5.954973041184899,3,0
reversed,92,myopic,source_repair,-1.917455423249819,14.196040379685368,-11.962339207277633,0.01,-3.5749519470025115,8.980549323771204,1.6987262756619146,0,0,2.6255709050599316,1,2
reversed,92,sequential,source_repair,-1.917455423249819,14.196040379685368,-11.962339207277633,0.01,-3.5749519470025115,8.980549323771204,1.6987262756619146,0,0,2.6255709050599316,1,36
reversed,93,stop,mechanism_repair,15.570171998132235,0.0,-0.8864526816633234,0.01,0.7294766859521092,5.220269114526631,0.44092052005696425,0,0,0.0,0,0
reversed,93,fixed,source_repair,-12.34763438874252,27.917806386874755,-70.17750396501305,0.08,-8.273558362191013,0.879266352824918,1.2962027049359701,0,0,5.289254910998314,3,0
reversed,93,random,source_repair,-12.34763438874252,27.917806386874755,-70.17750396501305,0.08,-8.273558362191013,0.879266352824918,1.2962027049359701,0,0,5.289254910998314,3,0
reversed,93,entropy,source_repair,-12.34763438874252,27.917806386874755,-70.17750396501305,0.08,-8.273558362191013,0.879266352824918,1.2962027049359701,0,0,5.289254910998314,3,0
reversed,93,myopic,general,-11.493455318762143,27.063627316894376,-70.17750396501305,0.2,-12.558079656897071,2.4246229229028615,1.3281637398740727,0,0,2.481186388518362,2,3
reversed,93,sequential,general,-11.493455318762143,27.063627316894376,-70.17750396501305,0.2,-12.558079656897071,2.4246229229028615,1.3281637398740727,0,0,2.481186388518362,2,37
reversed,94,stop,mechanism_repair,12.176995050538352,0.0,-0.6932697929377785,0.01,0.5705032671050466,5.222097233665601,0.35684943537087266,0,0,0.0,0,0
reversed,94,fixed,source_repair,-9.407352860213864,21.584347910752214,-54.88385860757411,0.08,-6.470518067419263,5.080063417693225,1.4973031668012853,0,0,3.887192133946804,3,0
reversed,94,random,source_repair,-9.407352860213864,21.584347910752214,-54.88385860757411,0.08,-6.470518067419263,5.080063417693223,1.497303166801285,0,0,3.887192133946804,3,0
reversed,94,entropy,source_repair,-9.407352860213864,21.584347910752214,-54.88385860757411,0.08,-6.470518067419263,5.080063417693225,1.4973031668012853,0,0,3.887192133946804,3,0
reversed,94,myopic,source_repair,-6.168043985102658,18.34503903564101,-54.88385860757411,0.08,-6.470518067419263,3.790764424874456,0.7899463578806294,0,0,0.6478832588355986,1,2
reversed,94,sequential,source_repair,-6.168043985102658,18.34503903564101,-54.88385860757411,0.08,-6.470518067419263,3.790764424874456,0.7899463578806294,0,0,0.6478832588355986,1,36
reversed,95,stop,mechanism_repair,-0.1638752130967982,14.268989940368211,-14.531585161354652,0.01,-5.0840804063163345,5.686953262891656,0.5078315541096866,0,0,0.0,0,0
reversed,95,fixed,mechanism_repair,-7.302952663039665,21.40806739031108,-14.531585161354652,0.01,-5.0840804063163345,-0.9915524635283104,1.2733430263036656,0,0,7.139077449942867,3,0
reversed,95,random,mechanism_repair,-7.302952663039665,21.40806739031108,-14.531585161354652,0.01,-5.0840804063163345,-0.9915524635283104,1.2733430263036656,0,0,7.139077449942867,3,0
reversed,95,entropy,mechanism_repair,-7.302952663039665,21.40806739031108,-14.531585161354652,0.01,-5.0840804063163345,-0.9915524635283104,1.2733430263036656,0,0,7.139077449942867,3,0
reversed,95,myopic,mechanism_repair,-0.1638752130967982,14.268989940368211,-14.531585161354652,0.01,-5.0840804063163345,5.686953262891656,0.5078315541096866,0,0,0.0,0,1
reversed,95,sequential,mechanism_repair,-0.1638752130967982,14.268989940368211,-14.531585161354652,0.01,-5.0840804063163345,5.686953262891656,0.5078315541096866,0,0,0.0,0,31
reversed,96,stop,source_repair,0.634951871664792,10.374990291377138,-10.72637142424018,0.01,-3.205582264715456,5.392957855997882,0.6780838892568672,0,0,0.0,0,0
reversed,96,fixed,mechanism_repair,-5.424084380072312,16.434026543114243,-11.342829552070075,0.01,-3.9684491979049517,-0.8867294975376501,0.8241812638665733,0,0,5.296169318547609,3,0
reversed,96,random,mechanism_repair,-5.424084380072312,16.434026543114243,-11.342829552070075,0.01,-3.9684491979049517,-0.886729497537651,0.8241812638665733,0,0,5.296169318547609,3,0
reversed,96,entropy,mechanism_repair,-5.424084380072312,16.434026543114243,-11.342829552070075,0.01,-3.9684491979049517,-0.886729497537651,0.8241812638665734,0,0,5.296169318547609,3,0
reversed,96,myopic,source_repair,0.634951871664792,10.374990291377138,-10.72637142424018,0.01,-3.205582264715456,5.392957855997882,0.6780838892568672,0,0,0.0,0,1
reversed,96,sequential,source_repair,-1.926707232786439,12.93664939582837,-10.72637142424018,0.01,-3.205582264715456,3.3370311513824604,0.5306422130577724,0,0,2.561659104451231,2,37
reversed,97,stop,mechanism_repair,-7.824011718732081,26.17739316423492,-88.43320800470525,0.08,-9.355302531024083,4.497673958408811,1.0866793016237228,0,0,0.0,0,0
reversed,97,fixed,mechanism_repair,-12.954519285547262,31.307900731050104,-88.43320800470525,0.08,-9.355302531024083,13.818234131653076,1.9296870139602156,0,0,5.130507566815181,3,0
reversed,97,random,mechanism_repair,-12.954519285547264,31.307900731050104,-88.43320800470525,0.08,-9.355302531024083,13.818234131653075,1.9296870139602156,0,0,5.130507566815182,3,0
reversed,97,entropy,mechanism_repair,-12.954519285547264,31.307900731050104,-88.43320800470525,0.08,-9.355302531024083,13.818234131653075,1.9296870139602158,0,0,5.130507566815182,3,0
reversed,97,myopic,mechanism_repair,-10.775194157084856,29.128575602587695,-88.43320800470525,0.08,-9.355302531024083,14.160302916128002,1.7363106359961074,0,0,2.951182438352775,1,2
reversed,97,sequential,mechanism_repair,-10.775194157084856,29.128575602587695,-88.43320800470525,0.08,-9.355302531024083,14.160302916128002,1.7363106359961074,0,0,2.951182438352775,1,36
reversed,98,stop,mechanism_repair,19.49399222357665,0.0,-1.1098465505060817,0.01,0.9133112238539647,7.749327186938346,0.4993154478408856,0,0,0.0,0,0
reversed,98,fixed,general,-18.14624345166442,37.64023567524107,-87.86285191506497,0.2,-15.722826132169523,4.598725981728418,1.6042101250612344,1,0,6.862803521519236,3,0
reversed,98,random,general,-18.14624345166442,37.64023567524107,-87.86285191506497,0.2,-15.722826132169523,4.598725981728418,1.6042101250612344,1,0,6.862803521519236,3,0
reversed,98,entropy,general,-18.14624345166442,37.64023567524107,-87.86285191506497,0.2,-15.722826132169523,4.598725981728417,1.6042101250612344,1,0,6.862803521519237,3,0
reversed,98,myopic,general,-13.38664557226797,32.88063779584462,-87.86285191506497,0.2,-15.722826132169523,9.719930784132073,1.4703904162170751,1,0,2.103205642122784,1,2
reversed,98,sequential,general,-13.38664557226797,32.88063779584462,-87.86285191506497,0.2,-15.722826132169523,9.719930784132073,1.4703904162170751,1,0,2.103205642122784,1,36
reversed,99,stop,mechanism_repair,-7.562027542238094,25.300852709359074,-85.47205431441033,0.08,-9.042043640629727,6.7971460377730235,0.9174273754388907,0,0,0.0,0,0
reversed,99,fixed,general,-23.49558837061805,41.23441353773903,-85.47205431441033,0.3,-24.29205754199031,8.770025756949412,1.8315732811275454,1,0,5.647673871016837,3,0
reversed,99,random,general,-23.49558837061805,41.23441353773903,-85.47205431441033,0.3,-24.29205754199031,8.770025756949412,1.8315732811275454,1,0,5.647673871016837,3,0
reversed,99,entropy,general,-23.49558837061805,41.23441353773903,-85.47205431441033,0.3,-24.29205754199031,8.770025756949416,1.8315732811275456,1,0,5.647673871016837,3,0
reversed,99,myopic,general,-20.79535833828316,38.534183505404144,-85.47205431441033,0.3,-24.29205754199031,10.355343997974234,1.707183143272222,1,0,2.94744383868195,2,3
reversed,99,sequential,general,-20.79535833828316,38.534183505404144,-85.47205431441033,0.3,-24.29205754199031,10.355343997974234,1.707183143272222,1,0,2.94744383868195,2,37
reversed,100,stop,source_repair,14.160841236986663,0.0,-1.6519335494868104,0.01,1.5980661511339798,5.2069360023907,0.43734087321604337,0,0,0.0,0,0
reversed,100,fixed,mechanism_repair,-13.066991307185333,27.227832544171996,-68.23203791358564,0.08,-7.218231379279324,-2.4882639215481372,0.7604861288098382,0,0,7.030251531778099,3,0
reversed,100,random,mechanism_repair,-13.066991307185333,27.227832544171996,-68.23203791358564,0.08,-7.218231379279324,-2.4882639215481372,0.7604861288098382,0,0,7.030251531778099,3,0
reversed,100,entropy,mechanism_repair,-13.066991307185333,27.227832544171996,-68.23203791358564,0.08,-7.218231379279324,-2.4882639215481372,0.7604861288098382,0,0,7.030251531778099,3,0
reversed,100,myopic,mechanism_repair,-8.651280085404352,22.812121322391015,-68.23203791358564,0.08,-7.218231379279324,8.362238193347894,1.367026510103502,0,0,2.614540309997116,1,2
reversed,100,sequential,source_repair,12.630475049165756,1.5303661878209063,-1.6519335494868104,0.01,1.5980661511339798,8.945592411980126,0.07407000959681238,0,0,1.5303661878209063,1,36
reversed,101,stop,source_repair,14.99753533562067,0.0,-1.7495381358994488,0.01,1.6924879792940337,4.948449231092938,0.43525066165943826,0,0,0.0,0,0
reversed,101,fixed,general,-19.686796668168515,34.68433200378919,-72.26353170019469,0.3,-20.53805637795007,3.7926639048018522,1.624807264916427,0,0,4.597030246035757,3,0
reversed,101,random,general,-19.686796668168515,34.68433200378919,-72.26353170019469,0.3,-20.53805637795007,3.7926639048018522,1.624807264916427,0,0,4.597030246035757,3,0
reversed,101,entropy,general,-19.686796668168515,34.68433200378919,-72.26353170019469,0.3,-20.53805637795007,3.7926639048018522,1.624807264916427,0,0,4.597030246035757,3,0
reversed,101,myopic,general,-18.526920209326796,33.524455544947465,-72.26353170019469,0.3,-20.53805637795007,7.017560954090494,1.7402922182999432,1,0,3.4371537871940374,2,3
reversed,101,sequential,general,-18.526920209326796,33.524455544947465,-72.26353170019469,0.3,-20.53805637795007,7.017560954090494,1.7402922182999432,1,0,3.4371537871940374,2,37
reversed,102,stop,source_repair,19.00232751300778,0.0,-2.216717341275236,0.01,2.144433080146697,5.668842823124643,0.4448913532749906,0,0,0.0,0,0
reversed,102,fixed,source_repair,14.676725037325188,4.325602475682594,-2.216717341275236,0.01,2.144433080146697,2.643163556676802,0.3756361356562441,0,0,4.325602475682593,3,0
reversed,102,random,source_repair,14.676725037325188,4.325602475682594,-2.216717341275236,0.01,2.144433080146697,2.6431635566768,0.37563613565624426,0,0,4.325602475682593,3,0
reversed,102,entropy,source_repair,14.67672503732519,4.325602475682592,-2.216717341275236,0.01,2.144433080146697,2.643163556676802,0.3756361356562442,0,0,4.325602475682592,3,0
reversed,102,myopic,source_repair,17.698865119482065,1.3034623935257166,-2.216717341275236,0.01,2.144433080146697,9.375914781199135,0.21126753546815158,0,0,1.3034623935257168,1,2
reversed,102,sequential,source_repair,17.698865119482065,1.3034623935257166,-2.216717341275236,0.01,2.144433080146697,9.375914781199135,0.21126753546815158,0,0,1.3034623935257168,1,36
reversed,103,stop,mechanism_repair,12.262644774025874,0.0,-0.6981460670777384,0.01,0.5745160343660562,3.612720051513044,0.4773579357421066,0,0,0.0,0,0
reversed,103,fixed,general,-9.979711116931618,22.24235589095749,-55.26989697698769,0.2,-9.89040261693464,4.789791743033495,1.6762507420750952,1,0,2.881892768307936,3,0
reversed,103,random,general,-9.979711116931618,22.24235589095749,-55.26989697698769,0.2,-9.89040261693464,4.7897917430334935,1.676250742075095,1,0,2.881892768307936,3,0
reversed,103,entropy,general,-9.979711116931618,22.24235589095749,-55.26989697698769,0.2,-9.89040261693464,4.7897917430334935,1.676250742075095,1,0,2.881892768307936,3,0
reversed,103,myopic,general,-9.31343454759976,21.576079321625635,-55.26989697698769,0.2,-9.89040261693464,3.6426623860659926,1.5715260274572547,0,0,2.2156161989760768,2,3
reversed,103,sequential,general,-9.31343454759976,21.576079321625635,-55.26989697698769,0.2,-9.89040261693464,3.6426623860659926,1.5715260274572547,0,0,2.2156161989760768,2,37
reversed,104,stop,source_repair,0.8925354450570077,14.583855864378098,-15.077783246594114,0.01,-4.506004188637322,6.329289974045962,1.0816774068245727,0,0,0.0,0,0
reversed,104,fixed,mechanism_repair,-5.934045854953518,21.41043716438862,-15.944322513639753,0.01,-5.578346531606299,0.6428458353599229,1.411031070854826,0,0,5.754238957041548,3,0
reversed,104,random,mechanism_repair,-5.934045854953518,21.41043716438862,-15.944322513639753,0.01,-5.578346531606299,0.6428458353599229,1.411031070854826,0,0,5.754238957041548,3,0
reversed,104,entropy,mechanism_repair,-5.934045854953517,21.41043716438862,-15.944322513639753,0.01,-5.578346531606299,0.6428458353599202,1.4110310708548257,0,0,5.754238957041547,3,0
reversed,104,myopic,mechanism_repair,-2.5255804570626603,18.001971766497764,-15.944322513639753,0.01,-5.578346531606299,13.080987877800684,1.7299897654566638,0,0,2.3457735591506905,1,2
reversed,104,sequential,mechanism_repair,-2.5255804570626603,18.001971766497764,-15.944322513639753,0.01,-5.578346531606299,13.080987877800684,1.7299897654566638,0,0,2.3457735591506905,1,36
reversed,105,stop,mechanism_repair,16.87612361969627,0.0,-0.9608040964837161,0.01,0.7906617043980582,4.7105787703111375,0.5397486577385536,0,0,0.0,0,0
reversed,105,fixed,general,-15.593537808008909,32.46966142770518,-76.06365763829419,0.2,-13.611391366852647,7.9029985668564,1.920557731595539,1,0,5.825362827091128,3,0
reversed,105,random,general,-15.593537808008909,32.46966142770518,-76.06365763829419,0.2,-13.611391366852647,7.9029985668564,1.920557731595539,1,0,5.825362827091128,3,0
reversed,105,entropy,general,-15.593537808008909,32.46966142770518,-76.06365763829419,0.2,-13.611391366852647,7.9029985668564,1.9205577315955393,1,0,5.825362827091128,3,0
reversed,105,myopic,general,-13.139830778596105,30.015954398292372,-76.06365763829419,0.2,-13.611391366852647,8.170945419008987,1.7933777114793854,1,0,3.371655797678324,2,3
reversed,105,sequential,general,-15.593537808008909,32.46966142770518,-76.06365763829419,0.2,-13.611391366852647,7.9029985668564,1.9205577315955393,1,0,5.825362827091128,3,37
reversed,106,stop,source_repair,0.6938590728396942,11.337522520283546,-11.721502783893865,0.01,-3.502977843462534,3.2218629138244457,0.7094281823926749,0,0,0.0,0,0
reversed,106,fixed,source_repair,-2.1134840721712047,14.144865665294446,-11.721502783893865,0.01,-3.502977843462534,1.1452132961391888,0.7064537188004378,0,0,2.8073431450108988,3,0
reversed,106,random,source_repair,-2.1134840721712047,14.144865665294446,-11.721502783893865,0.01,-3.502977843462534,1.1452132961391888,0.7064537188004378,0,0,2.8073431450108988,3,0
reversed,106,entropy,source_repair,-2.1134840721712047,14.144865665294446,-11.721502783893865,0.01,-3.502977843462534,1.1452132961391888,0.7064537188004378,0,0,2.8073431450108988,3,0
reversed,106,myopic,source_repair,-0.33957743377347815,12.370959026896719,-11.721502783893865,0.01,-3.502977843462534,5.560344396457928,1.0120646084524412,0,0,1.0334365066131723,1,2
reversed,106,sequential,source_repair,-0.33957743377347815,12.370959026896719,-11.721502783893865,0.01,-3.502977843462534,5.560344396457928,1.0120646084524412,0,0,1.0334365066131723,1,36
reversed,107,stop,source_repair,17.522451971187845,0.0,-2.0440823956752463,0.01,1.9774275349467045,5.903387925644523,0.5372061949712211,0,0,0.0,0,0
reversed,107,fixed,mechanism_repair,-11.011019288830797,28.533471260018644,-84.42949025615142,0.08,-8.93175133762444,2.4507858302313648,1.331342079533327,0,0,3.541231229852347,3,0
reversed,107,random,mechanism_repair,-11.011019288830799,28.533471260018644,-84.42949025615142,0.08,-8.93175133762444,2.4507858302313625,1.3313420795333273,0,0,3.5412312298523476,3,0
reversed,107,entropy,mechanism_repair,-11.011019288830799,28.533471260018644,-84.42949025615142,0.08,-8.93175133762444,2.4507858302313643,1.3313420795333275,0,0,3.5412312298523476,3,0
reversed,107,myopic,mechanism_repair,-8.190066214790434,25.71251818597828,-84.42949025615142,0.08,-8.93175133762444,8.662051001789138,1.223338050283612,0,0,0.7202781558119844,2,3
reversed,107,sequential,mechanism_repair,-8.190066214790434,25.71251818597828,-84.42949025615142,0.08,-8.93175133762444,8.662051001789138,1.223338050283612,0,0,0.7202781558119844,2,37
reversed,108,stop,mechanism_repair,16.38915708373888,0.0,-0.9330797533145141,0.01,0.7678468803317351,4.6558723739239545,0.5650310515057486,0,0,0.0,0,0
reversed,108,fixed,source_repair,-15.167115927064824,31.556273010803704,-73.86881380406565,0.08,-8.708744364268794,1.0322431010177073,1.4410981980353799,0,0,7.737468391298009,3,0
reversed,108,random,source_repair,-15.167115927064824,31.556273010803704,-73.86881380406565,0.08,-8.708744364268794,1.0322431010177073,1.4410981980353799,0,0,7.737468391298009,3,0
reversed,108,entropy,source_repair,-15.167115927064824,31.556273010803704,-73.86881380406565,0.08,-8.708744364268794,1.0322431010177073,1.44109819803538,0,0,7.737468391298009,3,0
reversed,108,myopic,source_repair,-10.199614397677777,26.588771481416657,-73.86881380406565,0.08,-8.708744364268794,9.505386110786288,1.5455288499373951,0,0,2.7699668619109623,1,2
reversed,108,sequential,source_repair,-10.199614397677777,26.588771481416657,-73.86881380406565,0.08,-8.708744364268794,9.505386110786288,1.5455288499373951,0,0,2.7699668619109623,1,36
reversed,109,stop,source_repair,-6.033544871236169,19.343020750198,-59.988148902923704,0.08,-7.072287028555216,3.262009972750623,0.6848523367848367,0,0,0.0,0,0
reversed,109,fixed,source_repair,-9.553857808787765,22.8633336877496,-59.988148902923704,0.08,-7.072287028555216,3.536734616119417,1.35733585695784,0,0,3.520312937551595,3,0
reversed,109,random,source_repair,-9.553857808787765,22.8633336877496,-59.988148902923704,0.08,-7.072287028555216,3.536734616119417,1.35733585695784,0,0,3.520312937551595,3,0
reversed,109,entropy,source_repair,-9.553857808787763,22.863333687749595,-59.988148902923704,0.08,-7.072287028555216,3.5367346161194173,1.35733585695784,0,0,3.5203129375515947,3,0
reversed,109,myopic,source_repair,-7.4253693848979525,20.734845263859786,-59.988148902923704,0.08,-7.072287028555216,4.930875664148309,1.2100946256323617,0,0,1.3918245136617842,1,2
reversed,109,sequential,source_repair,-7.4253693848979525,20.734845263859786,-59.988148902923704,0.08,-7.072287028555216,4.930875664148309,1.2100946256323617,0,0,1.3918245136617842,1,36
reversed,110,stop,source_repair,17.85271023370827,0.0,-2.0826086876322325,0.01,2.014697534774661,5.197310549302917,0.508374316073523,0,0,0.0,0,0
reversed,110,fixed,mechanism_repair,-13.830981491551903,31.68369172526017,-86.02079361959224,0.08,-9.100094482914761,2.096529570072784,1.4059199639277669,0,0,6.220404961313241,3,0
reversed,110,random,mechanism_repair,-13.830981491551903,31.68369172526017,-86.02079361959224,0.08,-9.100094482914761,2.0965295700727866,1.4059199639277669,0,0,6.22040496131324,3,0
reversed,110,entropy,mechanism_repair,-13.830981491551903,31.68369172526017,-86.02079361959224,0.08,-9.100094482914761,2.096529570072784,1.4059199639277669,0,0,6.220404961313241,3,0
reversed,110,myopic,general,-21.39177564732192,39.24448588103019,-86.02079361959224,0.3,-24.448015028726218,5.5951029030217265,1.5104042980364325,0,0,3.429275716493909,2,3
reversed,110,sequential,general,-21.39177564732192,39.24448588103019,-86.02079361959224,0.3,-24.448015028726218,5.5951029030217265,1.5104042980364325,0,0,3.429275716493909,2,37
reversed,111,stop,mechanism_repair,-0.12004690113157251,10.45275848768524,-10.645122799137038,0.01,-3.7243466314915588,4.542919086112685,0.6196596392508442,0,0,0.0,0,0
reversed,111,fixed,source_repair,-4.657059842267449,14.989771428821117,-10.066583516575244,0.01,-3.0084042693213373,0.6013982115863552,1.3580761804658388,0,0,5.2529553033060985,3,0
reversed,111,random,source_repair,-4.657059842267449,14.989771428821117,-10.066583516575244,0.01,-3.0084042693213373,0.601398211586357,1.3580761804658388,0,0,5.2529553033060985,3,0
reversed,111,entropy,source_repair,-4.657059842267449,14.989771428821117,-10.066583516575244,0.01,-3.0084042693213373,0.6013982115863552,1.3580761804658388,0,0,5.2529553033060985,3,0
reversed,111,myopic,mechanism_repair,-0.12004690113157251,10.45275848768524,-10.645122799137038,0.01,-3.7243466314915588,4.542919086112685,0.6196596392508442,0,0,0.0,0,1
reversed,111,sequential,mechanism_repair,-0.12004690113157251,10.45275848768524,-10.645122799137038,0.01,-3.7243466314915588,4.542919086112685,0.6196596392508442,0,0,0.0,0,31
reversed,112,stop,mechanism_repair,19.855690277427886,0.0,-1.1304390147272425,0.01,0.9302571058692937,4.082355122495953,0.6294426584165363,0,0,0.0,0,0
reversed,112,fixed,mechanism_repair,17.07128474765149,2.7844055297763965,-1.1304390147272425,0.01,0.9302571058692937,3.2908967399673132,0.693207214078196,0,0,2.7844055297763948,3,0
reversed,112,random,mechanism_repair,17.071284747651493,2.784405529776393,-1.1304390147272425,0.01,0.9302571058692937,3.290896739967313,0.693207214078196,0,0,2.7844055297763943,3,0
reversed,112,entropy,mechanism_repair,17.071284747651493,2.784405529776393,-1.1304390147272425,0.01,0.9302571058692937,3.2908967399673137,0.693207214078196,0,0,2.7844055297763943,3,0
reversed,112,myopic,mechanism_repair,18.731808646869514,1.1238816305583725,-1.1304390147272425,0.01,0.9302571058692937,13.558357715262153,0.06771264495380333,0,0,1.123881630558373,1,2
reversed,112,sequential,mechanism_repair,18.731808646869514,1.1238816305583725,-1.1304390147272425,0.01,0.9302571058692937,13.558357715262153,0.06771264495380333,0,0,1.123881630558373,1,36
reversed,113,stop,mechanism_repair,-8.068653075186178,26.995908422436564,-91.19833933880867,0.08,-9.647824319526602,6.027013366818144,0.8937673537074118,0,0,0.0,0,0
reversed,113,fixed,mechanism_repair,-12.92706065875354,31.854316006003927,-91.19833933880867,0.08,-9.647824319526602,10.182541346715691,1.5214885711042263,0,0,4.858407583567362,3,0
reversed,113,random,mechanism_repair,-12.92706065875354,31.854316006003927,-91.19833933880867,0.08,-9.647824319526602,10.182541346715691,1.5214885711042263,0,0,4.858407583567362,3,0
reversed,113,entropy,mechanism_repair,-12.92706065875354,31.854316006003927,-91.19833933880867,0.08,-9.647824319526602,10.182541346715691,1.5214885711042263,0,0,4.858407583567362,3,0
reversed,113,myopic,mechanism_repair,-9.128864871025788,28.056120218276178,-91.19833933880867,0.08,-9.647824319526602,7.9839361255017165,1.3173326596775239,0,0,1.0602117958396093,1,2
reversed,113,sequential,mechanism_repair,-9.128864871025788,28.056120218276178,-91.19833933880867,0.08,-9.647824319526602,7.9839361255017165,1.3173326596775239,0,0,1.0602117958396093,1,36
reversed,114,stop,source_repair,0.7891600479927804,12.89472194924126,-13.331441587450858,0.01,-3.984108980157728,3.21636865057985,0.6507298509871682,0,0,0.0,0,0
reversed,114,fixed,source_repair,-5.677101315435128,19.36098331266917,-13.331441587450858,0.01,-3.984108980157728,6.322884222534687,1.6438940240509783,0,0,6.4662613634279085,3,0
reversed,114,random,source_repair,-5.677101315435127,19.36098331266917,-13.331441587450858,0.01,-3.984108980157728,6.322884222534686,1.643894024050978,0,0,6.466261363427908,3,0
reversed,114,entropy,source_repair,-5.677101315435128,19.36098331266917,-13.331441587450858,0.01,-3.984108980157728,6.322884222534687,1.6438940240509783,0,0,6.4662613634279085,3,0
reversed,114,myopic,source_repair,0.117222689681589,13.566659307552452,-13.331441587450858,0.01,-3.984108980157728,10.205565876282012,1.3731400984437268,0,0,0.6719373583111914,1,2
reversed,114,sequential,source_repair,0.117222689681589,13.566659307552452,-13.331441587450858,0.01,-3.984108980157728,10.205565876282012,1.3731400984437268,0,0,0.6719373583111914,1,36
reversed,115,stop,mechanism_repair,12.218488794594254,0.0,-0.6956321458196246,0.01,0.5724472866640649,4.0795023794576135,0.5396316398746449,0,0,0.0,0,0
reversed,115,fixed,mechanism_repair,7.6373572738051525,4.581131520789102,-0.6956321458196246,0.01,0.5724472866640649,5.363877251884501,0.0332287986989203,0,0,4.581131520789102,3,0
reversed,115,random,mechanism_repair,7.6373572738051525,4.581131520789102,-0.6956321458196246,0.01,0.5724472866640649,5.3638772518844995,0.033228798698920335,0,0,4.581131520789102,3,0
reversed,115,entropy,mechanism_repair,7.6373572738051525,4.581131520789102,-0.6956321458196246,0.01,0.5724472866640649,5.363877251884501,0.0332287986989203,0,0,4.581131520789102,3,0
reversed,115,myopic,mechanism_repair,10.805537697472335,1.412951097121919,-0.6956321458196246,0.01,0.5724472866640649,9.012780249255488,0.026181819789563316,0,0,1.41295109712192,1,2
reversed,115,sequential,mechanism_repair,10.805537697472335,1.412951097121919,-0.6956321458196246,0.01,0.5724472866640649,9.012780249255488,0.026181819789563316,0,0,1.41295109712192,1,36
reversed,116,stop,source_repair,0.7390729232170269,12.076308056060745,-12.485309576675993,0.01,-3.7312419424548944,4.369245785891845,0.5011622070619117,0,0,0.0,0,0
reversed,116,fixed,source_repair,-4.378229655222041,17.193610634499812,-12.485309576675993,0.01,-3.7312419424548944,3.38752575437379,1.5914276990599183,0,0,5.117302578439068,3,0
reversed,116,random,source_repair,-4.378229655222041,17.193610634499812,-12.485309576675993,0.01,-3.7312419424548944,3.3875257543737884,1.5914276990599183,0,0,5.117302578439068,3,0
reversed,116,entropy,source_repair,-4.378229655222041,17.193610634499812,-12.485309576675993,0.01,-3.7312419424548944,3.38752575437379,1.5914276990599183,0,0,5.117302578439068,3,0
reversed,116,myopic,source_repair,0.02355204623512186,12.79182893304265,-12.485309576675993,0.01,-3.7312419424548944,11.29924519819097,1.5691589250880953,0,0,0.715520876981905,1,2
reversed,116,sequential,source_repair,0.02355204623512186,12.79182893304265,-12.485309576675993,0.01,-3.7312419424548944,11.29924519819097,1.5691589250880953,0,0,0.715520876981905,1,36
reversed,117,stop,mechanism_repair,-0.17263105016872948,15.03138071770368,-15.308006376407787,0.01,-5.3557223395720195,4.598044741267516,0.3803024074818391,0,0,0.0,0,0
reversed,117,fixed,mechanism_repair,-4.495459516171678,19.35420918370663,-15.308006376407787,0.01,-5.3557223395720195,8.507897822411767,1.6363967678736404,0,0,4.322828466002949,3,0
reversed,117,random,mechanism_repair,-4.495459516171678,19.35420918370663,-15.308006376407787,0.01,-5.3557223395720195,8.507897822411767,1.6363967678736404,0,0,4.322828466002949,3,0
reversed,117,entropy,mechanism_repair,-4.495459516171678,19.35420918370663,-15.308006376407787,0.01,-5.3557223395720195,8.507897822411767,1.6363967678736404,0,0,4.322828466002949,3,0
reversed,117,myopic,mechanism_repair,-0.7457798639137668,15.604529531448717,-15.308006376407787,0.01,-5.3557223395720195,12.755205769780405,1.313336700640227,0,0,0.5731488137450373,1,2
reversed,117,sequential,mechanism_repair,-0.7457798639137668,15.604529531448717,-15.308006376407787,0.01,-5.3557223395720195,12.755205769780405,1.313336700640227,0,0,0.5731488137450373,1,36
reversed,118,stop,source_repair,-8.503185913924193,27.260475406413697,-84.54240312117197,0.08,-9.967104367969752,4.1591263390760345,0.6252774387070612,0,0,0.0,0,0
reversed,118,fixed,source_repair,-12.223928791700835,30.981218284190337,-84.54240312117197,0.08,-9.967104367969752,13.19553464231807,1.920294556663858,0,0,3.720742877776643,3,0
reversed,118,random,source_repair,-12.223928791700835,30.981218284190337,-84.54240312117197,0.08,-9.967104367969752,13.19553464231807,1.920294556663858,0,0,3.720742877776643,3,0
reversed,118,entropy,source_repair,-12.223928791700835,30.981218284190337,-84.54240312117197,0.08,-9.967104367969752,13.19553464231807,1.920294556663858,0,0,3.720742877776643,3,0
reversed,118,myopic,source_repair,-11.641430003886349,30.39871949637585,-84.54240312117197,0.08,-9.967104367969752,13.205927624201808,1.8583372208309923,0,0,3.1382440899621558,2,3
reversed,118,sequential,source_repair,-10.229904418116778,28.98719391060628,-84.54240312117197,0.08,-9.967104367969752,11.358345669813072,1.5189167824625776,0,0,1.726718504192584,2,37
reversed,119,stop,mechanism_repair,-5.009611736595024,16.761040338812943,-56.622619271448805,0.08,-5.990077091348005,5.050159917439386,1.1021025946667629,0,0,0.0,0,0
reversed,119,fixed,mechanism_repair,-9.43693263043319,21.18836123265111,-56.622619271448805,0.08,-5.990077091348005,6.511463336719189,1.7263039120603965,0,0,4.427320893838167,3,0
reversed,119,random,mechanism_repair,-9.43693263043319,21.18836123265111,-56.622619271448805,0.08,-5.990077091348005,6.511463336719189,1.7263039120603965,0,0,4.427320893838167,3,0
reversed,119,entropy,mechanism_repair,-9.43693263043319,21.18836123265111,-56.622619271448805,0.08,-5.990077091348005,6.511463336719189,1.7263039120603965,0,0,4.427320893838167,3,0
reversed,119,myopic,mechanism_repair,-5.009611736595024,16.761040338812943,-56.622619271448805,0.08,-5.990077091348005,5.050159917439386,1.1021025946667629,0,0,0.0,0,1
reversed,119,sequential,mechanism_repair,-5.009611736595024,16.761040338812943,-56.622619271448805,0.08,-5.990077091348005,5.050159917439386,1.1021025946667629,0,0,0.0,0,31
omitted,0,stop,mechanism_repair,-27.414999999999996,27.414999999999996,-93.0,0.35,-35.5,4.74689363109968,1.3953364525471728,1,0,0.0,0,0
omitted,0,fixed,mechanism_repair,-33.358793057334644,33.358793057334644,-93.0,0.35,-35.5,4.0232736053542855,1.5256335611361305,1,0,5.9437930573346485,3,0
omitted,0,random,mechanism_repair,-33.358793057334644,33.358793057334644,-93.0,0.35,-35.5,4.023273605354282,1.5256335611361302,1,0,5.9437930573346485,3,0
omitted,0,entropy,mechanism_repair,-33.358793057334644,33.358793057334644,-93.0,0.35,-35.5,4.023273605354282,1.5256335611361302,1,0,5.9437930573346485,3,0
omitted,0,myopic,mechanism_repair,-27.999294918678974,27.999294918678974,-93.0,0.35,-35.5,16.43132208337064,1.8422264158451096,1,0,0.5842949186789783,1,2
omitted,0,sequential,mechanism_repair,-27.999294918678974,27.999294918678974,-93.0,0.35,-35.5,16.43132208337064,1.8422264158451096,1,0,0.5842949186789783,1,36
omitted,1,stop,source_repair,-27.414999999999996,27.414999999999996,-93.0,0.35,-35.5,9.047050237938336,1.4286281658150397,1,0,0.0,0,0
omitted,1,fixed,general,-34.57212812654948,34.57212812654948,-93.0,0.35,-35.5,1.4210451324408817,1.5862428772692818,0,0,7.157128126549481,3,0
omitted,1,random,general,-34.57212812654948,34.57212812654948,-93.0,0.35,-35.5,1.421045132440879,1.5862428772692816,0,0,7.157128126549482,3,0
omitted,1,entropy,general,-34.57212812654948,34.57212812654948,-93.0,0.35,-35.5,1.421045132440879,1.5862428772692816,0,0,7.157128126549482,3,0
omitted,1,myopic,mechanism_repair,-32.43629920517041,32.43629920517041,-93.0,0.35,-35.5,7.335107333754127,1.5228050275538885,1,0,5.0212992051704095,2,3
omitted,1,sequential,general,-32.1550196630578,32.1550196630578,-93.0,0.35,-35.5,10.118832126106657,1.8877334950219327,1,0,4.7400196630578035,2,37
omitted,2,stop,mechanism_repair,-27.414999999999996,27.414999999999996,-93.0,0.35,-35.5,6.715657034057106,1.346408002469702,1,0,0.0,0,0
omitted,2,fixed,mechanism_repair,-31.033783258421327,31.033783258421327,-93.0,0.35,-35.5,6.920367260319492,1.417966823310477,1,0,3.618783258421332,3,0
omitted,2,random,mechanism_repair,-31.033783258421327,31.033783258421327,-93.0,0.35,-35.5,6.920367260319492,1.417966823310477,1,0,3.618783258421332,3,0
omitted,2,entropy,mechanism_repair,-31.033783258421327,31.033783258421327,-93.0,0.35,-35.5,6.920367260319488,1.417966823310477,1,0,3.618783258421332,3,0
omitted,2,myopic,mechanism_repair,-30.711484791337867,30.711484791337867,-93.0,0.35,-35.5,13.699697572792289,1.6958859744608845,1,0,3.2964847913378708,2,3
omitted,2,sequential,mechanism_repair,-31.033783258421327,31.033783258421327,-93.0,0.35,-35.5,6.920367260319488,1.417966823310477,1,0,3.618783258421332,3,37
omitted,3,stop,mechanism_repair,-27.414999999999996,27.414999999999996,-93.0,0.35,-35.5,4.37205277862518,1.3704350030058805,1,0,0.0,0,0
omitted,3,fixed,source_repair,-34.90153559228637,34.90153559228637,-93.0,0.35,-35.5,8.74758041534406,1.9410359988179682,1,0,7.486535592286375,3,0
omitted,3,random,source_repair,-34.90153559228637,34.90153559228637,-93.0,0.35,-35.5,8.747580415344057,1.9410359988179677,1,0,7.486535592286375,3,0
omitted,3,entropy,source_repair,-34.90153559228637,34.90153559228637,-93.0,0.35,-35.5,8.74758041534406,1.9410359988179682,1,0,7.486535592286375,3,0
omitted,3,myopic,source_repair,-29.81240741252621,29.81240741252621,-93.0,0.35,-35.5,12.335108402408302,1.8173699942555266,1,0,2.397407412526214,1,2
omitted,3,sequential,source_repair,-29.81240741252621,29.81240741252621,-93.0,0.35,-35.5,12.335108402408302,1.8173699942555266,1,0,2.397407412526214,1,36
omitted,4,stop,mechanism_repair,-27.414999999999996,27.414999999999996,-93.0,0.35,-35.5,10.392080772767262,1.4371834352975295,1,0,0.0,0,0
omitted,4,fixed,mechanism_repair,-31.275282091279024,31.275282091279024,-93.0,0.35,-35.5,10.831552089806689,1.628450554348476,1,0,3.8602820912790268,3,0
omitted,4,random,mechanism_repair,-31.275282091279024,31.275282091279024,-93.0,0.35,-35.5,10.831552089806689,1.628450554348476,1,0,3.8602820912790268,3,0
omitted,4,entropy,mechanism_repair,-31.275282091279024,31.275282091279024,-93.0,0.35,-35.5,10.831552089806689,1.628450554348476,1,0,3.8602820912790268,3,0
omitted,4,myopic,mechanism_repair,-27.414999999999996,27.414999999999996,-93.0,0.35,-35.5,10.392080772767262,1.4371834352975295,1,0,0.0,0,1
omitted,4,sequential,mechanism_repair,-31.275282091279024,31.275282091279024,-93.0,0.35,-35.5,10.831552089806689,1.628450554348476,1,0,3.8602820912790268,3,37
omitted,5,stop,mechanism_repair,-27.414999999999996,27.414999999999996,-93.0,0.35,-35.5,5.675044764603586,1.386711688543565,1,0,0.0,0,0
omitted,5,fixed,mechanism_repair,-30.15067368043806,30.15067368043806,-93.0,0.35,-35.5,14.554519425848442,1.8607636949917876,1,0,2.735673680438064,3,0
omitted,5,random,mechanism_repair,-30.15067368043806,30.15067368043806,-93.0,0.35,-35.5,14.554519425848442,1.8607636949917876,1,0,2.735673680438064,3,0
omitted,5,entropy,mechanism_repair,-30.15067368043806,30.15067368043806,-93.0,0.35,-35.5,14.55451942584844,1.860763694991788,1,0,2.7356736804380644,3,0
omitted,5,myopic,mechanism_repair,-27.947215159101628,27.947215159101628,-93.0,0.35,-35.5,13.467799804877853,1.6259917788324199,1,0,0.532215159101631,1,2
omitted,5,sequential,mechanism_repair,-27.947215159101628,27.947215159101628,-93.0,0.35,-35.5,13.467799804877853,1.6259917788324199,1,0,0.532215159101631,1,36
omitted,6,stop,mechanism_repair,-27.414999999999996,27.414999999999996,-93.0,0.35,-35.5,8.649972897799897,1.3857696732890976,1,0,0.0,0,0
omitted,6,fixed,source_repair,-32.225301350909604,32.225301350909604,-93.0,0.35,-35.5,10.54006161957607,1.6214158502390066,1,0,4.8103013509096115,3,0
omitted,6,random,source_repair,-32.225301350909604,32.225301350909604,-93.0,0.35,-35.5,10.54006161957607,1.6214158502390066,1,0,4.8103013509096115,3,0
omitted,6,entropy,source_repair,-32.225301350909604,32.225301350909604,-93.0,0.35,-35.5,10.540061619576074,1.6214158502390066,1,0,4.8103013509096115,3,0
omitted,6,myopic,source_repair,-27.988348332121706,27.988348332121706,-93.0,0.35,-35.5,13.945934914406326,1.6465269113891745,1,0,0.5733483321217097,1,2
omitted,6,sequential,source_repair,-29.95655860262299,29.95655860262299,-93.0,0.35,-35.5,15.640948047065637,1.8254662123617558,1,0,2.5415586026229935,2,37
omitted,7,stop,source_repair,-27.414999999999996,27.414999999999996,-93.0,0.35,-35.5,4.050830167326877,1.403805479644054,1,0,0.0,0,0
omitted,7,fixed,source_repair,-31.662610954633415,31.662610954633415,-93.0,0.35,-35.5,6.6605767040325805,1.6009019286222204,1,0,4.247610954633421,3,0
omitted,7,random,source_repair,-31.662610954633415,31.662610954633415,-93.0,0.35,-35.5,6.6605767040325805,1.6009019286222204,1,0,4.247610954633421,3,0
omitted,7,entropy,source_repair,-31.662610954633415,31.662610954633415,-93.0,0.35,-35.5,6.6605767040325805,1.6009019286222204,1,0,4.247610954633421,3,0
omitted,7,myopic,source_repair,-28.893244501595376,28.893244501595376,-93.0,0.35,-35.5,6.132090384737713,1.4362284778359735,1,0,1.478244501595382,2,3
omitted,7,sequential,source_repair,-28.893244501595376,28.893244501595376,-93.0,0.35,-35.5,6.132090384737713,1.4362284778359735,1,0,1.478244501595382,2,37
omitted,8,stop,source_repair,-27.414999999999996,27.414999999999996,-93.0,0.35,-35.5,7.0600119154814465,1.3715884577900113,1,0,0.0,0,0
omitted,8,fixed,source_repair,-31.83022579195264,31.83022579195264,-93.0,0.35,-35.5,10.921752626513195,1.7705005910471239,1,0,4.415225791952643,3,0
omitted,8,random,source_repair,-31.83022579195264,31.83022579195264,-93.0,0.35,-35.5,10.921752626513195,1.7705005910471239,1,0,4.415225791952643,3,0
omitted,8,entropy,source_repair,-31.83022579195264,31.83022579195264,-93.0,0.35,-35.5,10.921752626513198,1.7705005910471243,1,0,4.415225791952643,3,0
omitted,8,myopic,source_repair,-28.109828590632002,28.109828590632002,-93.0,0.35,-35.5,9.866842500994823,1.485719526046428,1,0,0.6948285906320052,1,2
omitted,8,sequential,source_repair,-28.109828590632002,28.109828590632002,-93.0,0.35,-35.5,9.866842500994823,1.485719526046428,1,0,0.6948285906320052,1,36
omitted,9,stop,source_repair,-27.414999999999996,27.414999999999996,-93.0,0.35,-35.5,6.519942297768354,1.3639056238666118,1,0,0.0,0,0
omitted,9,fixed,source_repair,-29.792186924149846,29.792186924149846,-93.0,0.35,-35.5,12.267290671516653,1.6234718517532536,1,0,2.3771869241498518,3,0
omitted,9,random,source_repair,-29.792186924149846,29.792186924149846,-93.0,0.35,-35.5,12.267290671516653,1.6234718517532536,1,0,2.3771869241498518,3,0
omitted,9,entropy,source_repair,-29.792186924149846,29.792186924149846,-93.0,0.35,-35.5,12.267290671516653,1.6234718517532536,1,0,2.3771869241498518,3,0
omitted,9,myopic,source_repair,-28.140607760896604,28.140607760896604,-93.0,0.35,-35.5,13.508168512562396,1.6383874877690354,1,0,0.7256077608966083,1,2
omitted,9,sequential,source_repair,-28.140607760896604,28.140607760896604,-93.0,0.35,-35.5,13.508168512562396,1.6383874877690354,1,0,0.7256077608966083,1,36
omitted,10,stop,source_repair,-27.414999999999996,27.414999999999996,-93.0,0.35,-35.5,5.689367586682161,1.3461557081476367,1,0,0.0,0,0
omitted,10,fixed,source_repair,-30.916046271954905,30.916046271954905,-93.0,0.35,-35.5,0.377099370076297,1.348402274284115,1,0,3.501046271954907,3,0
omitted,10,random,source_repair,-30.916046271954905,30.916046271954905,-93.0,0.35,-35.5,0.3770993700762961,1.348402274284115,1,0,3.501046271954907,3,0
omitted,10,entropy,source_repair,-30.916046271954905,30.916046271954905,-93.0,0.35,-35.5,0.37709937007629746,1.348402274284115,1,0,3.5010462719549076,3,0
omitted,10,myopic,source_repair,-30.916046271954905,30.916046271954905,-93.0,0.35,-35.5,0.37709937007629746,1.348402274284115,1,0,3.5010462719549076,3,3
omitted,10,sequential,source_repair,-30.916046271954905,30.916046271954905,-93.0,0.35,-35.5,0.37709937007629657,1.348402274284115,1,0,3.5010462719549076,3,37
omitted,11,stop,mechanism_repair,-27.414999999999996,27.414999999999996,-93.0,0.35,-35.5,5.6276395215942285,1.358333959337961,1,0,0.0,0,0
omitted,11,fixed,general,-32.145224694622044,32.145224694622044,-93.0,0.35,-35.5,7.293584427128142,1.8982378314249304,1,0,4.7302246946220485,3,0
omitted,11,random,general,-32.145224694622044,32.145224694622044,-93.0,0.35,-35.5,7.293584427128142,1.8982378314249304,1,0,4.7302246946220485,3,0
omitted,11,entropy,general,-32.145224694622044,32.145224694622044,-93.0,0.35,-35.5,7.293584427128142,1.8982378314249304,1,0,4.7302246946220485,3,0
omitted,11,myopic,general,-27.751983361765348,27.751983361765348,-93.0,0.35,-35.5,7.134647696538764,1.6098914764781251,0,0,0.33698336176535026,1,2
omitted,11,sequential,general,-27.751983361765348,27.751983361765348,-93.0,0.35,-35.5,7.134647696538764,1.6098914764781251,0,0,0.33698336176535026,1,36
omitted,12,stop,source_repair,-27.414999999999996,27.414999999999996,-93.0,0.35,-35.5,5.191413114254245,1.3790299861665913,1,0,0.0,0,0
omitted,12,fixed,mechanism_repair,-34.7800077650412,34.7800077650412,-93.0,0.35,-35.5,8.463800668825085,1.843801910787859,1,0,7.365007765041204,3,0
omitted,12,random,mechanism_repair,-34.7800077650412,34.7800077650412,-93.0,0.35,-35.5,8.463800668825087,1.8438019107878594,1,0,7.365007765041205,3,0
omitted,12,entropy,mechanism_repair,-34.7800077650412,34.7800077650412,-93.0,0.35,-35.5,8.463800668825083,1.843801910787859,1,0,7.365007765041205,3,0
omitted,12,myopic,mechanism_repair,-32.79965075773402,32.79965075773402,-93.0,0.35,-35.5,7.173410338372794,1.6556969644816293,1,0,5.384650757734026,2,3
omitted,12,sequential,mechanism_repair,-32.79965075773402,32.79965075773402,-93.0,0.35,-35.5,7.173410338372794,1.6556969644816293,1,0,5.384650757734026,2,37
omitted,13,stop,source_repair,-27.414999999999996,27.414999999999996,-93.0,0.35,-35.5,7.460455706503612,1.4003654177230378,1,0,0.0,0,0
omitted,13,fixed,source_repair,-33.484894803113065,33.484894803113065,-93.0,0.35,-35.5,0.48068751430611467,1.5508259543107346,1,0,6.069894803113072,3,0
omitted,13,random,source_repair,-33.484894803113065,33.484894803113065,-93.0,0.35,-35.5,0.48068751430611734,1.5508259543107346,1,0,6.069894803113071,3,0
omitted,13,entropy,source_repair,-33.484894803113065,33.484894803113065,-93.0,0.35,-35.5,0.48068751430611467,1.5508259543107346,1,0,6.069894803113072,3,0
omitted,13,myopic,general,-29.682320675394276,29.682320675394276,-93.0,0.35,-35.5,8.6710233850437,1.7273363259801522,0,0,2.267320675394282,1,2
omitted,13,sequential,source_repair,-29.28435976359094,29.28435976359094,-93.0,0.35,-35.5,11.029421422516016,1.600108094057748,1,0,1.869359763590942,1,36
omitted,14,stop,mechanism_repair,-27.414999999999996,27.414999999999996,-93.0,0.35,-35.5,10.459244659994543,1.4340306025728569,1,0,0.0,0,0
omitted,14,fixed,source_repair,-31.23498595627966,31.23498595627966,-93.0,0.35,-35.5,10.015121503484574,1.632809052576238,1,0,3.8199859562796648,3,0
omitted,14,random,source_repair,-31.23498595627966,31.23498595627966,-93.0,0.35,-35.5,10.015121503484572,1.6328090525762378,1,0,3.8199859562796648,3,0
omitted,14,entropy,source_repair,-31.23498595627966,31.23498595627966,-93.0,0.35,-35.5,10.015121503484572,1.632809052576238,1,0,3.819985956279665,3,0
omitted,14,myopic,source_repair,-30.045748085714177,30.045748085714177,-93.0,0.35,-35.5,7.009362523871813,1.4369923037773513,1,0,2.630748085714181,2,3
omitted,14,sequential,source_repair,-30.045748085714177,30.045748085714177,-93.0,0.35,-35.5,7.009362523871813,1.4369923037773513,1,0,2.630748085714181,2,37
omitted,15,stop,source_repair,-27.414999999999996,27.414999999999996,-93.0,0.35,-35.5,5.014280449133911,1.3574882093888936,1,0,0.0,0,0
omitted,15,fixed,source_repair,-32.75622694783297,32.75622694783297,-93.0,0.35,-35.5,12.614721146463271,1.9296523504045733,1,0,5.341226947832972,3,0
omitted,15,random,source_repair,-32.75622694783297,32.75622694783297,-93.0,0.35,-35.5,12.614721146463268,1.9296523504045733,1,0,5.341226947832972,3,0
omitted,15,entropy,source_repair,-32.75622694783297,32.75622694783297,-93.0,0.35,-35.5,12.614721146463271,1.9296523504045733,1,0,5.341226947832972,3,0
omitted,15,myopic,source_repair,-28.20639745594371,28.20639745594371,-93.0,0.35,-35.5,15.754189060788878,1.8081535721609288,1,0,0.7913974559437136,1,2
omitted,15,sequential,source_repair,-28.20639745594371,28.20639745594371,-93.0,0.35,-35.5,15.754189060788878,1.8081535721609288,1,0,0.7913974559437136,1,36
omitted,16,stop,mechanism_repair,-27.414999999999996,27.414999999999996,-93.0,0.35,-35.5,6.629145703165365,1.4092201981463481,1,0,0.0,0,0
omitted,16,fixed,mechanism_repair,-33.419526097065166,33.419526097065166,-93.0,0.35,-35.5,9.104049527199734,1.9155295876399987,1,0,6.004526097065168,3,0
omitted,16,random,mechanism_repair,-33.419526097065166,33.419526097065166,-93.0,0.35,-35.5,9.104049527199734,1.9155295876399987,1,0,6.004526097065169,3,0
omitted,16,entropy,mechanism_repair,-33.419526097065166,33.419526097065166,-93.0,0.35,-35.5,9.104049527199733,1.9155295876399987,1,0,6.004526097065169,3,0
omitted,16,myopic,mechanism_repair,-29.12341117928068,29.12341117928068,-93.0,0.35,-35.5,8.20785410536459,1.5247397941496788,1,0,1.708411179280684,1,2
omitted,16,sequential,mechanism_repair,-29.12341117928068,29.12341117928068,-93.0,0.35,-35.5,8.20785410536459,1.5247397941496788,1,0,1.708411179280684,1,36
omitted,17,stop,mechanism_repair,-27.414999999999996,27.414999999999996,-93.0,0.35,-35.5,2.817224974503761,1.3422798831776517,1,0,0.0,0,0
omitted,17,fixed,general,-31.6755223638411,31.6755223638411,-93.0,0.35,-35.5,3.0095970646813575,1.7162769508021314,1,0,4.260522363841105,3,0
omitted,17,random,general,-31.6755223638411,31.6755223638411,-93.0,0.35,-35.5,3.0095970646813583,1.7162769508021314,1,0,4.260522363841105,3,0
omitted,17,entropy,general,-31.6755223638411,31.6755223638411,-93.0,0.35,-35.5,3.0095970646813566,1.7162769508021312,1,0,4.260522363841105,3,0
omitted,17,myopic,mechanism_repair,-27.864603037486045,27.864603037486045,-93.0,0.35,-35.5,4.557032093326108,1.4547164125863223,1,0,0.4496030374860511,1,2
omitted,17,sequential,mechanism_repair,-27.864603037486045,27.864603037486045,-93.0,0.35,-35.5,4.557032093326108,1.4547164125863223,1,0,0.4496030374860511,1,36
omitted,18,stop,mechanism_repair,-27.414999999999996,27.414999999999996,-93.0,0.35,-35.5,5.46839968411761,1.3392719432783204,1,0,0.0,0,0
omitted,18,fixed,mechanism_repair,-31.83219498052666,31.83219498052666,-93.0,0.35,-35.5,13.302567546324129,1.8157287659667394,1,0,4.417194980526661,3,0
omitted,18,random,mechanism_repair,-31.83219498052666,31.83219498052666,-93.0,0.35,-35.5,13.302567546324132,1.8157287659667394,1,0,4.417194980526661,3,0
omitted,18,entropy,mechanism_repair,-31.83219498052666,31.83219498052666,-93.0,0.35,-35.5,13.302567546324132,1.8157287659667394,1,0,4.417194980526661,3,0
omitted,18,myopic,mechanism_repair,-29.663661308316843,29.663661308316843,-93.0,0.35,-35.5,13.602779768432914,1.681854729128875,1,0,2.2486613083168487,2,3
omitted,18,sequential,mechanism_repair,-29.663661308316843,29.663661308316843,-93.0,0.35,-35.5,13.602779768432914,1.681854729128875,1,0,2.2486613083168487,2,37
omitted,19,stop,mechanism_repair,-27.414999999999996,27.414999999999996,-93.0,0.35,-35.5,3.993077652173243,1.3393006871720536,1,0,0.0,0,0
omitted,19,fixed,mechanism_repair,-32.05174202374564,32.05174202374564,-93.0,0.35,-35.5,4.11232034204057,1.4146914116243394,1,0,4.636742023745641,3,0
omitted,19,random,mechanism_repair,-32.05174202374564,32.05174202374564,-93.0,0.35,-35.5,4.11232034204057,1.4146914116243394,1,0,4.636742023745641,3,0
omitted,19,entropy,mechanism_repair,-32.05174202374563,32.05174202374563,-93.0,0.35,-35.5,4.1123203420405705,1.4146914116243394,1,0,4.63674202374564,3,0
omitted,19,myopic,source_repair,-29.098535174888198,29.098535174888198,-93.0,0.35,-35.5,9.675192882870618,1.5476515196772866,1,0,1.6835351748882035,2,3
omitted,19,sequential,source_repair,-29.098535174888198,29.098535174888198,-93.0,0.35,-35.5,9.675192882870618,1.5476515196772866,1,0,1.6835351748882035,2,37
omitted,20,stop,source_repair,-27.414999999999996,27.414999999999996,-93.0,0.35,-35.5,4.35881263107438,1.3547508600991471,1,0,0.0,0,0
omitted,20,fixed,general,-33.90725156066406,33.90725156066406,-93.0,0.35,-35.5,5.943995586200602,1.7224030544122424,1,0,6.4922515606640605,3,0
omitted,20,random,general,-33.90725156066406,33.90725156066406,-93.0,0.35,-35.5,5.943995586200604,1.7224030544122424,1,0,6.4922515606640605,3,0
omitted,20,entropy,general,-33.90725156066406,33.90725156066406,-93.0,0.35,-35.5,5.943995586200602,1.7224030544122424,1,0,6.4922515606640605,3,0
omitted,20,myopic,general,-33.90725156066406,33.90725156066406,-93.0,0.35,-35.5,5.943995586200604,1.7224030544122424,1,0,6.4922515606640605,3,3
omitted,20,sequential,general,-31.111312206482662,31.111312206482662,-93.0,0.35,-35.5,5.611976436678077,1.580104344700913,0,0,3.6963122064826663,2,37
omitted,21,stop,source_repair,-27.414999999999996,27.414999999999996,-93.0,0.35,-35.5,3.4650508423073996,1.4568004980776093,1,0,0.0,0,0
omitted,21,fixed,source_repair,-33.08932323590724,33.08932323590724,-93.0,0.35,-35.5,-2.495662672251744,1.3933424733615045,1,0,5.674323235907239,3,0
omitted,21,random,source_repair,-33.08932323590724,33.08932323590724,-93.0,0.35,-35.5,-2.495662672251744,1.3933424733615045,1,0,5.674323235907239,3,0
omitted,21,entropy,source_repair,-33.08932323590724,33.08932323590724,-93.0,0.35,-35.5,-2.495662672251744,1.3933424733615045,1,0,5.674323235907239,3,0
omitted,21,myopic,source_repair,-29.034170956210275,29.034170956210275,-93.0,0.35,-35.5,4.535573545406359,1.4080034874741474,1,0,1.6191709562102803,1,2
omitted,21,sequential,source_repair,-29.034170956210275,29.034170956210275,-93.0,0.35,-35.5,4.535573545406359,1.4080034874741474,1,0,1.6191709562102803,1,36
omitted,22,stop,source_repair,-27.414999999999996,27.414999999999996,-93.0,0.35,-35.5,4.526423271129456,1.3368984156661445,1,0,0.0,0,0
omitted,22,fixed,source_repair,-31.453557094825726,31.453557094825726,-93.0,0.35,-35.5,13.05709536760348,1.812288253547759,1,0,4.03855709482573,3,0
omitted,22,random,source_repair,-31.453557094825726,31.453557094825726,-93.0,0.35,-35.5,13.05709536760348,1.812288253547759,1,0,4.03855709482573,3,0
omitted,22,entropy,source_repair,-31.453557094825726,31.453557094825726,-93.0,0.35,-35.5,13.05709536760348,1.812288253547759,1,0,4.038557094825729,3,0
omitted,22,myopic,source_repair,-29.351883709611812,29.351883709611812,-93.0,0.35,-35.5,12.726997089010132,1.636725707658136,1,0,1.936883709611816,2,3
omitted,22,sequential,source_repair,-29.351883709611812,29.351883709611812,-93.0,0.35,-35.5,12.726997089010132,1.636725707658136,1,0,1.936883709611816,2,37
omitted,23,stop,mechanism_repair,-27.414999999999996,27.414999999999996,-93.0,0.35,-35.5,5.232555084635724,1.351677427922992,1,0,0.0,0,0
omitted,23,fixed,source_repair,-34.561013454314875,34.561013454314875,-93.0,0.35,-35.5,-0.12212929076673884,1.4055415241219307,1,0,7.1460134543148826,3,0
omitted,23,random,source_repair,-34.56101345431488,34.56101345431488,-93.0,0.35,-35.5,-0.12212929076673884,1.4055415241219307,1,0,7.146013454314883,3,0
omitted,23,entropy,source_repair,-34.56101345431488,34.56101345431488,-93.0,0.35,-35.5,-0.12212929076674062,1.4055415241219305,1,0,7.146013454314883,3,0
omitted,23,myopic,source_repair,-32.80653000389029,32.80653000389029,-93.0,0.35,-35.5,4.29407594456767,1.5105953556064082,1,0,5.39153000389029,2,3
omitted,23,sequential,source_repair,-32.80653000389029,32.80653000389029,-93.0,0.35,-35.5,4.29407594456767,1.5105953556064082,1,0,5.39153000389029,2,37
omitted,24,stop,source_repair,-27.414999999999996,27.414999999999996,-93.0,0.35,-35.5,4.681294364828526,1.3543670328580157,1,0,0.0,0,0
omitted,24,fixed,mechanism_repair,-31.776853782852363,31.776853782852363,-93.0,0.35,-35.5,5.84064559156369,1.592556348238705,1,0,4.361853782852369,3,0
omitted,24,random,mechanism_repair,-31.776853782852363,31.776853782852363,-93.0,0.35,-35.5,5.840645591563692,1.5925563482387055,1,0,4.361853782852369,3,0
omitted,24,entropy,mechanism_repair,-31.776853782852363,31.776853782852363,-93.0,0.35,-35.5,5.84064559156369,1.592556348238705,1,0,4.361853782852369,3,0
omitted,24,myopic,mechanism_repair,-31.776853782852363,31.776853782852363,-93.0,0.35,-35.5,5.84064559156369,1.592556348238705,1,0,4.361853782852369,3,3
omitted,24,sequential,mechanism_repair,-30.15284462393902,30.15284462393902,-93.0,0.35,-35.5,5.597663009048296,1.4657326080211162,1,0,2.737844623939025,2,37
omitted,25,stop,mechanism_repair,-27.414999999999996,27.414999999999996,-93.0,0.35,-35.5,5.781638910171469,1.3527767996827622,1,0,0.0,0,0
omitted,25,fixed,mechanism_repair,-31.644721378278305,31.644721378278305,-93.0,0.35,-35.5,2.0961263398636474,1.3597387614587977,1,0,4.229721378278308,3,0
omitted,25,random,mechanism_repair,-31.644721378278305,31.644721378278305,-93.0,0.35,-35.5,2.09612633986365,1.359738761458798,1,0,4.229721378278308,3,0
omitted,25,entropy,mechanism_repair,-31.644721378278305,31.644721378278305,-93.0,0.35,-35.5,2.09612633986365,1.359738761458798,1,0,4.229721378278308,3,0
omitted,25,myopic,mechanism_repair,-28.449471577082512,28.449471577082512,-93.0,0.35,-35.5,7.8791356050889005,1.4351446795619205,1,0,1.034471577082518,1,2
omitted,25,sequential,mechanism_repair,-31.644721378278305,31.644721378278305,-93.0,0.35,-35.5,2.09612633986365,1.359738761458798,1,0,4.229721378278308,3,37
omitted,26,stop,source_repair,-27.414999999999996,27.414999999999996,-93.0,0.35,-35.5,6.596866734251232,1.369246476013669,1,0,0.0,0,0
omitted,26,fixed,source_repair,-31.4337628724631,31.4337628724631,-93.0,0.35,-35.5,1.6530415305564903,1.3567812862466846,1,0,4.018762872463105,3,0
omitted,26,random,source_repair,-31.4337628724631,31.4337628724631,-93.0,0.35,-35.5,1.6530415305564894,1.3567812862466846,1,0,4.018762872463105,3,0
omitted,26,entropy,source_repair,-31.4337628724631,31.4337628724631,-93.0,0.35,-35.5,1.6530415305564903,1.3567812862466846,1,0,4.018762872463105,3,0
omitted,26,myopic,mechanism_repair,-28.66820458604462,28.66820458604462,-93.0,0.35,-35.5,5.599072771726204,1.3873207732997241,1,0,1.253204586044626,2,3
omitted,26,sequential,mechanism_repair,-28.66820458604462,28.66820458604462,-93.0,0.35,-35.5,5.599072771726204,1.3873207732997241,1,0,1.253204586044626,2,37
omitted,27,stop,source_repair,-27.414999999999996,27.414999999999996,-93.0,0.35,-35.5,6.2001368515330775,1.3595203809776009,1,0,0.0,0,0
omitted,27,fixed,source_repair,-33.46755801251532,33.46755801251532,-93.0,0.35,-35.5,-0.38081835042770695,1.480347057162785,1,0,6.0525580125153216,3,0
omitted,27,random,source_repair,-33.46755801251532,33.46755801251532,-93.0,0.35,-35.5,-0.38081835042770606,1.480347057162785,1,0,6.0525580125153216,3,0
omitted,27,entropy,source_repair,-33.46755801251532,33.46755801251532,-93.0,0.35,-35.5,-0.38081835042770695,1.480347057162785,1,0,6.0525580125153216,3,0
omitted,27,myopic,general,-28.833146236746686,28.833146236746686,-93.0,0.35,-35.5,10.521377101030051,1.7401059048400511,1,0,1.4181462367466904,1,2
omitted,27,sequential,general,-28.833146236746686,28.833146236746686,-93.0,0.35,-35.5,10.521377101030051,1.7401059048400511,1,0,1.4181462367466904,1,36
omitted,28,stop,mechanism_repair,-27.414999999999996,27.414999999999996,-93.0,0.35,-35.5,3.3895181349676324,1.3416982309090186,1,0,0.0,0,0
omitted,28,fixed,mechanism_repair,-32.94160175596795,32.94160175596795,-93.0,0.35,-35.5,6.113997860466685,1.8014505123730125,1,0,5.526601755967955,3,0
omitted,28,random,mechanism_repair,-32.94160175596795,32.94160175596795,-93.0,0.35,-35.5,6.113997860466685,1.8014505123730125,1,0,5.526601755967955,3,0
omitted,28,entropy,mechanism_repair,-32.94160175596795,32.94160175596795,-93.0,0.35,-35.5,6.113997860466685,1.8014505123730125,1,0,5.526601755967955,3,0
omitted,28,myopic,mechanism_repair,-29.974484295209525,29.974484295209525,-93.0,0.35,-35.5,5.430776768533052,1.4935376155510605,1,0,2.5594842952095296,2,3
omitted,28,sequential,mechanism_repair,-29.974484295209525,29.974484295209525,-93.0,0.35,-35.5,5.430776768533052,1.4935376155510605,1,0,2.5594842952095296,2,37
omitted,29,stop,source_repair,-27.414999999999996,27.414999999999996,-93.0,0.35,-35.5,7.976706102956101,1.434355199725486,1,0,0.0,0,0
omitted,29,fixed,general,-30.864052868018604,30.864052868018604,-93.0,0.35,-35.5,4.536009848865318,1.6686787767258542,0,0,3.449052868018609,3,0
omitted,29,random,general,-30.864052868018604,30.864052868018604,-93.0,0.35,-35.5,4.536009848865318,1.6686787767258542,0,0,3.449052868018609,3,0
omitted,29,entropy,general,-30.864052868018604,30.864052868018604,-93.0,0.35,-35.5,4.536009848865318,1.6686787767258542,0,0,3.449052868018609,3,0
omitted,29,myopic,source_repair,-27.414999999999996,27.414999999999996,-93.0,0.35,-35.5,7.976706102956101,1.434355199725486,1,0,0.0,0,1
omitted,29,sequential,source_repair,-27.737948721832325,27.737948721832325,-93.0,0.35,-35.5,9.080038195830493,1.5062948285667959,1,0,0.32294872183232765,1,36
omitted,30,stop,mechanism_repair,-27.414999999999996,27.414999999999996,-93.0,0.35,-35.5,3.446143026648193,1.3417174356085906,1,0,0.0,0,0
omitted,30,fixed,source_repair,-31.094222990527967,31.094222990527967,-93.0,0.35,-35.5,10.56497377903361,1.8357434335345664,1,0,3.679222990527973,3,0
omitted,30,random,source_repair,-31.094222990527967,31.094222990527967,-93.0,0.35,-35.5,10.564973779033608,1.8357434335345661,1,0,3.679222990527973,3,0
omitted,30,entropy,source_repair,-31.094222990527967,31.094222990527967,-93.0,0.35,-35.5,10.56497377903361,1.8357434335345664,1,0,3.679222990527973,3,0
omitted,30,myopic,source_repair,-28.5666616220175,28.5666616220175,-93.0,0.35,-35.5,10.06334476184872,1.586115617972994,1,0,1.1516616220175036,1,2
omitted,30,sequential,source_repair,-28.5666616220175,28.5666616220175,-93.0,0.35,-35.5,10.06334476184872,1.586115617972994,1,0,1.1516616220175036,1,36
omitted,31,stop,mechanism_repair,-27.414999999999996,27.414999999999996,-93.0,0.35,-35.5,4.120986039030578,1.3350176254946313,1,0,0.0,0,0
omitted,31,fixed,mechanism_repair,-29.179021740008316,29.179021740008316,-93.0,0.35,-35.5,3.5600500279569767,1.3627568475550842,1,0,1.764021740008321,3,0
omitted,31,random,mechanism_repair,-29.179021740008316,29.179021740008316,-93.0,0.35,-35.5,3.5600500279569767,1.3627568475550842,1,0,1.764021740008321,3,0
omitted,31,entropy,mechanism_repair,-29.179021740008316,29.179021740008316,-93.0,0.35,-35.5,3.5600500279569767,1.3627568475550842,1,0,1.764021740008321,3,0
omitted,31,myopic,mechanism_repair,-29.179021740008316,29.179021740008316,-93.0,0.35,-35.5,3.5600500279569776,1.3627568475550842,1,0,1.764021740008321,3,3
omitted,31,sequential,mechanism_repair,-29.179021740008316,29.179021740008316,-93.0,0.35,-35.5,3.5600500279569776,1.3627568475550842,1,0,1.764021740008321,3,37
omitted,32,stop,source_repair,-27.414999999999996,27.414999999999996,-93.0,0.35,-35.5,4.057842678122365,1.3509618597981587,1,0,0.0,0,0
omitted,32,fixed,general,-31.8713133431231,31.8713133431231,-93.0,0.35,-35.5,2.5216472376651184,1.5732962635368706,0,0,4.456313343123105,3,0
omitted,32,random,general,-31.8713133431231,31.8713133431231,-93.0,0.35,-35.5,2.5216472376651184,1.5732962635368706,0,0,4.456313343123105,3,0
omitted,32,entropy,general,-31.8713133431231,31.8713133431231,-93.0,0.35,-35.5,2.5216472376651184,1.5732962635368706,0,0,4.456313343123105,3,0
omitted,32,myopic,mechanism_repair,-29.19634394577663,29.19634394577663,-93.0,0.35,-35.5,7.1512928053419245,1.4795870986482595,1,0,1.7813439457766322,1,2
omitted,32,sequential,mechanism_repair,-29.19634394577663,29.19634394577663,-93.0,0.35,-35.5,7.1512928053419245,1.4795870986482595,1,0,1.7813439457766322,1,36
omitted,33,stop,mechanism_repair,-27.414999999999996,27.414999999999996,-93.0,0.35,-35.5,5.354280859121735,1.367485829615914,1,0,0.0,0,0
omitted,33,fixed,source_repair,-30.46733666013797,30.46733666013797,-93.0,0.35,-35.5,12.546368654072424,1.7922359567186028,1,0,3.0523366601379744,3,0
omitted,33,random,source_repair,-30.46733666013797,30.46733666013797,-93.0,0.35,-35.5,12.546368654072424,1.7922359567186028,1,0,3.0523366601379744,3,0
omitted,33,entropy,source_repair,-30.46733666013797,30.46733666013797,-93.0,0.35,-35.5,12.546368654072424,1.7922359567186028,1,0,3.0523366601379744,3,0
omitted,33,myopic,source_repair,-30.46733666013797,30.46733666013797,-93.0,0.35,-35.5,12.546368654072424,1.7922359567186028,1,0,3.0523366601379744,3,3
omitted,33,sequential,source_repair,-30.07367127060868,30.07367127060868,-93.0,0.35,-35.5,11.600245179007707,1.6646612391129736,1,0,2.658671270608685,2,37
omitted,34,stop,source_repair,-27.414999999999996,27.414999999999996,-93.0,0.35,-35.5,6.683158611107886,1.3787919254160508,1,0,0.0,0,0
omitted,34,fixed,mechanism_repair,-35.07022991784163,35.07022991784163,-93.0,0.35,-35.5,-1.6053147290760297,1.3899638282649456,1,0,7.655229917841636,3,0
omitted,34,random,mechanism_repair,-35.07022991784163,35.07022991784163,-93.0,0.35,-35.5,-1.6053147290760297,1.3899638282649456,1,0,7.655229917841636,3,0
omitted,34,entropy,mechanism_repair,-35.07022991784163,35.07022991784163,-93.0,0.35,-35.5,-1.6053147290760297,1.3899638282649456,1,0,7.655229917841636,3,0
omitted,34,myopic,mechanism_repair,-32.33296023858132,32.33296023858132,-93.0,0.35,-35.5,6.2843167538024165,1.566485858443107,1,0,4.917960238581326,2,3
omitted,34,sequential,mechanism_repair,-32.33296023858132,32.33296023858132,-93.0,0.35,-35.5,6.2843167538024165,1.566485858443107,1,0,4.917960238581326,2,37
omitted,35,stop,source_repair,-27.414999999999996,27.414999999999996,-93.0,0.35,-35.5,4.432890652345545,1.356550705927673,1,0,0.0,0,0
omitted,35,fixed,source_repair,-30.903671353996103,30.903671353996103,-93.0,0.35,-35.5,7.468964072945811,1.806011085514408,1,0,3.4886713539961054,3,0
omitted,35,random,source_repair,-30.903671353996103,30.903671353996103,-93.0,0.35,-35.5,7.468964072945811,1.8060110855144078,1,0,3.4886713539961054,3,0
omitted,35,entropy,source_repair,-30.903671353996103,30.903671353996103,-93.0,0.35,-35.5,7.468964072945811,1.8060110855144078,1,0,3.4886713539961054,3,0
omitted,35,myopic,source_repair,-28.30085769632808,28.30085769632808,-93.0,0.35,-35.5,8.15608150085654,1.606816664915166,1,0,0.8858576963280829,1,2
omitted,35,sequential,source_repair,-28.30085769632808,28.30085769632808,-93.0,0.35,-35.5,8.15608150085654,1.606816664915166,1,0,0.8858576963280829,1,36
omitted,36,stop,mechanism_repair,-27.414999999999996,27.414999999999996,-93.0,0.35,-35.5,5.64850715937321,1.3791578238214481,1,0,0.0,0,0
omitted,36,fixed,source_repair,-32.19264922114186,32.19264922114186,-93.0,0.35,-35.5,3.3840330874948306,1.4459880131111622,1,0,4.777649221141865,3,0
omitted,36,random,source_repair,-32.19264922114186,32.19264922114186,-93.0,0.35,-35.5,3.3840330874948306,1.4459880131111622,1,0,4.777649221141865,3,0
omitted,36,entropy,source_repair,-32.19264922114186,32.19264922114186,-93.0,0.35,-35.5,3.384033087494829,1.4459880131111622,1,0,4.777649221141865,3,0
omitted,36,myopic,source_repair,-29.432578321581115,29.432578321581115,-93.0,0.35,-35.5,3.605732506180519,1.3668375441920526,1,0,2.017578321581118,1,2
omitted,36,sequential,source_repair,-29.432578321581115,29.432578321581115,-93.0,0.35,-35.5,3.605732506180519,1.3668375441920526,1,0,2.017578321581118,1,36
omitted,37,stop,mechanism_repair,-27.414999999999996,27.414999999999996,-93.0,0.35,-35.5,6.600840893984473,1.3556528183497352,1,0,0.0,0,0
omitted,37,fixed,mechanism_repair,-31.83562501852169,31.83562501852169,-93.0,0.35,-35.5,9.83238038949876,1.5432422797108059,1,0,4.420625018521694,3,0
omitted,37,random,mechanism_repair,-31.83562501852169,31.83562501852169,-93.0,0.35,-35.5,9.83238038949876,1.5432422797108059,1,0,4.420625018521694,3,0
omitted,37,entropy,mechanism_repair,-31.83562501852169,31.83562501852169,-93.0,0.35,-35.5,9.832380389498757,1.5432422797108056,1,0,4.420625018521694,3,0
omitted,37,myopic,mechanism_repair,-28.44445845619748,28.44445845619748,-93.0,0.35,-35.5,15.224741753502679,1.6412145507023839,1,0,1.0294584561974869,1,2
omitted,37,sequential,mechanism_repair,-28.44445845619748,28.44445845619748,-93.0,0.35,-35.5,15.224741753502679,1.6412145507023839,1,0,1.0294584561974869,1,36
omitted,38,stop,source_repair,-27.414999999999996,27.414999999999996,-93.0,0.35,-35.5,6.1407861692587105,1.4075983755858203,1,0,0.0,0,0
omitted,38,fixed,mechanism_repair,-29.387807024899992,29.387807024899992,-93.0,0.35,-35.5,8.411293734231352,1.53744071282545,1,0,1.9728070248999978,3,0
omitted,38,random,mechanism_repair,-29.387807024899992,29.387807024899992,-93.0,0.35,-35.5,8.411293734231352,1.53744071282545,1,0,1.9728070248999978,3,0
omitted,38,entropy,mechanism_repair,-29.387807024899992,29.387807024899992,-93.0,0.35,-35.5,8.411293734231352,1.53744071282545,1,0,1.9728070248999978,3,0
omitted,38,myopic,mechanism_repair,-28.872598537092202,28.872598537092202,-93.0,0.35,-35.5,10.44654842858964,1.6477692382326716,1,0,1.457598537092207,2,3
omitted,38,sequential,mechanism_repair,-28.872598537092202,28.872598537092202,-93.0,0.35,-35.5,10.44654842858964,1.6477692382326716,1,0,1.457598537092207,2,37
omitted,39,stop,source_repair,-27.414999999999996,27.414999999999996,-93.0,0.35,-35.5,7.8154603949432015,1.3916408696241362,1,0,0.0,0,0
omitted,39,fixed,source_repair,-31.075837347519514,31.075837347519514,-93.0,0.35,-35.5,1.983703564309879,1.3716084803137112,1,0,3.660837347519519,3,0
omitted,39,random,source_repair,-31.075837347519514,31.075837347519514,-93.0,0.35,-35.5,1.983703564309879,1.3716084803137112,1,0,3.660837347519519,3,0
omitted,39,entropy,source_repair,-31.075837347519514,31.075837347519514,-93.0,0.35,-35.5,1.9837035643098764,1.3716084803137112,1,0,3.660837347519519,3,0
omitted,39,myopic,source_repair,-30.269986367298483,30.269986367298483,-93.0,0.35,-35.5,3.278872334540398,1.4214383166794444,1,0,2.854986367298488,2,3
omitted,39,sequential,source_repair,-28.275881683038403,28.275881683038403,-93.0,0.35,-35.5,10.85672912603798,1.5315381096525336,1,0,0.8608816830384063,1,36
omitted,40,stop,source_repair,-27.414999999999996,27.414999999999996,-93.0,0.35,-35.5,6.639361880657767,1.3577848609876604,1,0,0.0,0,0
omitted,40,fixed,general,-33.246435836806526,33.246435836806526,-93.0,0.35,-35.5,3.0024942146942504,1.5714767062794244,0,0,5.831435836806531,3,0
omitted,40,random,general,-33.246435836806526,33.246435836806526,-93.0,0.35,-35.5,3.002494214694253,1.5714767062794244,0,0,5.83143583680653,3,0
omitted,40,entropy,general,-33.246435836806526,33.246435836806526,-93.0,0.35,-35.5,3.0024942146942504,1.5714767062794244,0,0,5.831435836806531,3,0
omitted,40,myopic,general,-30.63012679668986,30.63012679668986,-93.0,0.35,-35.5,10.174390419980067,1.7573574640805378,1,0,3.215126796689865,2,3
omitted,40,sequential,general,-30.63012679668986,30.63012679668986,-93.0,0.35,-35.5,10.174390419980067,1.7573574640805378,1,0,3.215126796689865,2,37
omitted,41,stop,source_repair,-27.414999999999996,27.414999999999996,-93.0,0.35,-35.5,3.132313212499761,1.3669402042572145,1,0,0.0,0,0
omitted,41,fixed,source_repair,-31.83200164045514,31.83200164045514,-93.0,0.35,-35.5,2.668193537095152,1.5282030111885088,1,0,4.417001640455145,3,0
omitted,41,random,source_repair,-31.83200164045514,31.83200164045514,-93.0,0.35,-35.5,2.668193537095153,1.5282030111885088,1,0,4.417001640455144,3,0
omitted,41,entropy,source_repair,-31.83200164045514,31.83200164045514,-93.0,0.35,-35.5,2.668193537095153,1.5282030111885088,1,0,4.417001640455144,3,0
omitted,41,myopic,source_repair,-28.92961639816214,28.92961639816214,-93.0,0.35,-35.5,8.231214715087505,1.7607876846021524,1,0,1.5146163981621428,1,2
omitted,41,sequential,source_repair,-28.92961639816214,28.92961639816214,-93.0,0.35,-35.5,8.231214715087505,1.7607876846021524,1,0,1.5146163981621428,1,36
omitted,42,stop,source_repair,-27.414999999999996,27.414999999999996,-93.0,0.35,-35.5,5.99902676725201,1.4244956735664949,1,0,0.0,0,0
omitted,42,fixed,source_repair,-31.50319336039796,31.50319336039796,-93.0,0.35,-35.5,5.432101537352151,1.6454980809380437,1,0,4.088193360397967,3,0
omitted,42,random,source_repair,-31.50319336039796,31.50319336039796,-93.0,0.35,-35.5,5.4321015373521515,1.6454980809380437,1,0,4.088193360397966,3,0
omitted,42,entropy,source_repair,-31.50319336039796,31.50319336039796,-93.0,0.35,-35.5,5.4321015373521515,1.6454980809380437,1,0,4.088193360397966,3,0
omitted,42,myopic,source_repair,-28.530447766865745,28.530447766865745,-93.0,0.35,-35.5,7.1786976084690926,1.5463295785566145,1,0,1.1154477668657503,1,2
omitted,42,sequential,source_repair,-28.530447766865745,28.530447766865745,-93.0,0.35,-35.5,7.1786976084690926,1.5463295785566145,1,0,1.1154477668657503,1,36
omitted,43,stop,source_repair,-27.414999999999996,27.414999999999996,-93.0,0.35,-35.5,5.28408585089361,1.3681469308832441,1,0,0.0,0,0
omitted,43,fixed,source_repair,-30.0397679481655,30.0397679481655,-93.0,0.35,-35.5,3.142622996680912,1.3858778607169893,1,0,2.624767948165507,3,0
omitted,43,random,source_repair,-30.039767948165505,30.039767948165505,-93.0,0.35,-35.5,3.1426229966809123,1.3858778607169893,1,0,2.6247679481655073,3,0
omitted,43,entropy,source_repair,-30.039767948165505,30.039767948165505,-93.0,0.35,-35.5,3.1426229966809123,1.3858778607169893,1,0,2.6247679481655073,3,0
omitted,43,myopic,source_repair,-27.90928098552502,27.90928098552502,-93.0,0.35,-35.5,7.0757672109701515,1.4257563267513131,1,0,0.4942809855250237,1,2
omitted,43,sequential,source_repair,-27.90928098552502,27.90928098552502,-93.0,0.35,-35.5,7.0757672109701515,1.4257563267513131,1,0,0.4942809855250237,1,36
omitted,44,stop,source_repair,-27.414999999999996,27.414999999999996,-93.0,0.35,-35.5,4.078131939156228,1.354504165050558,1,0,0.0,0,0
omitted,44,fixed,source_repair,-33.41122713611369,33.41122713611369,-93.0,0.35,-35.5,7.949879571420355,1.7234829752379865,1,0,5.996227136113689,3,0
omitted,44,random,source_repair,-33.41122713611369,33.41122713611369,-93.0,0.35,-35.5,7.949879571420355,1.7234829752379865,1,0,5.996227136113689,3,0
omitted,44,entropy,source_repair,-33.41122713611369,33.41122713611369,-93.0,0.35,-35.5,7.949879571420355,1.7234829752379865,1,0,5.996227136113689,3,0
omitted,44,myopic,source_repair,-31.75495031587168,31.75495031587168,-93.0,0.35,-35.5,7.391492801183286,1.5694204432424568,1,0,4.339950315871684,2,3
omitted,44,sequential,source_repair,-30.981820185715844,30.981820185715844,-93.0,0.35,-35.5,6.832901319892127,1.5071881736495767,1,0,3.566820185715848,2,37
omitted,45,stop,source_repair,-27.414999999999996,27.414999999999996,-93.0,0.35,-35.5,2.8930127742880587,1.3432520096224483,1,0,0.0,0,0
omitted,45,fixed,mechanism_repair,-32.03007035399279,32.03007035399279,-93.0,0.35,-35.5,7.890643410172645,1.8557943478366927,1,0,4.6150703539927935,3,0
omitted,45,random,mechanism_repair,-32.03007035399279,32.03007035399279,-93.0,0.35,-35.5,7.890643410172647,1.8557943478366927,1,0,4.6150703539927935,3,0
omitted,45,entropy,mechanism_repair,-32.03007035399279,32.03007035399279,-93.0,0.35,-35.5,7.890643410172645,1.8557943478366927,1,0,4.6150703539927935,3,0
omitted,45,myopic,mechanism_repair,-29.05837954163164,29.05837954163164,-93.0,0.35,-35.5,8.551010525782749,1.6411927156706434,1,0,1.6433795416316461,2,3
omitted,45,sequential,mechanism_repair,-29.05837954163164,29.05837954163164,-93.0,0.35,-35.5,8.551010525782749,1.6411927156706434,1,0,1.6433795416316461,2,37
omitted,46,stop,mechanism_repair,-27.414999999999996,27.414999999999996,-93.0,0.35,-35.5,8.713679152922117,1.381963407515609,1,0,0.0,0,0
omitted,46,fixed,source_repair,-31.42870309660416,31.42870309660416,-93.0,0.35,-35.5,10.749586406468055,1.6045340519324038,1,0,4.013703096604165,3,0
omitted,46,random,source_repair,-31.42870309660416,31.42870309660416,-93.0,0.35,-35.5,10.749586406468055,1.6045340519324038,1,0,4.013703096604165,3,0
omitted,46,entropy,source_repair,-31.42870309660416,31.42870309660416,-93.0,0.35,-35.5,10.749586406468055,1.6045340519324038,1,0,4.013703096604165,3,0
omitted,46,myopic,source_repair,-28.381599667130747,28.381599667130747,-93.0,0.35,-35.5,13.40304164903732,1.648467399749351,1,0,0.96659966713075,1,2
omitted,46,sequential,source_repair,-28.381599667130747,28.381599667130747,-93.0,0.35,-35.5,13.40304164903732,1.648467399749351,1,0,0.96659966713075,1,36
omitted,47,stop,source_repair,-27.414999999999996,27.414999999999996,-93.0,0.35,-35.5,2.446370318969089,1.3672739695000518,1,0,0.0,0,0
omitted,47,fixed,mechanism_repair,-34.5416864955243,34.5416864955243,-93.0,0.35,-35.5,3.8300519366778722,1.8599240439896667,1,0,7.126686495524305,3,0
omitted,47,random,mechanism_repair,-34.5416864955243,34.5416864955243,-93.0,0.35,-35.5,3.8300519366778722,1.8599240439896667,1,0,7.126686495524305,3,0
omitted,47,entropy,mechanism_repair,-34.5416864955243,34.5416864955243,-93.0,0.35,-35.5,3.8300519366778722,1.8599240439896665,1,0,7.126686495524305,3,0
omitted,47,myopic,mechanism_repair,-29.60697919612761,29.60697919612761,-93.0,0.35,-35.5,7.590782628107629,1.7193656746779924,1,0,2.1919791961276136,1,2
omitted,47,sequential,mechanism_repair,-29.60697919612761,29.60697919612761,-93.0,0.35,-35.5,7.590782628107629,1.7193656746779924,1,0,2.1919791961276136,1,36
omitted,48,stop,source_repair,-27.414999999999996,27.414999999999996,-93.0,0.35,-35.5,7.590582433834336,1.4096761807285896,1,0,0.0,0,0
omitted,48,fixed,source_repair,-30.351638138563576,30.351638138563576,-93.0,0.35,-35.5,13.590045692677375,1.8877303917976271,1,0,2.9366381385635796,3,0
omitted,48,random,source_repair,-30.351638138563576,30.351638138563576,-93.0,0.35,-35.5,13.590045692677375,1.8877303917976271,1,0,2.9366381385635796,3,0
omitted,48,entropy,source_repair,-30.351638138563576,30.351638138563576,-93.0,0.35,-35.5,13.590045692677375,1.8877303917976271,1,0,2.93663813856358,3,0
omitted,48,myopic,source_repair,-28.999905293417875,28.999905293417875,-93.0,0.35,-35.5,10.621143216555957,1.631456778006618,1,0,1.5849052934178778,1,2
omitted,48,sequential,source_repair,-29.490092426101036,29.490092426101036,-93.0,0.35,-35.5,12.410160224141332,1.7604868064284165,1,0,2.0750924261010413,2,37
omitted,49,stop,mechanism_repair,-27.414999999999996,27.414999999999996,-93.0,0.35,-35.5,5.557702237928085,1.4039856031738012,1,0,0.0,0,0
omitted,49,fixed,mechanism_repair,-34.60018414356461,34.60018414356461,-93.0,0.35,-35.5,6.374904530894251,1.8970741018901922,1,0,7.185184143564617,3,0
omitted,49,random,mechanism_repair,-34.60018414356461,34.60018414356461,-93.0,0.35,-35.5,6.374904530894253,1.8970741018901922,1,0,7.185184143564617,3,0
omitted,49,entropy,mechanism_repair,-34.60018414356461,34.60018414356461,-93.0,0.35,-35.5,6.374904530894254,1.8970741018901922,1,0,7.185184143564616,3,0
omitted,49,myopic,mechanism_repair,-30.343251851957092,30.343251851957092,-93.0,0.35,-35.5,9.637494719990539,1.792052080617408,1,0,2.9282518519570973,1,2
omitted,49,sequential,mechanism_repair,-30.343251851957092,30.343251851957092,-93.0,0.35,-35.5,9.637494719990539,1.792052080617408,1,0,2.9282518519570973,1,36
omitted,50,stop,source_repair,-27.414999999999996,27.414999999999996,-93.0,0.35,-35.5,2.60360261702073,1.3923569060428027,1,0,0.0,0,0
omitted,50,fixed,general,-32.25006516211309,32.25006516211309,-93.0,0.35,-35.5,6.689478033137453,1.9509683598753271,1,0,4.835065162113091,3,0
omitted,50,random,general,-32.25006516211309,32.25006516211309,-93.0,0.35,-35.5,6.689478033137453,1.9509683598753271,1,0,4.835065162113091,3,0
omitted,50,entropy,general,-32.25006516211309,32.25006516211309,-93.0,0.35,-35.5,6.689478033137453,1.9509683598753271,1,0,4.835065162113091,3,0
omitted,50,myopic,general,-28.00993830838658,28.00993830838658,-93.0,0.35,-35.5,9.560793146120611,1.8457874272579262,1,0,0.5949383083865833,1,2
omitted,50,sequential,general,-28.00993830838658,28.00993830838658,-93.0,0.35,-35.5,9.560793146120611,1.8457874272579262,1,0,0.5949383083865833,1,36
omitted,51,stop,source_repair,-27.414999999999996,27.414999999999996,-93.0,0.35,-35.5,2.5522026160489584,1.34152869096518,1,0,0.0,0,0
omitted,51,fixed,mechanism_repair,-32.71141734829166,32.71141734829166,-93.0,0.35,-35.5,-2.271476424923342,1.3802879415614162,1,0,5.296417348291665,3,0
omitted,51,random,mechanism_repair,-32.71141734829166,32.71141734829166,-93.0,0.35,-35.5,-2.2714764249233426,1.3802879415614162,1,0,5.296417348291665,3,0
omitted,51,entropy,mechanism_repair,-32.71141734829166,32.71141734829166,-93.0,0.35,-35.5,-2.2714764249233426,1.3802879415614162,1,0,5.296417348291665,3,0
omitted,51,myopic,general,-30.129604505140552,30.129604505140552,-93.0,0.35,-35.5,5.8106611190144655,1.7447792554587878,1,0,2.714604505140557,2,3
omitted,51,sequential,general,-30.129604505140552,30.129604505140552,-93.0,0.35,-35.5,5.810661119014467,1.7447792554587873,1,0,2.714604505140557,2,37
omitted,52,stop,source_repair,-27.414999999999996,27.414999999999996,-93.0,0.35,-35.5,4.473124531913843,1.36833270262441,1,0,0.0,0,0
omitted,52,fixed,source_repair,-31.97761554224897,31.97761554224897,-93.0,0.35,-35.5,-1.340966866379707,1.4269699736728823,1,0,4.562615542248974,3,0
omitted,52,random,source_repair,-31.97761554224897,31.97761554224897,-93.0,0.35,-35.5,-1.340966866379706,1.4269699736728823,1,0,4.562615542248974,3,0
omitted,52,entropy,source_repair,-31.97761554224897,31.97761554224897,-93.0,0.35,-35.5,-1.3409668663797074,1.4269699736728823,1,0,4.562615542248974,3,0
omitted,52,myopic,general,-29.789357074020636,29.789357074020636,-93.0,0.35,-35.5,5.016334182405897,1.5629636109434513,0,0,2.374357074020642,2,3
omitted,52,sequential,general,-29.789357074020636,29.789357074020636,-93.0,0.35,-35.5,5.016334182405897,1.5629636109434513,0,0,2.374357074020642,2,37
omitted,53,stop,source_repair,-27.414999999999996,27.414999999999996,-93.0,0.35,-35.5,4.388844435096233,1.369662098866236,1,0,0.0,0,0
omitted,53,fixed,source_repair,-31.981159740315224,31.981159740315224,-93.0,0.35,-35.5,-1.999429446804501,1.342138900735859,1,0,4.5661597403152285,3,0
omitted,53,random,source_repair,-31.981159740315224,31.981159740315224,-93.0,0.35,-35.5,-1.9994294468045024,1.342138900735859,1,0,4.5661597403152285,3,0
omitted,53,entropy,source_repair,-31.981159740315224,31.981159740315224,-93.0,0.35,-35.5,-1.9994294468045024,1.3421389007358588,1,0,4.5661597403152285,3,0
omitted,53,myopic,mechanism_repair,-30.07744276659215,30.07744276659215,-93.0,0.35,-35.5,3.0093271991930584,1.4027934508365845,1,0,2.6624427665921537,2,3
omitted,53,sequential,mechanism_repair,-30.07744276659215,30.07744276659215,-93.0,0.35,-35.5,3.0093271991930584,1.4027934508365845,1,0,2.6624427665921537,2,37
omitted,54,stop,source_repair,-27.414999999999996,27.414999999999996,-93.0,0.35,-35.5,3.809871967413423,1.3419212750027616,1,0,0.0,0,0
omitted,54,fixed,general,-33.3352546644576,33.3352546644576,-93.0,0.35,-35.5,6.590189977680812,1.7981474719929498,1,0,5.920254664457608,3,0
omitted,54,random,general,-33.3352546644576,33.3352546644576,-93.0,0.35,-35.5,6.590189977680811,1.7981474719929496,1,0,5.920254664457608,3,0
omitted,54,entropy,general,-33.3352546644576,33.3352546644576,-93.0,0.35,-35.5,6.590189977680812,1.7981474719929498,1,0,5.920254664457608,3,0
omitted,54,myopic,general,-29.652929504886025,29.652929504886025,-93.0,0.35,-35.5,7.073654727458555,1.638770293071272,0,0,2.237929504886028,1,2
omitted,54,sequential,general,-30.878715386852818,30.878715386852818,-93.0,0.35,-35.5,7.670921971316962,1.7156701964751901,1,0,3.463715386852823,2,37
omitted,55,stop,mechanism_repair,-27.414999999999996,27.414999999999996,-93.0,0.35,-35.5,3.3065727828755223,1.3345349697659628,1,0,0.0,0,0
omitted,55,fixed,mechanism_repair,-30.33681985286651,30.33681985286651,-93.0,0.35,-35.5,5.264969630878561,1.4532264482455082,1,0,2.9218198528665122,3,0
omitted,55,random,mechanism_repair,-30.33681985286651,30.33681985286651,-93.0,0.35,-35.5,5.264969630878562,1.4532264482455082,1,0,2.921819852866512,3,0
omitted,55,entropy,mechanism_repair,-30.33681985286651,30.33681985286651,-93.0,0.35,-35.5,5.264969630878561,1.4532264482455082,1,0,2.9218198528665122,3,0
omitted,55,myopic,mechanism_repair,-28.520407453847422,28.520407453847422,-93.0,0.35,-35.5,10.472698979325354,1.643260273239802,1,0,1.1054074538474261,2,3
omitted,55,sequential,mechanism_repair,-28.520407453847422,28.520407453847422,-93.0,0.35,-35.5,10.472698979325354,1.643260273239802,1,0,1.1054074538474261,2,37
omitted,56,stop,mechanism_repair,-27.414999999999996,27.414999999999996,-93.0,0.35,-35.5,4.976190854883195,1.354396847559948,1,0,0.0,0,0
omitted,56,fixed,general,-32.90950686837369,32.90950686837369,-93.0,0.35,-35.5,2.5633661699430395,1.682527749800995,0,0,5.494506868373692,3,0
omitted,56,random,general,-32.90950686837369,32.90950686837369,-93.0,0.35,-35.5,2.5633661699430377,1.682527749800995,0,0,5.494506868373692,3,0
omitted,56,entropy,general,-32.90950686837369,32.90950686837369,-93.0,0.35,-35.5,2.5633661699430395,1.682527749800995,0,0,5.494506868373692,3,0
omitted,56,myopic,general,-27.716398430249335,27.716398430249335,-93.0,0.35,-35.5,9.870550631106415,1.7730399985079788,1,0,0.30139843024934054,1,2
omitted,56,sequential,general,-27.716398430249335,27.716398430249335,-93.0,0.35,-35.5,9.870550631106415,1.7730399985079788,1,0,0.30139843024934054,1,36
omitted,57,stop,mechanism_repair,-27.414999999999996,27.414999999999996,-93.0,0.35,-35.5,3.4617989502963664,1.3616086444986681,1,0,0.0,0,0
omitted,57,fixed,mechanism_repair,-32.375212273191195,32.375212273191195,-93.0,0.35,-35.5,7.093516799686823,1.7836047433956832,1,0,4.960212273191198,3,0
omitted,57,random,mechanism_repair,-32.375212273191195,32.375212273191195,-93.0,0.35,-35.5,7.093516799686821,1.7836047433956828,1,0,4.960212273191198,3,0
omitted,57,entropy,mechanism_repair,-32.375212273191195,32.375212273191195,-93.0,0.35,-35.5,7.093516799686823,1.7836047433956832,1,0,4.960212273191198,3,0
omitted,57,myopic,mechanism_repair,-29.35807771036196,29.35807771036196,-93.0,0.35,-35.5,5.976714831973568,1.4610237599431293,1,0,1.9430777103619665,1,2
omitted,57,sequential,mechanism_repair,-29.35807771036196,29.35807771036196,-93.0,0.35,-35.5,5.976714831973568,1.4610237599431293,1,0,1.9430777103619665,1,36
omitted,58,stop,mechanism_repair,-27.414999999999996,27.414999999999996,-93.0,0.35,-35.5,5.0461357712846615,1.3475669747567958,1,0,0.0,0,0
omitted,58,fixed,mechanism_repair,-34.05494414715788,34.05494414715788,-93.0,0.35,-35.5,7.4446000280826805,1.8379389699523947,1,0,6.639944147157889,3,0
omitted,58,random,mechanism_repair,-34.05494414715788,34.05494414715788,-93.0,0.35,-35.5,7.4446000280826805,1.8379389699523947,1,0,6.639944147157889,3,0
omitted,58,entropy,mechanism_repair,-34.05494414715788,34.05494414715788,-93.0,0.35,-35.5,7.4446000280826805,1.8379389699523947,1,0,6.639944147157889,3,0
omitted,58,myopic,mechanism_repair,-28.38429628095675,28.38429628095675,-93.0,0.35,-35.5,6.380354217435119,1.500387730364579,1,0,0.9692962809567556,1,2
omitted,58,sequential,mechanism_repair,-28.38429628095675,28.38429628095675,-93.0,0.35,-35.5,6.380354217435119,1.500387730364579,1,0,0.9692962809567556,1,36
omitted,59,stop,mechanism_repair,-27.414999999999996,27.414999999999996,-93.0,0.35,-35.5,4.198721003981114,1.3459146744795039,1,0,0.0,0,0
omitted,59,fixed,source_repair,-31.127531309605917,31.127531309605917,-93.0,0.35,-35.5,10.174478712192132,1.8956207001107392,1,0,3.712531309605923,3,0
omitted,59,random,source_repair,-31.127531309605917,31.127531309605917,-93.0,0.35,-35.5,10.174478712192132,1.8956207001107392,1,0,3.712531309605923,3,0
omitted,59,entropy,source_repair,-31.127531309605917,31.127531309605917,-93.0,0.35,-35.5,10.174478712192132,1.8956207001107392,1,0,3.712531309605923,3,0
omitted,59,myopic,source_repair,-28.337723565780124,28.337723565780124,-93.0,0.35,-35.5,10.846283480282063,1.7051738413443083,1,0,0.9227235657801285,1,2
omitted,59,sequential,source_repair,-28.337723565780124,28.337723565780124,-93.0,0.35,-35.5,10.846283480282063,1.7051738413443083,1,0,0.9227235657801285,1,36
omitted,60,stop,source_repair,-27.414999999999996,27.414999999999996,-93.0,0.35,-35.5,5.165587113848685,1.3559964854802575,1,0,0.0,0,0
omitted,60,fixed,mechanism_repair,-31.60287915642088,31.60287915642088,-93.0,0.35,-35.5,8.975478363097732,1.585855937171914,1,0,4.187879156420885,3,0
omitted,60,random,mechanism_repair,-31.60287915642088,31.60287915642088,-93.0,0.35,-35.5,8.975478363097732,1.5858559371719139,1,0,4.187879156420885,3,0
omitted,60,entropy,mechanism_repair,-31.60287915642088,31.60287915642088,-93.0,0.35,-35.5,8.975478363097732,1.5858559371719139,1,0,4.187879156420885,3,0
omitted,60,myopic,mechanism_repair,-28.07411395088876,28.07411395088876,-93.0,0.35,-35.5,12.95771886834496,1.6280505367915323,1,0,0.6591139508887647,1,2
omitted,60,sequential,mechanism_repair,-28.07411395088876,28.07411395088876,-93.0,0.35,-35.5,12.95771886834496,1.6280505367915323,1,0,0.6591139508887647,1,36
omitted,61,stop,source_repair,-27.414999999999996,27.414999999999996,-93.0,0.35,-35.5,7.921700521146457,1.4215701659289979,1,0,0.0,0,0
omitted,61,fixed,general,-35.441921431925586,35.441921431925586,-93.0,0.35,-35.5,1.3447754743817146,1.665022276333383,0,0,8.02692143192559,3,0
omitted,61,random,general,-35.441921431925586,35.441921431925586,-93.0,0.35,-35.5,1.3447754743817146,1.6650222763333833,0,0,8.02692143192559,3,0
omitted,61,entropy,general,-35.441921431925586,35.441921431925586,-93.0,0.35,-35.5,1.3447754743817129,1.665022276333383,0,0,8.02692143192559,3,0
omitted,61,myopic,general,-33.01486081272274,33.01486081272274,-93.0,0.35,-35.5,7.284858491209729,1.8355761723178838,1,0,5.599860812722742,2,3
omitted,61,sequential,general,-33.01486081272274,33.01486081272274,-93.0,0.35,-35.5,7.284858491209729,1.8355761723178838,1,0,5.599860812722742,2,37
omitted,62,stop,source_repair,-27.414999999999996,27.414999999999996,-93.0,0.35,-35.5,3.509270557791553,1.44125930082994,1,0,0.0,0,0
omitted,62,fixed,mechanism_repair,-34.48936294325094,34.48936294325094,-93.0,0.35,-35.5,-0.6164063517447147,1.413857412869417,1,0,7.074362943250945,3,0
omitted,62,random,mechanism_repair,-34.48936294325094,34.48936294325094,-93.0,0.35,-35.5,-0.6164063517447174,1.413857412869417,1,0,7.074362943250946,3,0
omitted,62,entropy,mechanism_repair,-34.48936294325094,34.48936294325094,-93.0,0.35,-35.5,-0.6164063517447147,1.413857412869417,1,0,7.074362943250945,3,0
omitted,62,myopic,general,-29.966240844282073,29.966240844282073,-93.0,0.35,-35.5,3.8630301040796247,1.5974720785760925,0,0,2.5512408442820766,1,2
omitted,62,sequential,general,-29.966240844282073,29.966240844282073,-93.0,0.35,-35.5,3.8630301040796247,1.5974720785760925,0,0,2.5512408442820766,1,36
omitted,63,stop,source_repair,-27.414999999999996,27.414999999999996,-93.0,0.35,-35.5,3.1530440541229643,1.3873873581493432,1,0,0.0,0,0
omitted,63,fixed,general,-33.9190099264662,33.9190099264662,-93.0,0.35,-35.5,2.003954221316178,1.6749596710832246,1,0,6.504009926466203,3,0
omitted,63,random,general,-33.9190099264662,33.9190099264662,-93.0,0.35,-35.5,2.003954221316178,1.6749596710832246,1,0,6.504009926466203,3,0
omitted,63,entropy,general,-33.9190099264662,33.9190099264662,-93.0,0.35,-35.5,2.003954221316178,1.6749596710832246,1,0,6.504009926466203,3,0
omitted,63,myopic,general,-30.971220338551927,30.971220338551927,-93.0,0.35,-35.5,7.770875442438969,1.8652602582805464,1,0,3.5562203385519298,2,3
omitted,63,sequential,general,-30.971220338551927,30.971220338551927,-93.0,0.35,-35.5,7.770875442438969,1.8652602582805464,1,0,3.5562203385519298,2,37
omitted,64,stop,mechanism_repair,-27.414999999999996,27.414999999999996,-93.0,0.35,-35.5,5.254605075062165,1.4088065784209842,1,0,0.0,0,0
omitted,64,fixed,mechanism_repair,-31.116637845182083,31.116637845182083,-93.0,0.35,-35.5,9.065775434562275,1.9056342960464296,1,0,3.7016378451820877,3,0
omitted,64,random,mechanism_repair,-31.116637845182083,31.116637845182083,-93.0,0.35,-35.5,9.065775434562275,1.9056342960464296,1,0,3.7016378451820877,3,0
omitted,64,entropy,mechanism_repair,-31.116637845182083,31.116637845182083,-93.0,0.35,-35.5,9.065775434562275,1.9056342960464296,1,0,3.7016378451820877,3,0
omitted,64,myopic,mechanism_repair,-28.26677324211879,28.26677324211879,-93.0,0.35,-35.5,10.073098553948697,1.7025785466232528,1,0,0.8517732421187956,1,2
omitted,64,sequential,mechanism_repair,-28.26677324211879,28.26677324211879,-93.0,0.35,-35.5,10.073098553948697,1.7025785466232528,1,0,0.8517732421187956,1,36
omitted,65,stop,source_repair,-27.414999999999996,27.414999999999996,-93.0,0.35,-35.5,4.730306946835443,1.4147851772615945,1,0,0.0,0,0
omitted,65,fixed,mechanism_repair,-31.600741486384685,31.600741486384685,-93.0,0.35,-35.5,11.66673820018283,1.8256636181052468,1,0,4.18574148638469,3,0
omitted,65,random,mechanism_repair,-31.600741486384685,31.600741486384685,-93.0,0.35,-35.5,11.66673820018283,1.8256636181052468,1,0,4.18574148638469,3,0
omitted,65,entropy,mechanism_repair,-31.600741486384685,31.600741486384685,-93.0,0.35,-35.5,11.66673820018283,1.8256636181052468,1,0,4.185741486384689,3,0
omitted,65,myopic,mechanism_repair,-29.72674110688193,29.72674110688193,-93.0,0.35,-35.5,10.309968071729466,1.5941248589127421,1,0,2.3117411068819362,1,2
omitted,65,sequential,mechanism_repair,-29.72674110688193,29.72674110688193,-93.0,0.35,-35.5,10.309968071729466,1.5941248589127421,1,0,2.3117411068819362,1,36
omitted,66,stop,source_repair,-27.414999999999996,27.414999999999996,-93.0,0.35,-35.5,8.595330272944851,1.4321929711522805,1,0,0.0,0,0
omitted,66,fixed,source_repair,-30.337779849611657,30.337779849611657,-93.0,0.35,-35.5,13.287475107431648,1.742851477720895,1,0,2.922779849611663,3,0
omitted,66,random,source_repair,-30.337779849611657,30.337779849611657,-93.0,0.35,-35.5,13.287475107431645,1.7428514777208948,1,0,2.922779849611663,3,0
omitted,66,entropy,source_repair,-30.337779849611657,30.337779849611657,-93.0,0.35,-35.5,13.287475107431645,1.7428514777208948,1,0,2.922779849611663,3,0
omitted,66,myopic,source_repair,-28.195376354620162,28.195376354620162,-93.0,0.35,-35.5,16.78872104490682,1.8667689409179102,1,0,0.7803763546201676,1,2
omitted,66,sequential,source_repair,-28.195376354620162,28.195376354620162,-93.0,0.35,-35.5,16.78872104490682,1.8667689409179102,1,0,0.7803763546201676,1,36
omitted,67,stop,mechanism_repair,-27.414999999999996,27.414999999999996,-93.0,0.35,-35.5,4.335683467226422,1.3499539904383124,1,0,0.0,0,0
omitted,67,fixed,mechanism_repair,-32.279921343380906,32.279921343380906,-93.0,0.35,-35.5,0.14950240961402894,1.356051795840997,1,0,4.8649213433809075,3,0
omitted,67,random,mechanism_repair,-32.279921343380906,32.279921343380906,-93.0,0.35,-35.5,0.14950240961402894,1.356051795840997,1,0,4.8649213433809075,3,0
omitted,67,entropy,mechanism_repair,-32.279921343380906,32.279921343380906,-93.0,0.35,-35.5,0.14950240961403072,1.356051795840997,1,0,4.8649213433809075,3,0
omitted,67,myopic,source_repair,-28.00315791975508,28.00315791975508,-93.0,0.35,-35.5,8.371648864203681,1.535226911990907,1,0,0.5881579197550821,1,2
omitted,67,sequential,source_repair,-28.00315791975508,28.00315791975508,-93.0,0.35,-35.5,8.371648864203681,1.535226911990907,1,0,0.5881579197550821,1,36
omitted,68,stop,source_repair,-27.414999999999996,27.414999999999996,-93.0,0.35,-35.5,4.868877706866343,1.360024557087416,1,0,0.0,0,0
omitted,68,fixed,mechanism_repair,-34.52677983082052,34.52677983082052,-93.0,0.35,-35.5,11.855895688513321,1.7807619537731658,1,0,7.111779830820527,3,0
omitted,68,random,mechanism_repair,-34.52677983082052,34.52677983082052,-93.0,0.35,-35.5,11.855895688513321,1.7807619537731658,1,0,7.111779830820527,3,0
omitted,68,entropy,mechanism_repair,-34.52677983082052,34.52677983082052,-93.0,0.35,-35.5,11.855895688513321,1.7807619537731658,1,0,7.111779830820527,3,0
omitted,68,myopic,mechanism_repair,-32.16742360642764,32.16742360642764,-93.0,0.35,-35.5,11.319192131631839,1.6111562006283644,1,0,4.752423606427646,2,3
omitted,68,sequential,mechanism_repair,-32.16742360642764,32.16742360642764,-93.0,0.35,-35.5,11.319192131631839,1.6111562006283644,1,0,4.752423606427646,2,37
omitted,69,stop,mechanism_repair,-27.414999999999996,27.414999999999996,-93.0,0.35,-35.5,5.490514128431915,1.3485581319293765,1,0,0.0,0,0
omitted,69,fixed,mechanism_repair,-34.16238703279505,34.16238703279505,-93.0,0.35,-35.5,-3.712409829266764,1.3444473100601415,1,0,6.74738703279506,3,0
omitted,69,random,mechanism_repair,-34.16238703279505,34.16238703279505,-93.0,0.35,-35.5,-3.712409829266765,1.3444473100601415,1,0,6.747387032795061,3,0
omitted,69,entropy,mechanism_repair,-34.16238703279505,34.16238703279505,-93.0,0.35,-35.5,-3.712409829266765,1.3444473100601415,1,0,6.747387032795061,3,0
omitted,69,myopic,source_repair,-30.079888494599935,30.079888494599935,-93.0,0.35,-35.5,2.5773359839642493,1.3805865348570214,1,0,2.66488849459994,1,2
omitted,69,sequential,mechanism_repair,-28.830503532325867,28.830503532325867,-93.0,0.35,-35.5,6.339221350541064,1.409185979428747,1,0,1.4155035323258707,1,36
omitted,70,stop,mechanism_repair,-27.414999999999996,27.414999999999996,-93.0,0.35,-35.5,3.1959936272620526,1.364077213678029,1,0,0.0,0,0
omitted,70,fixed,source_repair,-33.52893220488066,33.52893220488066,-93.0,0.35,-35.5,0.18883493591533362,1.4092731635620572,1,0,6.1139322048806655,3,0
omitted,70,random,source_repair,-33.52893220488066,33.52893220488066,-93.0,0.35,-35.5,0.1888349359153345,1.4092731635620572,1,0,6.113932204880665,3,0
omitted,70,entropy,source_repair,-33.52893220488066,33.52893220488066,-93.0,0.35,-35.5,0.18883493591533362,1.409273163562057,1,0,6.113932204880664,3,0
omitted,70,myopic,source_repair,-29.243086548129195,29.243086548129195,-93.0,0.35,-35.5,6.508406969194354,1.5061677273885223,1,0,1.828086548129201,1,2
omitted,70,sequential,source_repair,-29.243086548129195,29.243086548129195,-93.0,0.35,-35.5,6.508406969194354,1.5061677273885223,1,0,1.828086548129201,1,36
omitted,71,stop,mechanism_repair,-27.414999999999996,27.414999999999996,-93.0,0.35,-35.5,5.00243707982661,1.350001059840543,1,0,0.0,0,0
omitted,71,fixed,mechanism_repair,-33.22759217936271,33.22759217936271,-93.0,0.35,-35.5,0.19917732258694176,1.43937889989279,1,0,5.8125921793627136,3,0
omitted,71,random,mechanism_repair,-33.22759217936271,33.22759217936271,-93.0,0.35,-35.5,0.19917732258694176,1.43937889989279,1,0,5.8125921793627136,3,0
omitted,71,entropy,mechanism_repair,-33.22759217936271,33.22759217936271,-93.0,0.35,-35.5,0.19917732258694176,1.43937889989279,1,0,5.8125921793627136,3,0
omitted,71,myopic,mechanism_repair,-28.324620024708263,28.324620024708263,-93.0,0.35,-35.5,8.002547077398217,1.4776923452435606,1,0,0.9096200247082662,1,2
omitted,71,sequential,mechanism_repair,-28.324620024708263,28.324620024708263,-93.0,0.35,-35.5,8.002547077398217,1.4776923452435606,1,0,0.9096200247082662,1,36
omitted,72,stop,source_repair,-27.414999999999996,27.414999999999996,-93.0,0.35,-35.5,4.550428222362591,1.373909456000335,1,0,0.0,0,0
omitted,72,fixed,general,-32.98586346928796,32.98586346928796,-93.0,0.35,-35.5,4.054198386025224,1.8924494512879153,1,0,5.5708634692879695,3,0
omitted,72,random,general,-32.98586346928796,32.98586346928796,-93.0,0.35,-35.5,4.054198386025223,1.8924494512879153,1,0,5.57086346928797,3,0
omitted,72,entropy,general,-32.98586346928796,32.98586346928796,-93.0,0.35,-35.5,4.054198386025224,1.892449451287915,1,0,5.5708634692879695,3,0
omitted,72,myopic,general,-28.330617603243766,28.330617603243766,-93.0,0.35,-35.5,6.978694106413767,1.7537609369321512,1,0,0.9156176032437713,1,2
omitted,72,sequential,general,-28.330617603243766,28.330617603243766,-93.0,0.35,-35.5,6.978694106413767,1.7537609369321512,1,0,0.9156176032437713,1,36
omitted,73,stop,source_repair,-27.414999999999996,27.414999999999996,-93.0,0.35,-35.5,5.247489462740986,1.3686331176484066,1,0,0.0,0,0
omitted,73,fixed,general,-32.103840495230564,32.103840495230564,-93.0,0.35,-35.5,5.444125907191037,1.7997258513071053,1,0,4.68884049523057,3,0
omitted,73,random,general,-32.103840495230564,32.103840495230564,-93.0,0.35,-35.5,5.444125907191037,1.7997258513071053,1,0,4.68884049523057,3,0
omitted,73,entropy,general,-32.103840495230564,32.103840495230564,-93.0,0.35,-35.5,5.444125907191037,1.7997258513071053,1,0,4.68884049523057,3,0
omitted,73,myopic,general,-29.16807197398125,29.16807197398125,-93.0,0.35,-35.5,6.7117962684488415,1.6817722371772905,0,0,1.7530719739812537,2,3
omitted,73,sequential,general,-29.16807197398125,29.16807197398125,-93.0,0.35,-35.5,6.7117962684488415,1.6817722371772905,0,0,1.7530719739812537,2,37
omitted,74,stop,mechanism_repair,-27.414999999999996,27.414999999999996,-93.0,0.35,-35.5,8.025238069024741,1.38787311481757,1,0,0.0,0,0
omitted,74,fixed,mechanism_repair,-34.65647734488366,34.65647734488366,-93.0,0.35,-35.5,-0.8727232149257462,1.4209111120006046,1,0,7.241477344883664,3,0
omitted,74,random,mechanism_repair,-34.656477344883655,34.656477344883655,-93.0,0.35,-35.5,-0.8727232149257418,1.4209111120006046,1,0,7.241477344883663,3,0
omitted,74,entropy,mechanism_repair,-34.656477344883655,34.656477344883655,-93.0,0.35,-35.5,-0.8727232149257427,1.4209111120006046,1,0,7.241477344883663,3,0
omitted,74,myopic,general,-32.12380429858219,32.12380429858219,-93.0,0.35,-35.5,5.8412922880739515,1.6877863678798435,1,0,4.708804298582198,2,3
omitted,74,sequential,general,-32.12380429858219,32.12380429858219,-93.0,0.35,-35.5,5.8412922880739515,1.6877863678798435,1,0,4.708804298582198,2,37
omitted,75,stop,mechanism_repair,-27.414999999999996,27.414999999999996,-93.0,0.35,-35.5,3.9644474640640293,1.3403504537213582,1,0,0.0,0,0
omitted,75,fixed,mechanism_repair,-30.635641153942046,30.635641153942046,-93.0,0.35,-35.5,13.396520804405577,1.9154208371556587,1,0,3.2206411539420525,3,0
omitted,75,random,mechanism_repair,-30.635641153942046,30.635641153942046,-93.0,0.35,-35.5,13.396520804405577,1.9154208371556587,1,0,3.2206411539420525,3,0
omitted,75,entropy,mechanism_repair,-30.635641153942046,30.635641153942046,-93.0,0.35,-35.5,13.396520804405577,1.9154208371556587,1,0,3.2206411539420525,3,0
omitted,75,myopic,mechanism_repair,-29.37397456348441,29.37397456348441,-93.0,0.35,-35.5,13.904221072938316,1.8405149169106174,1,0,1.9589745634844136,2,3
omitted,75,sequential,mechanism_repair,-29.37397456348441,29.37397456348441,-93.0,0.35,-35.5,13.904221072938316,1.8405149169106174,1,0,1.9589745634844136,2,37
omitted,76,stop,source_repair,-27.414999999999996,27.414999999999996,-93.0,0.35,-35.5,8.045895493158822,1.4266119436028444,1,0,0.0,0,0
omitted,76,fixed,source_repair,-32.31079828917644,32.31079828917644,-93.0,0.35,-35.5,5.860108571195853,1.6332727518427763,1,0,4.895798289176443,3,0
omitted,76,random,source_repair,-32.31079828917644,32.31079828917644,-93.0,0.35,-35.5,5.860108571195853,1.6332727518427763,1,0,4.895798289176443,3,0
omitted,76,entropy,source_repair,-32.31079828917644,32.31079828917644,-93.0,0.35,-35.5,5.860108571195854,1.6332727518427763,1,0,4.895798289176442,3,0
omitted,76,myopic,source_repair,-27.414999999999996,27.414999999999996,-93.0,0.35,-35.5,8.045895493158822,1.4266119436028444,1,0,0.0,0,1
omitted,76,sequential,source_repair,-30.434155392956217,30.434155392956217,-93.0,0.35,-35.5,7.063214945439076,1.5604201471442192,1,0,3.019155392956221,2,37
omitted,77,stop,mechanism_repair,-27.414999999999996,27.414999999999996,-93.0,0.35,-35.5,2.7462583295706122,1.397450358032197,1,0,0.0,0,0
omitted,77,fixed,mechanism_repair,-30.54594045263625,30.54594045263625,-93.0,0.35,-35.5,9.121152210615374,1.8068347536612284,1,0,3.130940452636252,3,0
omitted,77,random,mechanism_repair,-30.54594045263625,30.54594045263625,-93.0,0.35,-35.5,9.121152210615374,1.8068347536612284,1,0,3.130940452636252,3,0
omitted,77,entropy,mechanism_repair,-30.54594045263625,30.54594045263625,-93.0,0.35,-35.5,9.121152210615378,1.8068347536612284,1,0,3.130940452636252,3,0
omitted,77,myopic,mechanism_repair,-27.848950556974856,27.848950556974856,-93.0,0.35,-35.5,9.393704007178334,1.5881546153085582,1,0,0.4339505569748586,1,2
omitted,77,sequential,mechanism_repair,-27.848950556974856,27.848950556974856,-93.0,0.35,-35.5,9.393704007178334,1.5881546153085582,1,0,0.4339505569748586,1,36
omitted,78,stop,mechanism_repair,-27.414999999999996,27.414999999999996,-93.0,0.35,-35.5,4.73438047715136,1.349670259287783,1,0,0.0,0,0
omitted,78,fixed,mechanism_repair,-32.23426103855526,32.23426103855526,-93.0,0.35,-35.5,-0.6448749082897116,1.4571091305434716,1,0,4.819261038555263,3,0
omitted,78,random,mechanism_repair,-32.23426103855526,32.23426103855526,-93.0,0.35,-35.5,-0.6448749082897116,1.4571091305434714,1,0,4.819261038555263,3,0
omitted,78,entropy,mechanism_repair,-32.23426103855526,32.23426103855526,-93.0,0.35,-35.5,-0.6448749082897116,1.4571091305434716,1,0,4.819261038555263,3,0
omitted,78,myopic,mechanism_repair,-28.80728202031784,28.80728202031784,-93.0,0.35,-35.5,6.158070083588704,1.470573192458272,1,0,1.3922820203178439,1,2
omitted,78,sequential,mechanism_repair,-29.621506303854385,29.621506303854385,-93.0,0.35,-35.5,7.992303025869862,1.5443413019558347,1,0,2.2065063038543884,2,37
omitted,79,stop,source_repair,-27.414999999999996,27.414999999999996,-93.0,0.35,-35.5,4.084482579245625,1.341030035888324,1,0,0.0,0,0
omitted,79,fixed,source_repair,-30.816738441444784,30.816738441444784,-93.0,0.35,-35.5,11.701718670459039,1.9091958114055978,1,0,3.4017384414447878,3,0
omitted,79,random,source_repair,-30.816738441444784,30.816738441444784,-93.0,0.35,-35.5,11.701718670459039,1.9091958114055978,1,0,3.4017384414447878,3,0
omitted,79,entropy,source_repair,-30.816738441444784,30.816738441444784,-93.0,0.35,-35.5,11.701718670459039,1.9091958114055978,1,0,3.4017384414447878,3,0
omitted,79,myopic,source_repair,-27.963597566747477,27.963597566747477,-93.0,0.35,-35.5,10.478191368023579,1.5730281018034187,1,0,0.5485975667474832,1,2
omitted,79,sequential,source_repair,-27.963597566747477,27.963597566747477,-93.0,0.35,-35.5,10.478191368023579,1.5730281018034187,1,0,0.5485975667474832,1,36
omitted,80,stop,mechanism_repair,-27.414999999999996,27.414999999999996,-93.0,0.35,-35.5,4.482388992293872,1.3385910810612103,1,0,0.0,0,0
omitted,80,fixed,mechanism_repair,-32.823687309410786,32.823687309410786,-93.0,0.35,-35.5,9.172326762396956,1.7889311177619094,1,0,5.408687309410792,3,0
omitted,80,random,mechanism_repair,-32.823687309410786,32.823687309410786,-93.0,0.35,-35.5,9.172326762396958,1.7889311177619094,1,0,5.408687309410793,3,0
omitted,80,entropy,mechanism_repair,-32.823687309410786,32.823687309410786,-93.0,0.35,-35.5,9.172326762396958,1.7889311177619094,1,0,5.408687309410793,3,0
omitted,80,myopic,mechanism_repair,-27.64228135804938,27.64228135804938,-93.0,0.35,-35.5,10.161414135924943,1.5029238186335472,1,0,0.22728135804938443,1,2
omitted,80,sequential,mechanism_repair,-27.64228135804938,27.64228135804938,-93.0,0.35,-35.5,10.161414135924943,1.5029238186335472,1,0,0.22728135804938443,1,36
omitted,81,stop,mechanism_repair,-27.414999999999996,27.414999999999996,-93.0,0.35,-35.5,2.590621831087301,1.3435719243157147,1,0,0.0,0,0
omitted,81,fixed,mechanism_repair,-32.4827844343303,32.4827844343303,-93.0,0.35,-35.5,-2.0025856952087064,1.3594233325238685,1,0,5.067784434330306,3,0
omitted,81,random,mechanism_repair,-32.4827844343303,32.4827844343303,-93.0,0.35,-35.5,-2.0025856952087056,1.3594233325238685,1,0,5.067784434330305,3,0
omitted,81,entropy,mechanism_repair,-32.4827844343303,32.4827844343303,-93.0,0.35,-35.5,-2.0025856952087064,1.3594233325238685,1,0,5.067784434330306,3,0
omitted,81,myopic,mechanism_repair,-27.414999999999996,27.414999999999996,-93.0,0.35,-35.5,2.590621831087301,1.3435719243157147,1,0,0.0,0,1
omitted,81,sequential,source_repair,-30.07751927359168,30.07751927359168,-93.0,0.35,-35.5,1.6146621500703464,1.360954860116419,1,0,2.662519273591685,2,37
omitted,82,stop,mechanism_repair,-27.414999999999996,27.414999999999996,-93.0,0.35,-35.5,7.119835569321711,1.386268815965672,1,0,0.0,0,0
omitted,82,fixed,mechanism_repair,-34.254717662728645,34.254717662728645,-93.0,0.35,-35.5,4.758128888868312,1.5038421122199943,1,0,6.839717662728648,3,0
omitted,82,random,mechanism_repair,-34.254717662728645,34.254717662728645,-93.0,0.35,-35.5,4.758128888868312,1.5038421122199943,1,0,6.839717662728648,3,0
omitted,82,entropy,mechanism_repair,-34.254717662728645,34.254717662728645,-93.0,0.35,-35.5,4.758128888868312,1.5038421122199943,1,0,6.839717662728648,3,0
omitted,82,myopic,mechanism_repair,-29.49807830920829,29.49807830920829,-93.0,0.35,-35.5,9.642169825864908,1.5424335932626703,1,0,2.0830783092082923,1,2
omitted,82,sequential,mechanism_repair,-29.49807830920829,29.49807830920829,-93.0,0.35,-35.5,9.642169825864908,1.5424335932626703,1,0,2.0830783092082923,1,36
omitted,83,stop,source_repair,-27.414999999999996,27.414999999999996,-93.0,0.35,-35.5,6.4407459985676425,1.4031341049503812,1,0,0.0,0,0
omitted,83,fixed,mechanism_repair,-35.8091349540496,35.8091349540496,-93.0,0.35,-35.5,3.729313186619944,1.7543813275199887,1,0,8.394134954049605,3,0
omitted,83,random,mechanism_repair,-35.8091349540496,35.8091349540496,-93.0,0.35,-35.5,3.729313186619944,1.7543813275199887,1,0,8.394134954049605,3,0
omitted,83,entropy,mechanism_repair,-35.8091349540496,35.8091349540496,-93.0,0.35,-35.5,3.729313186619944,1.7543813275199887,1,0,8.394134954049605,3,0
omitted,83,myopic,source_repair,-27.414999999999996,27.414999999999996,-93.0,0.35,-35.5,6.4407459985676425,1.4031341049503812,1,0,0.0,0,1
omitted,83,sequential,source_repair,-27.414999999999996,27.414999999999996,-93.0,0.35,-35.5,6.4407459985676425,1.4031341049503812,1,0,0.0,0,31
omitted,84,stop,source_repair,-27.414999999999996,27.414999999999996,-93.0,0.35,-35.5,4.621612087526333,1.3961225745460975,1,0,0.0,0,0
omitted,84,fixed,source_repair,-30.97139716644586,30.97139716644586,-93.0,0.35,-35.5,-0.862889928012843,1.3983574970906214,1,0,3.5563971664458656,3,0
omitted,84,random,source_repair,-30.97139716644586,30.97139716644586,-93.0,0.35,-35.5,-0.862889928012843,1.3983574970906214,1,0,3.5563971664458656,3,0
omitted,84,entropy,source_repair,-30.97139716644586,30.97139716644586,-93.0,0.35,-35.5,-0.862889928012843,1.3983574970906214,1,0,3.5563971664458656,3,0
omitted,84,myopic,general,-28.958680180369655,28.958680180369655,-93.0,0.35,-35.5,7.682982535293458,1.8044245993490162,1,0,1.5436801803696607,2,3
omitted,84,sequential,general,-28.958680180369655,28.958680180369655,-93.0,0.35,-35.5,7.682982535293458,1.8044245993490162,1,0,1.5436801803696607,2,37
omitted,85,stop,source_repair,-27.414999999999996,27.414999999999996,-93.0,0.35,-35.5,6.71882599260212,1.3728849018674447,1,0,0.0,0,0
omitted,85,fixed,general,-33.00002983752515,33.00002983752515,-93.0,0.35,-35.5,8.260077719650733,1.8566309264118743,1,0,5.5850298375251555,3,0
omitted,85,random,general,-33.00002983752515,33.00002983752515,-93.0,0.35,-35.5,8.260077719650733,1.8566309264118743,1,0,5.5850298375251555,3,0
omitted,85,entropy,general,-33.00002983752515,33.00002983752515,-93.0,0.35,-35.5,8.260077719650733,1.8566309264118743,1,0,5.5850298375251555,3,0
omitted,85,myopic,general,-28.505020568150993,28.505020568150993,-93.0,0.35,-35.5,12.009761510165836,1.827922700707139,1,0,1.090020568150996,1,2
omitted,85,sequential,general,-28.505020568150993,28.505020568150993,-93.0,0.35,-35.5,12.009761510165836,1.827922700707139,1,0,1.090020568150996,1,36
omitted,86,stop,mechanism_repair,-27.414999999999996,27.414999999999996,-93.0,0.35,-35.5,4.915640315895798,1.338117482420218,1,0,0.0,0,0
omitted,86,fixed,source_repair,-32.55469000699767,32.55469000699767,-93.0,0.35,-35.5,6.585030220347417,1.543895348809721,1,0,5.139690006997669,3,0
omitted,86,random,source_repair,-32.55469000699766,32.55469000699766,-93.0,0.35,-35.5,6.585030220347418,1.543895348809721,1,0,5.139690006997668,3,0
omitted,86,entropy,source_repair,-32.55469000699766,32.55469000699766,-93.0,0.35,-35.5,6.585030220347418,1.543895348809721,1,0,5.139690006997668,3,0
omitted,86,myopic,source_repair,-31.632431443603146,31.632431443603146,-93.0,0.35,-35.5,9.142009186903133,1.6463301328098967,1,0,4.217431443603148,2,3
omitted,86,sequential,source_repair,-32.55469000699767,32.55469000699767,-93.0,0.35,-35.5,6.585030220347417,1.543895348809721,1,0,5.139690006997669,3,37
omitted,87,stop,source_repair,-27.414999999999996,27.414999999999996,-93.0,0.35,-35.5,4.7143326754869985,1.4150302279681348,1,0,0.0,0,0
omitted,87,fixed,mechanism_repair,-34.26921417642589,34.26921417642589,-93.0,0.35,-35.5,6.706689798608503,1.7980874550055066,1,0,6.854214176425893,3,0
omitted,87,random,mechanism_repair,-34.26921417642589,34.26921417642589,-93.0,0.35,-35.5,6.706689798608502,1.7980874550055066,1,0,6.854214176425894,3,0
omitted,87,entropy,mechanism_repair,-34.26921417642589,34.26921417642589,-93.0,0.35,-35.5,6.706689798608503,1.7980874550055066,1,0,6.854214176425893,3,0
omitted,87,myopic,mechanism_repair,-30.332529850614378,30.332529850614378,-93.0,0.35,-35.5,10.514615668098603,1.8184903699719865,1,0,2.917529850614382,1,2
omitted,87,sequential,mechanism_repair,-30.332529850614378,30.332529850614378,-93.0,0.35,-35.5,10.514615668098603,1.8184903699719865,1,0,2.917529850614382,1,36
omitted,88,stop,source_repair,-27.414999999999996,27.414999999999996,-93.0,0.35,-35.5,4.726695601781403,1.4067093336129695,1,0,0.0,0,0
omitted,88,fixed,general,-30.400948078582168,30.400948078582168,-93.0,0.35,-35.5,6.699825895389678,1.9530688939750225,1,0,2.985948078582173,3,0
omitted,88,random,general,-30.400948078582168,30.400948078582168,-93.0,0.35,-35.5,6.699825895389678,1.9530688939750225,1,0,2.985948078582173,3,0
omitted,88,entropy,general,-30.400948078582168,30.400948078582168,-93.0,0.35,-35.5,6.699825895389678,1.9530688939750225,1,0,2.9859480785821724,3,0
omitted,88,myopic,general,-27.896317367918396,27.896317367918396,-93.0,0.35,-35.5,6.511162100323571,1.730820777793093,0,0,0.48131736791840096,2,3
omitted,88,sequential,general,-27.896317367918396,27.896317367918396,-93.0,0.35,-35.5,6.511162100323571,1.730820777793093,0,0,0.48131736791840096,2,37
omitted,89,stop,source_repair,-27.414999999999996,27.414999999999996,-93.0,0.35,-35.5,2.882217226813867,1.334676570985481,1,0,0.0,0,0
omitted,89,fixed,mechanism_repair,-33.182357166861415,33.182357166861415,-93.0,0.35,-35.5,4.0554887470680105,1.5976135346647604,1,0,5.76735716686142,3,0
omitted,89,random,mechanism_repair,-33.182357166861415,33.182357166861415,-93.0,0.35,-35.5,4.0554887470680105,1.5976135346647604,1,0,5.76735716686142,3,0
omitted,89,entropy,mechanism_repair,-33.182357166861415,33.182357166861415,-93.0,0.35,-35.5,4.0554887470680105,1.5976135346647604,1,0,5.76735716686142,3,0
omitted,89,myopic,source_repair,-28.351309396546608,28.351309396546608,-93.0,0.35,-35.5,8.346730647487476,1.5337976850777737,1,0,0.9363093965466112,1,2
omitted,89,sequential,source_repair,-28.351309396546608,28.351309396546608,-93.0,0.35,-35.5,8.346730647487476,1.5337976850777737,1,0,0.9363093965466112,1,36
omitted,90,stop,mechanism_repair,-27.414999999999996,27.414999999999996,-93.0,0.35,-35.5,7.2909240809741975,1.3851220563442714,1,0,0.0,0,0
omitted,90,fixed,general,-33.41921886415837,33.41921886415837,-93.0,0.35,-35.5,-0.1265334885831937,1.5763784286953126,0,0,6.004218864158371,3,0
omitted,90,random,general,-33.41921886415837,33.41921886415837,-93.0,0.35,-35.5,-0.1265334885831937,1.5763784286953126,0,0,6.004218864158371,3,0
omitted,90,entropy,general,-33.41921886415837,33.41921886415837,-93.0,0.35,-35.5,-0.1265334885831919,1.5763784286953126,0,0,6.004218864158371,3,0
omitted,90,myopic,general,-31.017536370216312,31.017536370216312,-93.0,0.35,-35.5,6.69482696964212,1.7301019959425765,0,0,3.6025363702163173,2,3
omitted,90,sequential,general,-31.017536370216312,31.017536370216312,-93.0,0.35,-35.5,6.69482696964212,1.7301019959425765,0,0,3.6025363702163173,2,37
omitted,91,stop,source_repair,-27.414999999999996,27.414999999999996,-93.0,0.35,-35.5,5.922746550311223,1.3885778921217968,1,0,0.0,0,0
omitted,91,fixed,source_repair,-30.564996268306285,30.564996268306285,-93.0,0.35,-35.5,14.20400868403362,1.9053973079410524,1,0,3.149996268306289,3,0
omitted,91,random,source_repair,-30.564996268306285,30.564996268306285,-93.0,0.35,-35.5,14.204008684033617,1.9053973079410524,1,0,3.149996268306289,3,0
omitted,91,entropy,source_repair,-30.564996268306285,30.564996268306285,-93.0,0.35,-35.5,14.204008684033617,1.9053973079410524,1,0,3.149996268306289,3,0
omitted,91,myopic,source_repair,-30.05550844899916,30.05550844899916,-93.0,0.35,-35.5,13.194583317638896,1.784150454923967,1,0,2.6405084489991637,2,3
omitted,91,sequential,source_repair,-30.05550844899916,30.05550844899916,-93.0,0.35,-35.5,13.194583317638896,1.784150454923967,1,0,2.6405084489991637,2,37
omitted,92,stop,mechanism_repair,-27.414999999999996,27.414999999999996,-93.0,0.35,-35.5,3.657471808800522,1.3403430006991985,1,0,0.0,0,0
omitted,92,fixed,general,-33.36997304118489,33.36997304118489,-93.0,0.35,-35.5,-0.2722833912224756,1.5622144546296104,0,0,5.954973041184898,3,0
omitted,92,random,general,-33.36997304118489,33.36997304118489,-93.0,0.35,-35.5,-0.2722833912224756,1.5622144546296102,0,0,5.954973041184899,3,0
omitted,92,entropy,general,-33.36997304118489,33.36997304118489,-93.0,0.35,-35.5,-0.27228339122247647,1.5622144546296104,0,0,5.954973041184899,3,0
omitted,92,myopic,general,-32.6743749507006,32.6743749507006,-93.0,0.35,-35.5,3.5381739454773005,1.7200718172503011,1,0,5.259374950700607,2,3
omitted,92,sequential,mechanism_repair,-30.73616899554422,30.73616899554422,-93.0,0.35,-35.5,7.578649081172813,1.6288782784985638,1,0,3.3211689955442227,2,37
omitted,93,stop,mechanism_repair,-27.414999999999996,27.414999999999996,-93.0,0.35,-35.5,5.220269114526631,1.3595958905318102,1,0,0.0,0,0
omitted,93,fixed,mechanism_repair,-32.70425491099831,32.70425491099831,-93.0,0.35,-35.5,0.3927035643738339,1.3606891858337842,1,0,5.289254910998314,3,0
omitted,93,random,mechanism_repair,-32.70425491099831,32.70425491099831,-93.0,0.35,-35.5,0.3927035643738339,1.360689185833784,1,0,5.289254910998314,3,0
omitted,93,entropy,mechanism_repair,-32.70425491099831,32.70425491099831,-93.0,0.35,-35.5,0.3927035643738339,1.360689185833784,1,0,5.289254910998314,3,0
omitted,93,myopic,mechanism_repair,-29.313242306159868,29.313242306159868,-93.0,0.35,-35.5,8.726854164432336,1.5840089811011286,1,0,1.8982423061598728,1,2
omitted,93,sequential,mechanism_repair,-29.313242306159868,29.313242306159868,-93.0,0.35,-35.5,8.726854164432336,1.5840089811011286,1,0,1.8982423061598728,1,36
omitted,94,stop,mechanism_repair,-27.414999999999996,27.414999999999996,-93.0,0.35,-35.5,5.222097233665601,1.3849426817865116,1,0,0.0,0,0
omitted,94,fixed,source_repair,-31.3021921339468,31.3021921339468,-93.0,0.35,-35.5,5.080063417693225,1.7162749814979654,1,0,3.887192133946804,3,0
omitted,94,random,source_repair,-31.3021921339468,31.3021921339468,-93.0,0.35,-35.5,5.080063417693223,1.716274981497965,1,0,3.887192133946804,3,0
omitted,94,entropy,source_repair,-31.3021921339468,31.3021921339468,-93.0,0.35,-35.5,5.080063417693225,1.7162749814979654,1,0,3.887192133946804,3,0
omitted,94,myopic,source_repair,-28.062883258835594,28.062883258835594,-93.0,0.35,-35.5,3.790764424874456,1.400457543255238,1,0,0.6478832588355986,1,2
omitted,94,sequential,source_repair,-28.062883258835594,28.062883258835594,-93.0,0.35,-35.5,3.790764424874456,1.400457543255238,1,0,0.6478832588355986,1,36
omitted,95,stop,mechanism_repair,-27.414999999999996,27.414999999999996,-93.0,0.35,-35.5,5.686953262891656,1.3812425235722348,1,0,0.0,0,0
omitted,95,fixed,mechanism_repair,-34.55407744994287,34.55407744994287,-93.0,0.35,-35.5,6.511401130565034,1.7156622240977104,1,0,7.139077449942867,3,0
omitted,95,random,mechanism_repair,-34.55407744994287,34.55407744994287,-93.0,0.35,-35.5,6.511401130565032,1.7156622240977102,1,0,7.139077449942867,3,0
omitted,95,entropy,mechanism_repair,-34.55407744994287,34.55407744994287,-93.0,0.35,-35.5,6.511401130565034,1.7156622240977104,1,0,7.139077449942867,3,0
omitted,95,myopic,mechanism_repair,-27.414999999999996,27.414999999999996,-93.0,0.35,-35.5,5.686953262891656,1.3812425235722348,1,0,0.0,0,1
omitted,95,sequential,mechanism_repair,-27.414999999999996,27.414999999999996,-93.0,0.35,-35.5,5.686953262891656,1.3812425235722348,1,0,0.0,0,31
omitted,96,stop,source_repair,-27.414999999999996,27.414999999999996,-93.0,0.35,-35.5,5.392957855997882,1.3955065196901448,1,0,0.0,0,0
omitted,96,fixed,mechanism_repair,-32.711169318547604,32.711169318547604,-93.0,0.35,-35.5,-0.8867294975376501,1.3552400911802547,1,0,5.296169318547609,3,0
omitted,96,random,mechanism_repair,-32.711169318547604,32.711169318547604,-93.0,0.35,-35.5,-0.886729497537651,1.3552400911802547,1,0,5.296169318547609,3,0
omitted,96,entropy,mechanism_repair,-32.711169318547604,32.711169318547604,-93.0,0.35,-35.5,-0.886729497537651,1.3552400911802547,1,0,5.296169318547609,3,0
omitted,96,myopic,source_repair,-27.414999999999996,27.414999999999996,-93.0,0.35,-35.5,5.392957855997882,1.3955065196901448,1,0,0.0,0,1
omitted,96,sequential,source_repair,-29.976659104451226,29.976659104451226,-93.0,0.35,-35.5,3.3370311513824604,1.4518702600956033,1,0,2.561659104451231,2,37
omitted,97,stop,mechanism_repair,-27.414999999999996,27.414999999999996,-93.0,0.35,-35.5,4.497673958408811,1.4075673112452283,1,0,0.0,0,0
omitted,97,fixed,general,-32.545507566815175,32.545507566815175,-93.0,0.35,-35.5,5.564677312602141,1.6795640199319144,0,0,5.130507566815181,3,0
omitted,97,random,general,-32.545507566815175,32.545507566815175,-93.0,0.35,-35.5,5.56467731260214,1.6795640199319144,0,0,5.130507566815182,3,0
omitted,97,entropy,general,-32.545507566815175,32.545507566815175,-93.0,0.35,-35.5,5.56467731260214,1.6795640199319144,0,0,5.130507566815182,3,0
omitted,97,myopic,general,-31.31034224445803,31.31034224445803,-93.0,0.35,-35.5,10.719656654883199,1.8796736092113746,1,0,3.895342244458037,2,3
omitted,97,sequential,general,-31.31034224445803,31.31034224445803,-93.0,0.35,-35.5,10.719656654883199,1.8796736092113746,1,0,3.895342244458037,2,37
omitted,98,stop,mechanism_repair,-27.414999999999996,27.414999999999996,-93.0,0.35,-35.5,7.749327186938346,1.400366225827817,1,0,0.0,0,0
omitted,98,fixed,general,-34.27780352151923,34.27780352151923,-93.0,0.35,-35.5,2.6453303419629766,1.6204498605596924,0,0,6.862803521519236,3,0
omitted,98,random,general,-34.27780352151923,34.27780352151923,-93.0,0.35,-35.5,2.6453303419629766,1.6204498605596924,0,0,6.862803521519236,3,0
omitted,98,entropy,general,-34.27780352151923,34.27780352151923,-93.0,0.35,-35.5,2.6453303419629757,1.6204498605596924,0,0,6.862803521519237,3,0
omitted,98,myopic,general,-29.51820564212278,29.51820564212278,-93.0,0.35,-35.5,9.719930784132073,1.7223290582779422,1,0,2.103205642122784,1,2
omitted,98,sequential,general,-29.51820564212278,29.51820564212278,-93.0,0.35,-35.5,9.719930784132073,1.7223290582779422,1,0,2.103205642122784,1,36
omitted,99,stop,mechanism_repair,-27.414999999999996,27.414999999999996,-93.0,0.35,-35.5,6.7971460377730235,1.3595275929658976,1,0,0.0,0,0
omitted,99,fixed,general,-33.062673871016834,33.062673871016834,-93.0,0.35,-35.5,8.770025756949412,1.8993727542525385,1,0,5.647673871016837,3,0
omitted,99,random,general,-33.062673871016834,33.062673871016834,-93.0,0.35,-35.5,8.770025756949412,1.8993727542525385,1,0,5.647673871016837,3,0
omitted,99,entropy,general,-33.062673871016834,33.062673871016834,-93.0,0.35,-35.5,8.770025756949416,1.8993727542525387,1,0,5.647673871016837,3,0
omitted,99,myopic,general,-30.362443838681944,30.362443838681944,-93.0,0.35,-35.5,10.355343997974234,1.8417482183805323,1,0,2.94744383868195,2,3
omitted,99,sequential,general,-30.362443838681944,30.362443838681944,-93.0,0.35,-35.5,10.355343997974234,1.8417482183805323,1,0,2.94744383868195,2,37
omitted,100,stop,source_repair,-27.414999999999996,27.414999999999996,-93.0,0.35,-35.5,5.2069360023907,1.3615293182146386,1,0,0.0,0,0
omitted,100,fixed,mechanism_repair,-34.4452515317781,34.4452515317781,-93.0,0.35,-35.5,-0.6565437358563244,1.5048521787394655,1,0,7.030251531778099,3,0
omitted,100,random,mechanism_repair,-34.4452515317781,34.4452515317781,-93.0,0.35,-35.5,-0.6565437358563226,1.5048521787394655,1,0,7.030251531778099,3,0
omitted,100,entropy,mechanism_repair,-34.4452515317781,34.4452515317781,-93.0,0.35,-35.5,-0.6565437358563244,1.5048521787394655,1,0,7.030251531778099,3,0
omitted,100,myopic,mechanism_repair,-30.02954030999711,30.02954030999711,-93.0,0.35,-35.5,8.362238193347894,1.6319173443089707,1,0,2.614540309997116,1,2
omitted,100,sequential,source_repair,-28.945366187820902,28.945366187820902,-93.0,0.35,-35.5,8.945592411980126,1.6313314261470588,1,0,1.5303661878209063,1,36
omitted,101,stop,source_repair,-27.414999999999996,27.414999999999996,-93.0,0.35,-35.5,4.948449231092938,1.3601948957489898,1,0,0.0,0,0
omitted,101,fixed,mechanism_repair,-32.01203024603575,32.01203024603575,-93.0,0.35,-35.5,9.697653958806603,1.8339382127970407,1,0,4.597030246035757,3,0
omitted,101,random,mechanism_repair,-32.01203024603575,32.01203024603575,-93.0,0.35,-35.5,9.697653958806606,1.8339382127970412,1,0,4.597030246035757,3,0
omitted,101,entropy,mechanism_repair,-32.01203024603575,32.01203024603575,-93.0,0.35,-35.5,9.697653958806606,1.8339382127970412,1,0,4.597030246035757,3,0
omitted,101,myopic,mechanism_repair,-30.852153787194034,30.852153787194034,-93.0,0.35,-35.5,9.451964037707434,1.717061855543095,1,0,3.4371537871940374,2,3
omitted,101,sequential,mechanism_repair,-30.852153787194034,30.852153787194034,-93.0,0.35,-35.5,9.451964037707434,1.717061855543095,1,0,3.4371537871940374,2,37
omitted,102,stop,source_repair,-27.414999999999996,27.414999999999996,-93.0,0.35,-35.5,5.668842823124643,1.3820253219068799,1,0,0.0,0,0
omitted,102,fixed,source_repair,-31.74060247568259,31.74060247568259,-93.0,0.35,-35.5,2.643163556676802,1.382921865188038,1,0,4.325602475682593,3,0
omitted,102,random,source_repair,-31.74060247568259,31.74060247568259,-93.0,0.35,-35.5,2.6431635566768,1.3829218651880377,1,0,4.325602475682593,3,0
omitted,102,entropy,source_repair,-31.740602475682586,31.740602475682586,-93.0,0.35,-35.5,2.643163556676802,1.3829218651880377,1,0,4.325602475682592,3,0
omitted,102,myopic,source_repair,-28.718462393525712,28.718462393525712,-93.0,0.35,-35.5,9.375914781199135,1.4640075570301825,1,0,1.3034623935257168,1,2
omitted,102,sequential,source_repair,-28.718462393525712,28.718462393525712,-93.0,0.35,-35.5,9.375914781199135,1.4640075570301825,1,0,1.3034623935257168,1,36
omitted,103,stop,mechanism_repair,-27.414999999999996,27.414999999999996,-93.0,0.35,-35.5,3.612720051513044,1.386852616701264,1,0,0.0,0,0
omitted,103,fixed,mechanism_repair,-30.29689276830793,30.29689276830793,-93.0,0.35,-35.5,3.5358848978525153,1.4686877365847109,1,0,2.881892768307936,3,0
omitted,103,random,mechanism_repair,-30.29689276830793,30.29689276830793,-93.0,0.35,-35.5,3.5358848978525153,1.468687736584711,1,0,2.881892768307936,3,0
omitted,103,entropy,mechanism_repair,-30.29689276830793,30.29689276830793,-93.0,0.35,-35.5,3.5358848978525153,1.468687736584711,1,0,2.881892768307936,3,0
omitted,103,myopic,mechanism_repair,-28.981096694841913,28.981096694841913,-93.0,0.35,-35.5,7.705697013682205,1.6800103440611727,1,0,1.5660966948419184,1,2
omitted,103,sequential,mechanism_repair,-28.981096694841913,28.981096694841913,-93.0,0.35,-35.5,7.705697013682205,1.6800103440611727,1,0,1.5660966948419184,1,36
omitted,104,stop,source_repair,-27.414999999999996,27.414999999999996,-93.0,0.35,-35.5,6.329289974045962,1.39841244597481,1,0,0.0,0,0
omitted,104,fixed,mechanism_repair,-33.16923895704154,33.16923895704154,-93.0,0.35,-35.5,11.183546513100957,1.8730342764107042,1,0,5.754238957041548,3,0
omitted,104,random,mechanism_repair,-33.16923895704154,33.16923895704154,-93.0,0.35,-35.5,11.183546513100957,1.8730342764107042,1,0,5.754238957041548,3,0
omitted,104,entropy,mechanism_repair,-33.16923895704154,33.16923895704154,-93.0,0.35,-35.5,11.183546513100957,1.8730342764107046,1,0,5.754238957041547,3,0
omitted,104,myopic,mechanism_repair,-29.760773559150685,29.760773559150685,-93.0,0.35,-35.5,13.080987877800684,1.7855662572176265,1,0,2.3457735591506905,1,2
omitted,104,sequential,mechanism_repair,-29.760773559150685,29.760773559150685,-93.0,0.35,-35.5,13.080987877800684,1.7855662572176265,1,0,2.3457735591506905,1,36
omitted,105,stop,mechanism_repair,-27.414999999999996,27.414999999999996,-93.0,0.35,-35.5,4.7105787703111375,1.3400619769544155,1,0,0.0,0,0
omitted,105,fixed,general,-33.240362827091126,33.240362827091126,-93.0,0.35,-35.5,7.9029985668564,1.9558212839737048,1,0,5.825362827091128,3,0
omitted,105,random,general,-33.240362827091126,33.240362827091126,-93.0,0.35,-35.5,7.9029985668564,1.9558212839737048,1,0,5.825362827091128,3,0
omitted,105,entropy,general,-33.240362827091126,33.240362827091126,-93.0,0.35,-35.5,7.9029985668564,1.9558212839737048,1,0,5.825362827091128,3,0
omitted,105,myopic,general,-30.78665579767832,30.78665579767832,-93.0,0.35,-35.5,8.170945419008987,1.826038313404316,1,0,3.371655797678324,2,3
omitted,105,sequential,general,-33.240362827091126,33.240362827091126,-93.0,0.35,-35.5,7.9029985668564,1.9558212839737048,1,0,5.825362827091128,3,37
omitted,106,stop,source_repair,-27.414999999999996,27.414999999999996,-93.0,0.35,-35.5,3.2218629138244457,1.3361345558884403,1,0,0.0,0,0
omitted,106,fixed,source_repair,-30.222343145010896,30.222343145010896,-93.0,0.35,-35.5,3.6105987913122792,1.4241548808840832,1,0,2.8073431450108988,3,0
omitted,106,random,source_repair,-30.222343145010896,30.222343145010896,-93.0,0.35,-35.5,3.6105987913122792,1.4241548808840832,1,0,2.8073431450108988,3,0
omitted,106,entropy,source_repair,-30.222343145010896,30.222343145010896,-93.0,0.35,-35.5,3.6105987913122792,1.4241548808840832,1,0,2.8073431450108988,3,0
omitted,106,myopic,source_repair,-28.448436506613167,28.448436506613167,-93.0,0.35,-35.5,5.560344396457928,1.428710689272955,1,0,1.0334365066131723,1,2
omitted,106,sequential,source_repair,-28.448436506613167,28.448436506613167,-93.0,0.35,-35.5,5.560344396457928,1.428710689272955,1,0,1.0334365066131723,1,36
omitted,107,stop,source_repair,-27.414999999999996,27.414999999999996,-93.0,0.35,-35.5,5.903387925644523,1.3613508872407543,1,0,0.0,0,0
omitted,107,fixed,mechanism_repair,-30.956231229852342,30.956231229852342,-93.0,0.35,-35.5,2.4507858302313648,1.4656352860680086,1,0,3.541231229852347,3,0
omitted,107,random,mechanism_repair,-30.956231229852342,30.956231229852342,-93.0,0.35,-35.5,2.4507858302313625,1.465635286068009,1,0,3.5412312298523476,3,0
omitted,107,entropy,mechanism_repair,-30.956231229852342,30.956231229852342,-93.0,0.35,-35.5,2.4507858302313643,1.465635286068009,1,0,3.5412312298523476,3,0
omitted,107,myopic,mechanism_repair,-28.13527815581198,28.13527815581198,-93.0,0.35,-35.5,8.662051001789138,1.431346326548349,1,0,0.7202781558119844,2,3
omitted,107,sequential,mechanism_repair,-28.13527815581198,28.13527815581198,-93.0,0.35,-35.5,8.662051001789138,1.431346326548349,1,0,0.7202781558119844,2,37
omitted,108,stop,mechanism_repair,-27.414999999999996,27.414999999999996,-93.0,0.35,-35.5,4.6558723739239545,1.3431880310010134,1,0,0.0,0,0
omitted,108,fixed,mechanism_repair,-35.152468391298,35.152468391298,-93.0,0.35,-35.5,7.527287053145786,1.883126366279976,1,0,7.737468391298009,3,0
omitted,108,random,mechanism_repair,-35.152468391298,35.152468391298,-93.0,0.35,-35.5,7.527287053145784,1.883126366279976,1,0,7.737468391298009,3,0
omitted,108,entropy,mechanism_repair,-35.152468391298,35.152468391298,-93.0,0.35,-35.5,7.527287053145786,1.883126366279976,1,0,7.737468391298009,3,0
omitted,108,myopic,mechanism_repair,-32.64896552855831,32.64896552855831,-93.0,0.35,-35.5,8.65639747514257,1.7567144487239017,1,0,5.233965528558313,2,3
omitted,108,sequential,mechanism_repair,-32.64896552855831,32.64896552855831,-93.0,0.35,-35.5,8.65639747514257,1.7567144487239017,1,0,5.233965528558313,2,37
omitted,109,stop,source_repair,-27.414999999999996,27.414999999999996,-93.0,0.35,-35.5,3.262009972750623,1.3439493476235476,1,0,0.0,0,0
omitted,109,fixed,source_repair,-30.93531293755159,30.93531293755159,-93.0,0.35,-35.5,6.04116742899729,1.660249098593766,1,0,3.520312937551595,3,0
omitted,109,random,source_repair,-30.93531293755159,30.93531293755159,-93.0,0.35,-35.5,6.04116742899729,1.660249098593766,1,0,3.520312937551595,3,0
omitted,109,entropy,source_repair,-30.93531293755159,30.93531293755159,-93.0,0.35,-35.5,6.041167428997291,1.6602490985937657,1,0,3.5203129375515947,3,0
omitted,109,myopic,source_repair,-28.80682451366178,28.80682451366178,-93.0,0.35,-35.5,4.930875664148309,1.4276807515650662,1,0,1.3918245136617842,1,2
omitted,109,sequential,source_repair,-28.80682451366178,28.80682451366178,-93.0,0.35,-35.5,4.930875664148309,1.4276807515650662,1,0,1.3918245136617842,1,36
omitted,110,stop,source_repair,-27.414999999999996,27.414999999999996,-93.0,0.35,-35.5,5.197310549302917,1.344049943023456,1,0,0.0,0,0
omitted,110,fixed,source_repair,-33.635404961313235,33.635404961313235,-93.0,0.35,-35.5,10.276534147705084,1.8827667936742056,1,0,6.220404961313241,3,0
omitted,110,random,source_repair,-33.635404961313235,33.635404961313235,-93.0,0.35,-35.5,10.276534147705085,1.8827667936742056,1,0,6.22040496131324,3,0
omitted,110,entropy,source_repair,-33.635404961313235,33.635404961313235,-93.0,0.35,-35.5,10.276534147705084,1.8827667936742056,1,0,6.220404961313241,3,0
omitted,110,myopic,source_repair,-29.754661262110474,29.754661262110474,-93.0,0.35,-35.5,11.48177753636575,1.6806983467825423,1,0,2.339661262110479,1,2
omitted,110,sequential,source_repair,-29.754661262110474,29.754661262110474,-93.0,0.35,-35.5,11.48177753636575,1.6806983467825423,1,0,2.339661262110479,1,36
omitted,111,stop,mechanism_repair,-27.414999999999996,27.414999999999996,-93.0,0.35,-35.5,4.542919086112685,1.3725611465547471,1,0,0.0,0,0
omitted,111,fixed,source_repair,-32.667955303306094,32.667955303306094,-93.0,0.35,-35.5,0.6013982115863552,1.5020901423539788,1,0,5.2529553033060985,3,0
omitted,111,random,source_repair,-32.667955303306094,32.667955303306094,-93.0,0.35,-35.5,0.601398211586357,1.5020901423539788,1,0,5.2529553033060985,3,0
omitted,111,entropy,source_repair,-32.667955303306094,32.667955303306094,-93.0,0.35,-35.5,0.6013982115863552,1.5020901423539788,1,0,5.2529553033060985,3,0
omitted,111,myopic,mechanism_repair,-27.414999999999996,27.414999999999996,-93.0,0.35,-35.5,4.542919086112685,1.3725611465547471,1,0,0.0,0,1
omitted,111,sequential,mechanism_repair,-27.414999999999996,27.414999999999996,-93.0,0.35,-35.5,4.542919086112685,1.3725611465547471,1,0,0.0,0,31
omitted,112,stop,mechanism_repair,-27.414999999999996,27.414999999999996,-93.0,0.35,-35.5,4.082355122495953,1.337577231853858,1,0,0.0,0,0
omitted,112,fixed,mechanism_repair,-30.199405529776392,30.199405529776392,-93.0,0.35,-35.5,15.139787230754775,1.865279677003453,1,0,2.7844055297763948,3,0
omitted,112,random,mechanism_repair,-30.19940552977639,30.19940552977639,-93.0,0.35,-35.5,15.139787230754775,1.8652796770034525,1,0,2.7844055297763943,3,0
omitted,112,entropy,mechanism_repair,-30.19940552977639,30.19940552977639,-93.0,0.35,-35.5,15.139787230754779,1.865279677003453,1,0,2.7844055297763943,3,0
omitted,112,myopic,mechanism_repair,-28.538881630558368,28.538881630558368,-93.0,0.35,-35.5,13.558357715262153,1.6439974110533624,1,0,1.123881630558373,1,2
omitted,112,sequential,mechanism_repair,-28.538881630558368,28.538881630558368,-93.0,0.35,-35.5,13.558357715262153,1.6439974110533624,1,0,1.123881630558373,1,36
omitted,113,stop,mechanism_repair,-27.414999999999996,27.414999999999996,-93.0,0.35,-35.5,6.027013366818144,1.3500235438721284,1,0,0.0,0,0
omitted,113,fixed,source_repair,-32.273407583567355,32.273407583567355,-93.0,0.35,-35.5,1.1793972728093847,1.4239064021218293,1,0,4.858407583567362,3,0
omitted,113,random,source_repair,-32.273407583567355,32.273407583567355,-93.0,0.35,-35.5,1.1793972728093847,1.4239064021218293,1,0,4.858407583567362,3,0
omitted,113,entropy,source_repair,-32.273407583567355,32.273407583567355,-93.0,0.35,-35.5,1.1793972728093847,1.4239064021218293,1,0,4.858407583567362,3,0
omitted,113,myopic,source_repair,-28.475211795839606,28.475211795839606,-93.0,0.35,-35.5,7.825654246418503,1.4141646430748813,1,0,1.0602117958396093,1,2
omitted,113,sequential,source_repair,-28.475211795839606,28.475211795839606,-93.0,0.35,-35.5,7.825654246418503,1.4141646430748813,1,0,1.0602117958396093,1,36
omitted,114,stop,source_repair,-27.414999999999996,27.414999999999996,-93.0,0.35,-35.5,3.21636865057985,1.3340234047693726,1,0,0.0,0,0
omitted,114,fixed,mechanism_repair,-33.8812613634279,33.8812613634279,-93.0,0.35,-35.5,-0.7093738151696494,1.3831424861338912,1,0,6.4662613634279085,3,0
omitted,114,random,mechanism_repair,-33.8812613634279,33.8812613634279,-93.0,0.35,-35.5,-0.7093738151696503,1.3831424861338912,1,0,6.466261363427908,3,0
omitted,114,entropy,mechanism_repair,-33.8812613634279,33.8812613634279,-93.0,0.35,-35.5,-0.7093738151696494,1.3831424861338912,1,0,6.4662613634279085,3,0
omitted,114,myopic,mechanism_repair,-28.086937358311186,28.086937358311186,-93.0,0.35,-35.5,5.851940633029647,1.431729542877763,1,0,0.6719373583111914,1,2
omitted,114,sequential,mechanism_repair,-28.086937358311186,28.086937358311186,-93.0,0.35,-35.5,5.851940633029647,1.431729542877763,1,0,0.6719373583111914,1,36
omitted,115,stop,mechanism_repair,-27.414999999999996,27.414999999999996,-93.0,0.35,-35.5,4.0795023794576135,1.3651355006501613,1,0,0.0,0,0
omitted,115,fixed,mechanism_repair,-31.9961315207891,31.9961315207891,-93.0,0.35,-35.5,6.791506246053984,1.8824530163688125,1,0,4.581131520789102,3,0
omitted,115,random,mechanism_repair,-31.9961315207891,31.9961315207891,-93.0,0.35,-35.5,6.791506246053983,1.8824530163688125,1,0,4.581131520789102,3,0
omitted,115,entropy,mechanism_repair,-31.9961315207891,31.9961315207891,-93.0,0.35,-35.5,6.791506246053984,1.8824530163688125,1,0,4.581131520789102,3,0
omitted,115,myopic,mechanism_repair,-28.827951097121915,28.827951097121915,-93.0,0.35,-35.5,9.012780249255488,1.7674780212943706,1,0,1.41295109712192,1,2
omitted,115,sequential,mechanism_repair,-28.827951097121915,28.827951097121915,-93.0,0.35,-35.5,9.012780249255488,1.7674780212943706,1,0,1.41295109712192,1,36
omitted,116,stop,source_repair,-27.414999999999996,27.414999999999996,-93.0,0.35,-35.5,4.369245785891845,1.3658095084546857,1,0,0.0,0,0
omitted,116,fixed,source_repair,-32.532302578439065,32.532302578439065,-93.0,0.35,-35.5,8.800731219886222,1.9731077624388047,1,0,5.117302578439068,3,0
omitted,116,random,source_repair,-32.532302578439065,32.532302578439065,-93.0,0.35,-35.5,8.800731219886222,1.9731077624388047,1,0,5.117302578439068,3,0
omitted,116,entropy,source_repair,-32.532302578439065,32.532302578439065,-93.0,0.35,-35.5,8.800731219886222,1.9731077624388047,1,0,5.117302578439068,3,0
omitted,116,myopic,source_repair,-28.1305208769819,28.1305208769819,-93.0,0.35,-35.5,11.29924519819097,1.7577350699924288,1,0,0.715520876981905,1,2
omitted,116,sequential,source_repair,-28.1305208769819,28.1305208769819,-93.0,0.35,-35.5,11.29924519819097,1.7577350699924288,1,0,0.715520876981905,1,36
omitted,117,stop,mechanism_repair,-27.414999999999996,27.414999999999996,-93.0,0.35,-35.5,4.598044741267516,1.3925179194410535,1,0,0.0,0,0
omitted,117,fixed,mechanism_repair,-31.737828466002945,31.737828466002945,-93.0,0.35,-35.5,12.311993250448943,1.9162013330444336,1,0,4.322828466002949,3,0
omitted,117,random,mechanism_repair,-31.737828466002945,31.737828466002945,-93.0,0.35,-35.5,12.311993250448943,1.9162013330444336,1,0,4.322828466002949,3,0
omitted,117,entropy,mechanism_repair,-31.737828466002945,31.737828466002945,-93.0,0.35,-35.5,12.311993250448939,1.9162013330444334,1,0,4.322828466002949,3,0
omitted,117,myopic,mechanism_repair,-27.988148813745035,27.988148813745035,-93.0,0.35,-35.5,12.755205769780405,1.6425039277798994,1,0,0.5731488137450373,1,2
omitted,117,sequential,mechanism_repair,-27.988148813745035,27.988148813745035,-93.0,0.35,-35.5,12.755205769780405,1.6425039277798994,1,0,0.5731488137450373,1,36
omitted,118,stop,source_repair,-27.414999999999996,27.414999999999996,-93.0,0.35,-35.5,4.1591263390760345,1.3472744158163499,1,0,0.0,0,0
omitted,118,fixed,source_repair,-31.13574287777664,31.13574287777664,-93.0,0.35,-35.5,13.19553464231807,1.9339551873146075,1,0,3.720742877776643,3,0
omitted,118,random,source_repair,-31.13574287777664,31.13574287777664,-93.0,0.35,-35.5,13.19553464231807,1.9339551873146075,1,0,3.720742877776643,3,0
omitted,118,entropy,source_repair,-31.13574287777664,31.13574287777664,-93.0,0.35,-35.5,13.19553464231807,1.9339551873146075,1,0,3.720742877776643,3,0
omitted,118,myopic,source_repair,-30.553244089962153,30.553244089962153,-93.0,0.35,-35.5,13.205927624201808,1.8715093832165706,1,0,3.1382440899621558,2,3
omitted,118,sequential,source_repair,-29.14171850419258,29.14171850419258,-93.0,0.35,-35.5,11.358345669813072,1.6157033632714013,1,0,1.726718504192584,2,37
omitted,119,stop,mechanism_repair,-27.414999999999996,27.414999999999996,-93.0,0.35,-35.5,5.050159917439386,1.3896861253488324,1,0,0.0,0,0
omitted,119,fixed,mechanism_repair,-31.842320893838163,31.842320893838163,-93.0,0.35,-35.5,6.511463336719189,1.7899483656182742,1,0,4.427320893838167,3,0
omitted,119,random,mechanism_repair,-31.842320893838163,31.842320893838163,-93.0,0.35,-35.5,6.511463336719189,1.7899483656182742,1,0,4.427320893838167,3,0
omitted,119,entropy,mechanism_repair,-31.842320893838163,31.842320893838163,-93.0,0.35,-35.5,6.511463336719189,1.7899483656182742,1,0,4.427320893838167,3,0
omitted,119,myopic,mechanism_repair,-27.414999999999996,27.414999999999996,-93.0,0.35,-35.5,5.050159917439386,1.3896861253488324,1,0,0.0,0,1
omitted,119,sequential,mechanism_repair,-27.414999999999996,27.414999999999996,-93.0,0.35,-35.5,5.050159917439386,1.3896861253488324,1,0,0.0,0,31
