regime,case,method,action,net_utility,regret,outcome_lower_tail_mean,severe_loss_probability,worst_group_expected_score,predicted_net_utility,latent_brier,false_low_risk,baseline,cost,steps,planner_nodes
matched,0,stop,mechanism_repair,-0.1884601903550822,16.409660189110568,-16.71165061461931,0.01,-5.846807110413686,4.74689363109968,1.1347921649891242,0,0,0.0,0,0
matched,0,fixed,mechanism_repair,-5.547958329010752,21.769158327766235,-16.71165061461931,0.01,-5.846807110413686,4.529893462687387,0.7186023937529435,0,0,5.35949813865567,2,0
matched,0,random,source_repair,-2.4242199746219755,18.64541997337746,-15.80340873339,0.01,-4.722857782392414,7.20369505144566,0.7436715568951592,0,0,3.359709112288165,2,0
matched,0,entropy,source_repair,-2.232889726059272,18.454089724814757,-15.80340873339,0.01,-4.722857782392414,1.373588357529889,0.2739632640633163,0,0,3.1683788637254615,2,0
matched,0,myopic,source_repair,0.35119421898721137,15.870005779768272,-15.80340873339,0.01,-4.722857782392414,12.364852338436304,1.157889756066533,0,0,0.5842949186789783,1,2
matched,0,sequential,source_repair,0.35119421898721137,15.870005779768272,-15.80340873339,0.01,-4.722857782392414,12.364852338436304,1.157889756066533,0,0,0.5842949186789783,1,8
matched,1,stop,source_repair,18.350316118724976,0.0,-2.1406569237592077,0.01,2.0708528936366233,9.047050237938336,0.39411963104072106,0,0,0.0,0,0
matched,1,fixed,source_repair,13.610296455667172,4.740019663057804,-2.1406569237592077,0.01,2.0708528936366233,9.720558264363671,0.09135411727431232,0,0,4.7400196630578035,2,0
matched,1,random,general,-23.016103352293904,41.36641947101888,-88.41843815527153,0.3,-25.129450844129806,4.864564972978741,1.2669939786816315,0,0,4.55293738487075,2,0
matched,1,entropy,source_repair,13.610296455667172,4.740019663057804,-2.1406569237592077,0.01,2.0708528936366233,9.720558264363667,0.0913541172743124,0,0,4.7400196630578035,2,0
matched,1,myopic,source_repair,15.746125377046244,2.6041907416787318,-2.1406569237592077,0.01,2.0708528936366233,14.596630593483624,0.0060168780756675614,0,0,2.6041907416787313,1,2
matched,1,sequential,source_repair,15.746125377046244,2.6041907416787318,-2.1406569237592077,0.01,2.0708528936366233,14.596630593483624,0.0060168780756675614,0,0,2.6041907416787313,1,8
matched,2,stop,mechanism_repair,21.397461311206825,0.0,-1.2182162767618654,0.01,1.0024904777519508,6.715657034057106,0.5010511701221808,0,0,0.0,0,0
matched,2,fixed,mechanism_repair,18.100976519868954,3.296484791337871,-1.2182162767618654,0.01,1.0024904777519508,13.699697572792289,0.04648294673201017,0,0,3.2964847913378708,2,0
matched,2,random,general,-14.148540628828712,35.54600194003554,-96.44212191031426,0.2,-17.258063920793084,5.58617423235443,1.0111511988853357,0,0,1.7633418150830922,2,0
matched,2,entropy,general,-14.148540628828712,35.54600194003554,-96.44212191031426,0.2,-17.258063920793084,5.586174232354429,1.0111511988853354,0,0,1.7633418150830922,2,0
matched,2,myopic,mechanism_repair,18.100976519868954,3.296484791337871,-1.2182162767618654,0.01,1.0024904777519508,13.699697572792289,0.04648294673201017,0,0,3.2964847913378708,2,2
matched,2,sequential,mechanism_repair,18.100976519868954,3.296484791337871,-1.2182162767618654,0.01,1.0024904777519508,13.699697572792289,0.04648294673201017,0,0,3.2964847913378708,2,8
matched,3,stop,mechanism_repair,18.124995011742335,0.0,-1.0319057769702678,0.01,0.849172462298449,4.37205277862518,0.5533003452073044,0,0,0.0,0,0
matched,3,fixed,mechanism_repair,13.05158317189551,5.073411839846825,-1.0319057769702678,0.01,0.849172462298449,10.2970532950991,0.023070693630121163,0,0,5.073411839846825,2,0
matched,3,random,mechanism_repair,13.31446384677657,4.810531164965765,-1.0319057769702678,0.01,0.849172462298449,1.7337282847155802,0.619078982121468,0,0,4.810531164965765,2,0
matched,3,entropy,mechanism_repair,13.05158317189551,5.073411839846825,-1.0319057769702678,0.01,0.849172462298449,10.2970532950991,0.023070693630121136,0,0,5.073411839846825,2,0
matched,3,myopic,mechanism_repair,15.727587599216122,2.3974074125262135,-1.0319057769702678,0.01,0.849172462298449,9.17155401514398,0.1984065974471296,0,0,2.397407412526214,1,2
matched,3,sequential,mechanism_repair,15.727587599216122,2.3974074125262135,-1.0319057769702678,0.01,0.849172462298449,9.17155401514398,0.1984065974471296,0,0,2.397407412526214,1,8
matched,4,stop,mechanism_repair,-0.1952022675371453,16.99670828302351,-17.30950227799267,0.01,-6.055973962748795,10.392080772767262,0.8433078970882854,0,0,0.0,0,0
matched,4,fixed,mechanism_repair,-3.3839843983751248,20.185490413861487,-17.30950227799267,0.01,-6.055973962748795,14.25434596607089,1.6775427654365467,0,0,3.1887821308379793,2,0
matched,4,random,mechanism_repair,-3.3839843983751248,20.185490413861487,-17.30950227799267,0.01,-6.055973962748795,14.25434596607089,1.6775427654365467,0,0,3.1887821308379793,2,0
matched,4,entropy,mechanism_repair,-1.3644046300364847,18.16591064552285,-17.30950227799267,0.01,-6.055973962748795,6.6754702709206555,0.3928427459075307,0,0,1.1692023624993395,2,0
matched,4,myopic,mechanism_repair,-0.1952022675371453,16.99670828302351,-17.30950227799267,0.01,-6.055973962748795,10.392080772767262,0.8433078970882854,0,0,0.0,0,1
matched,4,sequential,mechanism_repair,-0.6929046695954373,17.494410685081803,-17.30950227799267,0.01,-6.055973962748795,11.946762548492234,0.8614497212002827,0,0,0.497702402058292,1,8
matched,5,stop,mechanism_repair,18.777438985139746,0.0,-1.0690512054165668,0.01,0.8797400544573837,5.675044764603586,0.6491467344045807,0,0,0.0,0,0
matched,5,fixed,mechanism_repair,16.573980463803313,2.203458521336433,-1.0690512054165668,0.01,0.8797400544573837,10.276575146390268,0.17565424520018275,0,0,2.203458521336433,2,0
matched,5,random,mechanism_repair,16.573980463803313,2.203458521336433,-1.0690512054165668,0.01,0.8797400544573837,10.276575146390265,0.17565424520018283,0,0,2.203458521336433,2,0
matched,5,entropy,mechanism_repair,17.240146519130885,1.5372924660088607,-1.0690512054165668,0.01,0.8797400544573837,13.548884172155681,0.06990713876439603,0,0,1.5372924660088598,2,0
matched,5,myopic,mechanism_repair,18.245223826038114,0.5322151591016322,-1.0690512054165668,0.01,0.8797400544573837,13.467799804877853,0.08630364334630694,0,0,0.532215159101631,1,2
matched,5,sequential,mechanism_repair,18.245223826038114,0.5322151591016322,-1.0690512054165668,0.01,0.8797400544573837,13.467799804877853,0.08630364334630694,0,0,0.532215159101631,1,8
matched,6,stop,mechanism_repair,-8.642309928338065,28.91523593959272,-97.6822656980507,0.08,-10.333755476477997,8.649972897799897,0.8183032855809799,0,0,0.0,0,0
matched,6,fixed,source_repair,17.430834930846327,2.842091080408327,-2.3649390642685963,0.01,2.287821486085924,12.304381571108546,0.056897138292650216,0,0,2.842091080408328,2,0
matched,6,random,source_repair,16.035972992466753,4.236953018787901,-2.3649390642685963,0.01,2.287821486085924,8.146863056755205,0.14387293882904645,0,0,4.236953018787902,2,0
matched,6,entropy,source_repair,17.731367408631662,2.5415586026229917,-2.3649390642685963,0.01,2.287821486085924,15.640948047065637,0.014331842680927461,0,0,2.5415586026229935,2,0
matched,6,myopic,source_repair,19.699577679132943,0.5733483321217108,-2.3649390642685963,0.01,2.287821486085924,13.945934914406326,0.07228053518217001,0,0,0.5733483321217097,1,2
matched,6,sequential,source_repair,19.699577679132943,0.5733483321217108,-2.3649390642685963,0.01,2.287821486085924,13.945934914406326,0.07228053518217001,0,0,0.5733483321217097,1,8
matched,7,stop,source_repair,0.7771407314456856,12.698328650709602,-13.128396822480514,0.01,-3.923428935453947,4.050830167326877,0.34818526966293595,0,0,0.0,0,0
matched,7,fixed,mechanism_repair,-3.4483220717945526,16.92379145394984,-13.882902386990889,0.01,-4.857129571535535,-0.09853303946379555,0.45777351042412456,0,0,3.29176216715865,2,0
matched,7,random,general,9.750254141642477,3.72521524051281,-2.867121145139422,0.01,3.54617615319876,3.035892605724436,0.09985499445501435,0,0,3.7252152405128096,2,0
matched,7,entropy,source_repair,-0.7011037701496964,14.176573152304984,-13.128396822480514,0.01,-3.923428935453947,6.132090384737713,0.679041040811019,0,0,1.478244501595382,2,0
matched,7,myopic,source_repair,-0.7011037701496964,14.176573152304984,-13.128396822480514,0.01,-3.923428935453947,6.132090384737713,0.679041040811019,0,0,1.478244501595382,2,2
matched,7,sequential,source_repair,-0.7011037701496964,14.176573152304984,-13.128396822480514,0.01,-3.923428935453947,6.132090384737713,0.679041040811019,0,0,1.478244501595382,2,8
matched,8,stop,source_repair,0.931018640353401,15.21266380305606,-15.727887710824447,0.01,-4.700288281395812,7.0600119154814465,0.7857736135269551,0,0,0.0,0,0
matched,8,fixed,general,12.423285242088822,3.7203972013206386,-3.434826051789248,0.01,4.248337485107752,1.2981734296772363,0.19563728560757546,0,0,3.7203972013206386,2,0
matched,8,random,general,12.423285242088822,3.7203972013206386,-3.434826051789248,0.01,4.248337485107752,1.2981734296772363,0.19563728560757546,0,0,3.7203972013206386,2,0
matched,8,entropy,source_repair,-2.098854009912578,18.24253645332204,-15.727887710824447,0.01,-4.700288281395812,3.731612225915401,0.28193301938625454,0,0,3.029872650265979,2,0
matched,8,myopic,source_repair,0.2361900497213958,15.907492393688065,-15.727887710824447,0.01,-4.700288281395812,9.866842500994823,0.7692204010108206,0,0,0.6948285906320052,1,2
matched,8,sequential,source_repair,0.2361900497213958,15.907492393688065,-15.727887710824447,0.01,-4.700288281395812,9.866842500994823,0.7692204010108206,0,0,0.6948285906320052,1,8
matched,9,stop,source_repair,1.020158335630176,16.669189115199863,-17.23374275724763,0.01,-5.150313927453315,6.519942297768354,0.909337465329647,0,0,0.0,0,0
matched,9,fixed,source_repair,-0.22980884019804626,17.919156291028084,-17.23374275724763,0.01,-5.150313927453315,11.908878947930063,1.2265354107335271,0,0,1.2499671758282223,2,0
matched,9,random,source_repair,-0.22980884019804626,17.919156291028084,-17.23374275724763,0.01,-5.150313927453315,11.908878947930063,1.2265354107335273,0,0,1.2499671758282223,2,0
matched,9,entropy,source_repair,-0.22980884019804626,17.919156291028084,-17.23374275724763,0.01,-5.150313927453315,11.908878947930063,1.2265354107335273,0,0,1.2499671758282223,2,0
matched,9,myopic,source_repair,0.2945505747335677,17.39479687609647,-17.23374275724763,0.01,-5.150313927453315,13.508168512562396,1.4533830771050862,0,0,0.7256077608966083,1,2
matched,9,sequential,source_repair,0.2945505747335677,17.39479687609647,-17.23374275724763,0.01,-5.150313927453315,13.508168512562396,1.4533830771050862,0,0,0.7256077608966083,1,8
matched,10,stop,source_repair,1.0111532190049992,16.52204725811081,-17.08161748610387,0.01,-5.104851202743686,5.689367586682161,0.794894609389513,0,0,0.0,0,0
matched,10,fixed,general,14.474701537256749,3.05849893985906,-3.730468186620386,0.01,4.614000125556793,7.131928523609783,0.10151276198619619,0,0,3.0584989398590605,2,0
matched,10,random,general,15.644334943175988,1.8888655339398213,-3.730468186620386,0.01,4.614000125556793,4.833160121337735,0.16254761243804308,0,0,1.8888655339398206,2,0
matched,10,entropy,general,15.478472407004876,2.054728070110933,-3.730468186620386,0.01,4.614000125556793,7.14474289632538,0.0928020421404256,0,0,2.054728070110934,2,0
matched,10,myopic,general,15.478472407004876,2.054728070110933,-3.730468186620386,0.01,4.614000125556793,7.14474289632538,0.0928020421404256,0,0,2.054728070110934,2,2
matched,10,sequential,general,15.478472407004876,2.054728070110933,-3.730468186620386,0.01,4.614000125556793,7.14474289632538,0.09280204214042559,0,0,2.054728070110934,2,8
matched,11,stop,mechanism_repair,15.702976444810375,0.0,-0.8940136037847202,0.01,0.7356986947811766,5.6276395215942285,0.43990849953326666,0,0,0.0,0,0
matched,11,fixed,general,-11.025069379248745,26.72804582405912,-70.77607696629039,0.2,-12.665192720283546,7.217528505194006,1.3622781198640168,1,0,1.935931074104082,2,0
matched,11,random,mechanism_repair,11.309735111953676,4.393241332856698,-0.8940136037847202,0.01,0.7356986947811766,9.304707157372581,0.026305762671694995,0,0,4.393241332856698,2,0
matched,11,entropy,general,-11.025069379248745,26.72804582405912,-70.77607696629039,0.2,-12.665192720283546,7.217528505194006,1.3622781198640168,1,0,1.935931074104082,2,0
matched,11,myopic,general,-9.426121666910012,25.12909811172039,-70.77607696629039,0.2,-12.665192720283546,7.134647696538764,1.2980154273081985,0,0,0.33698336176535026,1,2
matched,11,sequential,general,-9.426121666910012,25.12909811172039,-70.77607696629039,0.2,-12.665192720283546,7.134647696538764,1.2980154273081985,0,0,0.33698336176535026,1,8
matched,12,stop,source_repair,0.867953973702377,14.18219939554467,-14.66252343924404,0.01,-4.381903556555692,5.191413114254245,0.45263722185527233,0,0,0.0,0,0
matched,12,fixed,general,10.492575406169358,4.557577963077689,-3.202160291329159,0.01,3.960566676117644,9.338211937436228,0.00265053993443074,0,0,4.557577963077688,2,0
matched,12,random,general,9.66550261151302,5.384650757734027,-3.202160291329159,0.01,3.960566676117644,7.803489876434049,0.006684114694757311,0,0,5.384650757734026,2,0
matched,12,entropy,general,10.492575406169358,4.557577963077689,-3.202160291329159,0.01,3.960566676117644,9.338211937436228,0.00265053993443074,0,0,4.557577963077688,2,0
matched,12,myopic,general,12.472932413476537,2.5772209557705104,-3.202160291329159,0.01,3.960566676117644,10.091521126793982,0.010058519706540205,0,0,2.57722095577051,1,2
matched,12,sequential,general,12.472932413476537,2.5772209557705104,-3.202160291329159,0.01,3.960566676117644,10.091521126793982,0.010058519706540205,0,0,2.57722095577051,1,8
matched,13,stop,source_repair,17.67512583896659,0.0,-2.0618925723513937,0.01,1.994656944992109,7.460455706503612,0.48003545895500715,0,0,0.0,0,0
matched,13,fixed,source_repair,13.538445399981367,4.136680438985223,-2.0618925723513937,0.01,1.994656944992109,11.195151574487113,0.015898544180626605,0,0,4.136680438985224,2,0
matched,13,random,source_repair,13.872551711247802,3.8025741277187883,-2.0618925723513937,0.01,1.994656944992109,10.315934430185767,0.08643185749279778,0,0,3.802574127718789,2,0
matched,13,entropy,source_repair,13.47459079944446,4.20053503952213,-2.0618925723513937,0.01,1.994656944992109,11.283929855725399,0.02617565352017349,0,0,4.20053503952213,2,0
matched,13,myopic,source_repair,13.47459079944446,4.20053503952213,-2.0618925723513937,0.01,1.994656944992109,11.283929855725399,0.02617565352017349,0,0,4.20053503952213,2,2
matched,13,sequential,source_repair,13.47459079944446,4.20053503952213,-2.0618925723513937,0.01,1.994656944992109,11.283929855725399,0.02617565352017349,0,0,4.20053503952213,2,8
matched,14,stop,mechanism_repair,20.149036073023264,0.0,-1.1471399970408225,0.01,0.9440006225648429,10.459244659994543,0.25581937291153306,0,0,0.0,0,0
matched,14,fixed,mechanism_repair,17.025508625810797,3.1235274472124672,-1.1471399970408225,0.01,0.9440006225648429,5.006227109484028,0.34759978262457686,0,0,3.1235274472124686,2,0
matched,14,random,source_repair,-11.019798606070221,31.168834679093486,-90.8152497657317,0.08,-10.706639972381003,8.624273174365115,1.2988237591105192,0,0,1.88569637963268,2,0
matched,14,entropy,source_repair,-11.764850312151722,31.913886385174987,-90.8152497657317,0.08,-10.706639972381003,7.009362523871813,1.0429378842229422,0,0,2.630748085714181,2,0
matched,14,myopic,source_repair,-11.764850312151722,31.913886385174987,-90.8152497657317,0.08,-10.706639972381003,7.009362523871813,1.0429378842229422,0,0,2.630748085714181,2,2
matched,14,sequential,source_repair,-11.764850312151722,31.913886385174987,-90.8152497657317,0.08,-10.706639972381003,7.009362523871813,1.0429378842229422,0,0,2.630748085714181,2,8
matched,15,stop,source_repair,-9.086882576363754,29.131756203083484,-90.34577129822675,0.08,-10.65129093200147,5.014280449133911,0.9250171422967627,0,0,0.0,0,0
matched,15,fixed,mechanism_repair,16.467629309947355,3.5772443167723758,-1.1412097427144419,0.01,0.9391205174420939,7.901980420937088,0.27839420301161183,0,0,3.5772443167723758,2,0
matched,15,random,mechanism_repair,17.489493539715422,2.555380087004309,-1.1412097427144419,0.01,0.9391205174420939,8.010460175335872,0.4034747892671574,0,0,2.5553800870043095,2,0
matched,15,entropy,mechanism_repair,16.467629309947355,3.5772443167723758,-1.1412097427144419,0.01,0.9391205174420939,7.901980420937084,0.2783942030116119,0,0,3.5772443167723758,2,0
matched,15,myopic,mechanism_repair,16.467629309947355,3.5772443167723758,-1.1412097427144419,0.01,0.9391205174420939,7.901980420937084,0.2783942030116119,0,0,3.5772443167723758,2,2
matched,15,sequential,mechanism_repair,16.467629309947355,3.5772443167723758,-1.1412097427144419,0.01,0.9391205174420939,7.901980420937084,0.2783942030116119,0,0,3.5772443167723758,2,8
matched,16,stop,mechanism_repair,-0.15641528660910564,13.619437064144655,-13.870078427024307,0.01,-4.852642927933097,6.629145703165365,0.5586294405392391,0,0,0.0,0,0
matched,16,fixed,general,10.031879961310242,3.431141816225308,-2.8644727186245844,0.01,3.5429004677725136,5.0278012610979514,0.0869100687176513,0,0,3.431141816225307,2,0
matched,16,random,general,9.166906859751066,4.296114917784484,-2.8644727186245844,0.01,3.5429004677725136,4.041454082186377,0.06615693940572141,0,0,4.296114917784484,2,0
matched,16,entropy,general,9.181226317415005,4.281795460120545,-2.8644727186245844,0.01,3.5429004677725136,6.826892203464862,0.012342505403148374,0,0,4.281795460120545,2,0
matched,16,myopic,general,9.181226317415005,4.281795460120545,-2.8644727186245844,0.01,3.5429004677725136,6.826892203464862,0.012342505403148374,0,0,4.281795460120545,2,2
matched,16,sequential,general,9.181226317415005,4.281795460120545,-2.8644727186245844,0.01,3.5429004677725136,6.826892203464862,0.012342505403148374,0,0,4.281795460120545,2,8
matched,17,stop,mechanism_repair,-0.1192390037197138,10.382413010630945,-10.573482739483016,0.01,-3.6992823443164085,2.817224974503761,0.5505271119500055,0,0,0.0,0,0
matched,17,fixed,general,7.106504790721031,3.156669216190199,-2.1836540440236663,0.01,2.7008352649766394,2.03581703380231,0.14803766758186207,0,0,3.156669216190199,2,0
matched,17,random,general,8.709717821774273,1.553456185136957,-2.1836540440236663,0.01,2.7008352649766394,2.8573963714314483,0.1716095809649744,0,0,1.5534561851369566,2,0
matched,17,entropy,general,8.709717821774273,1.553456185136957,-2.1836540440236663,0.01,2.7008352649766394,2.8573963714314483,0.17160958096497433,0,0,1.5534561851369566,2,0
matched,17,myopic,mechanism_repair,-0.5688420412057649,10.832016048116994,-10.573482739483016,0.01,-3.6992823443164085,4.557032093326108,0.43628079946714365,0,0,0.4496030374860511,1,2
matched,17,sequential,mechanism_repair,-0.5688420412057649,10.832016048116994,-10.573482739483016,0.01,-3.6992823443164085,4.557032093326108,0.43628079946714365,0,0,0.4496030374860511,1,8
matched,18,stop,mechanism_repair,-7.914846770987465,26.481306931425486,-89.45989806589044,0.08,-9.463915532233674,5.46839968411761,0.7699402807342081,0,0,0.0,0,0
matched,18,fixed,source_repair,16.14628638238484,2.420173778053183,-2.165871216332085,0.01,2.095244981016908,13.220746243273469,0.022177794173196215,0,0,2.4201737780531842,2,0
matched,18,random,source_repair,16.317798852121175,2.248661308316848,-2.165871216332085,0.01,2.095244981016908,8.523845572294768,0.1559654027499211,0,0,2.2486613083168487,2,0
matched,18,entropy,source_repair,16.317798852121175,2.248661308316848,-2.165871216332085,0.01,2.095244981016908,8.523845572294768,0.1559654027499211,0,0,2.2486613083168487,2,0
matched,18,myopic,source_repair,18.31482005459465,0.2516401058433715,-2.165871216332085,0.01,2.095244981016908,14.818171167115533,0.03459092294159686,0,0,0.2516401058433718,1,2
matched,18,sequential,source_repair,18.31482005459465,0.2516401058433715,-2.165871216332085,0.01,2.095244981016908,14.818171167115533,0.03459092294159686,0,0,0.2516401058433718,1,8
matched,19,stop,mechanism_repair,20.760132893456994,0.0,-1.1819314184390195,0.01,0.9726310630904418,3.993077652173243,0.713919557214556,0,0,0.0,0,0
matched,19,fixed,mechanism_repair,16.532027375405416,4.228105518051578,-1.1819314184390195,0.01,0.9726310630904418,10.970364854498014,0.06915244928121417,0,0,4.228105518051578,2,0
matched,19,random,mechanism_repair,16.532027375405416,4.228105518051578,-1.1819314184390195,0.01,0.9726310630904418,10.970364854498014,0.06915244928121417,0,0,4.228105518051578,2,0
matched,19,entropy,source_repair,-11.094664094208884,31.85479698766588,-93.56957062642223,0.08,-11.031359905430833,9.675192882870618,1.0694796835473737,0,0,1.6835351748882035,2,0
matched,19,myopic,source_repair,-11.094664094208884,31.85479698766588,-93.56957062642223,0.08,-11.031359905430833,9.675192882870618,1.0694796835473737,0,0,1.6835351748882035,2,2
matched,19,sequential,source_repair,-11.094664094208884,31.85479698766588,-93.56957062642223,0.08,-11.031359905430833,9.675192882870618,1.0694796835473737,0,0,1.6835351748882035,2,8
matched,20,stop,source_repair,1.0367965371864578,16.94105409791077,-17.514815288392594,0.01,-5.234312614921924,4.35881263107438,0.46402313763076236,0,0,0.0,0,0
matched,20,fixed,general,14.28153842861456,3.6963122064826663,-3.8250746032121774,0.01,4.731013325025586,5.611976436678075,0.10906948927127033,0,0,3.6963122064826663,2,0
matched,20,random,general,13.60205862912511,4.375792005972116,-3.8250746032121774,0.01,4.731013325025586,3.4727467711004483,0.13077889770522055,0,0,4.375792005972117,2,0
matched,20,entropy,general,14.28153842861456,3.6963122064826663,-3.8250746032121774,0.01,4.731013325025586,5.611976436678075,0.10906948927127033,0,0,3.6963122064826663,2,0
matched,20,myopic,general,13.065451726223888,4.912398908873339,-3.8250746032121774,0.01,4.731013325025586,2.678051903491407,0.13433176772692831,0,0,4.912398908873338,2,2
matched,20,sequential,general,14.28153842861456,3.6963122064826663,-3.8250746032121774,0.01,4.731013325025586,5.611976436678077,0.10906948927127028,0,0,3.6963122064826663,2,8
matched,21,stop,source_repair,-6.510019902094135,20.870558309879495,-64.72547260062196,0.08,-7.630792559231221,3.4650508423073996,1.227641947820984,0,0,0.0,0,0
matched,21,fixed,mechanism_repair,10.645836406734446,3.714702001050913,-0.8175849170604899,0.01,0.6728042546643599,0.70328709141923,0.5564027557108078,0,0,3.714702001050914,2,0
matched,21,random,mechanism_repair,10.3053861280884,4.055152279696959,-0.8175849170604899,0.01,0.6728042546643599,0.3870765518167172,0.7968276034755783,0,0,4.055152279696959,2,0
matched,21,entropy,mechanism_repair,10.645836406734446,3.714702001050913,-0.8175849170604899,0.01,0.6728042546643599,0.70328709141923,0.5564027557108078,0,0,3.714702001050914,2,0
matched,21,myopic,source_repair,-8.129190858304415,22.489729266089775,-64.72547260062196,0.08,-7.630792559231221,4.535573545406359,0.9557897392198134,0,0,1.6191709562102803,1,2
matched,21,sequential,source_repair,-8.129190858304415,22.489729266089775,-64.72547260062196,0.08,-7.630792559231221,4.535573545406359,0.9557897392198134,0,0,1.6191709562102803,1,8
matched,22,stop,source_repair,19.144624857638107,0.0,-2.2333170441928663,0.01,2.160491488403971,4.526423271129456,0.625732911728391,0,0,0.0,0,0
matched,22,fixed,source_repair,16.509532036072017,2.63509282156609,-2.2333170441928663,0.01,2.160491488403971,8.918611464794111,0.13968134489111728,0,0,2.63509282156609,2,0
matched,22,random,source_repair,16.509532036072017,2.63509282156609,-2.2333170441928663,0.01,2.160491488403971,8.918611464794111,0.13968134489111728,0,0,2.63509282156609,2,0
matched,22,entropy,source_repair,17.20774114802629,1.9368837096118163,-2.2333170441928663,0.01,2.160491488403971,12.72699708901013,0.08700396588798154,0,0,1.936883709611816,2,0
matched,22,myopic,source_repair,17.20774114802629,1.9368837096118163,-2.2333170441928663,0.01,2.160491488403971,12.726997089010132,0.08700396588798148,0,0,1.936883709611816,2,2
matched,22,sequential,source_repair,17.20774114802629,1.9368837096118163,-2.2333170441928663,0.01,2.160491488403971,12.726997089010132,0.08700396588798148,0,0,1.936883709611816,2,8
matched,23,stop,mechanism_repair,-6.501982683451058,21.754179718857593,-73.49058357261755,0.08,-7.774530156892699,5.232555084635724,0.8954836263197212,0,0,0.0,0,0
matched,23,fixed,mechanism_repair,-10.889218040116903,26.14141507552344,-73.49058357261755,0.08,-7.774530156892699,5.319920798731649,1.1282377331889815,0,0,4.387235356665845,2,0
matched,23,random,source_repair,9.860667031516245,5.39153000389029,-1.779245707547581,0.01,1.7212268257797267,4.2940759445676715,0.18245678740008003,0,0,5.39153000389029,2,0
matched,23,entropy,source_repair,9.860667031516245,5.39153000389029,-1.779245707547581,0.01,1.7212268257797267,4.29407594456767,0.18245678740008014,0,0,5.39153000389029,2,0
matched,23,myopic,source_repair,9.860667031516245,5.39153000389029,-1.779245707547581,0.01,1.7212268257797267,4.29407594456767,0.18245678740008014,0,0,5.39153000389029,2,2
matched,23,sequential,source_repair,9.860667031516245,5.39153000389029,-1.779245707547581,0.01,1.7212268257797267,4.29407594456767,0.18245678740008014,0,0,5.39153000389029,2,8
matched,24,stop,source_repair,0.7172456724617307,11.71965501702032,-12.1165773794506,0.01,-3.62104611339903,4.681294364828526,0.6831965954381032,0,0,0.0,0,0
matched,24,fixed,general,9.58256031625086,2.8543403732311923,-2.646149082868523,0.01,3.272868602495277,3.327576465901313,0.11510125785004889,0,0,2.8543403732311927,2,0
matched,24,random,source_repair,-2.4142768960727885,14.85117758555484,-12.1165773794506,0.01,-3.62104611339903,1.094155610886462,0.2102753594138165,0,0,3.1315225685345194,2,0
matched,24,entropy,general,9.699056065543026,2.7378446239390257,-2.646149082868523,0.01,3.272868602495277,0.5413257317504745,0.21784861401018063,0,0,2.737844623939025,2,0
matched,24,myopic,general,9.58256031625086,2.8543403732311923,-2.646149082868523,0.01,3.272868602495277,3.3275764659013114,0.11510125785004895,0,0,2.8543403732311927,2,2
matched,24,sequential,general,9.58256031625086,2.8543403732311923,-2.646149082868523,0.01,3.272868602495277,3.3275764659013114,0.11510125785004895,0,0,2.8543403732311927,2,8
matched,25,stop,mechanism_repair,17.42787085952335,0.0,-0.9922165831539775,0.01,0.8165115632204627,5.781638910171469,0.4588008735937061,0,0,0.0,0,0
matched,25,fixed,mechanism_repair,13.925225058993423,3.502645800529926,-0.9922165831539775,0.01,0.8165115632204627,7.694042918475972,0.13853410526992424,0,0,3.502645800529926,2,0
matched,25,random,mechanism_repair,15.666323704692449,1.7615471548309003,-0.9922165831539775,0.01,0.8165115632204627,2.554875296607346,0.7618061032396873,0,0,1.7615471548308996,2,0
matched,25,entropy,mechanism_repair,15.666323704692449,1.7615471548309003,-0.9922165831539775,0.01,0.8165115632204627,2.554875296607346,0.7618061032396873,0,0,1.7615471548308996,2,0
matched,25,myopic,mechanism_repair,16.393399282440832,1.0344715770825168,-0.9922165831539775,0.01,0.8165115632204627,7.8791356050889005,0.3212456815594475,0,0,1.034471577082518,1,2
matched,25,sequential,mechanism_repair,15.666323704692449,1.7615471548309003,-0.9922165831539775,0.01,0.8165115632204627,2.554875296607346,0.7618061032396873,0,0,1.7615471548308996,2,8
matched,26,stop,source_repair,16.891784683720722,0.0,-1.9705118758667428,0.01,1.9062560538276097,6.596866734251232,0.4177559987039966,0,0,0.0,0,0
matched,26,fixed,source_repair,15.638580097676096,1.2532045860446264,-1.9705118758667428,0.01,1.9062560538276097,12.452835513414247,0.03176747184261105,0,0,1.253204586044626,2,0
matched,26,random,source_repair,13.725984821682875,3.165799862037847,-1.9705118758667428,0.01,1.9062560538276097,8.665978118911804,0.08968516444749951,0,0,3.165799862037847,2,0
matched,26,entropy,source_repair,15.638580097676096,1.2532045860446264,-1.9705118758667428,0.01,1.9062560538276097,12.452835513414247,0.03176747184261105,0,0,1.253204586044626,2,0
matched,26,myopic,source_repair,16.038821673295462,0.8529630104252597,-1.9705118758667428,0.01,1.9062560538276097,11.493210007678517,0.08144446548126918,0,0,0.8529630104252581,1,2
matched,26,sequential,source_repair,16.038821673295462,0.8529630104252597,-1.9705118758667428,0.01,1.9062560538276097,11.493210007678517,0.08144446548126918,0,0,0.8529630104252581,1,8
matched,27,stop,source_repair,-8.984556842947491,28.80370879032852,-89.32840398534918,0.08,-10.531348680378013,6.2001368515330775,0.9553267983493641,0,0,0.0,0,0
matched,27,fixed,general,-15.11554984644371,34.93470179382474,-89.32840398534918,0.2,-15.985082818430914,10.808352385540358,1.7514559905001341,1,0,3.6439021767462347,2,0
matched,27,random,mechanism_repair,15.1847401716124,4.63441177576863,-1.128358787183359,0.01,0.928545251952972,3.869220815962273,0.4651439432948209,0,0,4.634411775768631,2,0
matched,27,entropy,general,-15.11554984644371,34.93470179382474,-89.32840398534918,0.2,-15.985082818430914,10.808352385540358,1.7514559905001341,1,0,3.6439021767462347,2,0
matched,27,myopic,general,-12.889793906444165,32.7089458538252,-89.32840398534918,0.2,-15.985082818430914,10.521377101030051,1.643570240635,1,0,1.4181462367466904,1,2
matched,27,sequential,general,-12.889793906444165,32.7089458538252,-89.32840398534918,0.2,-15.985082818430914,10.521377101030051,1.643570240635,1,0,1.4181462367466904,1,8
matched,28,stop,mechanism_repair,13.333003254685257,0.0,-0.7590845169314342,0.01,0.6246633003914931,3.3895181349676324,0.6189329701435803,0,0,0.0,0,0
matched,28,fixed,mechanism_repair,10.773518959475728,2.559484295209529,-0.7590845169314342,0.01,0.6246633003914931,5.430776768533052,0.1761297584283752,0,0,2.5594842952095296,2,0
matched,28,random,mechanism_repair,9.638346411360574,3.694656843324683,-0.7590845169314342,0.01,0.6246633003914931,6.347153173382608,0.05853823159499085,0,0,3.6946568433246836,2,0
matched,28,entropy,mechanism_repair,10.773518959475728,2.559484295209529,-0.7590845169314342,0.01,0.6246633003914931,5.430776768533052,0.1761297584283752,0,0,2.5594842952095296,2,0
matched,28,myopic,mechanism_repair,10.773518959475728,2.559484295209529,-0.7590845169314342,0.01,0.6246633003914931,5.430776768533052,0.1761297584283752,0,0,2.5594842952095296,2,2
matched,28,sequential,mechanism_repair,10.773518959475728,2.559484295209529,-0.7590845169314342,0.01,0.6246633003914931,5.430776768533052,0.1761297584283752,0,0,2.5594842952095296,2,8
matched,29,stop,source_repair,0.8015527591117585,13.097216442573686,-13.540794183053011,0.01,-4.046674123671014,7.976706102956101,0.7424455797385932,0,0,0.0,0,0
matched,29,fixed,general,10.772665055499164,3.1261041461862806,-2.9571849365288183,0.01,3.6575708425488016,3.6810975880945502,0.10456974114540513,0,0,3.1261041461862815,2,0
matched,29,random,source_repair,-1.4822800925288417,15.381049294214286,-13.540794183053011,0.01,-4.046674123671014,3.7604239563236304,0.2787635338851757,0,0,2.2838328516406,2,0
matched,29,entropy,source_repair,-0.6866159790985781,14.585385180784023,-13.540794183053011,0.01,-4.046674123671014,4.574737615844594,0.3123097770324378,0,0,1.4881687382103366,2,0
matched,29,myopic,source_repair,0.8015527591117585,13.097216442573686,-13.540794183053011,0.01,-4.046674123671014,7.976706102956101,0.7424455797385932,0,0,0.0,0,1
matched,29,sequential,source_repair,0.47860403727943085,13.420165164406015,-13.540794183053011,0.01,-4.046674123671014,9.080038195830493,0.7503554048579021,0,0,0.32294872183232765,1,8
matched,30,stop,mechanism_repair,17.213098257546505,0.0,-0.9799889886872637,0.01,0.8064492719405608,3.446143026648193,0.7105658188110869,0,0,0.0,0,0
matched,30,fixed,mechanism_repair,14.424184506417767,2.7889137511287387,-0.9799889886872637,0.01,0.8064492719405608,9.524561478609481,0.09433935352467773,0,0,2.788913751128738,2,0
matched,30,random,general,-12.005192246403926,29.21829050395043,-77.5824616044084,0.2,-13.883177339736239,4.798076743558827,1.0815218337781107,0,0,2.041970861416739,2,0
matched,30,entropy,mechanism_repair,14.424184506417767,2.7889137511287387,-0.9799889886872637,0.01,0.8064492719405608,9.524561478609481,0.09433935352467776,0,0,2.788913751128738,2,0
matched,30,myopic,mechanism_repair,14.424184506417767,2.7889137511287387,-0.9799889886872637,0.01,0.8064492719405608,9.524561478609481,0.09433935352467776,0,0,2.788913751128738,2,2
matched,30,sequential,mechanism_repair,14.424184506417767,2.7889137511287387,-0.9799889886872637,0.01,0.8064492719405608,9.524561478609481,0.09433935352467776,0,0,2.788913751128738,2,8
matched,31,stop,mechanism_repair,21.49303651497178,0.0,-1.2236576357711404,0.01,1.0069682627699983,4.120986039030578,0.6945592362524703,0,0,0.0,0,0
matched,31,fixed,mechanism_repair,20.072582121326093,1.420454393645688,-1.2236576357711404,0.01,1.0069682627699983,14.011916534836926,0.0970030316167451,0,0,1.4204543936456862,2,0
matched,31,random,mechanism_repair,20.072582121326093,1.420454393645688,-1.2236576357711404,0.01,1.0069682627699983,14.011916534836926,0.0970030316167451,0,0,1.4204543936456862,2,0
matched,31,entropy,mechanism_repair,20.619060857512906,0.8739756574588746,-1.2236576357711404,0.01,1.0069682627699983,16.73521479941758,0.05545666069575061,0,0,0.8739756574588753,2,0
matched,31,myopic,mechanism_repair,20.619060857512906,0.8739756574588746,-1.2236576357711404,0.01,1.0069682627699983,16.73521479941758,0.05545666069575063,0,0,0.8739756574588753,2,2
matched,31,sequential,mechanism_repair,20.619060857512906,0.8739756574588746,-1.2236576357711404,0.01,1.0069682627699983,16.73521479941758,0.05545666069575063,0,0,0.8739756574588753,2,8
matched,32,stop,source_repair,-7.411317008082105,23.76003854003925,-73.68656365963369,0.08,-8.687258031451552,4.057842678122365,0.659992343897661,0,0,0.0,0,0
matched,32,fixed,mechanism_repair,13.673752134610673,2.674969397346473,-0.9307776462269524,0.01,0.7659524380409293,5.456981839272332,0.25016210726089716,0,0,2.674969397346473,2,0
matched,32,random,mechanism_repair,13.673752134610673,2.674969397346473,-0.9307776462269524,0.01,0.7659524380409293,5.456981839272334,0.25016210726089705,0,0,2.674969397346473,2,0
matched,32,entropy,mechanism_repair,12.820476210598446,3.5282453213586997,-0.9307776462269524,0.01,0.7659524380409293,6.642237357469078,0.14371966170770625,0,0,3.5282453213586993,2,0
matched,32,myopic,mechanism_repair,14.567377586180514,1.7813439457766318,-0.9307776462269524,0.01,0.7659524380409293,7.1512928053419245,0.19976454462514986,0,0,1.7813439457766322,1,2
matched,32,sequential,mechanism_repair,14.567377586180514,1.7813439457766318,-0.9307776462269524,0.01,0.7659524380409293,7.1512928053419245,0.19976454462514986,0,0,1.7813439457766322,1,8
matched,33,stop,mechanism_repair,-7.950741318658319,26.60140205916957,-89.86560681410354,0.08,-9.506835247176216,5.354280859121735,0.5871015297634773,0,0,0.0,0,0
matched,33,fixed,source_repair,16.163183218631424,2.487477521879825,-2.1756936386572456,0.01,2.104747106961899,9.557514199507253,0.11236286694242845,0,0,2.4874775218798257,2,0
matched,33,random,source_repair,17.69213621272381,0.9585245277874392,-2.1756936386572456,0.01,2.104747106961899,9.265680003247997,0.18085625398733582,0,0,0.9585245277874384,2,0
matched,33,entropy,source_repair,17.69213621272381,0.9585245277874392,-2.1756936386572456,0.01,2.104747106961899,9.265680003247997,0.18085625398733582,0,0,0.9585245277874384,2,0
matched,33,myopic,source_repair,17.69213621272381,0.9585245277874392,-2.1756936386572456,0.01,2.104747106961899,9.265680003247997,0.18085625398733585,0,0,0.9585245277874384,2,2
matched,33,sequential,source_repair,17.69213621272381,0.9585245277874392,-2.1756936386572456,0.01,2.104747106961899,9.265680003247997,0.18085625398733585,0,0,0.9585245277874384,2,8
matched,34,stop,source_repair,0.8485367919634347,13.864926416256898,-14.334505029285207,0.01,-4.283875066223166,6.683158611107886,0.83351090202777,0,0,0.0,0,0
matched,34,fixed,mechanism_repair,-5.088903330166192,19.802366538386526,-15.158327157405047,0.01,-5.3033549497714665,6.28431675380242,1.3965532390871216,0,0,4.917960238581326,2,0
matched,34,random,mechanism_repair,-5.088903330166192,19.802366538386526,-15.158327157405047,0.01,-5.3033549497714665,6.28431675380242,1.3965532390871216,0,0,4.917960238581326,2,0
matched,34,entropy,mechanism_repair,-5.088903330166192,19.802366538386526,-15.158327157405047,0.01,-5.3033549497714665,6.2843167538024165,1.3965532390871216,0,0,4.917960238581326,2,0
matched,34,myopic,mechanism_repair,-5.088903330166192,19.802366538386526,-15.158327157405047,0.01,-5.3033549497714665,6.2843167538024165,1.3965532390871216,0,0,4.917960238581326,2,2
matched,34,sequential,mechanism_repair,-5.088903330166192,19.802366538386526,-15.158327157405047,0.01,-5.3033549497714665,6.2843167538024165,1.3965532390871216,0,0,4.917960238581326,2,8
matched,35,stop,source_repair,0.6598772135309348,10.7822655375977,-11.147440306250743,0.01,-3.331418942097923,4.432890652345545,0.7427352816663102,0,0,0.0,0,0
matched,35,fixed,general,9.744164736229006,1.697978014899629,-2.4344984576869453,0.01,3.0110901976654305,4.568943255069008,0.09596371821538961,0,0,1.6979780148996284,2,0
matched,35,random,general,8.839329093460613,2.6028136576680225,-2.4344984576869453,0.01,3.0110901976654305,0.8857934836975772,0.19752446119175124,0,0,2.6028136576680225,2,0
matched,35,entropy,general,9.744164736229006,1.697978014899629,-2.4344984576869453,0.01,3.0110901976654305,4.568943255069008,0.09596371821538963,0,0,1.6979780148996284,2,0
matched,35,myopic,general,9.744164736229006,1.697978014899629,-2.4344984576869453,0.01,3.0110901976654305,4.568943255069008,0.09596371821538963,0,0,1.6979780148996284,2,2
matched,35,sequential,general,9.744164736229006,1.697978014899629,-2.4344984576869453,0.01,3.0110901976654305,4.568943255069008,0.09596371821538963,0,0,1.6979780148996284,2,8
matched,36,stop,mechanism_repair,16.00195153833925,0.0,-0.9110350775000398,0.01,0.7497059491927416,5.64850715937321,0.4064227714299182,0,0,0.0,0,0
matched,36,fixed,source_repair,-10.014187704154818,26.016139242494067,-72.12361030208652,0.08,-8.502994056667044,4.127046276612459,0.8304604199297138,0,0,2.760070899560747,2,0
matched,36,random,source_repair,-10.014187704154818,26.016139242494067,-72.12361030208652,0.08,-8.502994056667044,4.127046276612459,0.8304604199297138,0,0,2.760070899560747,2,0
matched,36,entropy,mechanism_repair,13.240396120879591,2.7615554174596575,-0.9110350775000398,0.01,0.7497059491927416,8.474674181117408,0.08569853170744375,0,0,2.7615554174596575,2,0
matched,36,myopic,mechanism_repair,13.984373216758131,2.0175783215811176,-0.9110350775000398,0.01,0.7497059491927416,8.54092081652413,0.11234588838994572,0,0,2.017578321581118,1,2
matched,36,sequential,mechanism_repair,13.984373216758131,2.0175783215811176,-0.9110350775000398,0.01,0.7497059491927416,8.54092081652413,0.11234588838994572,0,0,2.017578321581118,1,8
matched,37,stop,mechanism_repair,-0.21236114021335484,18.490770606288127,-18.831060144220373,0.01,-6.588312482522753,6.600840893984473,0.5666845851834735,0,0,0.0,0,0
matched,37,fixed,general,14.887242903750566,3.391166562324207,-3.8890232906542055,0.01,4.810107754230204,3.6139776964219417,0.2003079282483218,0,0,3.391166562324207,2,0
matched,37,random,general,15.625616083227014,2.6527933828477597,-3.8890232906542055,0.01,4.810107754230204,4.52476750527023,0.1488140512079321,0,0,2.6527933828477597,2,0
matched,37,entropy,general,15.481119374203352,2.797290091871421,-3.8890232906542055,0.01,4.810107754230204,7.074746319447193,0.08560702696002997,0,0,2.797290091871421,2,0
matched,37,myopic,general,15.481119374203352,2.797290091871421,-3.8890232906542055,0.01,4.810107754230204,7.074746319447193,0.08560702696002997,0,0,2.797290091871421,2,2
matched,37,sequential,general,15.481119374203352,2.797290091871421,-3.8890232906542055,0.01,4.810107754230204,7.074746319447193,0.08560702696002997,0,0,2.797290091871421,2,8
matched,38,stop,source_repair,-7.1512945114406525,22.926429002794954,-71.10130597455384,0.08,-8.382469757000033,6.1407861692587105,0.8371579941827377,0,0,0.0,0,0
matched,38,fixed,mechanism_repair,14.908950410077328,0.866184081276975,-0.898121759678574,0.01,0.7390793647354938,3.8617000470925937,0.6519821489252586,0,0,0.8661840812769752,2,0
matched,38,random,mechanism_repair,14.15330305992349,1.621831431430813,-0.898121759678574,0.01,0.7390793647354938,5.25941320845361,0.3130847887524606,0,0,1.6218314314308133,2,0
matched,38,entropy,mechanism_repair,14.317535954262095,1.457598537092208,-0.898121759678574,0.01,0.7390793647354938,10.44654842858964,0.06624820653863586,0,0,1.457598537092207,2,0
matched,38,myopic,mechanism_repair,14.317535954262095,1.457598537092208,-0.898121759678574,0.01,0.7390793647354938,10.44654842858964,0.06624820653863586,0,0,1.457598537092207,2,2
matched,38,sequential,mechanism_repair,14.317535954262095,1.457598537092208,-0.898121759678574,0.01,0.7390793647354938,10.44654842858964,0.06624820653863586,0,0,1.457598537092207,2,8
matched,39,stop,source_repair,0.9815145572118618,16.03775727949091,-16.580925529598442,0.01,-4.955219123788041,7.8154603949432015,0.9624153559563418,0,0,0.0,0,0
matched,39,fixed,source_repair,-0.6852181060475757,17.70448994275035,-16.580925529598442,0.01,-4.955219123788041,8.704527840755087,0.9599381095417973,0,0,1.6667326632594375,2,0
matched,39,random,source_repair,-0.6852181060475757,17.70448994275035,-16.580925529598442,0.01,-4.955219123788041,8.704527840755087,0.9599381095417971,0,0,1.6667326632594375,2,0
matched,39,entropy,source_repair,-1.873471810086626,18.892743646789402,-16.580925529598442,0.01,-4.955219123788041,3.278872334540395,1.2190228466880257,0,0,2.854986367298488,2,0
matched,39,myopic,source_repair,-1.873471810086626,18.892743646789402,-16.580925529598442,0.01,-4.955219123788041,3.278872334540398,1.2190228466880257,0,0,2.854986367298488,2,2
matched,39,sequential,source_repair,0.12063287417345547,16.89863896252932,-16.580925529598442,0.01,-4.955219123788041,10.85672912603798,1.2549555466451399,0,0,0.8608816830384063,1,8
matched,40,stop,source_repair,19.592458750345653,0.0,-2.2855591263954866,0.01,2.211030024447807,6.639361880657767,0.5160604740103171,0,0,0.0,0,0
matched,40,fixed,source_repair,16.377331953655787,3.215126796689866,-2.2855591263954866,0.01,2.211030024447807,13.28858204664488,0.0221934217386153,0,0,3.215126796689865,2,0
matched,40,random,source_repair,15.136984396939386,4.455474353406267,-2.2855591263954866,0.01,2.211030024447807,11.723867367015849,0.05019875329129543,0,0,4.455474353406267,2,0
matched,40,entropy,source_repair,16.377331953655787,3.215126796689866,-2.2855591263954866,0.01,2.211030024447807,13.28858204664488,0.0221934217386153,0,0,3.215126796689865,2,0
matched,40,myopic,source_repair,17.75329343705605,1.8391653132896018,-2.2855591263954866,0.01,2.211030024447807,12.971503105796844,0.07032899788748365,0,0,1.8391653132896018,1,2
matched,40,sequential,source_repair,17.75329343705605,1.8391653132896018,-2.2855591263954866,0.01,2.211030024447807,12.971503105796844,0.07032899788748365,0,0,1.8391653132896018,1,8
matched,41,stop,source_repair,11.8015047472784,0.0,-1.3767050488171084,0.01,1.3318124928774204,3.132313212499761,0.49253999440957236,0,0,0.0,0,0
matched,41,fixed,source_repair,8.38678566834919,3.4147190789292097,-1.3767050488171084,0.01,1.3318124928774204,5.532320518577952,0.06680286496768559,0,0,3.4147190789292106,2,0
matched,41,random,mechanism_repair,-7.93334434460074,19.73484909187914,-56.86390419027189,0.08,-6.015602495918236,2.362979561060289,0.9587618105506427,0,0,2.9023852422930014,2,0
matched,41,entropy,source_repair,9.284605787590323,2.5168989596880778,-1.3767050488171084,0.01,1.3318124928774204,5.103307368122358,0.11110006764717625,0,0,2.516898959688077,2,0
matched,41,myopic,source_repair,10.286888349116257,1.5146163981621434,-1.3767050488171084,0.01,1.3318124928774204,8.231214715087505,0.02769444306997989,0,0,1.5146163981621428,1,2
matched,41,sequential,source_repair,10.286888349116257,1.5146163981621434,-1.3767050488171084,0.01,1.3318124928774204,8.231214715087505,0.02769444306997989,0,0,1.5146163981621428,1,8
matched,42,stop,source_repair,12.210612270933211,0.0,-1.4244295047560462,0.01,1.3779807165574791,5.99902676725201,0.2648796322557647,0,0,0.0,0,0
matched,42,fixed,source_repair,9.237866677400994,2.972745593532217,-1.4244295047560462,0.01,1.3779807165574791,5.874375696073651,0.11171363899156211,0,0,2.9727455935322165,2,0
matched,42,random,source_repair,10.078792211607709,2.131820059325502,-1.4244295047560462,0.01,1.3779807165574791,3.1643151041422746,0.6360052707010118,0,0,2.131820059325503,2,0
matched,42,entropy,source_repair,10.078792211607709,2.131820059325502,-1.4244295047560462,0.01,1.3779807165574791,3.1643151041422746,0.6360052707010118,0,0,2.131820059325503,2,0
matched,42,myopic,source_repair,11.09516450406746,1.115447766865751,-1.4244295047560462,0.01,1.3779807165574791,7.1786976084690926,0.1633733376707927,0,0,1.1154477668657503,1,2
matched,42,sequential,source_repair,11.09516450406746,1.115447766865751,-1.4244295047560462,0.01,1.3779807165574791,7.1786976084690926,0.1633733376707927,0,0,1.1154477668657503,1,8
matched,43,stop,source_repair,14.801132293287752,0.0,-1.726626730466585,0.01,1.670323684907893,5.28408585089361,0.4027019221662128,0,0,0.0,0,0
matched,43,fixed,mechanism_repair,-8.440181601584682,23.241313894872434,-71.31719104101116,0.08,-7.544608104864865,2.7232059729423295,0.614361677374372,0,0,2.130486962640483,2,0
matched,43,random,source_repair,13.072127879482961,1.729004413804791,-1.726626730466585,0.01,1.670323684907893,7.176968810040805,0.15142844964106011,0,0,1.7290044138047906,2,0
matched,43,entropy,source_repair,13.411087773402013,1.3900445198857394,-1.726626730466585,0.01,1.670323684907893,3.221317829656085,0.562252807028803,0,0,1.39004451988574,2,0
matched,43,myopic,source_repair,14.306851307762729,0.4942809855250232,-1.726626730466585,0.01,1.670323684907893,7.0757672109701515,0.28314552299793133,0,0,0.4942809855250237,1,2
matched,43,sequential,source_repair,14.306851307762729,0.4942809855250232,-1.726626730466585,0.01,1.670323684907893,7.0757672109701515,0.28314552299793133,0,0,0.4942809855250237,1,8
matched,44,stop,source_repair,0.869315086727851,14.204439718087112,-14.685516999091847,0.01,-4.388775195130897,4.078131939156228,0.4825893905692177,0,0,0.0,0,0
matched,44,fixed,source_repair,-3.2163686839119956,18.29012348872696,-14.685516999091847,0.01,-4.388775195130897,6.648068088653,1.3003816978710148,0,0,4.085683770639847,2,0
matched,44,random,source_repair,-3.4706352291438334,18.5443900339588,-14.685516999091847,0.01,-4.388775195130897,7.391492801183286,0.9853078478432804,0,0,4.339950315871684,2,0
matched,44,entropy,source_repair,-3.4706352291438334,18.5443900339588,-14.685516999091847,0.01,-4.388775195130897,7.391492801183286,0.9853078478432804,0,0,4.339950315871684,2,0
matched,44,myopic,source_repair,-3.4706352291438334,18.5443900339588,-14.685516999091847,0.01,-4.388775195130897,7.391492801183286,0.9853078478432804,0,0,4.339950315871684,2,2
matched,44,sequential,source_repair,-3.4706352291438334,18.5443900339588,-14.685516999091847,0.01,-4.388775195130897,7.391492801183286,0.9853078478432804,0,0,4.339950315871684,2,8
matched,45,stop,source_repair,0.6740766242184855,11.014281151065154,-11.387313846021016,0.01,-3.4031052873166256,2.8930127742880587,0.8366352084067353,0,0,0.0,0,0
matched,45,fixed,mechanism_repair,-1.779176531462069,13.467534306745709,-12.041757170504983,0.01,-4.212978901365535,8.551010525782747,1.4455960636642664,0,0,1.6433795416316461,2,0
matched,45,random,mechanism_repair,-1.779176531462069,13.467534306745709,-12.041757170504983,0.01,-4.212978901365535,8.551010525782749,1.4455960636642666,0,0,1.6433795416316461,2,0
matched,45,entropy,mechanism_repair,-1.779176531462069,13.467534306745709,-12.041757170504983,0.01,-4.212978901365535,8.551010525782747,1.4455960636642664,0,0,1.6433795416316461,2,0
matched,45,myopic,mechanism_repair,-1.779176531462069,13.467534306745709,-12.041757170504983,0.01,-4.212978901365535,8.551010525782749,1.4455960636642666,0,0,1.6433795416316461,2,2
matched,45,sequential,mechanism_repair,-1.779176531462069,13.467534306745709,-12.041757170504983,0.01,-4.212978901365535,8.551010525782749,1.4455960636642666,0,0,1.6433795416316461,2,8
matched,46,stop,mechanism_repair,21.25224261500783,0.0,-1.2099485772985141,0.01,0.9956868500685676,8.713679152922117,0.35581374813374184,0,0,0.0,0,0
matched,46,fixed,mechanism_repair,19.975714862623473,1.2765277523843572,-1.2099485772985141,0.01,0.9956868500685676,16.786377387418074,0.028467018031175566,0,0,1.2765277523843557,2,0
matched,46,random,mechanism_repair,17.548467603657272,3.703775011350558,-1.2099485772985141,0.01,0.9956868500685676,16.696968962501003,0.0027060555741209094,0,0,3.70377501135056,2,0
matched,46,entropy,mechanism_repair,19.975714862623473,1.2765277523843572,-1.2099485772985141,0.01,0.9956868500685676,16.786377387418074,0.028467018031175566,0,0,1.2765277523843557,2,0
matched,46,myopic,mechanism_repair,17.548467603657272,3.703775011350558,-1.2099485772985141,0.01,0.9956868500685676,16.696968962501003,0.0027060555741209094,0,0,3.70377501135056,2,2
matched,46,sequential,mechanism_repair,18.51506727078802,2.7371753442198106,-1.2099485772985141,0.01,0.9956868500685676,16.705643792687944,0.007409819043809239,0,0,2.7371753442198097,1,8
matched,47,stop,source_repair,0.586863427722254,9.589234454917992,-9.914003536278852,0.01,-2.962805654520117,2.446370318969089,0.41362982642715984,0,0,0.0,0,0
matched,47,fixed,mechanism_repair,-5.052934640418408,15.229032523058653,-10.483773854455798,0.01,-3.6678964232640876,-1.3751353172347978,0.6779765438988843,0,0,4.934707299396692,2,0
matched,47,random,general,5.058937360229255,5.117160522410991,-2.165127209072395,0.01,2.677920495431644,-0.17012517514908065,0.11361371372928078,0,0,5.117160522410991,2,0
matched,47,entropy,source_repair,-3.614641741518674,13.79073962415892,-9.914003536278852,0.01,-2.962805654520117,2.6950262333240707,0.766418084253363,0,0,4.201505169240928,2,0
matched,47,myopic,source_repair,-1.6051157684053596,11.781213651045606,-9.914003536278852,0.01,-2.962805654520117,2.356721186390132,0.30216623124784037,0,0,2.1919791961276136,1,2
matched,47,sequential,source_repair,-1.6051157684053596,11.781213651045606,-9.914003536278852,0.01,-2.962805654520117,2.356721186390132,0.30216623124784037,0,0,2.1919791961276136,1,8
matched,48,stop,source_repair,17.800428659818746,0.0,-2.0765097783596365,0.01,2.008797502978341,7.590582433834336,0.4976639737485552,0,0,0.0,0,0
matched,48,fixed,source_repair,15.725336233717705,2.0750924261010404,-2.0765097783596365,0.01,2.008797502978341,12.410160224141332,0.030716835626925384,0,0,2.0750924261010413,2,0
matched,48,random,source_repair,15.725336233717705,2.0750924261010404,-2.0765097783596365,0.01,2.008797502978341,12.410160224141332,0.030716835626925384,0,0,2.0750924261010413,2,0
matched,48,entropy,source_repair,15.35397765393833,2.446451005880416,-2.0765097783596365,0.01,2.008797502978341,13.065557783766184,0.01669537243132424,0,0,2.4464510058804163,2,0
matched,48,myopic,source_repair,16.215523366400866,1.5849052934178793,-2.0765097783596365,0.01,2.008797502978341,10.621143216555957,0.08747163419319212,0,0,1.5849052934178778,1,2
matched,48,sequential,source_repair,16.215523366400866,1.5849052934178793,-2.0765097783596365,0.01,2.008797502978341,10.621143216555957,0.08747163419319212,0,0,1.5849052934178778,1,8
matched,49,stop,mechanism_repair,14.36782966457906,0.0,-0.8180000283475186,0.01,0.6731458566609809,5.557702237928085,0.5287719375019101,0,0,0.0,0,0
matched,49,fixed,mechanism_repair,10.110897372971541,4.256932291607519,-0.8180000283475186,0.01,0.6731458566609809,4.721426824501201,0.2446460272239033,0,0,4.256932291607519,2,0
matched,49,random,mechanism_repair,9.737698598336916,4.630131066242145,-0.8180000283475186,0.01,0.6731458566609809,8.521270551093595,0.008568368398296894,0,0,4.630131066242145,2,0
matched,49,entropy,mechanism_repair,8.884524735299491,5.483304929279569,-0.8180000283475186,0.01,0.6731458566609809,7.460643769739278,0.018043522030513705,0,0,5.483304929279569,2,0
matched,49,myopic,mechanism_repair,11.439577812621962,2.928251851957098,-0.8180000283475186,0.01,0.6731458566609809,9.637494719990539,0.022123490229933946,0,0,2.9282518519570973,1,2
matched,49,sequential,mechanism_repair,11.439577812621962,2.928251851957098,-0.8180000283475186,0.01,0.6731458566609809,9.637494719990539,0.022123490229933946,0,0,2.9282518519570973,1,8
matched,50,stop,source_repair,0.6958076519556033,11.369361924672626,-11.754420528182038,0.01,-3.5128153302612986,2.60360261702073,0.33556421663488073,0,0,0.0,0,0
matched,50,fixed,general,9.285469316631763,2.7797002599964653,-2.567057356729412,0.01,3.1750446254284816,8.373423754366216,0.003298504043612266,0,0,2.779700259996465,2,0
matched,50,random,general,9.285469316631763,2.7797002599964653,-2.567057356729412,0.01,3.1750446254284816,8.373423754366216,0.0032985040436122664,0,0,2.779700259996465,2,0
matched,50,entropy,general,9.285469316631763,2.7797002599964653,-2.567057356729412,0.01,3.1750446254284816,8.373423754366216,0.003298504043612266,0,0,2.779700259996465,2,0
matched,50,myopic,general,11.470231268241646,0.5949383083865829,-2.567057356729412,0.01,3.1750446254284816,9.560793146120611,0.010195475193703347,0,0,0.5949383083865833,1,2
matched,50,sequential,general,11.470231268241646,0.5949383083865829,-2.567057356729412,0.01,3.1750446254284816,9.560793146120611,0.010195475193703347,0,0,0.5949383083865833,1,8
matched,51,stop,source_repair,-6.206450179227911,19.89734014811083,-61.70724929635285,0.08,-7.274959917043705,2.5522026160489584,0.7795617271228917,0,0,0.0,0,0
matched,51,fixed,mechanism_repair,9.442177744496433,4.248712224386484,-0.7794599911118261,0.01,0.641430617685773,5.600501413298603,0.10011219751105017,0,0,4.248712224386485,2,0
matched,51,random,mechanism_repair,10.06137200182663,3.6295179670562874,-0.7794599911118261,0.01,0.641430617685773,7.043117454757426,0.046955001836902995,0,0,3.6295179670562883,2,0
matched,51,entropy,mechanism_repair,10.97628546374236,2.7146045051405565,-0.7794599911118261,0.01,0.641430617685773,8.381646189147558,0.06332708605025834,0,0,2.714604505140557,2,0
matched,51,myopic,mechanism_repair,12.643184844977737,1.04770512390518,-0.7794599911118261,0.01,0.641430617685773,8.244210546056417,0.111828016531055,0,0,1.0477051239051802,1,2
matched,51,sequential,mechanism_repair,10.97628546374236,2.7146045051405565,-0.7794599911118261,0.01,0.641430617685773,8.381646189147558,0.06332708605025837,0,0,2.714604505140557,2,8
matched,52,stop,source_repair,0.9117711601985437,14.898163714700475,-15.402736104324916,0.01,-4.603116536924688,4.473124531913843,0.433932350059288,0,0,0.0,0,0
matched,52,fixed,mechanism_repair,-4.1810485019203725,19.990983376819393,-16.287950822964277,0.01,-5.6985697512409,1.395283052730072,0.4750123365253474,0,0,3.9973664478027047,2,0
matched,52,random,mechanism_repair,-4.1810485019203725,19.990983376819393,-16.287950822964277,0.01,-5.6985697512409,1.3952830527300693,0.47501233652534747,0,0,3.9973664478027047,2,0
matched,52,entropy,general,13.435577800878377,2.374357074020642,-3.363815930829581,0.01,4.160509177605006,5.016334182405897,0.11520106798836804,0,0,2.374357074020642,2,0
matched,52,myopic,general,13.435577800878377,2.374357074020642,-3.363815930829581,0.01,4.160509177605006,5.016334182405897,0.11520106798836804,0,0,2.374357074020642,2,2
matched,52,sequential,general,13.435577800878377,2.374357074020642,-3.363815930829581,0.01,4.160509177605006,5.016334182405897,0.11520106798836803,0,0,2.374357074020642,2,8
matched,53,stop,source_repair,11.464603811381258,0.0,-1.3374038555088763,0.01,1.2937928602205437,4.388844435096233,0.4579910166455204,0,0,0.0,0,0
matched,53,fixed,mechanism_repair,-7.549781638571332,19.01438544995259,-55.240594031888385,0.08,-5.843873368636614,3.0093271991930575,0.9916931949580051,0,0,2.6624427665921537,2,0
matched,53,random,general,-14.92159660935215,26.38620042073341,-55.240594031888385,0.3,-15.699958303799857,1.7147026322422154,1.2819982014680273,0,0,3.3864883555880883,2,0
matched,53,entropy,mechanism_repair,-7.549781638571332,19.01438544995259,-55.240594031888385,0.08,-5.843873368636614,3.0093271991930584,0.9916931949580053,0,0,2.6624427665921537,2,0
matched,53,myopic,mechanism_repair,-7.549781638571332,19.01438544995259,-55.240594031888385,0.08,-5.843873368636614,3.0093271991930584,0.9916931949580053,0,0,2.6624427665921537,2,2
matched,53,sequential,mechanism_repair,-7.549781638571332,19.01438544995259,-55.240594031888385,0.08,-5.843873368636614,3.0093271991930584,0.9916931949580053,0,0,2.6624427665921537,2,8
matched,54,stop,source_repair,17.520854441578702,0.0,-2.043896035789312,0.01,1.9772472520135735,3.809871967413423,0.6865029059661774,0,0,0.0,0,0
matched,54,fixed,general,-21.092318695535635,38.61317313711434,-84.421792782602,0.3,-23.99356215926583,2.6042275492939178,1.0852579585350786,0,0,3.463715386852823,2,0
matched,54,random,general,-22.323072091173625,39.84392653275233,-84.421792782602,0.3,-23.99356215926583,5.7941542366433065,1.4570557583815689,0,0,4.694468782490812,2,0
matched,54,entropy,general,-21.092318695535635,38.61317313711434,-84.421792782602,0.3,-23.99356215926583,2.6042275492939178,1.0852579585350786,0,0,3.463715386852823,2,0
matched,54,myopic,general,-19.866532813568842,37.387387255147544,-84.421792782602,0.3,-23.99356215926583,7.073654727458555,1.4026977608234812,0,0,2.237929504886028,1,2
matched,54,sequential,source_repair,16.295068559611906,1.2257858819667966,-2.043896035789312,0.01,1.9772472520135735,6.359809131116434,0.36046545627232085,0,0,1.2257858819667955,1,8
matched,55,stop,mechanism_repair,-0.15475309885868038,13.47470657170704,-13.722684428914322,0.01,-4.801075054953041,3.3065727828755223,0.6222491868623629,0,0,0.0,0,0
matched,55,fixed,general,12.214546019000933,1.1054074538474268,-2.8340326537975224,0.01,3.5052509139074632,9.825846769510173,0.018690151661361832,0,0,1.1054074538474261,2,0
matched,55,random,general,10.987856864084382,2.332096608763978,-2.8340326537975224,0.01,3.5052509139074632,7.903386849372995,0.02153693704281916,0,0,2.332096608763977,2,0
matched,55,entropy,general,12.214546019000933,1.1054074538474268,-2.8340326537975224,0.01,3.5052509139074632,9.825846769510173,0.018690151661361832,0,0,1.1054074538474261,2,0
matched,55,myopic,general,12.214546019000933,1.1054074538474268,-2.8340326537975224,0.01,3.5052509139074632,9.825846769510173,0.01869015166136184,0,0,1.1054074538474261,2,2
matched,55,sequential,general,12.214546019000933,1.1054074538474268,-2.8340326537975224,0.01,3.5052509139074632,9.825846769510173,0.01869015166136184,0,0,1.1054074538474261,2,8
matched,56,stop,mechanism_repair,15.593799754988211,0.0,-0.8877978747947246,0.01,0.7305836677998272,4.976190854883195,0.5360909902581078,0,0,0.0,0,0
matched,56,fixed,mechanism_repair,12.937075158744346,2.6567245962438655,-0.8877978747947246,0.01,0.7305836677998272,9.54947191891706,0.04603533608731414,0,0,2.6567245962438655,2,0
matched,56,random,source_repair,-10.208271280432179,25.80207103542039,-70.2839984212492,0.08,-8.286113498084116,2.1940410267678794,0.6916274018962922,0,0,3.1391807023791674,2,0
matched,56,entropy,mechanism_repair,12.937075158744346,2.6567245962438655,-0.8877978747947246,0.01,0.7305836677998272,9.54947191891706,0.04603533608731414,0,0,2.6567245962438655,2,0
matched,56,myopic,mechanism_repair,12.937075158744346,2.6567245962438655,-0.8877978747947246,0.01,0.7305836677998272,9.54947191891706,0.04603533608731414,0,0,2.6567245962438655,2,2
matched,56,sequential,mechanism_repair,12.937075158744346,2.6567245962438655,-0.8877978747947246,0.01,0.7305836677998272,9.54947191891706,0.04603533608731414,0,0,2.6567245962438655,2,8
matched,57,stop,mechanism_repair,-0.13927360025137336,12.126871192971997,-12.350044552410942,0.01,-4.32083759816008,3.4617989502963664,0.9694118009479141,0,0,0.0,0,0
matched,57,fixed,general,9.140672326664394,2.84692526605623,-2.550552679302258,0.01,3.1546309454527957,1.547872893670422,0.23031938014979006,0,0,2.84692526605623,2,0
matched,57,random,mechanism_repair,-4.195638317748307,16.18323591046893,-12.350044552410942,0.01,-4.32083759816008,0.955081822003736,0.5254298232166318,0,0,4.056364717496934,2,0
matched,57,entropy,general,9.140672326664394,2.84692526605623,-2.550552679302258,0.01,3.1546309454527957,1.547872893670422,0.23031938014979006,0,0,2.84692526605623,2,0
matched,57,myopic,mechanism_repair,-2.08235131061334,14.069948903333964,-12.350044552410942,0.01,-4.32083759816008,5.976714831973568,0.8767617730805656,0,0,1.9430777103619665,1,2
matched,57,sequential,mechanism_repair,-2.08235131061334,14.069948903333964,-12.350044552410942,0.01,-4.32083759816008,5.976714831973568,0.8767617730805656,0,0,1.9430777103619665,1,8
matched,58,stop,mechanism_repair,15.938543489036476,0.0,-0.9074250829957897,0.01,0.7467352245486192,5.0461357712846615,0.5071367348045634,0,0,0.0,0,0
matched,58,fixed,mechanism_repair,12.297244434037085,3.6412990549993918,-0.9074250829957897,0.01,0.7467352245486192,7.6819709292872425,0.08095066908678479,0,0,3.6412990549993913,2,0
matched,58,random,mechanism_repair,10.267895622835344,5.670647866201133,-0.9074250829957897,0.01,0.7467352245486192,5.7564187580817725,0.10966937540490287,0,0,5.670647866201134,2,0
matched,58,entropy,mechanism_repair,11.970602115921222,3.967941373115254,-0.9074250829957897,0.01,0.7467352245486192,7.9843068534124555,0.06201172706182672,0,0,3.9679413731152535,2,0
matched,58,myopic,mechanism_repair,14.969247208079722,0.9692962809567547,-0.9074250829957897,0.01,0.7467352245486192,6.380354217435119,0.2878785348240429,0,0,0.9692962809567556,1,2
matched,58,sequential,mechanism_repair,14.969247208079722,0.9692962809567547,-0.9074250829957897,0.01,0.7467352245486192,6.380354217435119,0.2878785348240429,0,0,0.9692962809567556,1,8
matched,59,stop,mechanism_repair,-0.1555684100779281,13.545697585941985,-13.79498190570541,0.01,-4.826369348803185,4.198721003981114,0.5643622191655074,0,0,0.0,0,0
matched,59,fixed,mechanism_repair,-2.1146938469083585,15.504823022772417,-13.79498190570541,0.01,-4.826369348803185,8.686658642420124,0.9901974286294115,0,0,1.9591254368304303,2,0
matched,59,random,general,10.713999737308436,2.6761294385556216,-2.8489636544391583,0.01,3.523718204174752,6.66054713023715,0.049470748613626964,0,0,2.676129438555621,2,0
matched,59,entropy,general,10.713999737308436,2.6761294385556216,-2.8489636544391583,0.01,3.523718204174752,6.66054713023715,0.049470748613627,0,0,2.676129438555621,2,0
matched,59,myopic,general,10.713999737308436,2.6761294385556216,-2.8489636544391583,0.01,3.523718204174752,6.66054713023715,0.049470748613627,0,0,2.676129438555621,2,2
matched,59,sequential,general,10.713999737308436,2.6761294385556216,-2.8489636544391583,0.01,3.523718204174752,6.66054713023715,0.049470748613627,0,0,2.676129438555621,2,8
matched,60,stop,source_repair,-8.425398629709004,27.011096130252337,-83.76900783070177,0.08,-9.875925133724841,5.165587113848685,0.9324513481096336,0,0,0.0,0,0
matched,60,fixed,general,-14.286469369053819,32.87216686959715,-83.76900783070177,0.2,-14.990243506546637,6.294047778811838,1.3229563162219005,0,0,3.52876520553212,2,0
matched,60,random,mechanism_repair,16.44225783091389,2.143439669629444,-1.0581348357562326,0.01,0.8707567919244001,13.549320531020554,0.038205593203616016,0,0,2.1434396696294455,2,0
matched,60,entropy,mechanism_repair,16.44225783091389,2.143439669629444,-1.0581348357562326,0.01,0.8707567919244001,13.549320531020554,0.038205593203616016,0,0,2.1434396696294455,2,0
matched,60,myopic,mechanism_repair,17.926583549654566,0.6591139508887665,-1.0581348357562326,0.01,0.8707567919244001,12.95771886834496,0.07492692689088093,0,0,0.6591139508887647,1,2
matched,60,sequential,mechanism_repair,17.926583549654566,0.6591139508887665,-1.0581348357562326,0.01,0.8707567919244001,12.95771886834496,0.07492692689088093,0,0,0.6591139508887647,1,8
matched,61,stop,source_repair,17.302969223945045,0.0,-2.0184786262637977,0.01,1.9526586710595435,7.921700521146457,0.46056791693098353,0,0,0.0,0,0
matched,61,fixed,source_repair,11.974303142954872,5.328666080990173,-2.0184786262637977,0.01,1.9526586710595435,11.301874392913524,0.001787914286593053,0,0,5.328666080990173,2,0
matched,61,random,source_repair,12.177653253806781,5.125315970138264,-2.0184786262637977,0.01,1.9526586710595435,7.645185187863606,0.1357036728619457,0,0,5.1253159701382645,2,0
matched,61,entropy,source_repair,11.974303142954872,5.328666080990173,-2.0184786262637977,0.01,1.9526586710595435,11.301874392913527,0.0017879142865930456,0,0,5.328666080990173,2,0
matched,61,myopic,source_repair,14.40136376215772,2.901605461787325,-2.0184786262637977,0.01,1.9526586710595435,13.205897218517295,0.007479031870302895,0,0,2.901605461787325,1,2
matched,61,sequential,source_repair,14.40136376215772,2.901605461787325,-2.0184786262637977,0.01,1.9526586710595435,13.205897218517295,0.007479031870302895,0,0,2.901605461787325,1,8
matched,62,stop,source_repair,0.6824080894838187,11.15041567574046,-11.528058987396554,0.01,-3.4451670537047168,3.509270557791553,0.2779829833638115,0,0,0.0,0,0
matched,62,fixed,mechanism_repair,-4.244859982667044,16.07768374789132,-12.190591113108999,0.01,-4.265050559273869,-1.086171336256848,0.32369315762035983,0,0,4.107384566581711,2,0
matched,62,random,mechanism_repair,-5.655694637036643,17.488518402260922,-12.190591113108999,0.01,-4.265050559273869,-1.4843057021178483,0.26888494568694193,0,0,5.518219220951311,2,0
matched,62,entropy,mechanism_repair,-4.244859982667044,16.07768374789132,-12.190591113108999,0.01,-4.265050559273869,-1.0861713362568484,0.32369315762035983,0,0,4.107384566581711,2,0
matched,62,myopic,general,9.281582920942201,2.551240844282077,-2.5176220777072933,0.01,3.113900990848494,3.8630301040796247,0.09486871429268588,0,0,2.5512408442820766,1,2
matched,62,sequential,general,9.281582920942201,2.551240844282077,-2.5176220777072933,0.01,3.113900990848494,3.8630301040796247,0.09486871429268588,0,0,2.5512408442820766,1,8
matched,63,stop,source_repair,14.291058933800644,0.0,-1.6671241005638215,0.01,1.6127613581541336,3.1530440541229643,0.8101047436267876,0,0,0.0,0,0
matched,63,fixed,general,-17.9351657059149,32.22622463971555,-68.85947371894052,0.3,-19.570587267488364,7.770875442438969,1.8471576833955818,1,0,3.5562203385519298,2,0
matched,63,random,general,-19.052000762055055,33.3430596958557,-68.85947371894052,0.3,-19.570587267488364,2.2982083876516297,1.444034975511964,0,0,4.673055394692084,2,0
matched,63,entropy,general,-17.9351657059149,32.22622463971555,-68.85947371894052,0.3,-19.570587267488364,7.770875442438969,1.8471576833955818,1,0,3.5562203385519298,2,0
matched,63,myopic,general,-17.9351657059149,32.22622463971555,-68.85947371894052,0.3,-19.570587267488364,7.770875442438969,1.8471576833955818,1,0,3.5562203385519298,2,2
matched,63,sequential,general,-17.9351657059149,32.22622463971555,-68.85947371894052,0.3,-19.570587267488364,7.770875442438969,1.8471576833955818,1,0,3.5562203385519298,2,8
matched,64,stop,mechanism_repair,13.474856833194561,0.0,-0.7671606309967238,0.01,0.6313092692577216,5.254605075062165,0.5328971460983373,0,0,0.0,0,0
matched,64,fixed,mechanism_repair,10.62499223013127,2.849864603063292,-0.7671606309967238,0.01,0.6313092692577216,7.186656279107069,0.10105511340317684,0,0,2.849864603063292,2,0
matched,64,random,mechanism_repair,11.469767484462531,2.00508934873203,-0.7671606309967238,0.01,0.6313092692577216,10.198559394249582,0.009335267990345253,0,0,2.00508934873203,2,0
matched,64,entropy,mechanism_repair,11.469767484462531,2.00508934873203,-0.7671606309967238,0.01,0.6313092692577216,10.198559394249582,0.009335267990345253,0,0,2.00508934873203,2,0
matched,64,myopic,mechanism_repair,12.623083591075765,0.8517732421187958,-0.7671606309967238,0.01,0.6313092692577216,10.073098553948697,0.05128004778070141,0,0,0.8517732421187956,1,2
matched,64,sequential,mechanism_repair,12.623083591075765,0.8517732421187958,-0.7671606309967238,0.01,0.6313092692577216,10.073098553948697,0.05128004778070141,0,0,0.8517732421187956,1,8
matched,65,stop,source_repair,-7.997764343656479,25.64013775584062,-79.51728023520309,0.08,-9.374668827729208,4.730306946835443,0.5860599900155482,0,0,0.0,0,0
matched,65,fixed,mechanism_repair,14.671113271320824,2.971260140863315,-1.004428802970987,0.01,0.8265612024448744,7.401638190648001,0.2607273315041365,0,0,2.971260140863315,2,0
matched,65,random,mechanism_repair,14.671113271320824,2.971260140863315,-1.004428802970987,0.01,0.8265612024448744,7.401638190648001,0.2607273315041365,0,0,2.971260140863315,2,0
matched,65,entropy,mechanism_repair,14.116150959780828,3.52622245240331,-1.004428802970987,0.01,0.8265612024448744,13.05113592828106,0.004705911701747939,0,0,3.526222452403311,2,0
matched,65,myopic,mechanism_repair,15.330632305302203,2.311741106881936,-1.004428802970987,0.01,0.8265612024448744,10.309968071729466,0.10458144917070505,0,0,2.3117411068819362,1,2
matched,65,sequential,mechanism_repair,15.330632305302203,2.311741106881936,-1.004428802970987,0.01,0.8265612024448744,10.309968071729466,0.10458144917070505,0,0,2.3117411068819362,1,8
matched,66,stop,source_repair,18.94887685057581,0.0,-2.2104820519279467,0.01,2.1384011154520346,8.595330272944851,0.4983400563327325,0,0,0.0,0,0
matched,66,fixed,source_repair,16.915163756825763,2.0337130937500483,-2.2104820519279467,0.01,2.1384011154520346,14.009023674993418,0.046292196321251915,0,0,2.0337130937500487,2,0
matched,66,random,source_repair,16.915163756825763,2.0337130937500483,-2.2104820519279467,0.01,2.1384011154520346,14.009023674993418,0.04629219632125193,0,0,2.0337130937500487,2,0
matched,66,entropy,source_repair,16.915163756825763,2.0337130937500483,-2.2104820519279467,0.01,2.1384011154520346,14.009023674993418,0.04629219632125193,0,0,2.0337130937500487,2,0
matched,66,myopic,source_repair,18.168500495955644,0.7803763546201665,-2.2104820519279467,0.01,2.1384011154520346,16.78872104490682,0.008850480697314518,0,0,0.7803763546201676,1,2
matched,66,sequential,source_repair,18.168500495955644,0.7803763546201665,-2.2104820519279467,0.01,2.1384011154520346,16.78872104490682,0.008850480697314518,0,0,0.7803763546201676,1,8
matched,67,stop,mechanism_repair,-6.00501207956078,20.09142723882791,-67.87342624131756,0.08,-7.180294039213069,4.335683467226422,0.8936836712087192,0,0,0.0,0,0
matched,67,fixed,source_repair,11.866916846255652,2.2194983130114796,-1.643251372158212,0.01,1.5896670882834905,7.988407998853244,0.0672649134831749,0,0,2.2194983130114796,2,0
matched,67,random,source_repair,10.852834209142621,3.2335809501245105,-1.643251372158212,0.01,1.5896670882834905,8.138840248986943,0.06787192688222442,0,0,3.23358095012451,2,0
matched,67,entropy,source_repair,11.866916846255652,2.2194983130114796,-1.643251372158212,0.01,1.5896670882834905,7.988407998853244,0.0672649134831749,0,0,2.2194983130114796,2,0
matched,67,myopic,source_repair,13.49825723951205,0.5881579197550817,-1.643251372158212,0.01,1.5896670882834905,8.371648864203681,0.1348201280617504,0,0,0.5881579197550821,1,2
matched,67,sequential,source_repair,13.49825723951205,0.5881579197550817,-1.643251372158212,0.01,1.5896670882834905,8.371648864203681,0.1348201280617504,0,0,0.5881579197550821,1,8
matched,68,stop,source_repair,20.44886496898494,0.0,-2.3854632310234125,0.01,2.3076763865335193,4.868877706866343,0.714618294510499,0,0,0.0,0,0
matched,68,fixed,source_repair,15.957122513504766,4.491742455480173,-2.3854632310234125,0.01,2.3076763865335193,12.84713139040167,0.022095331379736537,0,0,4.491742455480173,2,0
matched,68,random,source_repair,15.957122513504766,4.491742455480173,-2.3854632310234125,0.01,2.3076763865335193,12.84713139040167,0.022095331379736557,0,0,4.491742455480173,2,0
matched,68,entropy,source_repair,15.696441362557293,4.752423606427646,-2.3854632310234125,0.01,2.3076763865335193,12.710765236004681,0.04095480923340305,0,0,4.752423606427646,2,0
matched,68,myopic,source_repair,18.316478737897647,2.132386231087292,-2.3854632310234125,0.01,2.3076763865335193,13.850080543690655,0.058729298325549815,0,0,2.132386231087292,1,2
matched,68,sequential,source_repair,18.316478737897647,2.132386231087292,-2.3854632310234125,0.01,2.3076763865335193,13.850080543690655,0.058729298325549815,0,0,2.132386231087292,1,8
matched,69,stop,mechanism_repair,-6.77612890418667,22.671411653403855,-76.58920236736867,0.08,-8.102331408337422,5.490514128431915,0.8272117418367823,0,0,0.0,0,0
matched,69,fixed,mechanism_repair,-10.85862744238179,26.753910191598976,-76.58920236736867,0.08,-8.102331408337422,5.4513116703457545,1.1583698869734105,0,0,4.08249853819512,2,0
matched,69,random,general,-20.073426784427667,35.968709533644855,-76.58920236736867,0.3,-21.76745751493636,-0.826969246441128,1.032163453730497,0,0,4.080392026925811,2,0
matched,69,entropy,general,-20.073426784427667,35.968709533644855,-76.58920236736867,0.3,-21.76745751493636,-0.826969246441128,1.032163453730497,0,0,4.080392026925811,2,0
matched,69,myopic,source_repair,13.230394254617245,2.664888494599939,-1.8542648994205058,0.01,1.7937997396567926,2.5773359839642493,0.6128014363081851,0,0,2.66488849459994,1,2
matched,69,sequential,mechanism_repair,-8.191632436512542,24.086915185729726,-76.58920236736867,0.08,-8.102331408337422,6.339221350541064,1.160773545002246,0,0,1.4155035323258707,1,8
matched,70,stop,mechanism_repair,-5.634944262773449,18.853263099288263,-63.69062521873618,0.08,-6.737797720508407,3.1959936272620526,0.5330169433006674,0,0,0.0,0,0
matched,70,fixed,source_repair,8.932473179763349,4.285845656751464,-1.5419835579272978,0.01,1.4917014853861894,3.4729413740144697,0.15108044778012408,0,0,4.285845656751464,2,0
matched,70,random,source_repair,9.334374200822243,3.88394463569257,-1.5419835579272978,0.01,1.4917014853861894,5.7408905673515545,0.09733807010475148,0,0,3.88394463569257,2,0
matched,70,entropy,source_repair,9.160244719197518,4.058074117317295,-1.5419835579272978,0.01,1.4917014853861894,6.874601877072539,0.04769375523470185,0,0,4.058074117317295,2,0
matched,70,myopic,source_repair,11.390232288385612,1.8280865481292015,-1.5419835579272978,0.01,1.4917014853861894,6.508406969194354,0.21757513106280274,0,0,1.828086548129201,1,2
matched,70,sequential,source_repair,11.390232288385612,1.8280865481292015,-1.5419835579272978,0.01,1.4917014853861894,6.508406969194354,0.21757513106280274,0,0,1.828086548129201,1,8
matched,71,stop,mechanism_repair,-0.15139522719259357,13.182328999046693,-13.424926170331208,0.01,-4.696900120734085,5.00243707982661,0.686419867434554,0,0,0.0,0,0
matched,71,fixed,mechanism_repair,-5.054367381847041,18.085301153701142,-13.424926170331208,0.01,-4.696900120734085,0.10801304703603254,0.3183962959207823,0,0,4.902972154654448,2,0
matched,71,random,mechanism_repair,-3.9910506661325176,17.021984437986617,-13.424926170331208,0.01,-4.696900120734085,6.738530324766816,1.1050481653308617,0,0,3.839655438939924,2,0
matched,71,entropy,mechanism_repair,-3.9910506661325176,17.021984437986617,-13.424926170331208,0.01,-4.696900120734085,6.738530324766816,1.1050481653308617,0,0,3.839655438939924,2,0
matched,71,myopic,mechanism_repair,-1.0610152519008598,14.09194902375496,-13.424926170331208,0.01,-4.696900120734085,8.002547077398217,1.0641511128938204,0,0,0.9096200247082662,1,2
matched,71,sequential,mechanism_repair,-1.0610152519008598,14.09194902375496,-13.424926170331208,0.01,-4.696900120734085,8.002547077398217,1.0641511128938204,0,0,0.9096200247082662,1,8
matched,72,stop,source_repair,-5.829888530123899,18.69011621130511,-57.96330825345582,0.08,-6.833568973039004,4.550428222362591,1.0300669007279553,0,0,0.0,0,0
matched,72,fixed,source_repair,-9.173661170559452,22.033888851740663,-57.96330825345582,0.08,-6.833568973039004,0.17909964889508645,0.5897588670688555,0,0,3.343772640435554,2,0
matched,72,random,source_repair,-10.485134396168098,23.345362077349307,-57.96330825345582,0.08,-6.833568973039004,-0.5637663869722713,1.4165258440871584,0,0,4.655245866044199,2,0
matched,72,entropy,source_repair,-8.972596962220086,21.832824643401295,-57.96330825345582,0.08,-6.833568973039004,7.059474595823415,1.6591542585279229,0,0,3.142708432096187,2,0
matched,72,myopic,source_repair,-8.972596962220086,21.832824643401295,-57.96330825345582,0.08,-6.833568973039004,7.059474595823415,1.6591542585279229,0,0,3.142708432096187,2,2
matched,72,sequential,source_repair,-8.972596962220086,21.832824643401295,-57.96330825345582,0.08,-6.833568973039004,7.059474595823415,1.6591542585279229,0,0,3.142708432096187,2,8
matched,73,stop,source_repair,14.069042505633508,0.0,-1.6412247644941158,0.01,1.5877065656519145,5.247489462740986,0.4812038500209152,0,0,0.0,0,0
matched,73,fixed,source_repair,12.315970531652255,1.7530719739812533,-1.6412247644941158,0.01,1.5877065656519145,8.374979117200672,0.12965488841940118,0,0,1.7530719739812537,2,0
matched,73,random,source_repair,12.315970531652255,1.7530719739812533,-1.6412247644941158,0.01,1.5877065656519145,8.374979117200672,0.12965488841940118,0,0,1.7530719739812537,2,0
matched,73,entropy,source_repair,12.315970531652255,1.7530719739812533,-1.6412247644941158,0.01,1.5877065656519145,8.374979117200672,0.12965488841940118,0,0,1.7530719739812537,2,0
matched,73,myopic,source_repair,13.774185292014963,0.29485721361854544,-1.6412247644941158,0.01,1.5877065656519145,11.500291497988847,0.03197270248848862,0,0,0.2948572136185449,1,2
matched,73,sequential,source_repair,13.774185292014963,0.29485721361854544,-1.6412247644941158,0.01,1.5877065656519145,11.500291497988847,0.03197270248848862,0,0,0.2948572136185449,1,8
matched,74,stop,mechanism_repair,18.500567784047213,0.0,-1.0532881670433691,0.01,0.8667683874627741,8.025238069024741,0.3692965060809056,0,0,0.0,0,0
matched,74,fixed,mechanism_repair,13.410219066365235,5.090348717681978,-1.0532881670433691,0.01,0.8667683874627741,10.513545633119822,0.03656267125161132,0,0,5.090348717681978,2,0
matched,74,random,mechanism_repair,13.791763485465015,4.708804298582198,-1.0532881670433691,0.01,0.8667683874627741,12.561926217325816,0.00801765227110155,0,0,4.708804298582198,2,0
matched,74,entropy,mechanism_repair,13.791763485465015,4.708804298582198,-1.0532881670433691,0.01,0.8667683874627741,12.561926217325816,0.00801765227110155,0,0,4.708804298582198,2,0
matched,74,myopic,mechanism_repair,16.349439156845527,2.151128627201686,-1.0532881670433691,0.01,0.8667683874627741,14.321559849615603,0.013839614822125966,0,0,2.151128627201685,1,2
matched,74,sequential,mechanism_repair,16.349439156845527,2.151128627201686,-1.0532881670433691,0.01,0.8667683874627741,14.321559849615603,0.013839614822125966,0,0,2.151128627201685,1,8
matched,75,stop,mechanism_repair,-0.17147788196046432,14.930971722027424,-15.205749532879732,0.01,-5.3199463379300695,3.9644474640640293,0.5619666517864742,0,0,0.0,0,0
matched,75,fixed,mechanism_repair,-2.059387464141256,16.818881304208215,-15.205749532879732,0.01,-5.3199463379300695,8.865793137387975,0.8446833911090393,0,0,1.8879095821807919,2,0
matched,75,random,general,12.800519276582545,1.9589745634844142,-3.140317838312119,0.01,3.8840773263334105,10.022157216043658,0.015819573379909073,0,0,1.9589745634844136,2,0
matched,75,entropy,general,12.800519276582545,1.9589745634844142,-3.140317838312119,0.01,3.8840773263334105,10.022157216043658,0.015819573379909073,0,0,1.9589745634844136,2,0
matched,75,myopic,general,12.800519276582545,1.9589745634844142,-3.140317838312119,0.01,3.8840773263334105,10.022157216043658,0.015819573379909073,0,0,1.9589745634844136,2,2
matched,75,sequential,general,12.800519276582545,1.9589745634844142,-3.140317838312119,0.01,3.8840773263334105,10.022157216043658,0.015819573379909073,0,0,1.9589745634844136,2,8
matched,76,stop,source_repair,-7.5929141497091175,24.342223201566146,-75.49208207455428,0.08,-8.90011914984219,8.045895493158822,1.1614174253551803,0,0,0.0,0,0
matched,76,fixed,source_repair,-11.883998928187925,28.633307980044954,-75.49208207455428,0.08,-8.90011914984219,-0.515534027598219,0.6789061442353079,0,0,4.291084778478808,2,0
matched,76,random,source_repair,-11.883998928187925,28.633307980044954,-75.49208207455428,0.08,-8.90011914984219,-0.5155340275982199,0.6789061442353079,0,0,4.291084778478808,2,0
matched,76,entropy,mechanism_repair,13.730153658900807,3.019155392956222,-0.9535841946259493,0.01,0.7847203268276037,4.397892806474791,0.37049848336955243,0,0,3.019155392956221,2,0
matched,76,myopic,source_repair,-7.5929141497091175,24.342223201566146,-75.49208207455428,0.08,-8.90011914984219,8.045895493158822,1.1614174253551803,0,0,0.0,0,1
matched,76,sequential,mechanism_repair,13.730153658900807,3.019155392956222,-0.9535841946259493,0.01,0.7847203268276037,4.397892806474791,0.37049848336955243,0,0,3.019155392956221,2,8
matched,77,stop,mechanism_repair,-5.518584506000834,18.463949380056626,-62.37543463058646,0.08,-6.59866440039362,2.7462583295706122,1.0214580825977577,0,0,0.0,0,0
matched,77,fixed,source_repair,10.248374978394398,2.6969898956613925,-1.510142101582621,0.01,1.4608983374005775,4.18382062042678,0.20897950439603402,0,0,2.6969898956613934,2,0
matched,77,random,source_repair,10.248509830734953,2.696855043320838,-1.510142101582621,0.01,1.4608983374005775,4.975628530545663,0.32177722457730334,0,0,2.696855043320837,2,0
matched,77,entropy,source_repair,12.077328907765517,0.8680359662902735,-1.510142101582621,0.01,1.4608983374005775,4.613037830954429,0.5384691590139054,0,0,0.8680359662902734,2,0
matched,77,myopic,source_repair,12.077328907765517,0.8680359662902735,-1.510142101582621,0.01,1.4608983374005775,4.613037830954429,0.5384691590139054,0,0,0.8680359662902734,2,2
matched,77,sequential,source_repair,12.077328907765517,0.8680359662902735,-1.510142101582621,0.01,1.4608983374005775,4.613037830954429,0.5384691590139054,0,0,0.8680359662902734,2,8
matched,78,stop,mechanism_repair,15.35127361988152,0.0,-0.8739901954149132,0.01,0.7192210983101885,4.73438047715136,0.5409908905734802,0,0,0.0,0,0
matched,78,fixed,mechanism_repair,13.144767316027131,2.206506303854388,-0.8739901954149132,0.01,0.7192210983101885,7.992303025869861,0.1756623439709322,0,0,2.2065063038543884,2,0
matched,78,random,mechanism_repair,11.346236864862801,4.005036755018718,-0.8739901954149132,0.01,0.7192210983101885,8.645650614308583,0.05418571320274412,0,0,4.005036755018718,2,0
matched,78,entropy,mechanism_repair,13.144767316027131,2.206506303854388,-0.8739901954149132,0.01,0.7192210983101885,7.992303025869862,0.17566234397093214,0,0,2.2065063038543884,2,0
matched,78,myopic,mechanism_repair,13.958991599563676,1.3922820203178432,-0.8739901954149132,0.01,0.7192210983101885,6.158070083588704,0.45212706640180783,0,0,1.3922820203178439,1,2
matched,78,sequential,mechanism_repair,13.958991599563676,1.3922820203178432,-0.8739901954149132,0.01,0.7192210983101885,6.158070083588704,0.45212706640180783,0,0,1.3922820203178439,1,8
matched,79,stop,source_repair,-7.778145348205588,24.9360583337423,-77.33373187645535,0.08,-9.11723996859263,4.084482579245625,0.8167068793732363,0,0,0.0,0,0
matched,79,fixed,mechanism_repair,16.004124121453717,1.153788864082994,-0.9768471394920675,0.01,0.8038637918736806,9.468440639937217,0.14008286629008662,0,0,1.1537888640829954,2,0
matched,79,random,mechanism_repair,16.004124121453717,1.153788864082994,-0.9768471394920675,0.01,0.8038637918736806,9.468440639937217,0.14008286629008662,0,0,1.1537888640829954,2,0
matched,79,entropy,mechanism_repair,16.004124121453717,1.153788864082994,-0.9768471394920675,0.01,0.8038637918736806,9.468440639937217,0.14008286629008662,0,0,1.1537888640829954,2,0
matched,79,myopic,mechanism_repair,16.004124121453717,1.153788864082994,-0.9768471394920675,0.01,0.8038637918736806,9.468440639937217,0.14008286629008662,0,0,1.1537888640829954,2,2
matched,79,sequential,mechanism_repair,16.004124121453717,1.153788864082994,-0.9768471394920675,0.01,0.8038637918736806,9.468440639937217,0.14008286629008662,0,0,1.1537888640829954,2,8
matched,80,stop,mechanism_repair,-6.922926298933391,23.162562901116075,-78.24842336688545,0.08,-8.277859524602093,4.482388992293872,0.6948951317196056,0,0,0.0,0,0
matched,80,fixed,mechanism_repair,-12.1043322502948,28.343968852477484,-78.24842336688545,0.08,-8.277859524602093,5.156414882130759,1.0330570723089882,0,0,5.181405951361407,2,0
matched,80,random,mechanism_repair,-9.47755883796492,25.717195440147606,-78.24842336688545,0.08,-8.277859524602093,9.641125339010111,1.4080285376362576,0,0,2.5546325390315303,2,0
matched,80,entropy,mechanism_repair,-10.004262427362038,26.24389902954472,-78.24842336688545,0.08,-8.277859524602093,9.118548104415614,1.2485757248693825,0,0,3.0813361284286462,2,0
matched,80,myopic,mechanism_repair,-7.150207656982776,23.38984425916546,-78.24842336688545,0.08,-8.277859524602093,10.161414135924943,1.1544389465769649,0,0,0.22728135804938443,1,2
matched,80,sequential,mechanism_repair,-7.150207656982776,23.38984425916546,-78.24842336688545,0.08,-8.277859524602093,10.161414135924943,1.1544389465769649,0,0,0.22728135804938443,1,8
matched,81,stop,mechanism_repair,-0.12307103344405923,10.716076610845958,-10.913286821063547,0.01,-3.818167603836771,2.590621831087301,0.521618331159992,0,0,0.0,0,0
matched,81,fixed,mechanism_repair,-3.5102307108011033,14.103236288203002,-10.913286821063547,0.01,-3.818167603836771,2.636400532255286,0.800112059405554,0,0,3.387159677357044,2,0
matched,81,random,general,6.507115659690017,4.0858899177118815,-2.2538309739152993,0.01,2.7876330466847103,-0.3864322189969198,0.18822885599613987,0,0,4.0858899177118815,2,0
matched,81,entropy,mechanism_repair,-3.5102307108011033,14.103236288203002,-10.913286821063547,0.01,-3.818167603836771,2.636400532255286,0.800112059405554,0,0,3.387159677357044,2,0
matched,81,myopic,mechanism_repair,-0.12307103344405923,10.716076610845958,-10.913286821063547,0.01,-3.818167603836771,2.590621831087301,0.521618331159992,0,0,0.0,0,1
matched,81,sequential,source_repair,-2.051612456977802,12.6446180343797,-10.320173406875313,0.01,-3.0841897537788285,1.6146621500703464,0.7474005638064489,0,0,2.662519273591685,2,8
matched,82,stop,mechanism_repair,-0.19282320280327692,16.789557670593762,-17.098539429302626,0.01,-5.982165629137809,7.119835569321711,0.5287170851908021,0,0,0.0,0,0
matched,82,fixed,general,12.234936820007565,4.361797647782922,-3.5312200995298904,0.01,4.3675617020501285,9.354203911880049,0.017953120275153597,0,0,4.361797647782922,2,0
matched,82,random,general,12.234936820007565,4.361797647782922,-3.5312200995298904,0.01,4.3675617020501285,9.354203911880049,0.01795312027515358,0,0,4.361797647782922,2,0
matched,82,entropy,general,12.035736143636468,4.560998324154019,-3.5312200995298904,0.01,4.3675617020501285,9.748130099322355,0.008287187322895387,0,0,4.560998324154019,2,0
matched,82,myopic,general,14.513656158582194,2.083078309208293,-3.5312200995298904,0.01,4.3675617020501285,11.055029223517057,0.021912635958904744,0,0,2.0830783092082923,1,2
matched,82,sequential,general,14.513656158582194,2.083078309208293,-3.5312200995298904,0.01,4.3675617020501285,11.055029223517057,0.021912635958904744,0,0,2.0830783092082923,1,8
matched,83,stop,source_repair,13.709908859432032,0.0,-1.5993300133997912,0.01,1.5471779477454524,6.4407459985676425,0.32691041375627605,0,0,0.0,0,0
matched,83,fixed,source_repair,8.06987602861333,5.640032830818702,-1.5993300133997912,0.01,1.5471779477454524,6.4000692351158275,0.013318255325305513,0,0,5.640032830818702,2,0
matched,83,random,source_repair,8.050850188925963,5.659058670506068,-1.5993300133997912,0.01,1.5471779477454524,5.8420031784053466,0.03505375337407813,0,0,5.659058670506069,2,0
matched,83,entropy,source_repair,8.220730452657595,5.489178406774437,-1.5993300133997912,0.01,1.5471779477454524,6.641515443963717,0.025086251164358003,0,0,5.489178406774437,2,0
matched,83,myopic,source_repair,13.709908859432032,0.0,-1.5993300133997912,0.01,1.5471779477454524,6.4407459985676425,0.32691041375627605,0,0,0.0,0,1
matched,83,sequential,source_repair,13.709908859432032,0.0,-1.5993300133997912,0.01,1.5471779477454524,6.4407459985676425,0.32691041375627605,0,0,0.0,0,7
matched,84,stop,source_repair,0.6700638890925716,10.948713838279595,-11.319525893408493,0.01,-3.3828468187197798,4.621612087526333,0.4612492229893892,0,0,0.0,0,0
matched,84,fixed,general,8.365246309740341,3.253531417631825,-2.472080367525993,0.01,3.05757308615057,7.413310120743827,0.003610721206622775,0,0,3.2535314176318244,2,0
matched,84,random,general,10.075097547002505,1.5436801803696607,-2.472080367525993,0.01,3.05757308615057,7.682982535293458,0.01715593076205757,0,0,1.5436801803696607,2,0
matched,84,entropy,general,10.075097547002505,1.5436801803696607,-2.472080367525993,0.01,3.05757308615057,7.682982535293458,0.01715593076205757,0,0,1.5436801803696607,2,0
matched,84,myopic,general,10.075097547002505,1.5436801803696607,-2.472080367525993,0.01,3.05757308615057,7.682982535293458,0.01715593076205757,0,0,1.5436801803696607,2,2
matched,84,sequential,general,10.075097547002505,1.5436801803696607,-2.472080367525993,0.01,3.05757308615057,7.682982535293458,0.01715593076205757,0,0,1.5436801803696607,2,8
matched,85,stop,source_repair,0.926839436332071,15.14437642084345,-15.657287565221392,0.01,-4.6791893873075425,6.71882599260212,0.6099342619621295,0,0,0.0,0,0
matched,85,fixed,general,12.358888025929273,3.712327831246247,-3.419407629186282,0.01,4.229267330835664,10.787021391891336,0.004045634634905106,0,0,3.712327831246247,2,0
matched,85,random,general,13.108493282745616,2.962722574429904,-3.419407629186282,0.01,4.229267330835664,9.544849502390889,0.020026520779596938,0,0,2.962722574429904,2,0
matched,85,entropy,general,12.358888025929273,3.712327831246247,-3.419407629186282,0.01,4.229267330835664,10.787021391891336,0.004045634634905106,0,0,3.712327831246247,2,0
matched,85,myopic,general,14.981195289024525,1.0900205681509956,-3.419407629186282,0.01,4.229267330835664,12.009761510165836,0.013765814713530387,0,0,1.090020568150996,1,2
matched,85,sequential,general,14.981195289024525,1.0900205681509956,-3.419407629186282,0.01,4.229267330835664,12.009761510165836,0.013765814713530387,0,0,1.090020568150996,1,8
matched,86,stop,mechanism_repair,-0.18227035724720464,15.870697250910183,-16.162769028185824,0.01,-5.654773131464471,4.915640315895798,0.7260175393438106,0,0,0.0,0,0
matched,86,fixed,source_repair,-2.197300081599522,17.8857269752625,-15.284357667958334,0.01,-4.567739073182951,6.008770799706039,0.9514371636971488,0,0,3.102063782633837,2,0
matched,86,random,source_repair,-3.3126677425688333,19.001094636231812,-15.284357667958334,0.01,-4.567739073182951,9.142009186903133,1.3054491495052338,0,0,4.217431443603148,2,0
matched,86,entropy,source_repair,-3.3126677425688333,19.001094636231812,-15.284357667958334,0.01,-4.567739073182951,9.142009186903133,1.3054491495052338,0,0,4.217431443603148,2,0
matched,86,myopic,source_repair,-3.3126677425688333,19.001094636231812,-15.284357667958334,0.01,-4.567739073182951,9.142009186903133,1.3054491495052338,0,0,4.217431443603148,2,2
matched,86,sequential,source_repair,-3.3126677425688333,19.001094636231812,-15.284357667958334,0.01,-4.567739073182951,9.142009186903133,1.3054491495052338,0,0,4.217431443603148,2,8
matched,87,stop,source_repair,14.470881781928217,0.0,-1.6881013427216085,0.01,1.6330545598067727,4.7143326754869985,0.40351915000971855,0,0,0.0,0,0
matched,87,fixed,source_repair,10.534197456116704,3.9366843258115125,-1.6881013427216085,0.01,1.6330545598067727,3.8146763468423357,0.23491766922353935,0,0,3.9366843258115116,2,0
matched,87,random,source_repair,9.45249578092276,5.018386001005457,-1.6881013427216085,0.01,1.6330545598067727,2.1822627622140054,0.5076284822235733,0,0,5.018386001005456,2,0
matched,87,entropy,source_repair,9.45249578092276,5.018386001005457,-1.6881013427216085,0.01,1.6330545598067727,2.1822627622140045,0.5076284822235734,0,0,5.018386001005456,2,0
matched,87,myopic,source_repair,11.553351931313834,2.9175298506143825,-1.6881013427216085,0.01,1.6330545598067727,8.310907783933725,0.0769332705221549,0,0,2.917529850614382,1,2
matched,87,sequential,source_repair,11.553351931313834,2.9175298506143825,-1.6881013427216085,0.01,1.6330545598067727,8.310907783933725,0.0769332705221549,0,0,2.917529850614382,1,8
matched,88,stop,source_repair,0.5870433425424427,9.592174228144964,-9.917042874017966,0.01,-2.963713962350197,4.726695601781403,0.5361791173486412,0,0,0.0,0,0
matched,88,fixed,general,7.460302426431735,2.7189151442556714,-2.1657909724866817,0.01,2.6787414659703703,6.49858418315665,0.004067228097787506,0,0,2.7189151442556714,2,0
matched,88,random,general,7.460302426431735,2.7189151442556714,-2.1657909724866817,0.01,2.6787414659703703,6.498584183156648,0.004067228097787496,0,0,2.7189151442556714,2,0
matched,88,entropy,general,9.697900202769006,0.4813173679184004,-2.1657909724866817,0.01,2.6787414659703703,6.511162100323571,0.04012201485266431,0,0,0.48131736791840096,2,0
matched,88,myopic,general,9.697900202769006,0.4813173679184004,-2.1657909724866817,0.01,2.6787414659703703,6.511162100323571,0.04012201485266431,0,0,0.48131736791840096,2,2
matched,88,sequential,general,9.697900202769006,0.4813173679184004,-2.1657909724866817,0.01,2.6787414659703703,6.511162100323571,0.04012201485266431,0,0,0.48131736791840096,2,8
matched,89,stop,source_repair,-7.032411871194663,22.545301584968133,-69.91932263354191,0.08,-8.243120142059679,2.882217226813867,0.7158490805989338,0,0,0.0,0,0
matched,89,fixed,source_repair,-9.888230343269203,25.401120057042675,-69.91932263354191,0.08,-8.243120142059679,7.422299067541381,1.3263347853992746,0,0,2.855818472074541,2,0
matched,89,random,mechanism_repair,11.665041622439979,3.847848091333491,-0.8831914437921085,0.01,0.7267929589539226,5.618856942714661,0.14648085682023457,0,0,3.8478480913334905,2,0
matched,89,entropy,mechanism_repair,11.665041622439979,3.847848091333491,-0.8831914437921085,0.01,0.7267929589539226,5.618856942714661,0.14648085682023457,0,0,3.8478480913334905,2,0
matched,89,myopic,source_repair,-7.968721267741274,23.481610981514745,-69.91932263354191,0.08,-8.243120142059679,8.346730647487476,1.255590411174489,0,0,0.9363093965466112,1,2
matched,89,sequential,source_repair,-7.968721267741274,23.481610981514745,-69.91932263354191,0.08,-8.243120142059679,8.346730647487476,1.255590411174489,0,0,0.9363093965466112,1,8
matched,90,stop,mechanism_repair,-0.17693191103426875,15.405866518610367,-15.689383918219496,0.01,-5.489152661605326,7.2909240809741975,0.9600217489160077,0,0,0.0,0,0
matched,90,fixed,general,11.420000046055272,3.808934561520827,-3.2401988526757664,0.01,4.007614370414762,-0.7117667631538303,0.2589534877418334,0,0,3.8089345615208274,2,0
matched,90,random,general,11.420000046055272,3.808934561520827,-3.2401988526757664,0.01,4.007614370414762,-0.7117667631538303,0.2589534877418334,0,0,3.8089345615208274,2,0
matched,90,entropy,general,11.626398237359782,3.602536370216317,-3.2401988526757664,0.01,4.007614370414762,6.69482696964212,0.044311784708938165,0,0,3.6025363702163173,2,0
matched,90,myopic,general,11.626398237359782,3.602536370216317,-3.2401988526757664,0.01,4.007614370414762,6.69482696964212,0.044311784708938165,0,0,3.6025363702163173,2,2
matched,90,sequential,general,11.626398237359782,3.602536370216317,-3.2401988526757664,0.01,4.007614370414762,6.69482696964212,0.044311784708938165,0,0,3.6025363702163173,2,8
matched,91,stop,source_repair,-8.931342628889857,28.63310864253988,-88.7993249340174,0.08,-10.46897304485258,5.922746550311223,1.0848495927157138,0,0,0.0,0,0
matched,91,fixed,source_repair,-10.815698277545936,30.517464291195957,-88.7993249340174,0.08,-10.46897304485258,12.4869279845549,1.462958255779454,0,0,1.8843556486560797,2,0
matched,91,random,mechanism_repair,17.926637574692688,1.775128438957335,-1.1216756833770614,0.01,0.9230456144457073,3.3757780604704717,0.5266509098499275,0,0,1.7751284389573347,2,0
matched,91,entropy,mechanism_repair,17.06125756465086,2.6405084489991637,-1.1216756833770614,0.01,0.9230456144457073,9.568590474311842,0.1438041692103859,0,0,2.6405084489991637,2,0
matched,91,myopic,mechanism_repair,17.06125756465086,2.6405084489991637,-1.1216756833770614,0.01,0.9230456144457073,9.568590474311842,0.1438041692103859,0,0,2.6405084489991637,2,2
matched,91,sequential,mechanism_repair,17.06125756465086,2.6405084489991637,-1.1216756833770614,0.01,0.9230456144457073,9.568590474311842,0.1438041692103859,0,0,2.6405084489991637,2,8
matched,92,stop,mechanism_repair,-0.1426543325005809,12.421239288936128,-12.64982996631658,0.01,-4.425721761313205,3.657471808800522,0.7966541461787788,0,0,0.0,0,0
matched,92,fixed,general,7.019210005734941,5.259374950700607,-2.612464884347989,0.01,3.2312065674830395,3.5381739454772987,0.05241340723611947,0,0,5.259374950700607,2,0
matched,92,random,mechanism_repair,-3.4638233280448034,15.742408284480351,-12.64982996631658,0.01,-4.425721761313205,7.578649081172813,1.1879391236261014,0,0,3.3211689955442227,2,0
matched,92,entropy,mechanism_repair,-3.4638233280448034,15.742408284480351,-12.64982996631658,0.01,-4.425721761313205,7.578649081172813,1.1879391236261014,0,0,3.3211689955442227,2,0
matched,92,myopic,general,7.019210005734941,5.259374950700607,-2.612464884347989,0.01,3.2312065674830395,3.5381739454773005,0.052413407236119466,0,0,5.259374950700607,2,2
matched,92,sequential,general,7.019210005734941,5.259374950700607,-2.612464884347989,0.01,3.2312065674830395,3.5381739454773005,0.052413407236119466,0,0,5.259374950700607,2,8
matched,93,stop,mechanism_repair,15.570171998132235,0.0,-0.8864526816633234,0.01,0.7294766859521092,5.220269114526631,0.44092052005696425,0,0,0.0,0,0
matched,93,fixed,source_repair,-10.449392082582648,26.019564080714883,-70.17750396501305,0.08,-8.273558362191013,3.177760817653818,0.8124155802961004,0,0,3.391012604838441,2,0
matched,93,random,mechanism_repair,10.86386116949241,4.706310828639825,-0.8864526816633234,0.01,0.7294766859521092,2.5690396784035645,0.27262495341693616,0,0,4.7063108286398245,2,0
matched,93,entropy,mechanism_repair,13.088985609613873,2.4811863885183616,-0.8864526816633234,0.01,0.7294766859521092,9.139481506079742,0.06235004773968786,0,0,2.481186388518362,2,0
matched,93,myopic,mechanism_repair,13.671929691972363,1.8982423061598723,-0.8864526816633234,0.01,0.7294766859521092,8.726854164432336,0.10065459825578042,0,0,1.8982423061598728,1,2
matched,93,sequential,mechanism_repair,13.671929691972363,1.8982423061598723,-0.8864526816633234,0.01,0.7294766859521092,8.726854164432336,0.10065459825578042,0,0,1.8982423061598728,1,8
matched,94,stop,mechanism_repair,12.176995050538352,0.0,-0.6932697929377785,0.01,0.5705032671050466,5.222097233665601,0.35684943537087266,0,0,0.0,0,0
matched,94,fixed,mechanism_repair,11.199651547648742,0.9773435028896102,-0.6932697929377785,0.01,0.5705032671050466,8.757477054906396,0.04278595456271804,0,0,0.9773435028896104,2,0
matched,94,random,mechanism_repair,8.61926316064556,3.5577318898927928,-0.6932697929377785,0.01,0.5705032671050466,6.982209620777136,0.027781714172414936,0,0,3.5577318898927923,2,0
matched,94,entropy,mechanism_repair,11.199651547648742,0.9773435028896102,-0.6932697929377785,0.01,0.5705032671050466,8.757477054906396,0.04278595456271804,0,0,0.9773435028896104,2,0
matched,94,myopic,mechanism_repair,11.199651547648742,0.9773435028896102,-0.6932697929377785,0.01,0.5705032671050466,8.757477054906396,0.042785954562718054,0,0,0.9773435028896104,2,2
matched,94,sequential,mechanism_repair,11.199651547648742,0.9773435028896102,-0.6932697929377785,0.01,0.5705032671050466,8.757477054906396,0.042785954562718054,0,0,0.9773435028896104,2,8
matched,95,stop,mechanism_repair,-0.1638752130967982,14.268989940368211,-14.531585161354652,0.01,-5.0840804063163345,5.686953262891656,0.5078315541096866,0,0,0.0,0,0
matched,95,fixed,general,8.790273979109756,5.314840748161657,-3.0010882398449845,0.01,3.7118722966503728,2.910724092976462,0.10875155963713785,0,0,5.314840748161657,2,0
matched,95,random,mechanism_repair,-4.412323999314254,18.517438726585667,-14.531585161354652,0.01,-5.0840804063163345,6.351984805900796,0.8838304385260198,0,0,4.248448786217456,2,0
matched,95,entropy,general,8.790273979109756,5.314840748161657,-3.0010882398449845,0.01,3.7118722966503728,2.910724092976462,0.10875155963713785,0,0,5.314840748161657,2,0
matched,95,myopic,mechanism_repair,-0.1638752130967982,14.268989940368211,-14.531585161354652,0.01,-5.0840804063163345,5.686953262891656,0.5078315541096866,0,0,0.0,0,1
matched,95,sequential,mechanism_repair,-0.1638752130967982,14.268989940368211,-14.531585161354652,0.01,-5.0840804063163345,5.686953262891656,0.5078315541096866,0,0,0.0,0,7
matched,96,stop,source_repair,0.634951871664792,10.374990291377138,-10.72637142424018,0.01,-3.205582264715456,5.392957855997882,0.6780838892568672,0,0,0.0,0,0
matched,96,fixed,source_repair,-1.926707232786439,12.93664939582837,-10.72637142424018,0.01,-3.205582264715456,3.3370311513824604,0.5306422130577724,0,0,2.561659104451231,2,0
matched,96,random,source_repair,-4.258915864875262,15.268858027917194,-10.72637142424018,0.01,-3.205582264715456,4.750198939248204,1.2423823891796688,0,0,4.893867736540054,2,0
matched,96,entropy,general,7.873130366937999,3.136811796103932,-2.3425408857536034,0.01,2.897353200800508,1.30394257248423,0.15802720919262175,0,0,3.136811796103932,2,0
matched,96,myopic,source_repair,0.634951871664792,10.374990291377138,-10.72637142424018,0.01,-3.205582264715456,5.392957855997882,0.6780838892568672,0,0,0.0,0,1
matched,96,sequential,source_repair,-1.926707232786439,12.93664939582837,-10.72637142424018,0.01,-3.205582264715456,3.3370311513824604,0.5306422130577724,0,0,2.561659104451231,2,8
matched,97,stop,mechanism_repair,-7.824011718732081,26.17739316423492,-88.43320800470525,0.08,-9.355302531024083,4.497673958408811,1.0866793016237228,0,0,0.0,0,0
matched,97,fixed,source_repair,16.174056317040435,2.1793251284624056,-2.141014509587602,0.01,2.0711988190575705,9.984151793635522,0.10441913092421078,0,0,2.1793251284624064,2,0
matched,97,random,source_repair,14.16703368479292,4.186347760709921,-2.141014509587602,0.01,2.0711988190575705,4.576649483611436,0.5003245664516189,0,0,4.18634776070992,2,0
matched,97,entropy,source_repair,16.174056317040435,2.1793251284624056,-2.141014509587602,0.01,2.0711988190575705,9.984151793635522,0.10441913092421083,0,0,2.1793251284624064,2,0
matched,97,myopic,source_repair,14.458039201044803,3.8953422444580372,-2.141014509587602,0.01,2.0711988190575705,9.158296002753202,0.1742796231573682,0,0,3.895342244458037,2,2
matched,97,sequential,source_repair,14.458039201044803,3.8953422444580372,-2.141014509587602,0.01,2.0711988190575705,9.158296002753202,0.1742796231573682,0,0,3.895342244458037,2,8
matched,98,stop,mechanism_repair,19.49399222357665,0.0,-1.1098465505060817,0.01,0.9133112238539647,7.749327186938346,0.4993154478408856,0,0,0.0,0,0
matched,98,fixed,mechanism_repair,15.398485034578462,4.095507188998189,-1.1098465505060817,0.01,0.9133112238539647,11.121282928641103,0.05313941132279525,0,0,4.095507188998189,2,0
matched,98,random,mechanism_repair,15.398485034578462,4.095507188998189,-1.1098465505060817,0.01,0.9133112238539647,11.121282928641103,0.05313941132279525,0,0,4.095507188998189,2,0
matched,98,entropy,mechanism_repair,15.398485034578462,4.095507188998189,-1.1098465505060817,0.01,0.9133112238539647,11.121282928641103,0.05313941132279525,0,0,4.095507188998189,2,0
matched,98,myopic,mechanism_repair,17.390786581453867,2.1032056421227843,-1.1098465505060817,0.01,0.9133112238539647,10.23783445703648,0.1299916090028462,0,0,2.103205642122784,1,2
matched,98,sequential,mechanism_repair,17.390786581453867,2.1032056421227843,-1.1098465505060817,0.01,0.9133112238539647,10.23783445703648,0.1299916090028462,0,0,2.103205642122784,1,8
matched,99,stop,mechanism_repair,-7.562027542238094,25.300852709359074,-85.47205431441033,0.08,-9.042043640629727,6.7971460377730235,0.9174273754388907,0,0,0.0,0,0
matched,99,fixed,general,-22.587772104731084,40.326597271852066,-85.47205431441033,0.3,-24.29205754199031,6.890836876807609,1.6681018550085538,1,0,4.7398576051298695,2,0
matched,99,random,general,-22.587772104731084,40.326597271852066,-85.47205431441033,0.3,-24.29205754199031,6.890836876807609,1.6681018550085538,1,0,4.7398576051298695,2,0
matched,99,entropy,general,-20.79535833828316,38.534183505404144,-85.47205431441033,0.3,-24.29205754199031,10.355343997974234,1.707183143272222,1,0,2.94744383868195,2,0
matched,99,myopic,general,-20.79535833828316,38.534183505404144,-85.47205431441033,0.3,-24.29205754199031,10.355343997974234,1.707183143272222,1,0,2.94744383868195,2,2
matched,99,sequential,general,-20.79535833828316,38.534183505404144,-85.47205431441033,0.3,-24.29205754199031,10.355343997974234,1.707183143272222,1,0,2.94744383868195,2,8
matched,100,stop,source_repair,14.160841236986663,0.0,-1.6519335494868104,0.01,1.5980661511339798,5.2069360023907,0.43734087321604337,0,0,0.0,0,0
matched,100,fixed,source_repair,9.74513001520568,4.415711221780983,-1.6519335494868104,0.01,1.5980661511339798,7.219129842517967,0.028159809214954954,0,0,4.415711221780983,2,0
matched,100,random,source_repair,9.74513001520568,4.415711221780983,-1.6519335494868104,0.01,1.5980661511339798,7.219129842517967,0.02815980921495493,0,0,4.415711221780983,2,0
matched,100,entropy,mechanism_repair,-10.181646273225258,24.34248751021192,-68.23203791358564,0.08,-7.218231379279324,1.8860606124877277,0.687762003185041,0,0,4.144906497818022,2,0
matched,100,myopic,mechanism_repair,-8.651280085404352,22.812121322391015,-68.23203791358564,0.08,-7.218231379279324,8.362238193347894,1.367026510103502,0,0,2.614540309997116,1,2
matched,100,sequential,mechanism_repair,-8.651280085404352,22.812121322391015,-68.23203791358564,0.08,-7.218231379279324,8.362238193347894,1.367026510103502,0,0,2.614540309997116,1,8
matched,101,stop,source_repair,14.99753533562067,0.0,-1.7495381358994488,0.01,1.6924879792940337,4.948449231092938,0.43525066165943826,0,0,0.0,0,0
matched,101,fixed,source_repair,11.560381548426633,3.4371537871940365,-1.7495381358994488,0.01,1.6924879792940337,10.592783170412801,0.003709616693334583,0,0,3.4371537871940374,2,0
matched,101,random,source_repair,11.979612364673585,3.017922970947085,-1.7495381358994488,0.01,1.6924879792940337,11.05578679331585,0.004319828684553538,0,0,3.017922970947086,2,0
matched,101,entropy,source_repair,11.560381548426633,3.4371537871940365,-1.7495381358994488,0.01,1.6924879792940337,10.592783170412801,0.003709616693334593,0,0,3.4371537871940374,2,0
matched,101,myopic,source_repair,13.139488823515304,1.858046512105366,-1.7495381358994488,0.01,1.6924879792940337,11.797146677100518,0.007766274873679832,0,0,1.8580465121053658,1,2
matched,101,sequential,source_repair,13.139488823515304,1.858046512105366,-1.7495381358994488,0.01,1.6924879792940337,11.797146677100518,0.007766274873679832,0,0,1.8580465121053658,1,8
matched,102,stop,source_repair,19.00232751300778,0.0,-2.216717341275236,0.01,2.144433080146697,5.668842823124643,0.4448913532749906,0,0,0.0,0,0
matched,102,fixed,mechanism_repair,-11.122796279295295,30.12512379230308,-91.5600640961511,0.08,-9.686090991224406,6.243987312093109,0.8322129768281461,0,0,3.022140082156876,2,0
matched,102,random,source_repair,15.755709632359778,3.246617880648003,-2.216717341275236,0.01,2.144433080146697,8.727942731554041,0.12811904662382934,0,0,3.246617880648002,2,0
matched,102,entropy,source_repair,16.619880524447474,2.3824469885603072,-2.216717341275236,0.01,2.144433080146697,3.4730101105965163,0.5271363000421349,0,0,2.3824469885603072,2,0
matched,102,myopic,source_repair,17.698865119482065,1.3034623935257166,-2.216717341275236,0.01,2.144433080146697,9.375914781199135,0.21126753546815158,0,0,1.3034623935257168,1,2
matched,102,sequential,source_repair,17.698865119482065,1.3034623935257166,-2.216717341275236,0.01,2.144433080146697,9.375914781199135,0.21126753546815158,0,0,1.3034623935257168,1,8
matched,103,stop,mechanism_repair,12.262644774025874,0.0,-0.6981460670777384,0.01,0.5745160343660562,3.612720051513044,0.4773579357421066,0,0,0.0,0,0
matched,103,fixed,mechanism_repair,10.946848700559856,1.315796073466018,-0.6981460670777384,0.01,0.5745160343660562,5.86444157018955,0.17122756859560537,0,0,1.315796073466018,2,0
matched,103,random,mechanism_repair,10.047028575049797,2.215616198976077,-0.6981460670777384,0.01,0.5745160343660562,7.51649212288773,0.04298270539074847,0,0,2.2156161989760768,2,0
matched,103,entropy,mechanism_repair,10.047028575049797,2.215616198976077,-0.6981460670777384,0.01,0.5745160343660562,7.51649212288773,0.04298270539074847,0,0,2.2156161989760768,2,0
matched,103,myopic,mechanism_repair,10.696548079183955,1.566096694841919,-0.6981460670777384,0.01,0.5745160343660562,7.705697013682205,0.057070156720576186,0,0,1.5660966948419184,1,2
matched,103,sequential,mechanism_repair,10.696548079183955,1.566096694841919,-0.6981460670777384,0.01,0.5745160343660562,7.705697013682205,0.057070156720576186,0,0,1.5660966948419184,1,8
matched,104,stop,source_repair,0.8925354450570077,14.583855864378098,-15.077783246594114,0.01,-4.506004188637322,6.329289974045962,1.0816774068245727,0,0,0.0,0,0
matched,104,fixed,mechanism_repair,-3.5882722958028275,19.064663605237932,-15.944322513639753,0.01,-5.578346531606299,4.437100065323904,0.548738266471834,0,0,3.4084653978908577,2,0
matched,104,random,mechanism_repair,-3.5882722958028275,19.064663605237932,-15.944322513639753,0.01,-5.578346531606299,4.437100065323904,0.548738266471834,0,0,3.4084653978908577,2,0
matched,104,entropy,general,10.715280780309056,4.761110529126048,-3.29284921477343,0.01,4.072734555114502,-0.09595586458786176,0.19766870089481384,0,0,4.761110529126048,2,0
matched,104,myopic,source_repair,-1.4532381140936828,16.929629423528787,-15.077783246594114,0.01,-4.506004188637322,10.309545850898711,1.1509919722488624,0,0,2.3457735591506905,1,2
matched,104,sequential,source_repair,-1.4532381140936828,16.929629423528787,-15.077783246594114,0.01,-4.506004188637322,10.309545850898711,1.1509919722488624,0,0,2.3457735591506905,1,8
matched,105,stop,mechanism_repair,16.87612361969627,0.0,-0.9608040964837161,0.01,0.7906617043980582,4.7105787703111375,0.5397486577385536,0,0,0.0,0,0
matched,105,fixed,mechanism_repair,12.357457439002154,4.518666180694115,-0.9608040964837161,0.01,0.7906617043980582,10.41493117530191,0.015003860379395311,0,0,4.518666180694114,2,0
matched,105,random,mechanism_repair,13.115719943886452,3.760403675809817,-0.9608040964837161,0.01,0.7906617043980582,11.201576804040926,0.023006941492816405,0,0,3.760403675809817,2,0
matched,105,entropy,mechanism_repair,13.504467822017945,3.371655797678324,-0.9608040964837161,0.01,0.7906617043980582,10.952049685005488,0.022631812271209608,0,0,3.371655797678324,2,0
matched,105,myopic,mechanism_repair,15.569426973299256,1.3066966463970129,-0.9608040964837161,0.01,0.7906617043980582,11.761301602503064,0.05288724181905713,0,0,1.3066966463970136,1,2
matched,105,sequential,mechanism_repair,12.357457439002154,4.518666180694115,-0.9608040964837161,0.01,0.7906617043980582,10.414931175301906,0.015003860379395332,0,0,4.518666180694114,2,8
matched,106,stop,source_repair,0.6938590728396942,11.337522520283546,-11.721502783893865,0.01,-3.502977843462534,3.2218629138244457,0.7094281823926749,0,0,0.0,0,0
matched,106,fixed,source_repair,-1.1156835030763923,13.147065096199633,-11.721502783893865,0.01,-3.502977843462534,3.623686125411256,0.6530657157682791,0,0,1.8095425759160866,2,0
matched,106,random,source_repair,-1.1156835030763923,13.147065096199633,-11.721502783893865,0.01,-3.502977843462534,3.623686125411256,0.6530657157682791,0,0,1.8095425759160866,2,0
matched,106,entropy,source_repair,-1.1156835030763923,13.147065096199633,-11.721502783893865,0.01,-3.502977843462534,3.623686125411256,0.6530657157682791,0,0,1.8095425759160866,2,0
matched,106,myopic,source_repair,-0.33957743377347815,12.370959026896719,-11.721502783893865,0.01,-3.502977843462534,5.560344396457928,1.0120646084524412,0,0,1.0334365066131723,1,2
matched,106,sequential,source_repair,-0.33957743377347815,12.370959026896719,-11.721502783893865,0.01,-3.502977843462534,5.560344396457928,1.0120646084524412,0,0,1.0334365066131723,1,8
matched,107,stop,source_repair,17.522451971187845,0.0,-2.0440823956752463,0.01,1.9774275349467045,5.903387925644523,0.5372061949712211,0,0,0.0,0,0
matched,107,fixed,source_repair,14.340672198396582,3.1817797727912627,-2.0440823956752463,0.01,1.9774275349467045,6.160871358490291,0.35033561987897666,0,0,3.181779772791262,2,0
matched,107,random,source_repair,16.80217381537586,0.720278155811986,-2.0440823956752463,0.01,1.9774275349467045,12.552871995963784,0.0987760282969949,0,0,0.7202781558119844,2,0
matched,107,entropy,source_repair,16.80217381537586,0.720278155811986,-2.0440823956752463,0.01,1.9774275349467045,12.552871995963782,0.09877602829699497,0,0,0.7202781558119844,2,0
matched,107,myopic,source_repair,17.161625272436947,0.36082669875089834,-2.0440823956752463,0.01,1.9774275349467045,11.497568064041849,0.12765974818517503,0,0,0.360826698750899,1,2
matched,107,sequential,source_repair,17.161625272436947,0.36082669875089834,-2.0440823956752463,0.01,1.9774275349467045,11.497568064041849,0.12765974818517503,0,0,0.360826698750899,1,8
matched,108,stop,mechanism_repair,16.38915708373888,0.0,-0.9330797533145141,0.01,0.7678468803317351,4.6558723739239545,0.5650310515057486,0,0,0.0,0,0
matched,108,fixed,mechanism_repair,11.155191555180567,5.233965528558313,-0.9330797533145141,0.01,0.7678468803317351,8.65639747514257,0.029901515184903214,0,0,5.233965528558313,2,0
matched,108,random,mechanism_repair,11.115687359088222,5.273469724650658,-0.9330797533145141,0.01,0.7678468803317351,6.3296450579896515,0.15462733389098782,0,0,5.273469724650658,2,0
matched,108,entropy,mechanism_repair,11.155191555180567,5.233965528558313,-0.9330797533145141,0.01,0.7678468803317351,8.65639747514257,0.02990151518490322,0,0,5.233965528558313,2,0
matched,108,myopic,mechanism_repair,11.155191555180567,5.233965528558313,-0.9330797533145141,0.01,0.7678468803317351,8.65639747514257,0.02990151518490322,0,0,5.233965528558313,2,2
matched,108,sequential,mechanism_repair,11.155191555180567,5.233965528558313,-0.9330797533145141,0.01,0.7678468803317351,8.65639747514257,0.02990151518490322,0,0,5.233965528558313,2,8
matched,109,stop,source_repair,-6.033544871236169,19.343020750198,-59.988148902923704,0.08,-7.072287028555216,3.262009972750623,0.6848523367848367,0,0,0.0,0,0
matched,109,fixed,source_repair,-8.16203329512598,21.471509174087814,-59.988148902923704,0.08,-7.072287028555216,4.449808029679868,0.9835917643055666,0,0,2.1284884238898107,2,0
matched,109,random,source_repair,-8.16203329512598,21.471509174087814,-59.988148902923704,0.08,-7.072287028555216,4.449808029679868,0.9835917643055666,0,0,2.1284884238898107,2,0
matched,109,entropy,source_repair,-8.037729297169214,21.347205176131048,-59.988148902923704,0.08,-7.072287028555216,6.544369920687573,1.4177132041531408,0,0,2.004184425933045,2,0
matched,109,myopic,source_repair,-7.4253693848979525,20.734845263859786,-59.988148902923704,0.08,-7.072287028555216,4.930875664148309,1.2100946256323617,0,0,1.3918245136617842,1,2
matched,109,sequential,source_repair,-7.4253693848979525,20.734845263859786,-59.988148902923704,0.08,-7.072287028555216,4.930875664148309,1.2100946256323617,0,0,1.3918245136617842,1,8
matched,110,stop,source_repair,17.85271023370827,0.0,-2.0826086876322325,0.01,2.014697534774661,5.197310549302917,0.508374316073523,0,0,0.0,0,0
matched,110,fixed,source_repair,14.42343451721436,3.4292757164939083,-2.0826086876322325,0.01,2.014697534774661,11.324958758173008,0.026698495205990862,0,0,3.429275716493909,2,0
matched,110,random,source_repair,12.72191972677846,5.130790506929809,-2.0826086876322325,0.01,2.014697534774661,10.243175276748563,0.027339320388207702,0,0,5.13079050692981,2,0
matched,110,entropy,source_repair,14.42343451721436,3.4292757164939083,-2.0826086876322325,0.01,2.014697534774661,11.324958758173008,0.026698495205990862,0,0,3.429275716493909,2,0
matched,110,myopic,source_repair,15.51304897159779,2.3396612621104786,-2.0826086876322325,0.01,2.014697534774661,11.48177753636575,0.051584111236510674,0,0,2.339661262110479,1,2
matched,110,sequential,source_repair,15.51304897159779,2.3396612621104786,-2.0826086876322325,0.01,2.014697534774661,11.48177753636575,0.051584111236510674,0,0,2.339661262110479,1,8
matched,111,stop,mechanism_repair,-0.12004690113157251,10.45275848768524,-10.645122799137038,0.01,-3.7243466314915588,4.542919086112685,0.6196596392508442,0,0,0.0,0,0
matched,111,fixed,general,7.463432374488522,2.8692792120651456,-2.1984492737348247,0.01,2.7191346280404396,4.6650294888346835,0.04284765323599432,0,0,2.8692792120651456,2,0
matched,111,random,mechanism_repair,-2.8994352406760098,13.232146827229677,-10.645122799137038,0.01,-3.7243466314915588,0.3897708709358647,0.2787017082615615,0,0,2.7793883395444374,2,0
matched,111,entropy,general,7.463432374488522,2.8692792120651456,-2.1984492737348247,0.01,2.7191346280404396,4.665029488834684,0.04284765323599428,0,0,2.8692792120651456,2,0
matched,111,myopic,mechanism_repair,-0.12004690113157251,10.45275848768524,-10.645122799137038,0.01,-3.7243466314915588,4.542919086112685,0.6196596392508442,0,0,0.0,0,1
matched,111,sequential,mechanism_repair,-0.12004690113157251,10.45275848768524,-10.645122799137038,0.01,-3.7243466314915588,4.542919086112685,0.6196596392508442,0,0,0.0,0,7
matched,112,stop,mechanism_repair,19.855690277427886,0.0,-1.1304390147272425,0.01,0.9302571058692937,4.082355122495953,0.6294426584165363,0,0,0.0,0,0
matched,112,fixed,mechanism_repair,18.195166378209866,1.6605238992180205,-1.1304390147272425,0.01,0.9302571058692937,8.941418346054384,0.21240869476750962,0,0,1.6605238992180216,2,0
matched,112,random,mechanism_repair,17.5646560695169,2.291034207910986,-1.1304390147272425,0.01,0.9302571058692937,13.765384275547543,0.036542167076103645,0,0,2.291034207910985,2,0
matched,112,entropy,mechanism_repair,17.5646560695169,2.291034207910986,-1.1304390147272425,0.01,0.9302571058692937,13.765384275547543,0.03654216707610363,0,0,2.291034207910985,2,0
matched,112,myopic,mechanism_repair,18.731808646869514,1.1238816305583725,-1.1304390147272425,0.01,0.9302571058692937,13.558357715262153,0.06771264495380333,0,0,1.123881630558373,1,2
matched,112,sequential,mechanism_repair,18.731808646869514,1.1238816305583725,-1.1304390147272425,0.01,0.9302571058692937,13.558357715262153,0.06771264495380333,0,0,1.123881630558373,1,8
matched,113,stop,mechanism_repair,-8.068653075186178,26.995908422436564,-91.19833933880867,0.08,-9.647824319526602,6.027013366818144,0.8937673537074118,0,0,0.0,0,0
matched,113,fixed,source_repair,16.897531923506072,2.029723423744315,-2.2079597945185236,0.01,2.135961105566835,7.798565845153978,0.21028874783939042,0,0,2.029723423744316,2,0
matched,113,random,source_repair,16.897531923506072,2.029723423744315,-2.2079597945185236,0.01,2.135961105566835,7.798565845153978,0.21028874783939042,0,0,2.029723423744316,2,0
matched,113,entropy,source_repair,16.897531923506072,2.029723423744315,-2.2079597945185236,0.01,2.135961105566835,7.798565845153978,0.21028874783939042,0,0,2.029723423744316,2,0
matched,113,myopic,source_repair,17.867043551410777,1.06021179583961,-2.2079597945185236,0.01,2.135961105566835,7.825654246418503,0.28330429108318594,0,0,1.0602117958396093,1,2
matched,113,sequential,source_repair,17.867043551410777,1.06021179583961,-2.2079597945185236,0.01,2.135961105566835,7.825654246418503,0.28330429108318594,0,0,1.0602117958396093,1,8
matched,114,stop,source_repair,0.7891600479927804,12.89472194924126,-13.331441587450858,0.01,-3.984108980157728,3.21636865057985,0.6507298509871682,0,0,0.0,0,0
matched,114,fixed,general,10.093823926880447,3.590058070353594,-2.911464254730649,0.01,3.6010215782194845,2.1704208052123013,0.19135799314857593,0,0,3.590058070353593,2,0
matched,114,random,general,10.135741345848533,3.5481406513855074,-2.911464254730649,0.01,3.6010215782194845,0.7703853791654591,0.23395692497293663,0,0,3.5481406513855065,2,0
matched,114,entropy,general,10.093823926880447,3.590058070353594,-2.911464254730649,0.01,3.6010215782194845,2.1704208052123004,0.19135799314857596,0,0,3.590058070353593,2,0
matched,114,myopic,mechanism_repair,-0.8309186301155626,14.514800627349603,-14.097616391327344,0.01,-4.932250299954879,5.851940633029647,0.4683546719331653,0,0,0.6719373583111914,1,2
matched,114,sequential,mechanism_repair,-0.8309186301155626,14.514800627349603,-14.097616391327344,0.01,-4.932250299954879,5.851940633029647,0.4683546719331653,0,0,0.6719373583111914,1,8
matched,115,stop,mechanism_repair,12.218488794594254,0.0,-0.6956321458196246,0.01,0.5724472866640649,4.0795023794576135,0.5396316398746449,0,0,0.0,0,0
matched,115,fixed,mechanism_repair,9.050308370927072,3.1681804236671827,-0.6956321458196246,0.01,0.5724472866640649,3.756727035123752,0.2386524352994493,0,0,3.168180423667182,2,0
matched,115,random,mechanism_repair,8.565779073551543,3.6527097210427115,-0.6956321458196246,0.01,0.5724472866640649,7.168076198305118,0.019838805257826293,0,0,3.6527097210427124,2,0
matched,115,entropy,mechanism_repair,9.877115897725945,2.341372896868309,-0.6956321458196246,0.01,0.5724472866640649,8.602236178206532,0.011248709161248961,0,0,2.3413728968683096,2,0
matched,115,myopic,mechanism_repair,10.805537697472335,1.412951097121919,-0.6956321458196246,0.01,0.5724472866640649,9.012780249255488,0.026181819789563316,0,0,1.41295109712192,1,2
matched,115,sequential,mechanism_repair,10.805537697472335,1.412951097121919,-0.6956321458196246,0.01,0.5724472866640649,9.012780249255488,0.026181819789563316,0,0,1.41295109712192,1,8
matched,116,stop,source_repair,0.7390729232170269,12.076308056060745,-12.485309576675993,0.01,-3.7312419424548944,4.369245785891845,0.5011622070619117,0,0,0.0,0,0
matched,116,fixed,general,9.911253462021744,2.9041275172560272,-2.7266768041016554,0.01,3.3724686787573086,9.135773721693447,0.002066635197784529,0,0,2.904127517256027,2,0
matched,116,random,general,9.886685041112825,2.928695938164946,-2.7266768041016554,0.01,3.3724686787573086,6.818345412896683,0.023198018489010777,0,0,2.9286959381649456,2,0
matched,116,entropy,general,9.911253462021744,2.9041275172560272,-2.7266768041016554,0.01,3.3724686787573086,9.135773721693447,0.002066635197784529,0,0,2.904127517256027,2,0
matched,116,myopic,general,9.911253462021744,2.9041275172560272,-2.7266768041016554,0.01,3.3724686787573086,9.135773721693447,0.002066635197784529,0,0,2.904127517256027,2,2
matched,116,sequential,general,9.911253462021744,2.9041275172560272,-2.7266768041016554,0.01,3.3724686787573086,9.135773721693447,0.002066635197784529,0,0,2.904127517256027,2,8
matched,117,stop,mechanism_repair,-0.17263105016872948,15.03138071770368,-15.308006376407787,0.01,-5.3557223395720195,4.598044741267516,0.3803024074818391,0,0,0.0,0,0
matched,117,fixed,general,11.109070015277041,3.7496796522579103,-3.1614360994755186,0.01,3.9101972809302508,9.00450888786181,0.01177922676061163,0,0,3.7496796522579112,2,0
matched,117,random,general,11.109070015277041,3.7496796522579103,-3.1614360994755186,0.01,3.9101972809302508,9.00450888786181,0.011779226760611631,0,0,3.7496796522579112,2,0
matched,117,entropy,general,11.77017879300928,3.088570874525672,-3.1614360994755186,0.01,3.9101972809302508,10.388021193719844,0.0035249135788442687,0,0,3.088570874525673,2,0
matched,117,myopic,general,11.77017879300928,3.088570874525672,-3.1614360994755186,0.01,3.9101972809302508,10.388021193719844,0.0035249135788442687,0,0,3.088570874525673,2,2
matched,117,sequential,general,11.77017879300928,3.088570874525672,-3.1614360994755186,0.01,3.9101972809302508,10.388021193719844,0.0035249135788442687,0,0,3.088570874525673,2,8
matched,118,stop,source_repair,-8.503185913924193,27.260475406413697,-84.54240312117197,0.08,-9.967104367969752,4.1591263390760345,0.6252774387070612,0,0,0.0,0,0
matched,118,fixed,mechanism_repair,16.180766331090958,2.576523161398544,-1.0679040394253292,0.01,0.8787960324437616,10.099228979125373,0.13019692756867107,0,0,2.576523161398546,2,0
matched,118,random,mechanism_repair,16.180766331090958,2.576523161398544,-1.0679040394253292,0.01,0.8787960324437616,10.099228979125373,0.13019692756867107,0,0,2.576523161398546,2,0
matched,118,entropy,mechanism_repair,15.619045402527346,3.1382440899621553,-1.0679040394253292,0.01,0.8787960324437616,14.563844454103444,0.004794975028471697,0,0,3.1382440899621558,2,0
matched,118,myopic,mechanism_repair,17.613069776111406,1.144219716378096,-1.0679040394253292,0.01,0.8787960324437616,15.004205100373,0.018868667390216563,0,0,1.144219716378097,1,2
matched,118,sequential,mechanism_repair,17.613069776111406,1.144219716378096,-1.0679040394253292,0.01,0.8787960324437616,15.004205100373,0.018868667390216563,0,0,1.144219716378097,1,8
matched,119,stop,mechanism_repair,-5.009611736595024,16.761040338812943,-56.622619271448805,0.08,-5.990077091348005,5.050159917439386,1.1021025946667629,0,0,0.0,0,0
matched,119,fixed,mechanism_repair,-6.61083707133396,18.36226567355188,-56.622619271448805,0.08,-5.990077091348005,6.8541688016831195,1.39075397861158,0,0,1.6012253347389365,2,0
matched,119,random,mechanism_repair,-9.191541991266703,20.942970593484624,-56.622619271448805,0.08,-5.990077091348005,5.92566562451767,1.551052115242561,0,0,4.181930254671681,2,0
matched,119,entropy,mechanism_repair,-6.61083707133396,18.36226567355188,-56.622619271448805,0.08,-5.990077091348005,6.8541688016831195,1.39075397861158,0,0,1.6012253347389365,2,0
matched,119,myopic,mechanism_repair,-5.009611736595024,16.761040338812943,-56.622619271448805,0.08,-5.990077091348005,5.050159917439386,1.1021025946667629,0,0,0.0,0,1
matched,119,sequential,mechanism_repair,-5.009611736595024,16.761040338812943,-56.622619271448805,0.08,-5.990077091348005,5.050159917439386,1.1021025946667629,0,0,0.0,0,7
disclosed_no_signal,0,stop,mechanism_repair,-0.1884601903550822,16.409660189110568,-16.71165061461931,0.01,-5.846807110413686,4.74689363109968,1.1347921649891242,0,0,0.0,0,0
disclosed_no_signal,0,fixed,mechanism_repair,-5.547958329010752,21.769158327766235,-16.71165061461931,0.01,-5.846807110413686,-0.6126045075559903,1.1347921649891242,0,0,5.35949813865567,2,0
disclosed_no_signal,0,random,mechanism_repair,-3.548169302643247,19.769369301398733,-16.71165061461931,0.01,-5.846807110413686,1.387184518811515,1.1347921649891242,0,0,3.359709112288165,2,0
disclosed_no_signal,0,entropy,mechanism_repair,-0.1884601903550822,16.409660189110568,-16.71165061461931,0.01,-5.846807110413686,4.74689363109968,1.1347921649891242,0,0,0.0,0,0
disclosed_no_signal,0,myopic,mechanism_repair,-0.1884601903550822,16.409660189110568,-16.71165061461931,0.01,-5.846807110413686,4.74689363109968,1.1347921649891242,0,0,0.0,0,1
disclosed_no_signal,0,sequential,mechanism_repair,-0.1884601903550822,16.409660189110568,-16.71165061461931,0.01,-5.846807110413686,4.74689363109968,1.1347921649891242,0,0,0.0,0,7
disclosed_no_signal,1,stop,source_repair,18.350316118724976,0.0,-2.1406569237592077,0.01,2.0708528936366233,9.047050237938336,0.39411963104072106,0,0,0.0,0,0
disclosed_no_signal,1,fixed,source_repair,13.610296455667172,4.740019663057804,-2.1406569237592077,0.01,2.0708528936366233,4.307030574880533,0.39411963104072106,0,0,4.7400196630578035,2,0
disclosed_no_signal,1,random,source_repair,13.797378733854226,4.55293738487075,-2.1406569237592077,0.01,2.0708528936366233,4.494112853067586,0.39411963104072106,0,0,4.55293738487075,2,0
disclosed_no_signal,1,entropy,source_repair,18.350316118724976,0.0,-2.1406569237592077,0.01,2.0708528936366233,9.047050237938336,0.39411963104072106,0,0,0.0,0,0
disclosed_no_signal,1,myopic,source_repair,18.350316118724976,0.0,-2.1406569237592077,0.01,2.0708528936366233,9.047050237938336,0.39411963104072106,0,0,0.0,0,1
disclosed_no_signal,1,sequential,source_repair,18.350316118724976,0.0,-2.1406569237592077,0.01,2.0708528936366233,9.047050237938336,0.39411963104072106,0,0,0.0,0,7
disclosed_no_signal,2,stop,mechanism_repair,21.397461311206825,0.0,-1.2182162767618654,0.01,1.0024904777519508,6.715657034057106,0.5010511701221808,0,0,0.0,0,0
disclosed_no_signal,2,fixed,mechanism_repair,18.100976519868954,3.296484791337871,-1.2182162767618654,0.01,1.0024904777519508,3.419172242719235,0.5010511701221808,0,0,3.2964847913378708,2,0
disclosed_no_signal,2,random,mechanism_repair,19.634119496123734,1.7633418150830913,-1.2182162767618654,0.01,1.0024904777519508,4.952315218974014,0.5010511701221808,0,0,1.7633418150830922,2,0
disclosed_no_signal,2,entropy,mechanism_repair,21.397461311206825,0.0,-1.2182162767618654,0.01,1.0024904777519508,6.715657034057106,0.5010511701221808,0,0,0.0,0,0
disclosed_no_signal,2,myopic,mechanism_repair,21.397461311206825,0.0,-1.2182162767618654,0.01,1.0024904777519508,6.715657034057106,0.5010511701221808,0,0,0.0,0,1
disclosed_no_signal,2,sequential,mechanism_repair,21.397461311206825,0.0,-1.2182162767618654,0.01,1.0024904777519508,6.715657034057106,0.5010511701221808,0,0,0.0,0,7
disclosed_no_signal,3,stop,mechanism_repair,18.124995011742335,0.0,-1.0319057769702678,0.01,0.849172462298449,4.37205277862518,0.5533003452073044,0,0,0.0,0,0
disclosed_no_signal,3,fixed,mechanism_repair,13.05158317189551,5.073411839846825,-1.0319057769702678,0.01,0.849172462298449,-0.7013590612216447,0.5533003452073044,0,0,5.073411839846825,2,0
disclosed_no_signal,3,random,mechanism_repair,13.31446384677657,4.810531164965765,-1.0319057769702678,0.01,0.849172462298449,-0.43847838634058434,0.5533003452073044,0,0,4.810531164965765,2,0
disclosed_no_signal,3,entropy,mechanism_repair,18.124995011742335,0.0,-1.0319057769702678,0.01,0.849172462298449,4.37205277862518,0.5533003452073044,0,0,0.0,0,0
disclosed_no_signal,3,myopic,mechanism_repair,18.124995011742335,0.0,-1.0319057769702678,0.01,0.849172462298449,4.37205277862518,0.5533003452073044,0,0,0.0,0,1
disclosed_no_signal,3,sequential,mechanism_repair,18.124995011742335,0.0,-1.0319057769702678,0.01,0.849172462298449,4.37205277862518,0.5533003452073044,0,0,0.0,0,7
disclosed_no_signal,4,stop,mechanism_repair,-0.1952022675371453,16.99670828302351,-17.30950227799267,0.01,-6.055973962748795,10.392080772767262,0.8433078970882854,0,0,0.0,0,0
disclosed_no_signal,4,fixed,mechanism_repair,-3.3839843983751248,20.185490413861487,-17.30950227799267,0.01,-6.055973962748795,7.203298641929282,0.8433078970882854,0,0,3.1887821308379793,2,0
disclosed_no_signal,4,random,mechanism_repair,-3.3839843983751248,20.185490413861487,-17.30950227799267,0.01,-6.055973962748795,7.203298641929282,0.8433078970882854,0,0,3.1887821308379793,2,0
disclosed_no_signal,4,entropy,mechanism_repair,-0.1952022675371453,16.99670828302351,-17.30950227799267,0.01,-6.055973962748795,10.392080772767262,0.8433078970882854,0,0,0.0,0,0
disclosed_no_signal,4,myopic,mechanism_repair,-0.1952022675371453,16.99670828302351,-17.30950227799267,0.01,-6.055973962748795,10.392080772767262,0.8433078970882854,0,0,0.0,0,1
disclosed_no_signal,4,sequential,mechanism_repair,-0.1952022675371453,16.99670828302351,-17.30950227799267,0.01,-6.055973962748795,10.392080772767262,0.8433078970882854,0,0,0.0,0,7
disclosed_no_signal,5,stop,mechanism_repair,18.777438985139746,0.0,-1.0690512054165668,0.01,0.8797400544573837,5.675044764603586,0.6491467344045807,0,0,0.0,0,0
disclosed_no_signal,5,fixed,mechanism_repair,16.573980463803313,2.203458521336433,-1.0690512054165668,0.01,0.8797400544573837,3.4715862432671534,0.6491467344045807,0,0,2.203458521336433,2,0
disclosed_no_signal,5,random,mechanism_repair,16.573980463803313,2.203458521336433,-1.0690512054165668,0.01,0.8797400544573837,3.4715862432671534,0.6491467344045807,0,0,2.203458521336433,2,0
disclosed_no_signal,5,entropy,mechanism_repair,18.777438985139746,0.0,-1.0690512054165668,0.01,0.8797400544573837,5.675044764603586,0.6491467344045807,0,0,0.0,0,0
disclosed_no_signal,5,myopic,mechanism_repair,18.777438985139746,0.0,-1.0690512054165668,0.01,0.8797400544573837,5.675044764603586,0.6491467344045807,0,0,0.0,0,1
disclosed_no_signal,5,sequential,mechanism_repair,18.777438985139746,0.0,-1.0690512054165668,0.01,0.8797400544573837,5.675044764603586,0.6491467344045807,0,0,0.0,0,7
disclosed_no_signal,6,stop,mechanism_repair,-8.642309928338065,28.91523593959272,-97.6822656980507,0.08,-10.333755476477997,8.649972897799897,0.8183032855809799,0,0,0.0,0,0
disclosed_no_signal,6,fixed,mechanism_repair,-11.484401008746392,31.757327020001046,-97.6822656980507,0.08,-10.333755476477997,5.807881817391569,0.8183032855809799,0,0,2.842091080408328,2,0
disclosed_no_signal,6,random,mechanism_repair,-12.879262947125966,33.15218895838062,-97.6822656980507,0.08,-10.333755476477997,4.413019879011995,0.8183032855809799,0,0,4.236953018787902,2,0
disclosed_no_signal,6,entropy,mechanism_repair,-8.642309928338065,28.91523593959272,-97.6822656980507,0.08,-10.333755476477997,8.649972897799897,0.8183032855809799,0,0,0.0,0,0
disclosed_no_signal,6,myopic,mechanism_repair,-8.642309928338065,28.91523593959272,-97.6822656980507,0.08,-10.333755476477997,8.649972897799897,0.8183032855809799,0,0,0.0,0,1
disclosed_no_signal,6,sequential,mechanism_repair,-8.642309928338065,28.91523593959272,-97.6822656980507,0.08,-10.333755476477997,8.649972897799897,0.8183032855809799,0,0,0.0,0,7
disclosed_no_signal,7,stop,source_repair,0.7771407314456856,12.698328650709602,-13.128396822480514,0.01,-3.923428935453947,4.050830167326877,0.34818526966293595,0,0,0.0,0,0
disclosed_no_signal,7,fixed,source_repair,-2.5146214357129644,15.990090817868252,-13.128396822480514,0.01,-3.923428935453947,0.7590680001682282,0.3481852696629359,0,0,3.29176216715865,2,0
disclosed_no_signal,7,random,source_repair,-2.948074509067124,16.423543891222412,-13.128396822480514,0.01,-3.923428935453947,0.32561492681406845,0.3481852696629359,0,0,3.7252152405128096,2,0
disclosed_no_signal,7,entropy,source_repair,0.7771407314456856,12.698328650709602,-13.128396822480514,0.01,-3.923428935453947,4.050830167326877,0.34818526966293595,0,0,0.0,0,0
disclosed_no_signal,7,myopic,source_repair,0.7771407314456856,12.698328650709602,-13.128396822480514,0.01,-3.923428935453947,4.050830167326877,0.34818526966293595,0,0,0.0,0,1
disclosed_no_signal,7,sequential,source_repair,0.7771407314456856,12.698328650709602,-13.128396822480514,0.01,-3.923428935453947,4.050830167326877,0.34818526966293595,0,0,0.0,0,7
disclosed_no_signal,8,stop,source_repair,0.931018640353401,15.21266380305606,-15.727887710824447,0.01,-4.700288281395812,7.0600119154814465,0.7857736135269551,0,0,0.0,0,0
disclosed_no_signal,8,fixed,source_repair,-2.7893785609672377,18.933061004376697,-15.727887710824447,0.01,-4.700288281395812,3.339614714160808,0.7857736135269551,0,0,3.7203972013206386,2,0
disclosed_no_signal,8,random,source_repair,-2.7893785609672377,18.933061004376697,-15.727887710824447,0.01,-4.700288281395812,3.339614714160808,0.7857736135269551,0,0,3.7203972013206386,2,0
disclosed_no_signal,8,entropy,source_repair,0.931018640353401,15.21266380305606,-15.727887710824447,0.01,-4.700288281395812,7.0600119154814465,0.7857736135269551,0,0,0.0,0,0
disclosed_no_signal,8,myopic,source_repair,0.931018640353401,15.21266380305606,-15.727887710824447,0.01,-4.700288281395812,7.0600119154814465,0.7857736135269551,0,0,0.0,0,1
disclosed_no_signal,8,sequential,source_repair,0.931018640353401,15.21266380305606,-15.727887710824447,0.01,-4.700288281395812,7.0600119154814465,0.7857736135269551,0,0,0.0,0,7
disclosed_no_signal,9,stop,source_repair,1.020158335630176,16.669189115199863,-17.23374275724763,0.01,-5.150313927453315,6.519942297768354,0.909337465329647,0,0,0.0,0,0
disclosed_no_signal,9,fixed,source_repair,-0.22980884019804626,17.919156291028084,-17.23374275724763,0.01,-5.150313927453315,5.269975121940132,0.909337465329647,0,0,1.2499671758282223,2,0
disclosed_no_signal,9,random,source_repair,-0.22980884019804626,17.919156291028084,-17.23374275724763,0.01,-5.150313927453315,5.269975121940132,0.909337465329647,0,0,1.2499671758282223,2,0
disclosed_no_signal,9,entropy,source_repair,1.020158335630176,16.669189115199863,-17.23374275724763,0.01,-5.150313927453315,6.519942297768354,0.909337465329647,0,0,0.0,0,0
disclosed_no_signal,9,myopic,source_repair,1.020158335630176,16.669189115199863,-17.23374275724763,0.01,-5.150313927453315,6.519942297768354,0.909337465329647,0,0,0.0,0,1
disclosed_no_signal,9,sequential,source_repair,1.020158335630176,16.669189115199863,-17.23374275724763,0.01,-5.150313927453315,6.519942297768354,0.909337465329647,0,0,0.0,0,7
disclosed_no_signal,10,stop,source_repair,1.0111532190049992,16.52204725811081,-17.08161748610387,0.01,-5.104851202743686,5.689367586682161,0.794894609389513,0,0,0.0,0,0
disclosed_no_signal,10,fixed,source_repair,-2.0473457208540613,19.58054619796987,-17.08161748610387,0.01,-5.104851202743686,2.6308686468231,0.7948946093895128,0,0,3.0584989398590605,2,0
disclosed_no_signal,10,random,source_repair,-0.8777123149348214,18.41091279205063,-17.08161748610387,0.01,-5.104851202743686,3.80050205274234,0.7948946093895128,0,0,1.8888655339398206,2,0
disclosed_no_signal,10,entropy,source_repair,1.0111532190049992,16.52204725811081,-17.08161748610387,0.01,-5.104851202743686,5.689367586682161,0.794894609389513,0,0,0.0,0,0
disclosed_no_signal,10,myopic,source_repair,1.0111532190049992,16.52204725811081,-17.08161748610387,0.01,-5.104851202743686,5.689367586682161,0.794894609389513,0,0,0.0,0,1
disclosed_no_signal,10,sequential,source_repair,1.0111532190049992,16.52204725811081,-17.08161748610387,0.01,-5.104851202743686,5.689367586682161,0.794894609389513,0,0,0.0,0,7
disclosed_no_signal,11,stop,mechanism_repair,15.702976444810375,0.0,-0.8940136037847202,0.01,0.7356986947811766,5.6276395215942285,0.43990849953326666,0,0,0.0,0,0
disclosed_no_signal,11,fixed,mechanism_repair,13.767045370706292,1.935931074104083,-0.8940136037847202,0.01,0.7356986947811766,3.6917084474901465,0.43990849953326666,0,0,1.935931074104082,2,0
disclosed_no_signal,11,random,mechanism_repair,11.309735111953676,4.393241332856698,-0.8940136037847202,0.01,0.7356986947811766,1.2343981887375302,0.43990849953326666,0,0,4.393241332856698,2,0
disclosed_no_signal,11,entropy,mechanism_repair,15.702976444810375,0.0,-0.8940136037847202,0.01,0.7356986947811766,5.6276395215942285,0.43990849953326666,0,0,0.0,0,0
disclosed_no_signal,11,myopic,mechanism_repair,15.702976444810375,0.0,-0.8940136037847202,0.01,0.7356986947811766,5.6276395215942285,0.43990849953326666,0,0,0.0,0,1
disclosed_no_signal,11,sequential,mechanism_repair,15.702976444810375,0.0,-0.8940136037847202,0.01,0.7356986947811766,5.6276395215942285,0.43990849953326666,0,0,0.0,0,7
disclosed_no_signal,12,stop,source_repair,0.867953973702377,14.18219939554467,-14.66252343924404,0.01,-4.381903556555692,5.191413114254245,0.45263722185527233,0,0,0.0,0,0
disclosed_no_signal,12,fixed,source_repair,-3.689623989375311,18.73977735862236,-14.66252343924404,0.01,-4.381903556555692,0.633835151176557,0.45263722185527233,0,0,4.557577963077688,2,0
disclosed_no_signal,12,random,source_repair,-4.516696784031649,19.566850153278697,-14.66252343924404,0.01,-4.381903556555692,-0.19323764347978134,0.45263722185527233,0,0,5.384650757734026,2,0
disclosed_no_signal,12,entropy,source_repair,0.867953973702377,14.18219939554467,-14.66252343924404,0.01,-4.381903556555692,5.191413114254245,0.45263722185527233,0,0,0.0,0,0
disclosed_no_signal,12,myopic,source_repair,0.867953973702377,14.18219939554467,-14.66252343924404,0.01,-4.381903556555692,5.191413114254245,0.45263722185527233,0,0,0.0,0,1
disclosed_no_signal,12,sequential,source_repair,0.867953973702377,14.18219939554467,-14.66252343924404,0.01,-4.381903556555692,5.191413114254245,0.45263722185527233,0,0,0.0,0,7
disclosed_no_signal,13,stop,source_repair,17.67512583896659,0.0,-2.0618925723513937,0.01,1.994656944992109,7.460455706503612,0.48003545895500715,0,0,0.0,0,0
disclosed_no_signal,13,fixed,source_repair,13.538445399981367,4.136680438985223,-2.0618925723513937,0.01,1.994656944992109,3.3237752675183874,0.48003545895500715,0,0,4.136680438985224,2,0
disclosed_no_signal,13,random,source_repair,13.872551711247802,3.8025741277187883,-2.0618925723513937,0.01,1.994656944992109,3.6578815787848225,0.48003545895500715,0,0,3.802574127718789,2,0
disclosed_no_signal,13,entropy,source_repair,17.67512583896659,0.0,-2.0618925723513937,0.01,1.994656944992109,7.460455706503612,0.48003545895500715,0,0,0.0,0,0
disclosed_no_signal,13,myopic,source_repair,17.67512583896659,0.0,-2.0618925723513937,0.01,1.994656944992109,7.460455706503612,0.48003545895500715,0,0,0.0,0,1
disclosed_no_signal,13,sequential,source_repair,17.67512583896659,0.0,-2.0618925723513937,0.01,1.994656944992109,7.460455706503612,0.48003545895500715,0,0,0.0,0,7
disclosed_no_signal,14,stop,mechanism_repair,20.149036073023264,0.0,-1.1471399970408225,0.01,0.9440006225648429,10.459244659994543,0.25581937291153306,0,0,0.0,0,0
disclosed_no_signal,14,fixed,mechanism_repair,17.025508625810797,3.1235274472124672,-1.1471399970408225,0.01,0.9440006225648429,7.335717212782074,0.25581937291153306,0,0,3.1235274472124686,2,0
disclosed_no_signal,14,random,mechanism_repair,18.263339693390584,1.8856963796326802,-1.1471399970408225,0.01,0.9440006225648429,8.573548280361862,0.25581937291153306,0,0,1.88569637963268,2,0
disclosed_no_signal,14,entropy,mechanism_repair,20.149036073023264,0.0,-1.1471399970408225,0.01,0.9440006225648429,10.459244659994543,0.25581937291153306,0,0,0.0,0,0
disclosed_no_signal,14,myopic,mechanism_repair,20.149036073023264,0.0,-1.1471399970408225,0.01,0.9440006225648429,10.459244659994543,0.25581937291153306,0,0,0.0,0,1
disclosed_no_signal,14,sequential,mechanism_repair,20.149036073023264,0.0,-1.1471399970408225,0.01,0.9440006225648429,10.459244659994543,0.25581937291153306,0,0,0.0,0,7
disclosed_no_signal,15,stop,source_repair,-9.086882576363754,29.131756203083484,-90.34577129822675,0.08,-10.65129093200147,5.014280449133911,0.9250171422967627,0,0,0.0,0,0
disclosed_no_signal,15,fixed,source_repair,-12.66412689313613,32.70900051985586,-90.34577129822675,0.08,-10.65129093200147,1.437036132361535,0.9250171422967627,0,0,3.5772443167723758,2,0
disclosed_no_signal,15,random,source_repair,-11.642262663368063,31.687136290087793,-90.34577129822675,0.08,-10.65129093200147,2.4589003621296013,0.9250171422967627,0,0,2.5553800870043095,2,0
disclosed_no_signal,15,entropy,source_repair,-9.086882576363754,29.131756203083484,-90.34577129822675,0.08,-10.65129093200147,5.014280449133911,0.9250171422967627,0,0,0.0,0,0
disclosed_no_signal,15,myopic,source_repair,-9.086882576363754,29.131756203083484,-90.34577129822675,0.08,-10.65129093200147,5.014280449133911,0.9250171422967627,0,0,0.0,0,1
disclosed_no_signal,15,sequential,source_repair,-9.086882576363754,29.131756203083484,-90.34577129822675,0.08,-10.65129093200147,5.014280449133911,0.9250171422967627,0,0,0.0,0,7
disclosed_no_signal,16,stop,mechanism_repair,-0.15641528660910564,13.619437064144655,-13.870078427024307,0.01,-4.852642927933097,6.629145703165365,0.5586294405392391,0,0,0.0,0,0
disclosed_no_signal,16,fixed,mechanism_repair,-3.587557102834413,17.05057888036996,-13.870078427024307,0.01,-4.852642927933097,3.198003886940058,0.5586294405392391,0,0,3.431141816225307,2,0
disclosed_no_signal,16,random,mechanism_repair,-4.4525302043935895,17.91555198192914,-13.870078427024307,0.01,-4.852642927933097,2.333030785380881,0.5586294405392391,0,0,4.296114917784484,2,0
disclosed_no_signal,16,entropy,mechanism_repair,-0.15641528660910564,13.619437064144655,-13.870078427024307,0.01,-4.852642927933097,6.629145703165365,0.5586294405392391,0,0,0.0,0,0
disclosed_no_signal,16,myopic,mechanism_repair,-0.15641528660910564,13.619437064144655,-13.870078427024307,0.01,-4.852642927933097,6.629145703165365,0.5586294405392391,0,0,0.0,0,1
disclosed_no_signal,16,sequential,mechanism_repair,-0.15641528660910564,13.619437064144655,-13.870078427024307,0.01,-4.852642927933097,6.629145703165365,0.5586294405392391,0,0,0.0,0,7
disclosed_no_signal,17,stop,mechanism_repair,-0.1192390037197138,10.382413010630945,-10.573482739483016,0.01,-3.6992823443164085,2.817224974503761,0.5505271119500055,0,0,0.0,0,0
disclosed_no_signal,17,fixed,mechanism_repair,-3.2759082199099128,13.539082226821144,-10.573482739483016,0.01,-3.6992823443164085,-0.33944424168643783,0.5505271119500055,0,0,3.156669216190199,2,0
disclosed_no_signal,17,random,mechanism_repair,-1.6726951888566703,11.9358691957679,-10.573482739483016,0.01,-3.6992823443164085,1.2637687893668046,0.5505271119500055,0,0,1.5534561851369566,2,0
disclosed_no_signal,17,entropy,mechanism_repair,-0.1192390037197138,10.382413010630945,-10.573482739483016,0.01,-3.6992823443164085,2.817224974503761,0.5505271119500055,0,0,0.0,0,0
disclosed_no_signal,17,myopic,mechanism_repair,-0.1192390037197138,10.382413010630945,-10.573482739483016,0.01,-3.6992823443164085,2.817224974503761,0.5505271119500055,0,0,0.0,0,1
disclosed_no_signal,17,sequential,mechanism_repair,-0.1192390037197138,10.382413010630945,-10.573482739483016,0.01,-3.6992823443164085,2.817224974503761,0.5505271119500055,0,0,0.0,0,7
disclosed_no_signal,18,stop,mechanism_repair,-7.914846770987465,26.481306931425486,-89.45989806589044,0.08,-9.463915532233674,5.46839968411761,0.7699402807342081,0,0,0.0,0,0
disclosed_no_signal,18,fixed,mechanism_repair,-10.33502054904065,28.901480709478673,-89.45989806589044,0.08,-9.463915532233674,3.048225906064426,0.7699402807342081,0,0,2.4201737780531842,2,0
disclosed_no_signal,18,random,mechanism_repair,-10.163508079304314,28.729968239742337,-89.45989806589044,0.08,-9.463915532233674,3.2197383758007616,0.7699402807342081,0,0,2.2486613083168487,2,0
disclosed_no_signal,18,entropy,mechanism_repair,-7.914846770987465,26.481306931425486,-89.45989806589044,0.08,-9.463915532233674,5.46839968411761,0.7699402807342081,0,0,0.0,0,0
disclosed_no_signal,18,myopic,mechanism_repair,-7.914846770987465,26.481306931425486,-89.45989806589044,0.08,-9.463915532233674,5.46839968411761,0.7699402807342081,0,0,0.0,0,1
disclosed_no_signal,18,sequential,mechanism_repair,-7.914846770987465,26.481306931425486,-89.45989806589044,0.08,-9.463915532233674,5.46839968411761,0.7699402807342081,0,0,0.0,0,7
disclosed_no_signal,19,stop,mechanism_repair,20.760132893456994,0.0,-1.1819314184390195,0.01,0.9726310630904418,3.993077652173243,0.713919557214556,0,0,0.0,0,0
disclosed_no_signal,19,fixed,mechanism_repair,16.532027375405416,4.228105518051578,-1.1819314184390195,0.01,0.9726310630904418,-0.2350278658783349,0.713919557214556,0,0,4.228105518051578,2,0
disclosed_no_signal,19,random,mechanism_repair,16.532027375405416,4.228105518051578,-1.1819314184390195,0.01,0.9726310630904418,-0.2350278658783349,0.713919557214556,0,0,4.228105518051578,2,0
disclosed_no_signal,19,entropy,mechanism_repair,20.760132893456994,0.0,-1.1819314184390195,0.01,0.9726310630904418,3.993077652173243,0.713919557214556,0,0,0.0,0,0
disclosed_no_signal,19,myopic,mechanism_repair,20.760132893456994,0.0,-1.1819314184390195,0.01,0.9726310630904418,3.993077652173243,0.713919557214556,0,0,0.0,0,1
disclosed_no_signal,19,sequential,mechanism_repair,20.760132893456994,0.0,-1.1819314184390195,0.01,0.9726310630904418,3.993077652173243,0.713919557214556,0,0,0.0,0,7
disclosed_no_signal,20,stop,source_repair,1.0367965371864578,16.94105409791077,-17.514815288392594,0.01,-5.234312614921924,4.35881263107438,0.46402313763076236,0,0,0.0,0,0
disclosed_no_signal,20,fixed,source_repair,-2.6595156692962085,20.637366304393435,-17.514815288392594,0.01,-5.234312614921924,0.6625004245917134,0.46402313763076236,0,0,3.6963122064826663,2,0
disclosed_no_signal,20,random,source_repair,-3.338995468785659,21.316846103882884,-17.514815288392594,0.01,-5.234312614921924,-0.016979374897736932,0.46402313763076236,0,0,4.375792005972117,2,0
disclosed_no_signal,20,entropy,source_repair,1.0367965371864578,16.94105409791077,-17.514815288392594,0.01,-5.234312614921924,4.35881263107438,0.46402313763076236,0,0,0.0,0,0
disclosed_no_signal,20,myopic,source_repair,1.0367965371864578,16.94105409791077,-17.514815288392594,0.01,-5.234312614921924,4.35881263107438,0.46402313763076236,0,0,0.0,0,1
disclosed_no_signal,20,sequential,source_repair,1.0367965371864578,16.94105409791077,-17.514815288392594,0.01,-5.234312614921924,4.35881263107438,0.46402313763076236,0,0,0.0,0,7
disclosed_no_signal,21,stop,source_repair,-6.510019902094135,20.870558309879495,-64.72547260062196,0.08,-7.630792559231221,3.4650508423073996,1.227641947820984,0,0,0.0,0,0
disclosed_no_signal,21,fixed,source_repair,-10.22472190314505,24.58526031093041,-64.72547260062196,0.08,-7.630792559231221,-0.2496511587435135,1.227641947820984,0,0,3.714702001050914,2,0
disclosed_no_signal,21,random,source_repair,-10.565172181791095,24.925710589576454,-64.72547260062196,0.08,-7.630792559231221,-0.5901014373895581,1.227641947820984,0,0,4.055152279696959,2,0
disclosed_no_signal,21,entropy,source_repair,-6.510019902094135,20.870558309879495,-64.72547260062196,0.08,-7.630792559231221,3.4650508423073996,1.227641947820984,0,0,0.0,0,0
disclosed_no_signal,21,myopic,source_repair,-6.510019902094135,20.870558309879495,-64.72547260062196,0.08,-7.630792559231221,3.4650508423073996,1.227641947820984,0,0,0.0,0,1
disclosed_no_signal,21,sequential,source_repair,-6.510019902094135,20.870558309879495,-64.72547260062196,0.08,-7.630792559231221,3.4650508423073996,1.227641947820984,0,0,0.0,0,7
disclosed_no_signal,22,stop,source_repair,19.144624857638107,0.0,-2.2333170441928663,0.01,2.160491488403971,4.526423271129456,0.625732911728391,0,0,0.0,0,0
disclosed_no_signal,22,fixed,source_repair,16.509532036072017,2.63509282156609,-2.2333170441928663,0.01,2.160491488403971,1.891330449563366,0.6257329117283911,0,0,2.63509282156609,2,0
disclosed_no_signal,22,random,source_repair,16.509532036072017,2.63509282156609,-2.2333170441928663,0.01,2.160491488403971,1.891330449563366,0.6257329117283911,0,0,2.63509282156609,2,0
disclosed_no_signal,22,entropy,source_repair,19.144624857638107,0.0,-2.2333170441928663,0.01,2.160491488403971,4.526423271129456,0.625732911728391,0,0,0.0,0,0
disclosed_no_signal,22,myopic,source_repair,19.144624857638107,0.0,-2.2333170441928663,0.01,2.160491488403971,4.526423271129456,0.625732911728391,0,0,0.0,0,1
disclosed_no_signal,22,sequential,source_repair,19.144624857638107,0.0,-2.2333170441928663,0.01,2.160491488403971,4.526423271129456,0.625732911728391,0,0,0.0,0,7
disclosed_no_signal,23,stop,mechanism_repair,-6.501982683451058,21.754179718857593,-73.49058357261755,0.08,-7.774530156892699,5.232555084635724,0.8954836263197212,0,0,0.0,0,0
disclosed_no_signal,23,fixed,mechanism_repair,-10.889218040116903,26.14141507552344,-73.49058357261755,0.08,-7.774530156892699,0.845319727969879,0.8954836263197212,0,0,4.387235356665845,2,0
disclosed_no_signal,23,random,mechanism_repair,-11.89351268734135,27.145709722747885,-73.49058357261755,0.08,-7.774530156892699,-0.15897491925456642,0.8954836263197212,0,0,5.39153000389029,2,0
disclosed_no_signal,23,entropy,mechanism_repair,-6.501982683451058,21.754179718857593,-73.49058357261755,0.08,-7.774530156892699,5.232555084635724,0.8954836263197212,0,0,0.0,0,0
disclosed_no_signal,23,myopic,mechanism_repair,-6.501982683451058,21.754179718857593,-73.49058357261755,0.08,-7.774530156892699,5.232555084635724,0.8954836263197212,0,0,0.0,0,1
disclosed_no_signal,23,sequential,mechanism_repair,-6.501982683451058,21.754179718857593,-73.49058357261755,0.08,-7.774530156892699,5.232555084635724,0.8954836263197212,0,0,0.0,0,7
disclosed_no_signal,24,stop,source_repair,0.7172456724617307,11.71965501702032,-12.1165773794506,0.01,-3.62104611339903,4.681294364828526,0.6831965954381032,0,0,0.0,0,0
disclosed_no_signal,24,fixed,source_repair,-2.1370947007694623,14.573995390251515,-12.1165773794506,0.01,-3.62104611339903,1.8269539915973332,0.6831965954381032,0,0,2.8543403732311927,2,0
disclosed_no_signal,24,random,source_repair,-2.4142768960727885,14.85117758555484,-12.1165773794506,0.01,-3.62104611339903,1.5497717962940065,0.6831965954381032,0,0,3.1315225685345194,2,0
disclosed_no_signal,24,entropy,source_repair,0.7172456724617307,11.71965501702032,-12.1165773794506,0.01,-3.62104611339903,4.681294364828526,0.6831965954381032,0,0,0.0,0,0
disclosed_no_signal,24,myopic,source_repair,0.7172456724617307,11.71965501702032,-12.1165773794506,0.01,-3.62104611339903,4.681294364828526,0.6831965954381032,0,0,0.0,0,1
disclosed_no_signal,24,sequential,source_repair,0.7172456724617307,11.71965501702032,-12.1165773794506,0.01,-3.62104611339903,4.681294364828526,0.6831965954381032,0,0,0.0,0,7
disclosed_no_signal,25,stop,mechanism_repair,17.42787085952335,0.0,-0.9922165831539775,0.01,0.8165115632204627,5.781638910171469,0.4588008735937061,0,0,0.0,0,0
disclosed_no_signal,25,fixed,mechanism_repair,13.925225058993423,3.502645800529926,-0.9922165831539775,0.01,0.8165115632204627,2.2789931096415446,0.458800873593706,0,0,3.502645800529926,2,0
disclosed_no_signal,25,random,mechanism_repair,15.666323704692449,1.7615471548309003,-0.9922165831539775,0.01,0.8165115632204627,4.020091755340571,0.458800873593706,0,0,1.7615471548308996,2,0
disclosed_no_signal,25,entropy,mechanism_repair,17.42787085952335,0.0,-0.9922165831539775,0.01,0.8165115632204627,5.781638910171469,0.4588008735937061,0,0,0.0,0,0
disclosed_no_signal,25,myopic,mechanism_repair,17.42787085952335,0.0,-0.9922165831539775,0.01,0.8165115632204627,5.781638910171469,0.4588008735937061,0,0,0.0,0,1
disclosed_no_signal,25,sequential,mechanism_repair,17.42787085952335,0.0,-0.9922165831539775,0.01,0.8165115632204627,5.781638910171469,0.4588008735937061,0,0,0.0,0,7
disclosed_no_signal,26,stop,source_repair,16.891784683720722,0.0,-1.9705118758667428,0.01,1.9062560538276097,6.596866734251232,0.4177559987039966,0,0,0.0,0,0
disclosed_no_signal,26,fixed,source_repair,15.638580097676096,1.2532045860446264,-1.9705118758667428,0.01,1.9062560538276097,5.343662148206606,0.4177559987039966,0,0,1.253204586044626,2,0
disclosed_no_signal,26,random,source_repair,13.725984821682875,3.165799862037847,-1.9705118758667428,0.01,1.9062560538276097,3.4310668722133846,0.4177559987039966,0,0,3.165799862037847,2,0
disclosed_no_signal,26,entropy,source_repair,16.891784683720722,0.0,-1.9705118758667428,0.01,1.9062560538276097,6.596866734251232,0.4177559987039966,0,0,0.0,0,0
disclosed_no_signal,26,myopic,source_repair,16.891784683720722,0.0,-1.9705118758667428,0.01,1.9062560538276097,6.596866734251232,0.4177559987039966,0,0,0.0,0,1
disclosed_no_signal,26,sequential,source_repair,16.891784683720722,0.0,-1.9705118758667428,0.01,1.9062560538276097,6.596866734251232,0.4177559987039966,0,0,0.0,0,7
disclosed_no_signal,27,stop,source_repair,-8.984556842947491,28.80370879032852,-89.32840398534918,0.08,-10.531348680378013,6.2001368515330775,0.9553267983493641,0,0,0.0,0,0
disclosed_no_signal,27,fixed,source_repair,-12.628459019693725,32.44761096707475,-89.32840398534918,0.08,-10.531348680378013,2.5562346747868427,0.9553267983493641,0,0,3.6439021767462347,2,0
disclosed_no_signal,27,random,source_repair,-13.61896861871612,33.438120566097155,-89.32840398534918,0.08,-10.531348680378013,1.5657250757644467,0.9553267983493641,0,0,4.634411775768631,2,0
disclosed_no_signal,27,entropy,source_repair,-8.984556842947491,28.80370879032852,-89.32840398534918,0.08,-10.531348680378013,6.2001368515330775,0.9553267983493641,0,0,0.0,0,0
disclosed_no_signal,27,myopic,source_repair,-8.984556842947491,28.80370879032852,-89.32840398534918,0.08,-10.531348680378013,6.2001368515330775,0.9553267983493641,0,0,0.0,0,1
disclosed_no_signal,27,sequential,source_repair,-8.984556842947491,28.80370879032852,-89.32840398534918,0.08,-10.531348680378013,6.2001368515330775,0.9553267983493641,0,0,0.0,0,7
disclosed_no_signal,28,stop,mechanism_repair,13.333003254685257,0.0,-0.7590845169314342,0.01,0.6246633003914931,3.3895181349676324,0.6189329701435803,0,0,0.0,0,0
disclosed_no_signal,28,fixed,mechanism_repair,10.773518959475728,2.559484295209529,-0.7590845169314342,0.01,0.6246633003914931,0.8300338397581029,0.6189329701435803,0,0,2.5594842952095296,2,0
disclosed_no_signal,28,random,mechanism_repair,9.638346411360574,3.694656843324683,-0.7590845169314342,0.01,0.6246633003914931,-0.30513870835705115,0.6189329701435803,0,0,3.6946568433246836,2,0
disclosed_no_signal,28,entropy,mechanism_repair,13.333003254685257,0.0,-0.7590845169314342,0.01,0.6246633003914931,3.3895181349676324,0.6189329701435803,0,0,0.0,0,0
disclosed_no_signal,28,myopic,mechanism_repair,13.333003254685257,0.0,-0.7590845169314342,0.01,0.6246633003914931,3.3895181349676324,0.6189329701435803,0,0,0.0,0,1
disclosed_no_signal,28,sequential,mechanism_repair,13.333003254685257,0.0,-0.7590845169314342,0.01,0.6246633003914931,3.3895181349676324,0.6189329701435803,0,0,0.0,0,7
disclosed_no_signal,29,stop,source_repair,0.8015527591117585,13.097216442573686,-13.540794183053011,0.01,-4.046674123671014,7.976706102956101,0.7424455797385932,0,0,0.0,0,0
disclosed_no_signal,29,fixed,source_repair,-2.324551387074523,16.223320588759968,-13.540794183053011,0.01,-4.046674123671014,4.850601956769819,0.7424455797385932,0,0,3.1261041461862815,2,0
disclosed_no_signal,29,random,source_repair,-1.4822800925288417,15.381049294214286,-13.540794183053011,0.01,-4.046674123671014,5.6928732513155005,0.7424455797385932,0,0,2.2838328516406,2,0
disclosed_no_signal,29,entropy,source_repair,0.8015527591117585,13.097216442573686,-13.540794183053011,0.01,-4.046674123671014,7.976706102956101,0.7424455797385932,0,0,0.0,0,0
disclosed_no_signal,29,myopic,source_repair,0.8015527591117585,13.097216442573686,-13.540794183053011,0.01,-4.046674123671014,7.976706102956101,0.7424455797385932,0,0,0.0,0,1
disclosed_no_signal,29,sequential,source_repair,0.8015527591117585,13.097216442573686,-13.540794183053011,0.01,-4.046674123671014,7.976706102956101,0.7424455797385932,0,0,0.0,0,7
disclosed_no_signal,30,stop,mechanism_repair,17.213098257546505,0.0,-0.9799889886872637,0.01,0.8064492719405608,3.446143026648193,0.7105658188110869,0,0,0.0,0,0
disclosed_no_signal,30,fixed,mechanism_repair,14.424184506417767,2.7889137511287387,-0.9799889886872637,0.01,0.8064492719405608,0.6572292755194553,0.7105658188110869,0,0,2.788913751128738,2,0
disclosed_no_signal,30,random,mechanism_repair,15.171127396129766,2.04197086141674,-0.9799889886872637,0.01,0.8064492719405608,1.4041721652314543,0.7105658188110869,0,0,2.041970861416739,2,0
disclosed_no_signal,30,entropy,mechanism_repair,17.213098257546505,0.0,-0.9799889886872637,0.01,0.8064492719405608,3.446143026648193,0.7105658188110869,0,0,0.0,0,0
disclosed_no_signal,30,myopic,mechanism_repair,17.213098257546505,0.0,-0.9799889886872637,0.01,0.8064492719405608,3.446143026648193,0.7105658188110869,0,0,0.0,0,1
disclosed_no_signal,30,sequential,mechanism_repair,17.213098257546505,0.0,-0.9799889886872637,0.01,0.8064492719405608,3.446143026648193,0.7105658188110869,0,0,0.0,0,7
disclosed_no_signal,31,stop,mechanism_repair,21.49303651497178,0.0,-1.2236576357711404,0.01,1.0069682627699983,4.120986039030578,0.6945592362524703,0,0,0.0,0,0
disclosed_no_signal,31,fixed,mechanism_repair,20.072582121326093,1.420454393645688,-1.2236576357711404,0.01,1.0069682627699983,2.700531645384892,0.6945592362524703,0,0,1.4204543936456862,2,0
disclosed_no_signal,31,random,mechanism_repair,20.072582121326093,1.420454393645688,-1.2236576357711404,0.01,1.0069682627699983,2.700531645384892,0.6945592362524703,0,0,1.4204543936456862,2,0
disclosed_no_signal,31,entropy,mechanism_repair,21.49303651497178,0.0,-1.2236576357711404,0.01,1.0069682627699983,4.120986039030578,0.6945592362524703,0,0,0.0,0,0
disclosed_no_signal,31,myopic,mechanism_repair,21.49303651497178,0.0,-1.2236576357711404,0.01,1.0069682627699983,4.120986039030578,0.6945592362524703,0,0,0.0,0,1
disclosed_no_signal,31,sequential,mechanism_repair,21.49303651497178,0.0,-1.2236576357711404,0.01,1.0069682627699983,4.120986039030578,0.6945592362524703,0,0,0.0,0,7
disclosed_no_signal,32,stop,source_repair,-7.411317008082105,23.76003854003925,-73.68656365963369,0.08,-8.687258031451552,4.057842678122365,0.659992343897661,0,0,0.0,0,0
disclosed_no_signal,32,fixed,source_repair,-10.086286405428577,26.435007937385723,-73.68656365963369,0.08,-8.687258031451552,1.3828732807758923,0.659992343897661,0,0,2.674969397346473,2,0
disclosed_no_signal,32,random,source_repair,-10.086286405428577,26.435007937385723,-73.68656365963369,0.08,-8.687258031451552,1.3828732807758923,0.659992343897661,0,0,2.674969397346473,2,0
disclosed_no_signal,32,entropy,source_repair,-7.411317008082105,23.76003854003925,-73.68656365963369,0.08,-8.687258031451552,4.057842678122365,0.659992343897661,0,0,0.0,0,0
disclosed_no_signal,32,myopic,source_repair,-7.411317008082105,23.76003854003925,-73.68656365963369,0.08,-8.687258031451552,4.057842678122365,0.659992343897661,0,0,0.0,0,1
disclosed_no_signal,32,sequential,source_repair,-7.411317008082105,23.76003854003925,-73.68656365963369,0.08,-8.687258031451552,4.057842678122365,0.659992343897661,0,0,0.0,0,7
disclosed_no_signal,33,stop,mechanism_repair,-7.950741318658319,26.60140205916957,-89.86560681410354,0.08,-9.506835247176216,5.354280859121735,0.5871015297634773,0,0,0.0,0,0
disclosed_no_signal,33,fixed,mechanism_repair,-10.438218840538145,29.088879581049394,-89.86560681410354,0.08,-9.506835247176216,2.866803337241909,0.5871015297634773,0,0,2.4874775218798257,2,0
disclosed_no_signal,33,random,mechanism_repair,-8.909265846445757,27.559926586957005,-89.86560681410354,0.08,-9.506835247176216,4.395756331334296,0.5871015297634773,0,0,0.9585245277874384,2,0
disclosed_no_signal,33,entropy,mechanism_repair,-7.950741318658319,26.60140205916957,-89.86560681410354,0.08,-9.506835247176216,5.354280859121735,0.5871015297634773,0,0,0.0,0,0
disclosed_no_signal,33,myopic,mechanism_repair,-7.950741318658319,26.60140205916957,-89.86560681410354,0.08,-9.506835247176216,5.354280859121735,0.5871015297634773,0,0,0.0,0,1
disclosed_no_signal,33,sequential,mechanism_repair,-7.950741318658319,26.60140205916957,-89.86560681410354,0.08,-9.506835247176216,5.354280859121735,0.5871015297634773,0,0,0.0,0,7
disclosed_no_signal,34,stop,source_repair,0.8485367919634347,13.864926416256898,-14.334505029285207,0.01,-4.283875066223166,6.683158611107886,0.83351090202777,0,0,0.0,0,0
disclosed_no_signal,34,fixed,source_repair,-4.069423446617892,18.782886654838222,-14.334505029285207,0.01,-4.283875066223166,1.7651983725265614,0.8335109020277701,0,0,4.917960238581326,2,0
disclosed_no_signal,34,random,source_repair,-4.069423446617892,18.782886654838222,-14.334505029285207,0.01,-4.283875066223166,1.7651983725265614,0.8335109020277701,0,0,4.917960238581326,2,0
disclosed_no_signal,34,entropy,source_repair,0.8485367919634347,13.864926416256898,-14.334505029285207,0.01,-4.283875066223166,6.683158611107886,0.83351090202777,0,0,0.0,0,0
disclosed_no_signal,34,myopic,source_repair,0.8485367919634347,13.864926416256898,-14.334505029285207,0.01,-4.283875066223166,6.683158611107886,0.83351090202777,0,0,0.0,0,1
disclosed_no_signal,34,sequential,source_repair,0.8485367919634347,13.864926416256898,-14.334505029285207,0.01,-4.283875066223166,6.683158611107886,0.83351090202777,0,0,0.0,0,7
disclosed_no_signal,35,stop,source_repair,0.6598772135309348,10.7822655375977,-11.147440306250743,0.01,-3.331418942097923,4.432890652345545,0.7427352816663102,0,0,0.0,0,0
disclosed_no_signal,35,fixed,source_repair,-1.0381008013686936,12.48024355249733,-11.147440306250743,0.01,-3.331418942097923,2.734912637445917,0.7427352816663102,0,0,1.6979780148996284,2,0
disclosed_no_signal,35,random,source_repair,-1.9429364441370878,13.385079195265723,-11.147440306250743,0.01,-3.331418942097923,1.8300769946775226,0.7427352816663102,0,0,2.6028136576680225,2,0
disclosed_no_signal,35,entropy,source_repair,0.6598772135309348,10.7822655375977,-11.147440306250743,0.01,-3.331418942097923,4.432890652345545,0.7427352816663102,0,0,0.0,0,0
disclosed_no_signal,35,myopic,source_repair,0.6598772135309348,10.7822655375977,-11.147440306250743,0.01,-3.331418942097923,4.432890652345545,0.7427352816663102,0,0,0.0,0,1
disclosed_no_signal,35,sequential,source_repair,0.6598772135309348,10.7822655375977,-11.147440306250743,0.01,-3.331418942097923,4.432890652345545,0.7427352816663102,0,0,0.0,0,7
disclosed_no_signal,36,stop,mechanism_repair,16.00195153833925,0.0,-0.9110350775000398,0.01,0.7497059491927416,5.64850715937321,0.4064227714299182,0,0,0.0,0,0
disclosed_no_signal,36,fixed,mechanism_repair,13.241880638778502,2.7600708995607466,-0.9110350775000398,0.01,0.7497059491927416,2.888436259812463,0.4064227714299182,0,0,2.760070899560747,2,0
disclosed_no_signal,36,random,mechanism_repair,13.241880638778502,2.7600708995607466,-0.9110350775000398,0.01,0.7497059491927416,2.888436259812463,0.4064227714299182,0,0,2.760070899560747,2,0
disclosed_no_signal,36,entropy,mechanism_repair,16.00195153833925,0.0,-0.9110350775000398,0.01,0.7497059491927416,5.64850715937321,0.4064227714299182,0,0,0.0,0,0
disclosed_no_signal,36,myopic,mechanism_repair,16.00195153833925,0.0,-0.9110350775000398,0.01,0.7497059491927416,5.64850715937321,0.4064227714299182,0,0,0.0,0,1
disclosed_no_signal,36,sequential,mechanism_repair,16.00195153833925,0.0,-0.9110350775000398,0.01,0.7497059491927416,5.64850715937321,0.4064227714299182,0,0,0.0,0,7
disclosed_no_signal,37,stop,mechanism_repair,-0.21236114021335484,18.490770606288127,-18.831060144220373,0.01,-6.588312482522753,6.600840893984473,0.5666845851834735,0,0,0.0,0,0
disclosed_no_signal,37,fixed,mechanism_repair,-3.6035277025375616,21.881937168612335,-18.831060144220373,0.01,-6.588312482522753,3.209674331660266,0.5666845851834735,0,0,3.391166562324207,2,0
disclosed_no_signal,37,random,mechanism_repair,-2.8651545230611144,21.143563989135888,-18.831060144220373,0.01,-6.588312482522753,3.9480475111367133,0.5666845851834735,0,0,2.6527933828477597,2,0
disclosed_no_signal,37,entropy,mechanism_repair,-0.21236114021335484,18.490770606288127,-18.831060144220373,0.01,-6.588312482522753,6.600840893984473,0.5666845851834735,0,0,0.0,0,0
disclosed_no_signal,37,myopic,mechanism_repair,-0.21236114021335484,18.490770606288127,-18.831060144220373,0.01,-6.588312482522753,6.600840893984473,0.5666845851834735,0,0,0.0,0,1
disclosed_no_signal,37,sequential,mechanism_repair,-0.21236114021335484,18.490770606288127,-18.831060144220373,0.01,-6.588312482522753,6.600840893984473,0.5666845851834735,0,0,0.0,0,7
disclosed_no_signal,38,stop,source_repair,-7.1512945114406525,22.926429002794954,-71.10130597455384,0.08,-8.382469757000033,6.1407861692587105,0.8371579941827377,0,0,0.0,0,0
disclosed_no_signal,38,fixed,source_repair,-8.017478592717628,23.79261308407193,-71.10130597455384,0.08,-8.382469757000033,5.2746020879817355,0.8371579941827377,0,0,0.8661840812769752,2,0
disclosed_no_signal,38,random,source_repair,-8.773125942871467,24.548260434225767,-71.10130597455384,0.08,-8.382469757000033,4.518954737827897,0.8371579941827377,0,0,1.6218314314308133,2,0
disclosed_no_signal,38,entropy,source_repair,-7.1512945114406525,22.926429002794954,-71.10130597455384,0.08,-8.382469757000033,6.1407861692587105,0.8371579941827377,0,0,0.0,0,0
disclosed_no_signal,38,myopic,source_repair,-7.1512945114406525,22.926429002794954,-71.10130597455384,0.08,-8.382469757000033,6.1407861692587105,0.8371579941827377,0,0,0.0,0,1
disclosed_no_signal,38,sequential,source_repair,-7.1512945114406525,22.926429002794954,-71.10130597455384,0.08,-8.382469757000033,6.1407861692587105,0.8371579941827377,0,0,0.0,0,7
disclosed_no_signal,39,stop,source_repair,0.9815145572118618,16.03775727949091,-16.580925529598442,0.01,-4.955219123788041,7.8154603949432015,0.9624153559563418,0,0,0.0,0,0
disclosed_no_signal,39,fixed,source_repair,-0.6852181060475757,17.70448994275035,-16.580925529598442,0.01,-4.955219123788041,6.148727731683764,0.9624153559563418,0,0,1.6667326632594375,2,0
disclosed_no_signal,39,random,source_repair,-0.6852181060475757,17.70448994275035,-16.580925529598442,0.01,-4.955219123788041,6.148727731683764,0.9624153559563418,0,0,1.6667326632594375,2,0
disclosed_no_signal,39,entropy,source_repair,0.9815145572118618,16.03775727949091,-16.580925529598442,0.01,-4.955219123788041,7.8154603949432015,0.9624153559563418,0,0,0.0,0,0
disclosed_no_signal,39,myopic,source_repair,0.9815145572118618,16.03775727949091,-16.580925529598442,0.01,-4.955219123788041,7.8154603949432015,0.9624153559563418,0,0,0.0,0,1
disclosed_no_signal,39,sequential,source_repair,0.9815145572118618,16.03775727949091,-16.580925529598442,0.01,-4.955219123788041,7.8154603949432015,0.9624153559563418,0,0,0.0,0,7
disclosed_no_signal,40,stop,source_repair,19.592458750345653,0.0,-2.2855591263954866,0.01,2.211030024447807,6.639361880657767,0.5160604740103171,0,0,0.0,0,0
disclosed_no_signal,40,fixed,source_repair,16.377331953655787,3.215126796689866,-2.2855591263954866,0.01,2.211030024447807,3.4242350839679023,0.5160604740103171,0,0,3.215126796689865,2,0
disclosed_no_signal,40,random,source_repair,15.136984396939386,4.455474353406267,-2.2855591263954866,0.01,2.211030024447807,2.1838875272515006,0.5160604740103171,0,0,4.455474353406267,2,0
disclosed_no_signal,40,entropy,source_repair,19.592458750345653,0.0,-2.2855591263954866,0.01,2.211030024447807,6.639361880657767,0.5160604740103171,0,0,0.0,0,0
disclosed_no_signal,40,myopic,source_repair,19.592458750345653,0.0,-2.2855591263954866,0.01,2.211030024447807,6.639361880657767,0.5160604740103171,0,0,0.0,0,1
disclosed_no_signal,40,sequential,source_repair,19.592458750345653,0.0,-2.2855591263954866,0.01,2.211030024447807,6.639361880657767,0.5160604740103171,0,0,0.0,0,7
disclosed_no_signal,41,stop,source_repair,11.8015047472784,0.0,-1.3767050488171084,0.01,1.3318124928774204,3.132313212499761,0.49253999440957236,0,0,0.0,0,0
disclosed_no_signal,41,fixed,source_repair,8.38678566834919,3.4147190789292097,-1.3767050488171084,0.01,1.3318124928774204,-0.28240586642944976,0.49253999440957236,0,0,3.4147190789292106,2,0
disclosed_no_signal,41,random,source_repair,8.8991195049854,2.9023852422930005,-1.3767050488171084,0.01,1.3318124928774204,0.22992797020675937,0.49253999440957236,0,0,2.9023852422930014,2,0
disclosed_no_signal,41,entropy,source_repair,11.8015047472784,0.0,-1.3767050488171084,0.01,1.3318124928774204,3.132313212499761,0.49253999440957236,0,0,0.0,0,0
disclosed_no_signal,41,myopic,source_repair,11.8015047472784,0.0,-1.3767050488171084,0.01,1.3318124928774204,3.132313212499761,0.49253999440957236,0,0,0.0,0,1
disclosed_no_signal,41,sequential,source_repair,11.8015047472784,0.0,-1.3767050488171084,0.01,1.3318124928774204,3.132313212499761,0.49253999440957236,0,0,0.0,0,7
disclosed_no_signal,42,stop,source_repair,12.210612270933211,0.0,-1.4244295047560462,0.01,1.3779807165574791,5.99902676725201,0.2648796322557647,0,0,0.0,0,0
disclosed_no_signal,42,fixed,source_repair,9.237866677400994,2.972745593532217,-1.4244295047560462,0.01,1.3779807165574791,3.0262811737197937,0.2648796322557647,0,0,2.9727455935322165,2,0
disclosed_no_signal,42,random,source_repair,10.078792211607709,2.131820059325502,-1.4244295047560462,0.01,1.3779807165574791,3.867206707926507,0.2648796322557647,0,0,2.131820059325503,2,0
disclosed_no_signal,42,entropy,source_repair,12.210612270933211,0.0,-1.4244295047560462,0.01,1.3779807165574791,5.99902676725201,0.2648796322557647,0,0,0.0,0,0
disclosed_no_signal,42,myopic,source_repair,12.210612270933211,0.0,-1.4244295047560462,0.01,1.3779807165574791,5.99902676725201,0.2648796322557647,0,0,0.0,0,1
disclosed_no_signal,42,sequential,source_repair,12.210612270933211,0.0,-1.4244295047560462,0.01,1.3779807165574791,5.99902676725201,0.2648796322557647,0,0,0.0,0,7
disclosed_no_signal,43,stop,source_repair,14.801132293287752,0.0,-1.726626730466585,0.01,1.670323684907893,5.28408585089361,0.4027019221662128,0,0,0.0,0,0
disclosed_no_signal,43,fixed,source_repair,12.670645330647268,2.130486962640484,-1.726626730466585,0.01,1.670323684907893,3.1535988882531267,0.4027019221662128,0,0,2.130486962640483,2,0
disclosed_no_signal,43,random,source_repair,13.072127879482961,1.729004413804791,-1.726626730466585,0.01,1.670323684907893,3.5550814370888193,0.4027019221662128,0,0,1.7290044138047906,2,0
disclosed_no_signal,43,entropy,source_repair,14.801132293287752,0.0,-1.726626730466585,0.01,1.670323684907893,5.28408585089361,0.4027019221662128,0,0,0.0,0,0
disclosed_no_signal,43,myopic,source_repair,14.801132293287752,0.0,-1.726626730466585,0.01,1.670323684907893,5.28408585089361,0.4027019221662128,0,0,0.0,0,1
disclosed_no_signal,43,sequential,source_repair,14.801132293287752,0.0,-1.726626730466585,0.01,1.670323684907893,5.28408585089361,0.4027019221662128,0,0,0.0,0,7
disclosed_no_signal,44,stop,source_repair,0.869315086727851,14.204439718087112,-14.685516999091847,0.01,-4.388775195130897,4.078131939156228,0.4825893905692177,0,0,0.0,0,0
disclosed_no_signal,44,fixed,source_repair,-3.2163686839119956,18.29012348872696,-14.685516999091847,0.01,-4.388775195130897,-0.007551831483618265,0.4825893905692177,0,0,4.085683770639847,2,0
disclosed_no_signal,44,random,source_repair,-3.4706352291438334,18.5443900339588,-14.685516999091847,0.01,-4.388775195130897,-0.26181837671545605,0.4825893905692177,0,0,4.339950315871684,2,0
disclosed_no_signal,44,entropy,source_repair,0.869315086727851,14.204439718087112,-14.685516999091847,0.01,-4.388775195130897,4.078131939156228,0.4825893905692177,0,0,0.0,0,0
disclosed_no_signal,44,myopic,source_repair,0.869315086727851,14.204439718087112,-14.685516999091847,0.01,-4.388775195130897,4.078131939156228,0.4825893905692177,0,0,0.0,0,1
disclosed_no_signal,44,sequential,source_repair,0.869315086727851,14.204439718087112,-14.685516999091847,0.01,-4.388775195130897,4.078131939156228,0.4825893905692177,0,0,0.0,0,7
disclosed_no_signal,45,stop,source_repair,0.6740766242184855,11.014281151065154,-11.387313846021016,0.01,-3.4031052873166256,2.8930127742880587,0.8366352084067353,0,0,0.0,0,0
disclosed_no_signal,45,fixed,source_repair,-0.9693029174131607,12.657660692696801,-11.387313846021016,0.01,-3.4031052873166256,1.2496332326564112,0.8366352084067353,0,0,1.6433795416316461,2,0
disclosed_no_signal,45,random,source_repair,-0.9693029174131607,12.657660692696801,-11.387313846021016,0.01,-3.4031052873166256,1.2496332326564112,0.8366352084067353,0,0,1.6433795416316461,2,0
disclosed_no_signal,45,entropy,source_repair,0.6740766242184855,11.014281151065154,-11.387313846021016,0.01,-3.4031052873166256,2.8930127742880587,0.8366352084067353,0,0,0.0,0,0
disclosed_no_signal,45,myopic,source_repair,0.6740766242184855,11.014281151065154,-11.387313846021016,0.01,-3.4031052873166256,2.8930127742880587,0.8366352084067353,0,0,0.0,0,1
disclosed_no_signal,45,sequential,source_repair,0.6740766242184855,11.014281151065154,-11.387313846021016,0.01,-3.4031052873166256,2.8930127742880587,0.8366352084067353,0,0,0.0,0,7
disclosed_no_signal,46,stop,mechanism_repair,21.25224261500783,0.0,-1.2099485772985141,0.01,0.9956868500685676,8.713679152922117,0.35581374813374184,0,0,0.0,0,0
disclosed_no_signal,46,fixed,mechanism_repair,19.975714862623473,1.2765277523843572,-1.2099485772985141,0.01,0.9956868500685676,7.437151400537761,0.35581374813374184,0,0,1.2765277523843557,2,0
disclosed_no_signal,46,random,mechanism_repair,17.548467603657272,3.703775011350558,-1.2099485772985141,0.01,0.9956868500685676,5.009904141571557,0.35581374813374184,0,0,3.70377501135056,2,0
disclosed_no_signal,46,entropy,mechanism_repair,21.25224261500783,0.0,-1.2099485772985141,0.01,0.9956868500685676,8.713679152922117,0.35581374813374184,0,0,0.0,0,0
disclosed_no_signal,46,myopic,mechanism_repair,21.25224261500783,0.0,-1.2099485772985141,0.01,0.9956868500685676,8.713679152922117,0.35581374813374184,0,0,0.0,0,1
disclosed_no_signal,46,sequential,mechanism_repair,21.25224261500783,0.0,-1.2099485772985141,0.01,0.9956868500685676,8.713679152922117,0.35581374813374184,0,0,0.0,0,7
disclosed_no_signal,47,stop,source_repair,0.586863427722254,9.589234454917992,-9.914003536278852,0.01,-2.962805654520117,2.446370318969089,0.41362982642715984,0,0,0.0,0,0
disclosed_no_signal,47,fixed,source_repair,-4.347843871674438,14.523941754314684,-9.914003536278852,0.01,-2.962805654520117,-2.488336980427602,0.4136298264271599,0,0,4.934707299396692,2,0
disclosed_no_signal,47,random,source_repair,-4.530297094688737,14.706394977328983,-9.914003536278852,0.01,-2.962805654520117,-2.6707902034419013,0.4136298264271599,0,0,5.117160522410991,2,0
disclosed_no_signal,47,entropy,source_repair,0.586863427722254,9.589234454917992,-9.914003536278852,0.01,-2.962805654520117,2.446370318969089,0.41362982642715984,0,0,0.0,0,0
disclosed_no_signal,47,myopic,source_repair,0.586863427722254,9.589234454917992,-9.914003536278852,0.01,-2.962805654520117,2.446370318969089,0.41362982642715984,0,0,0.0,0,1
disclosed_no_signal,47,sequential,source_repair,0.586863427722254,9.589234454917992,-9.914003536278852,0.01,-2.962805654520117,2.446370318969089,0.41362982642715984,0,0,0.0,0,7
disclosed_no_signal,48,stop,source_repair,17.800428659818746,0.0,-2.0765097783596365,0.01,2.008797502978341,7.590582433834336,0.4976639737485552,0,0,0.0,0,0
disclosed_no_signal,48,fixed,source_repair,15.725336233717705,2.0750924261010404,-2.0765097783596365,0.01,2.008797502978341,5.515490007733295,0.4976639737485552,0,0,2.0750924261010413,2,0
disclosed_no_signal,48,random,source_repair,15.725336233717705,2.0750924261010404,-2.0765097783596365,0.01,2.008797502978341,5.515490007733295,0.4976639737485552,0,0,2.0750924261010413,2,0
disclosed_no_signal,48,entropy,source_repair,17.800428659818746,0.0,-2.0765097783596365,0.01,2.008797502978341,7.590582433834336,0.4976639737485552,0,0,0.0,0,0
disclosed_no_signal,48,myopic,source_repair,17.800428659818746,0.0,-2.0765097783596365,0.01,2.008797502978341,7.590582433834336,0.4976639737485552,0,0,0.0,0,1
disclosed_no_signal,48,sequential,source_repair,17.800428659818746,0.0,-2.0765097783596365,0.01,2.008797502978341,7.590582433834336,0.4976639737485552,0,0,0.0,0,7
disclosed_no_signal,49,stop,mechanism_repair,14.36782966457906,0.0,-0.8180000283475186,0.01,0.6731458566609809,5.557702237928085,0.5287719375019101,0,0,0.0,0,0
disclosed_no_signal,49,fixed,mechanism_repair,10.110897372971541,4.256932291607519,-0.8180000283475186,0.01,0.6731458566609809,1.3007699463205666,0.5287719375019102,0,0,4.256932291607519,2,0
disclosed_no_signal,49,random,mechanism_repair,9.737698598336916,4.630131066242145,-0.8180000283475186,0.01,0.6731458566609809,0.9275711716859414,0.5287719375019102,0,0,4.630131066242145,2,0
disclosed_no_signal,49,entropy,mechanism_repair,14.36782966457906,0.0,-0.8180000283475186,0.01,0.6731458566609809,5.557702237928085,0.5287719375019101,0,0,0.0,0,0
disclosed_no_signal,49,myopic,mechanism_repair,14.36782966457906,0.0,-0.8180000283475186,0.01,0.6731458566609809,5.557702237928085,0.5287719375019101,0,0,0.0,0,1
disclosed_no_signal,49,sequential,mechanism_repair,14.36782966457906,0.0,-0.8180000283475186,0.01,0.6731458566609809,5.557702237928085,0.5287719375019101,0,0,0.0,0,7
disclosed_no_signal,50,stop,source_repair,0.6958076519556033,11.369361924672626,-11.754420528182038,0.01,-3.5128153302612986,2.60360261702073,0.33556421663488073,0,0,0.0,0,0
disclosed_no_signal,50,fixed,source_repair,-2.0838926080408617,14.149062184669091,-11.754420528182038,0.01,-3.5128153302612986,-0.17609764297573482,0.33556421663488073,0,0,2.779700259996465,2,0
disclosed_no_signal,50,random,source_repair,-2.0838926080408617,14.149062184669091,-11.754420528182038,0.01,-3.5128153302612986,-0.17609764297573482,0.33556421663488073,0,0,2.779700259996465,2,0
disclosed_no_signal,50,entropy,source_repair,0.6958076519556033,11.369361924672626,-11.754420528182038,0.01,-3.5128153302612986,2.60360261702073,0.33556421663488073,0,0,0.0,0,0
disclosed_no_signal,50,myopic,source_repair,0.6958076519556033,11.369361924672626,-11.754420528182038,0.01,-3.5128153302612986,2.60360261702073,0.33556421663488073,0,0,0.0,0,1
disclosed_no_signal,50,sequential,source_repair,0.6958076519556033,11.369361924672626,-11.754420528182038,0.01,-3.5128153302612986,2.60360261702073,0.33556421663488073,0,0,0.0,0,7
disclosed_no_signal,51,stop,source_repair,-6.206450179227911,19.89734014811083,-61.70724929635285,0.08,-7.274959917043705,2.5522026160489584,0.7795617271228917,0,0,0.0,0,0
disclosed_no_signal,51,fixed,source_repair,-10.455162403614395,24.146052372497312,-61.70724929635285,0.08,-7.274959917043705,-1.6965096083375264,0.7795617271228917,0,0,4.248712224386485,2,0
disclosed_no_signal,51,random,source_repair,-9.835968146284198,23.526858115167116,-61.70724929635285,0.08,-7.274959917043705,-1.07731535100733,0.7795617271228917,0,0,3.6295179670562883,2,0
disclosed_no_signal,51,entropy,source_repair,-6.206450179227911,19.89734014811083,-61.70724929635285,0.08,-7.274959917043705,2.5522026160489584,0.7795617271228917,0,0,0.0,0,0
disclosed_no_signal,51,myopic,source_repair,-6.206450179227911,19.89734014811083,-61.70724929635285,0.08,-7.274959917043705,2.5522026160489584,0.7795617271228917,0,0,0.0,0,1
disclosed_no_signal,51,sequential,source_repair,-6.206450179227911,19.89734014811083,-61.70724929635285,0.08,-7.274959917043705,2.5522026160489584,0.7795617271228917,0,0,0.0,0,7
disclosed_no_signal,52,stop,source_repair,0.9117711601985437,14.898163714700475,-15.402736104324916,0.01,-4.603116536924688,4.473124531913843,0.433932350059288,0,0,0.0,0,0
disclosed_no_signal,52,fixed,source_repair,-3.085595287604161,18.89553016250318,-15.402736104324916,0.01,-4.603116536924688,0.4757580841111393,0.43393235005928793,0,0,3.9973664478027047,2,0
disclosed_no_signal,52,random,source_repair,-3.085595287604161,18.89553016250318,-15.402736104324916,0.01,-4.603116536924688,0.4757580841111393,0.43393235005928793,0,0,3.9973664478027047,2,0
disclosed_no_signal,52,entropy,source_repair,0.9117711601985437,14.898163714700475,-15.402736104324916,0.01,-4.603116536924688,4.473124531913843,0.433932350059288,0,0,0.0,0,0
disclosed_no_signal,52,myopic,source_repair,0.9117711601985437,14.898163714700475,-15.402736104324916,0.01,-4.603116536924688,4.473124531913843,0.433932350059288,0,0,0.0,0,1
disclosed_no_signal,52,sequential,source_repair,0.9117711601985437,14.898163714700475,-15.402736104324916,0.01,-4.603116536924688,4.473124531913843,0.433932350059288,0,0,0.0,0,7
disclosed_no_signal,53,stop,source_repair,11.464603811381258,0.0,-1.3374038555088763,0.01,1.2937928602205437,4.388844435096233,0.4579910166455204,0,0,0.0,0,0
disclosed_no_signal,53,fixed,source_repair,8.802161044789104,2.6624427665921537,-1.3374038555088763,0.01,1.2937928602205437,1.7264016685040788,0.4579910166455204,0,0,2.6624427665921537,2,0
disclosed_no_signal,53,random,source_repair,8.078115455793169,3.3864883555880887,-1.3374038555088763,0.01,1.2937928602205437,1.0023560795081443,0.4579910166455204,0,0,3.3864883555880883,2,0
disclosed_no_signal,53,entropy,source_repair,11.464603811381258,0.0,-1.3374038555088763,0.01,1.2937928602205437,4.388844435096233,0.4579910166455204,0,0,0.0,0,0
disclosed_no_signal,53,myopic,source_repair,11.464603811381258,0.0,-1.3374038555088763,0.01,1.2937928602205437,4.388844435096233,0.4579910166455204,0,0,0.0,0,1
disclosed_no_signal,53,sequential,source_repair,11.464603811381258,0.0,-1.3374038555088763,0.01,1.2937928602205437,4.388844435096233,0.4579910166455204,0,0,0.0,0,7
disclosed_no_signal,54,stop,source_repair,17.520854441578702,0.0,-2.043896035789312,0.01,1.9772472520135735,3.809871967413423,0.6865029059661774,0,0,0.0,0,0
disclosed_no_signal,54,fixed,source_repair,14.05713905472588,3.4637153868528223,-2.043896035789312,0.01,1.9772472520135735,0.3461565805605997,0.6865029059661774,0,0,3.463715386852823,2,0
disclosed_no_signal,54,random,source_repair,12.82638565908789,4.694468782490812,-2.043896035789312,0.01,1.9772472520135735,-0.8845968150773893,0.6865029059661774,0,0,4.694468782490812,2,0
disclosed_no_signal,54,entropy,source_repair,17.520854441578702,0.0,-2.043896035789312,0.01,1.9772472520135735,3.809871967413423,0.6865029059661774,0,0,0.0,0,0
disclosed_no_signal,54,myopic,source_repair,17.520854441578702,0.0,-2.043896035789312,0.01,1.9772472520135735,3.809871967413423,0.6865029059661774,0,0,0.0,0,1
disclosed_no_signal,54,sequential,source_repair,17.520854441578702,0.0,-2.043896035789312,0.01,1.9772472520135735,3.809871967413423,0.6865029059661774,0,0,0.0,0,7
disclosed_no_signal,55,stop,mechanism_repair,-0.15475309885868038,13.47470657170704,-13.722684428914322,0.01,-4.801075054953041,3.3065727828755223,0.6222491868623629,0,0,0.0,0,0
disclosed_no_signal,55,fixed,mechanism_repair,-1.2601605527061066,14.580114025554465,-13.722684428914322,0.01,-4.801075054953041,2.201165329028096,0.6222491868623629,0,0,1.1054074538474261,2,0
disclosed_no_signal,55,random,mechanism_repair,-2.4868497076226572,15.806803180471016,-13.722684428914322,0.01,-4.801075054953041,0.9744761741115453,0.6222491868623629,0,0,2.332096608763977,2,0
disclosed_no_signal,55,entropy,mechanism_repair,-0.15475309885868038,13.47470657170704,-13.722684428914322,0.01,-4.801075054953041,3.3065727828755223,0.6222491868623629,0,0,0.0,0,0
disclosed_no_signal,55,myopic,mechanism_repair,-0.15475309885868038,13.47470657170704,-13.722684428914322,0.01,-4.801075054953041,3.3065727828755223,0.6222491868623629,0,0,0.0,0,1
disclosed_no_signal,55,sequential,mechanism_repair,-0.15475309885868038,13.47470657170704,-13.722684428914322,0.01,-4.801075054953041,3.3065727828755223,0.6222491868623629,0,0,0.0,0,7
disclosed_no_signal,56,stop,mechanism_repair,15.593799754988211,0.0,-0.8877978747947246,0.01,0.7305836677998272,4.976190854883195,0.5360909902581078,0,0,0.0,0,0
disclosed_no_signal,56,fixed,mechanism_repair,12.937075158744346,2.6567245962438655,-0.8877978747947246,0.01,0.7305836677998272,2.3194662586393298,0.5360909902581078,0,0,2.6567245962438655,2,0
disclosed_no_signal,56,random,mechanism_repair,12.454619052609043,3.139180702379168,-0.8877978747947246,0.01,0.7305836677998272,1.8370101525040279,0.5360909902581078,0,0,3.1391807023791674,2,0
disclosed_no_signal,56,entropy,mechanism_repair,15.593799754988211,0.0,-0.8877978747947246,0.01,0.7305836677998272,4.976190854883195,0.5360909902581078,0,0,0.0,0,0
disclosed_no_signal,56,myopic,mechanism_repair,15.593799754988211,0.0,-0.8877978747947246,0.01,0.7305836677998272,4.976190854883195,0.5360909902581078,0,0,0.0,0,1
disclosed_no_signal,56,sequential,mechanism_repair,15.593799754988211,0.0,-0.8877978747947246,0.01,0.7305836677998272,4.976190854883195,0.5360909902581078,0,0,0.0,0,7
disclosed_no_signal,57,stop,mechanism_repair,-0.13927360025137336,12.126871192971997,-12.350044552410942,0.01,-4.32083759816008,3.4617989502963664,0.9694118009479141,0,0,0.0,0,0
disclosed_no_signal,57,fixed,mechanism_repair,-2.9861988663076033,14.973796459028227,-12.350044552410942,0.01,-4.32083759816008,0.6148736842401363,0.9694118009479141,0,0,2.84692526605623,2,0
disclosed_no_signal,57,random,mechanism_repair,-4.195638317748307,16.18323591046893,-12.350044552410942,0.01,-4.32083759816008,-0.5945657672005678,0.9694118009479141,0,0,4.056364717496934,2,0
disclosed_no_signal,57,entropy,mechanism_repair,-0.13927360025137336,12.126871192971997,-12.350044552410942,0.01,-4.32083759816008,3.4617989502963664,0.9694118009479141,0,0,0.0,0,0
disclosed_no_signal,57,myopic,mechanism_repair,-0.13927360025137336,12.126871192971997,-12.350044552410942,0.01,-4.32083759816008,3.4617989502963664,0.9694118009479141,0,0,0.0,0,1
disclosed_no_signal,57,sequential,mechanism_repair,-0.13927360025137336,12.126871192971997,-12.350044552410942,0.01,-4.32083759816008,3.4617989502963664,0.9694118009479141,0,0,0.0,0,7
disclosed_no_signal,58,stop,mechanism_repair,15.938543489036476,0.0,-0.9074250829957897,0.01,0.7467352245486192,5.0461357712846615,0.5071367348045634,0,0,0.0,0,0
disclosed_no_signal,58,fixed,mechanism_repair,12.297244434037085,3.6412990549993918,-0.9074250829957897,0.01,0.7467352245486192,1.4048367162852702,0.5071367348045634,0,0,3.6412990549993913,2,0
disclosed_no_signal,58,random,mechanism_repair,10.267895622835344,5.670647866201133,-0.9074250829957897,0.01,0.7467352245486192,-0.6245120949164722,0.5071367348045634,0,0,5.670647866201134,2,0
disclosed_no_signal,58,entropy,mechanism_repair,15.938543489036476,0.0,-0.9074250829957897,0.01,0.7467352245486192,5.0461357712846615,0.5071367348045634,0,0,0.0,0,0
disclosed_no_signal,58,myopic,mechanism_repair,15.938543489036476,0.0,-0.9074250829957897,0.01,0.7467352245486192,5.0461357712846615,0.5071367348045634,0,0,0.0,0,1
disclosed_no_signal,58,sequential,mechanism_repair,15.938543489036476,0.0,-0.9074250829957897,0.01,0.7467352245486192,5.0461357712846615,0.5071367348045634,0,0,0.0,0,7
disclosed_no_signal,59,stop,mechanism_repair,-0.1555684100779281,13.545697585941985,-13.79498190570541,0.01,-4.826369348803185,4.198721003981114,0.5643622191655074,0,0,0.0,0,0
disclosed_no_signal,59,fixed,mechanism_repair,-2.1146938469083585,15.504823022772417,-13.79498190570541,0.01,-4.826369348803185,2.2395955671506838,0.5643622191655074,0,0,1.9591254368304303,2,0
disclosed_no_signal,59,random,mechanism_repair,-2.8316978486335493,16.221827024497607,-13.79498190570541,0.01,-4.826369348803185,1.522591565425493,0.5643622191655074,0,0,2.676129438555621,2,0
disclosed_no_signal,59,entropy,mechanism_repair,-0.1555684100779281,13.545697585941985,-13.79498190570541,0.01,-4.826369348803185,4.198721003981114,0.5643622191655074,0,0,0.0,0,0
disclosed_no_signal,59,myopic,mechanism_repair,-0.1555684100779281,13.545697585941985,-13.79498190570541,0.01,-4.826369348803185,4.198721003981114,0.5643622191655074,0,0,0.0,0,1
disclosed_no_signal,59,sequential,mechanism_repair,-0.1555684100779281,13.545697585941985,-13.79498190570541,0.01,-4.826369348803185,4.198721003981114,0.5643622191655074,0,0,0.0,0,7
disclosed_no_signal,60,stop,source_repair,-8.425398629709004,27.011096130252337,-83.76900783070177,0.08,-9.875925133724841,5.165587113848685,0.9324513481096336,0,0,0.0,0,0
disclosed_no_signal,60,fixed,source_repair,-11.954163835241125,30.539861335784458,-83.76900783070177,0.08,-9.875925133724841,1.6368219083165645,0.9324513481096336,0,0,3.52876520553212,2,0
disclosed_no_signal,60,random,source_repair,-10.56883829933845,29.154535799881785,-83.76900783070177,0.08,-9.875925133724841,3.022147444219239,0.9324513481096336,0,0,2.1434396696294455,2,0
disclosed_no_signal,60,entropy,source_repair,-8.425398629709004,27.011096130252337,-83.76900783070177,0.08,-9.875925133724841,5.165587113848685,0.9324513481096336,0,0,0.0,0,0
disclosed_no_signal,60,myopic,source_repair,-8.425398629709004,27.011096130252337,-83.76900783070177,0.08,-9.875925133724841,5.165587113848685,0.9324513481096336,0,0,0.0,0,1
disclosed_no_signal,60,sequential,source_repair,-8.425398629709004,27.011096130252337,-83.76900783070177,0.08,-9.875925133724841,5.165587113848685,0.9324513481096336,0,0,0.0,0,7
disclosed_no_signal,61,stop,source_repair,17.302969223945045,0.0,-2.0184786262637977,0.01,1.9526586710595435,7.921700521146457,0.46056791693098353,0,0,0.0,0,0
disclosed_no_signal,61,fixed,source_repair,11.974303142954872,5.328666080990173,-2.0184786262637977,0.01,1.9526586710595435,2.593034440156284,0.46056791693098353,0,0,5.328666080990173,2,0
disclosed_no_signal,61,random,source_repair,12.177653253806781,5.125315970138264,-2.0184786262637977,0.01,1.9526586710595435,2.7963845510081926,0.46056791693098353,0,0,5.1253159701382645,2,0
disclosed_no_signal,61,entropy,source_repair,17.302969223945045,0.0,-2.0184786262637977,0.01,1.9526586710595435,7.921700521146457,0.46056791693098353,0,0,0.0,0,0
disclosed_no_signal,61,myopic,source_repair,17.302969223945045,0.0,-2.0184786262637977,0.01,1.9526586710595435,7.921700521146457,0.46056791693098353,0,0,0.0,0,1
disclosed_no_signal,61,sequential,source_repair,17.302969223945045,0.0,-2.0184786262637977,0.01,1.9526586710595435,7.921700521146457,0.46056791693098353,0,0,0.0,0,7
disclosed_no_signal,62,stop,source_repair,0.6824080894838187,11.15041567574046,-11.528058987396554,0.01,-3.4451670537047168,3.509270557791553,0.2779829833638115,0,0,0.0,0,0
disclosed_no_signal,62,fixed,source_repair,-3.4249764770978923,15.25780024232217,-11.528058987396554,0.01,-3.4451670537047168,-0.5981140087901582,0.2779829833638115,0,0,4.107384566581711,2,0
disclosed_no_signal,62,random,source_repair,-4.8358111314674925,16.66863489669177,-11.528058987396554,0.01,-3.4451670537047168,-2.008948663159758,0.2779829833638115,0,0,5.518219220951311,2,0
disclosed_no_signal,62,entropy,source_repair,0.6824080894838187,11.15041567574046,-11.528058987396554,0.01,-3.4451670537047168,3.509270557791553,0.2779829833638115,0,0,0.0,0,0
disclosed_no_signal,62,myopic,source_repair,0.6824080894838187,11.15041567574046,-11.528058987396554,0.01,-3.4451670537047168,3.509270557791553,0.2779829833638115,0,0,0.0,0,1
disclosed_no_signal,62,sequential,source_repair,0.6824080894838187,11.15041567574046,-11.528058987396554,0.01,-3.4451670537047168,3.509270557791553,0.2779829833638115,0,0,0.0,0,7
disclosed_no_signal,63,stop,source_repair,14.291058933800644,0.0,-1.6671241005638215,0.01,1.6127613581541336,3.1530440541229643,0.8101047436267876,0,0,0.0,0,0
disclosed_no_signal,63,fixed,source_repair,10.734838595248714,3.5562203385519293,-1.6671241005638215,0.01,1.6127613581541336,-0.4031762844289646,0.8101047436267876,0,0,3.5562203385519298,2,0
disclosed_no_signal,63,random,source_repair,9.61800353910856,4.673055394692083,-1.6671241005638215,0.01,1.6127613581541336,-1.520011340569119,0.8101047436267876,0,0,4.673055394692084,2,0
disclosed_no_signal,63,entropy,source_repair,14.291058933800644,0.0,-1.6671241005638215,0.01,1.6127613581541336,3.1530440541229643,0.8101047436267876,0,0,0.0,0,0
disclosed_no_signal,63,myopic,source_repair,14.291058933800644,0.0,-1.6671241005638215,0.01,1.6127613581541336,3.1530440541229643,0.8101047436267876,0,0,0.0,0,1
disclosed_no_signal,63,sequential,source_repair,14.291058933800644,0.0,-1.6671241005638215,0.01,1.6127613581541336,3.1530440541229643,0.8101047436267876,0,0,0.0,0,7
disclosed_no_signal,64,stop,mechanism_repair,13.474856833194561,0.0,-0.7671606309967238,0.01,0.6313092692577216,5.254605075062165,0.5328971460983373,0,0,0.0,0,0
disclosed_no_signal,64,fixed,mechanism_repair,10.62499223013127,2.849864603063292,-0.7671606309967238,0.01,0.6313092692577216,2.404740471998873,0.5328971460983373,0,0,2.849864603063292,2,0
disclosed_no_signal,64,random,mechanism_repair,11.469767484462531,2.00508934873203,-0.7671606309967238,0.01,0.6313092692577216,3.2495157263301353,0.5328971460983373,0,0,2.00508934873203,2,0
disclosed_no_signal,64,entropy,mechanism_repair,13.474856833194561,0.0,-0.7671606309967238,0.01,0.6313092692577216,5.254605075062165,0.5328971460983373,0,0,0.0,0,0
disclosed_no_signal,64,myopic,mechanism_repair,13.474856833194561,0.0,-0.7671606309967238,0.01,0.6313092692577216,5.254605075062165,0.5328971460983373,0,0,0.0,0,1
disclosed_no_signal,64,sequential,mechanism_repair,13.474856833194561,0.0,-0.7671606309967238,0.01,0.6313092692577216,5.254605075062165,0.5328971460983373,0,0,0.0,0,7
disclosed_no_signal,65,stop,source_repair,-7.997764343656479,25.64013775584062,-79.51728023520309,0.08,-9.374668827729208,4.730306946835443,0.5860599900155482,0,0,0.0,0,0
disclosed_no_signal,65,fixed,source_repair,-10.969024484519794,28.611397896703934,-79.51728023520309,0.08,-9.374668827729208,1.7590468059721278,0.5860599900155482,0,0,2.971260140863315,2,0
disclosed_no_signal,65,random,source_repair,-10.969024484519794,28.611397896703934,-79.51728023520309,0.08,-9.374668827729208,1.7590468059721278,0.5860599900155482,0,0,2.971260140863315,2,0
disclosed_no_signal,65,entropy,source_repair,-7.997764343656479,25.64013775584062,-79.51728023520309,0.08,-9.374668827729208,4.730306946835443,0.5860599900155482,0,0,0.0,0,0
disclosed_no_signal,65,myopic,source_repair,-7.997764343656479,25.64013775584062,-79.51728023520309,0.08,-9.374668827729208,4.730306946835443,0.5860599900155482,0,0,0.0,0,1
disclosed_no_signal,65,sequential,source_repair,-7.997764343656479,25.64013775584062,-79.51728023520309,0.08,-9.374668827729208,4.730306946835443,0.5860599900155482,0,0,0.0,0,7
disclosed_no_signal,66,stop,source_repair,18.94887685057581,0.0,-2.2104820519279467,0.01,2.1384011154520346,8.595330272944851,0.4983400563327325,0,0,0.0,0,0
disclosed_no_signal,66,fixed,source_repair,16.915163756825763,2.0337130937500483,-2.2104820519279467,0.01,2.1384011154520346,6.561617179194805,0.49834005633273254,0,0,2.0337130937500487,2,0
disclosed_no_signal,66,random,source_repair,16.915163756825763,2.0337130937500483,-2.2104820519279467,0.01,2.1384011154520346,6.561617179194805,0.49834005633273254,0,0,2.0337130937500487,2,0
disclosed_no_signal,66,entropy,source_repair,18.94887685057581,0.0,-2.2104820519279467,0.01,2.1384011154520346,8.595330272944851,0.4983400563327325,0,0,0.0,0,0
disclosed_no_signal,66,myopic,source_repair,18.94887685057581,0.0,-2.2104820519279467,0.01,2.1384011154520346,8.595330272944851,0.4983400563327325,0,0,0.0,0,1
disclosed_no_signal,66,sequential,source_repair,18.94887685057581,0.0,-2.2104820519279467,0.01,2.1384011154520346,8.595330272944851,0.4983400563327325,0,0,0.0,0,7
disclosed_no_signal,67,stop,mechanism_repair,-6.00501207956078,20.09142723882791,-67.87342624131756,0.08,-7.180294039213069,4.335683467226422,0.8936836712087192,0,0,0.0,0,0
disclosed_no_signal,67,fixed,mechanism_repair,-8.22451039257226,22.31092555183939,-67.87342624131756,0.08,-7.180294039213069,2.116185154214943,0.8936836712087192,0,0,2.2194983130114796,2,0
disclosed_no_signal,67,random,mechanism_repair,-9.23859302968529,23.325008188952424,-67.87342624131756,0.08,-7.180294039213069,1.1021025171019123,0.8936836712087192,0,0,3.23358095012451,2,0
disclosed_no_signal,67,entropy,mechanism_repair,-6.00501207956078,20.09142723882791,-67.87342624131756,0.08,-7.180294039213069,4.335683467226422,0.8936836712087192,0,0,0.0,0,0
disclosed_no_signal,67,myopic,mechanism_repair,-6.00501207956078,20.09142723882791,-67.87342624131756,0.08,-7.180294039213069,4.335683467226422,0.8936836712087192,0,0,0.0,0,1
disclosed_no_signal,67,sequential,mechanism_repair,-6.00501207956078,20.09142723882791,-67.87342624131756,0.08,-7.180294039213069,4.335683467226422,0.8936836712087192,0,0,0.0,0,7
disclosed_no_signal,68,stop,source_repair,20.44886496898494,0.0,-2.3854632310234125,0.01,2.3076763865335193,4.868877706866343,0.714618294510499,0,0,0.0,0,0
disclosed_no_signal,68,fixed,source_repair,15.957122513504766,4.491742455480173,-2.3854632310234125,0.01,2.3076763865335193,0.37713525138616966,0.714618294510499,0,0,4.491742455480173,2,0
disclosed_no_signal,68,random,source_repair,15.957122513504766,4.491742455480173,-2.3854632310234125,0.01,2.3076763865335193,0.37713525138616966,0.714618294510499,0,0,4.491742455480173,2,0
disclosed_no_signal,68,entropy,source_repair,20.44886496898494,0.0,-2.3854632310234125,0.01,2.3076763865335193,4.868877706866343,0.714618294510499,0,0,0.0,0,0
disclosed_no_signal,68,myopic,source_repair,20.44886496898494,0.0,-2.3854632310234125,0.01,2.3076763865335193,4.868877706866343,0.714618294510499,0,0,0.0,0,1
disclosed_no_signal,68,sequential,source_repair,20.44886496898494,0.0,-2.3854632310234125,0.01,2.3076763865335193,4.868877706866343,0.714618294510499,0,0,0.0,0,7
disclosed_no_signal,69,stop,mechanism_repair,-6.77612890418667,22.671411653403855,-76.58920236736867,0.08,-8.102331408337422,5.490514128431915,0.8272117418367823,0,0,0.0,0,0
disclosed_no_signal,69,fixed,mechanism_repair,-10.85862744238179,26.753910191598976,-76.58920236736867,0.08,-8.102331408337422,1.4080155902367952,0.8272117418367823,0,0,4.08249853819512,2,0
disclosed_no_signal,69,random,mechanism_repair,-10.856520931112481,26.751803680329665,-76.58920236736867,0.08,-8.102331408337422,1.4101221015061043,0.8272117418367823,0,0,4.080392026925811,2,0
disclosed_no_signal,69,entropy,mechanism_repair,-6.77612890418667,22.671411653403855,-76.58920236736867,0.08,-8.102331408337422,5.490514128431915,0.8272117418367823,0,0,0.0,0,0
disclosed_no_signal,69,myopic,mechanism_repair,-6.77612890418667,22.671411653403855,-76.58920236736867,0.08,-8.102331408337422,5.490514128431915,0.8272117418367823,0,0,0.0,0,1
disclosed_no_signal,69,sequential,mechanism_repair,-6.77612890418667,22.671411653403855,-76.58920236736867,0.08,-8.102331408337422,5.490514128431915,0.8272117418367823,0,0,0.0,0,7
disclosed_no_signal,70,stop,mechanism_repair,-5.634944262773449,18.853263099288263,-63.69062521873618,0.08,-6.737797720508407,3.1959936272620526,0.5330169433006674,0,0,0.0,0,0
disclosed_no_signal,70,fixed,mechanism_repair,-9.920789919524914,23.139108756039725,-63.69062521873618,0.08,-6.737797720508407,-1.0898520294894114,0.5330169433006674,0,0,4.285845656751464,2,0
disclosed_no_signal,70,random,mechanism_repair,-9.51888889846602,22.737207734980835,-63.69062521873618,0.08,-6.737797720508407,-0.6879510084305176,0.5330169433006674,0,0,3.88394463569257,2,0
disclosed_no_signal,70,entropy,mechanism_repair,-5.634944262773449,18.853263099288263,-63.69062521873618,0.08,-6.737797720508407,3.1959936272620526,0.5330169433006674,0,0,0.0,0,0
disclosed_no_signal,70,myopic,mechanism_repair,-5.634944262773449,18.853263099288263,-63.69062521873618,0.08,-6.737797720508407,3.1959936272620526,0.5330169433006674,0,0,0.0,0,1
disclosed_no_signal,70,sequential,mechanism_repair,-5.634944262773449,18.853263099288263,-63.69062521873618,0.08,-6.737797720508407,3.1959936272620526,0.5330169433006674,0,0,0.0,0,7
disclosed_no_signal,71,stop,mechanism_repair,-0.15139522719259357,13.182328999046693,-13.424926170331208,0.01,-4.696900120734085,5.00243707982661,0.686419867434554,0,0,0.0,0,0
disclosed_no_signal,71,fixed,mechanism_repair,-5.054367381847041,18.085301153701142,-13.424926170331208,0.01,-4.696900120734085,0.09946492517216221,0.686419867434554,0,0,4.902972154654448,2,0
disclosed_no_signal,71,random,mechanism_repair,-3.9910506661325176,17.021984437986617,-13.424926170331208,0.01,-4.696900120734085,1.1627816408866858,0.686419867434554,0,0,3.839655438939924,2,0
disclosed_no_signal,71,entropy,mechanism_repair,-0.15139522719259357,13.182328999046693,-13.424926170331208,0.01,-4.696900120734085,5.00243707982661,0.686419867434554,0,0,0.0,0,0
disclosed_no_signal,71,myopic,mechanism_repair,-0.15139522719259357,13.182328999046693,-13.424926170331208,0.01,-4.696900120734085,5.00243707982661,0.686419867434554,0,0,0.0,0,1
disclosed_no_signal,71,sequential,mechanism_repair,-0.15139522719259357,13.182328999046693,-13.424926170331208,0.01,-4.696900120734085,5.00243707982661,0.686419867434554,0,0,0.0,0,7
disclosed_no_signal,72,stop,source_repair,-5.829888530123899,18.69011621130511,-57.96330825345582,0.08,-6.833568973039004,4.550428222362591,1.0300669007279553,0,0,0.0,0,0
disclosed_no_signal,72,fixed,source_repair,-9.173661170559452,22.033888851740663,-57.96330825345582,0.08,-6.833568973039004,1.2066555819270368,1.0300669007279553,0,0,3.343772640435554,2,0
disclosed_no_signal,72,random,source_repair,-10.485134396168098,23.345362077349307,-57.96330825345582,0.08,-6.833568973039004,-0.10481764368160817,1.0300669007279553,0,0,4.655245866044199,2,0
disclosed_no_signal,72,entropy,source_repair,-5.829888530123899,18.69011621130511,-57.96330825345582,0.08,-6.833568973039004,4.550428222362591,1.0300669007279553,0,0,0.0,0,0
disclosed_no_signal,72,myopic,source_repair,-5.829888530123899,18.69011621130511,-57.96330825345582,0.08,-6.833568973039004,4.550428222362591,1.0300669007279553,0,0,0.0,0,1
disclosed_no_signal,72,sequential,source_repair,-5.829888530123899,18.69011621130511,-57.96330825345582,0.08,-6.833568973039004,4.550428222362591,1.0300669007279553,0,0,0.0,0,7
disclosed_no_signal,73,stop,source_repair,14.069042505633508,0.0,-1.6412247644941158,0.01,1.5877065656519145,5.247489462740986,0.4812038500209152,0,0,0.0,0,0
disclosed_no_signal,73,fixed,source_repair,12.315970531652255,1.7530719739812533,-1.6412247644941158,0.01,1.5877065656519145,3.494417488759732,0.4812038500209152,0,0,1.7530719739812537,2,0
disclosed_no_signal,73,random,source_repair,12.315970531652255,1.7530719739812533,-1.6412247644941158,0.01,1.5877065656519145,3.494417488759732,0.4812038500209152,0,0,1.7530719739812537,2,0
disclosed_no_signal,73,entropy,source_repair,14.069042505633508,0.0,-1.6412247644941158,0.01,1.5877065656519145,5.247489462740986,0.4812038500209152,0,0,0.0,0,0
disclosed_no_signal,73,myopic,source_repair,14.069042505633508,0.0,-1.6412247644941158,0.01,1.5877065656519145,5.247489462740986,0.4812038500209152,0,0,0.0,0,1
disclosed_no_signal,73,sequential,source_repair,14.069042505633508,0.0,-1.6412247644941158,0.01,1.5877065656519145,5.247489462740986,0.4812038500209152,0,0,0.0,0,7
disclosed_no_signal,74,stop,mechanism_repair,18.500567784047213,0.0,-1.0532881670433691,0.01,0.8667683874627741,8.025238069024741,0.3692965060809056,0,0,0.0,0,0
disclosed_no_signal,74,fixed,mechanism_repair,13.410219066365235,5.090348717681978,-1.0532881670433691,0.01,0.8667683874627741,2.934889351342763,0.3692965060809056,0,0,5.090348717681978,2,0
disclosed_no_signal,74,random,mechanism_repair,13.791763485465015,4.708804298582198,-1.0532881670433691,0.01,0.8667683874627741,3.3164337704425435,0.3692965060809056,0,0,4.708804298582198,2,0
disclosed_no_signal,74,entropy,mechanism_repair,18.500567784047213,0.0,-1.0532881670433691,0.01,0.8667683874627741,8.025238069024741,0.3692965060809056,0,0,0.0,0,0
disclosed_no_signal,74,myopic,mechanism_repair,18.500567784047213,0.0,-1.0532881670433691,0.01,0.8667683874627741,8.025238069024741,0.3692965060809056,0,0,0.0,0,1
disclosed_no_signal,74,sequential,mechanism_repair,18.500567784047213,0.0,-1.0532881670433691,0.01,0.8667683874627741,8.025238069024741,0.3692965060809056,0,0,0.0,0,7
disclosed_no_signal,75,stop,mechanism_repair,-0.17147788196046432,14.930971722027424,-15.205749532879732,0.01,-5.3199463379300695,3.9644474640640293,0.5619666517864742,0,0,0.0,0,0
disclosed_no_signal,75,fixed,mechanism_repair,-2.059387464141256,16.818881304208215,-15.205749532879732,0.01,-5.3199463379300695,2.0765378818832376,0.5619666517864742,0,0,1.8879095821807919,2,0
disclosed_no_signal,75,random,mechanism_repair,-2.130452445444878,16.889946285511837,-15.205749532879732,0.01,-5.3199463379300695,2.0054729005796155,0.5619666517864742,0,0,1.9589745634844136,2,0
disclosed_no_signal,75,entropy,mechanism_repair,-0.17147788196046432,14.930971722027424,-15.205749532879732,0.01,-5.3199463379300695,3.9644474640640293,0.5619666517864742,0,0,0.0,0,0
disclosed_no_signal,75,myopic,mechanism_repair,-0.17147788196046432,14.930971722027424,-15.205749532879732,0.01,-5.3199463379300695,3.9644474640640293,0.5619666517864742,0,0,0.0,0,1
disclosed_no_signal,75,sequential,mechanism_repair,-0.17147788196046432,14.930971722027424,-15.205749532879732,0.01,-5.3199463379300695,3.9644474640640293,0.5619666517864742,0,0,0.0,0,7
disclosed_no_signal,76,stop,source_repair,-7.5929141497091175,24.342223201566146,-75.49208207455428,0.08,-8.90011914984219,8.045895493158822,1.1614174253551803,0,0,0.0,0,0
disclosed_no_signal,76,fixed,source_repair,-11.883998928187925,28.633307980044954,-75.49208207455428,0.08,-8.90011914984219,3.754810714680014,1.1614174253551803,0,0,4.291084778478808,2,0
disclosed_no_signal,76,random,source_repair,-11.883998928187925,28.633307980044954,-75.49208207455428,0.08,-8.90011914984219,3.754810714680014,1.1614174253551803,0,0,4.291084778478808,2,0
disclosed_no_signal,76,entropy,source_repair,-7.5929141497091175,24.342223201566146,-75.49208207455428,0.08,-8.90011914984219,8.045895493158822,1.1614174253551803,0,0,0.0,0,0
disclosed_no_signal,76,myopic,source_repair,-7.5929141497091175,24.342223201566146,-75.49208207455428,0.08,-8.90011914984219,8.045895493158822,1.1614174253551803,0,0,0.0,0,1
disclosed_no_signal,76,sequential,source_repair,-7.5929141497091175,24.342223201566146,-75.49208207455428,0.08,-8.90011914984219,8.045895493158822,1.1614174253551803,0,0,0.0,0,7
disclosed_no_signal,77,stop,mechanism_repair,-5.518584506000834,18.463949380056626,-62.37543463058646,0.08,-6.59866440039362,2.7462583295706122,1.0214580825977577,0,0,0.0,0,0
disclosed_no_signal,77,fixed,mechanism_repair,-8.215574401662227,21.160939275718018,-62.37543463058646,0.08,-6.59866440039362,0.04926843390921887,1.0214580825977577,0,0,2.6969898956613934,2,0
disclosed_no_signal,77,random,mechanism_repair,-8.21543954932167,21.160804423377463,-62.37543463058646,0.08,-6.59866440039362,0.0494032862497753,1.0214580825977577,0,0,2.696855043320837,2,0
disclosed_no_signal,77,entropy,mechanism_repair,-5.518584506000834,18.463949380056626,-62.37543463058646,0.08,-6.59866440039362,2.7462583295706122,1.0214580825977577,0,0,0.0,0,0
disclosed_no_signal,77,myopic,mechanism_repair,-5.518584506000834,18.463949380056626,-62.37543463058646,0.08,-6.59866440039362,2.7462583295706122,1.0214580825977577,0,0,0.0,0,1
disclosed_no_signal,77,sequential,mechanism_repair,-5.518584506000834,18.463949380056626,-62.37543463058646,0.08,-6.59866440039362,2.7462583295706122,1.0214580825977577,0,0,0.0,0,7
disclosed_no_signal,78,stop,mechanism_repair,15.35127361988152,0.0,-0.8739901954149132,0.01,0.7192210983101885,4.73438047715136,0.5409908905734802,0,0,0.0,0,0
disclosed_no_signal,78,fixed,mechanism_repair,13.144767316027131,2.206506303854388,-0.8739901954149132,0.01,0.7192210983101885,2.5278741732969716,0.5409908905734802,0,0,2.2065063038543884,2,0
disclosed_no_signal,78,random,mechanism_repair,11.346236864862801,4.005036755018718,-0.8739901954149132,0.01,0.7192210983101885,0.7293437221326418,0.5409908905734802,0,0,4.005036755018718,2,0
disclosed_no_signal,78,entropy,mechanism_repair,15.35127361988152,0.0,-0.8739901954149132,0.01,0.7192210983101885,4.73438047715136,0.5409908905734802,0,0,0.0,0,0
disclosed_no_signal,78,myopic,mechanism_repair,15.35127361988152,0.0,-0.8739901954149132,0.01,0.7192210983101885,4.73438047715136,0.5409908905734802,0,0,0.0,0,1
disclosed_no_signal,78,sequential,mechanism_repair,15.35127361988152,0.0,-0.8739901954149132,0.01,0.7192210983101885,4.73438047715136,0.5409908905734802,0,0,0.0,0,7
disclosed_no_signal,79,stop,source_repair,-7.778145348205588,24.9360583337423,-77.33373187645535,0.08,-9.11723996859263,4.084482579245625,0.8167068793732363,0,0,0.0,0,0
disclosed_no_signal,79,fixed,source_repair,-8.931934212288583,26.089847197825293,-77.33373187645535,0.08,-9.11723996859263,2.9306937151626298,0.8167068793732363,0,0,1.1537888640829954,2,0
disclosed_no_signal,79,random,source_repair,-8.931934212288583,26.089847197825293,-77.33373187645535,0.08,-9.11723996859263,2.9306937151626298,0.8167068793732363,0,0,1.1537888640829954,2,0
disclosed_no_signal,79,entropy,source_repair,-7.778145348205588,24.9360583337423,-77.33373187645535,0.08,-9.11723996859263,4.084482579245625,0.8167068793732363,0,0,0.0,0,0
disclosed_no_signal,79,myopic,source_repair,-7.778145348205588,24.9360583337423,-77.33373187645535,0.08,-9.11723996859263,4.084482579245625,0.8167068793732363,0,0,0.0,0,1
disclosed_no_signal,79,sequential,source_repair,-7.778145348205588,24.9360583337423,-77.33373187645535,0.08,-9.11723996859263,4.084482579245625,0.8167068793732363,0,0,0.0,0,7
disclosed_no_signal,80,stop,mechanism_repair,-6.922926298933391,23.162562901116075,-78.24842336688545,0.08,-8.277859524602093,4.482388992293872,0.6948951317196056,0,0,0.0,0,0
disclosed_no_signal,80,fixed,mechanism_repair,-12.1043322502948,28.343968852477484,-78.24842336688545,0.08,-8.277859524602093,-0.699016959067535,0.6948951317196056,0,0,5.181405951361407,2,0
disclosed_no_signal,80,random,mechanism_repair,-9.47755883796492,25.717195440147606,-78.24842336688545,0.08,-8.277859524602093,1.927756453262342,0.6948951317196056,0,0,2.5546325390315303,2,0
disclosed_no_signal,80,entropy,mechanism_repair,-6.922926298933391,23.162562901116075,-78.24842336688545,0.08,-8.277859524602093,4.482388992293872,0.6948951317196056,0,0,0.0,0,0
disclosed_no_signal,80,myopic,mechanism_repair,-6.922926298933391,23.162562901116075,-78.24842336688545,0.08,-8.277859524602093,4.482388992293872,0.6948951317196056,0,0,0.0,0,1
disclosed_no_signal,80,sequential,mechanism_repair,-6.922926298933391,23.162562901116075,-78.24842336688545,0.08,-8.277859524602093,4.482388992293872,0.6948951317196056,0,0,0.0,0,7
disclosed_no_signal,81,stop,mechanism_repair,-0.12307103344405923,10.716076610845958,-10.913286821063547,0.01,-3.818167603836771,2.590621831087301,0.521618331159992,0,0,0.0,0,0
disclosed_no_signal,81,fixed,mechanism_repair,-3.5102307108011033,14.103236288203002,-10.913286821063547,0.01,-3.818167603836771,-0.796537846269743,0.521618331159992,0,0,3.387159677357044,2,0
disclosed_no_signal,81,random,mechanism_repair,-4.208960951155941,14.80196652855784,-10.913286821063547,0.01,-3.818167603836771,-1.4952680866245807,0.521618331159992,0,0,4.0858899177118815,2,0
disclosed_no_signal,81,entropy,mechanism_repair,-0.12307103344405923,10.716076610845958,-10.913286821063547,0.01,-3.818167603836771,2.590621831087301,0.521618331159992,0,0,0.0,0,0
disclosed_no_signal,81,myopic,mechanism_repair,-0.12307103344405923,10.716076610845958,-10.913286821063547,0.01,-3.818167603836771,2.590621831087301,0.521618331159992,0,0,0.0,0,1
disclosed_no_signal,81,sequential,mechanism_repair,-0.12307103344405923,10.716076610845958,-10.913286821063547,0.01,-3.818167603836771,2.590621831087301,0.521618331159992,0,0,0.0,0,7
disclosed_no_signal,82,stop,mechanism_repair,-0.19282320280327692,16.789557670593762,-17.098539429302626,0.01,-5.982165629137809,7.119835569321711,0.5287170851908021,0,0,0.0,0,0
disclosed_no_signal,82,fixed,mechanism_repair,-4.554620850586199,21.151355318376687,-17.098539429302626,0.01,-5.982165629137809,2.758037921538789,0.5287170851908021,0,0,4.361797647782922,2,0
disclosed_no_signal,82,random,mechanism_repair,-4.554620850586199,21.151355318376687,-17.098539429302626,0.01,-5.982165629137809,2.758037921538789,0.5287170851908021,0,0,4.361797647782922,2,0
disclosed_no_signal,82,entropy,mechanism_repair,-0.19282320280327692,16.789557670593762,-17.098539429302626,0.01,-5.982165629137809,7.119835569321711,0.5287170851908021,0,0,0.0,0,0
disclosed_no_signal,82,myopic,mechanism_repair,-0.19282320280327692,16.789557670593762,-17.098539429302626,0.01,-5.982165629137809,7.119835569321711,0.5287170851908021,0,0,0.0,0,1
disclosed_no_signal,82,sequential,mechanism_repair,-0.19282320280327692,16.789557670593762,-17.098539429302626,0.01,-5.982165629137809,7.119835569321711,0.5287170851908021,0,0,0.0,0,7
disclosed_no_signal,83,stop,source_repair,13.709908859432032,0.0,-1.5993300133997912,0.01,1.5471779477454524,6.4407459985676425,0.32691041375627605,0,0,0.0,0,0
disclosed_no_signal,83,fixed,source_repair,8.06987602861333,5.640032830818702,-1.5993300133997912,0.01,1.5471779477454524,0.8007131677489401,0.32691041375627605,0,0,5.640032830818702,2,0
disclosed_no_signal,83,random,source_repair,8.050850188925963,5.659058670506068,-1.5993300133997912,0.01,1.5471779477454524,0.7816873280615733,0.32691041375627605,0,0,5.659058670506069,2,0
disclosed_no_signal,83,entropy,source_repair,13.709908859432032,0.0,-1.5993300133997912,0.01,1.5471779477454524,6.4407459985676425,0.32691041375627605,0,0,0.0,0,0
disclosed_no_signal,83,myopic,source_repair,13.709908859432032,0.0,-1.5993300133997912,0.01,1.5471779477454524,6.4407459985676425,0.32691041375627605,0,0,0.0,0,1
disclosed_no_signal,83,sequential,source_repair,13.709908859432032,0.0,-1.5993300133997912,0.01,1.5471779477454524,6.4407459985676425,0.32691041375627605,0,0,0.0,0,7
disclosed_no_signal,84,stop,source_repair,0.6700638890925716,10.948713838279595,-11.319525893408493,0.01,-3.3828468187197798,4.621612087526333,0.4612492229893892,0,0,0.0,0,0
disclosed_no_signal,84,fixed,source_repair,-2.583467528539253,14.202245255911418,-11.319525893408493,0.01,-3.3828468187197798,1.3680806698945083,0.4612492229893892,0,0,3.2535314176318244,2,0
disclosed_no_signal,84,random,source_repair,-0.8736162912770891,12.492394018649255,-11.319525893408493,0.01,-3.3828468187197798,3.077931907156672,0.4612492229893892,0,0,1.5436801803696607,2,0
disclosed_no_signal,84,entropy,source_repair,0.6700638890925716,10.948713838279595,-11.319525893408493,0.01,-3.3828468187197798,4.621612087526333,0.4612492229893892,0,0,0.0,0,0
disclosed_no_signal,84,myopic,source_repair,0.6700638890925716,10.948713838279595,-11.319525893408493,0.01,-3.3828468187197798,4.621612087526333,0.4612492229893892,0,0,0.0,0,1
disclosed_no_signal,84,sequential,source_repair,0.6700638890925716,10.948713838279595,-11.319525893408493,0.01,-3.3828468187197798,4.621612087526333,0.4612492229893892,0,0,0.0,0,7
disclosed_no_signal,85,stop,source_repair,0.926839436332071,15.14437642084345,-15.657287565221392,0.01,-4.6791893873075425,6.71882599260212,0.6099342619621295,0,0,0.0,0,0
disclosed_no_signal,85,fixed,source_repair,-2.785488394914176,18.856704252089695,-15.657287565221392,0.01,-4.6791893873075425,3.0064981613558732,0.6099342619621295,0,0,3.712327831246247,2,0
disclosed_no_signal,85,random,source_repair,-2.035883138097833,18.107098995273354,-15.657287565221392,0.01,-4.6791893873075425,3.7561034181722164,0.6099342619621295,0,0,2.962722574429904,2,0
disclosed_no_signal,85,entropy,source_repair,0.926839436332071,15.14437642084345,-15.657287565221392,0.01,-4.6791893873075425,6.71882599260212,0.6099342619621295,0,0,0.0,0,0
disclosed_no_signal,85,myopic,source_repair,0.926839436332071,15.14437642084345,-15.657287565221392,0.01,-4.6791893873075425,6.71882599260212,0.6099342619621295,0,0,0.0,0,1
disclosed_no_signal,85,sequential,source_repair,0.926839436332071,15.14437642084345,-15.657287565221392,0.01,-4.6791893873075425,6.71882599260212,0.6099342619621295,0,0,0.0,0,7
disclosed_no_signal,86,stop,mechanism_repair,-0.18227035724720464,15.870697250910183,-16.162769028185824,0.01,-5.654773131464471,4.915640315895798,0.7260175393438106,0,0,0.0,0,0
disclosed_no_signal,86,fixed,mechanism_repair,-3.2843341398810417,18.97276103354402,-16.162769028185824,0.01,-5.654773131464471,1.813576533261961,0.7260175393438106,0,0,3.102063782633837,2,0
disclosed_no_signal,86,random,mechanism_repair,-4.3997018008503535,20.08812869451333,-16.162769028185824,0.01,-5.654773131464471,0.6982088722926498,0.7260175393438106,0,0,4.217431443603148,2,0
disclosed_no_signal,86,entropy,mechanism_repair,-0.18227035724720464,15.870697250910183,-16.162769028185824,0.01,-5.654773131464471,4.915640315895798,0.7260175393438106,0,0,0.0,0,0
disclosed_no_signal,86,myopic,mechanism_repair,-0.18227035724720464,15.870697250910183,-16.162769028185824,0.01,-5.654773131464471,4.915640315895798,0.7260175393438106,0,0,0.0,0,1
disclosed_no_signal,86,sequential,mechanism_repair,-0.18227035724720464,15.870697250910183,-16.162769028185824,0.01,-5.654773131464471,4.915640315895798,0.7260175393438106,0,0,0.0,0,7
disclosed_no_signal,87,stop,source_repair,14.470881781928217,0.0,-1.6881013427216085,0.01,1.6330545598067727,4.7143326754869985,0.40351915000971855,0,0,0.0,0,0
disclosed_no_signal,87,fixed,source_repair,10.534197456116704,3.9366843258115125,-1.6881013427216085,0.01,1.6330545598067727,0.7776483496754869,0.40351915000971855,0,0,3.9366843258115116,2,0
disclosed_no_signal,87,random,source_repair,9.45249578092276,5.018386001005457,-1.6881013427216085,0.01,1.6330545598067727,-0.3040533255184572,0.40351915000971855,0,0,5.018386001005456,2,0
disclosed_no_signal,87,entropy,source_repair,14.470881781928217,0.0,-1.6881013427216085,0.01,1.6330545598067727,4.7143326754869985,0.40351915000971855,0,0,0.0,0,0
disclosed_no_signal,87,myopic,source_repair,14.470881781928217,0.0,-1.6881013427216085,0.01,1.6330545598067727,4.7143326754869985,0.40351915000971855,0,0,0.0,0,1
disclosed_no_signal,87,sequential,source_repair,14.470881781928217,0.0,-1.6881013427216085,0.01,1.6330545598067727,4.7143326754869985,0.40351915000971855,0,0,0.0,0,7
disclosed_no_signal,88,stop,source_repair,0.5870433425424427,9.592174228144964,-9.917042874017966,0.01,-2.963713962350197,4.726695601781403,0.5361791173486412,0,0,0.0,0,0
disclosed_no_signal,88,fixed,source_repair,-2.1318718017132285,12.311089372400634,-9.917042874017966,0.01,-2.963713962350197,2.0077804575257314,0.5361791173486412,0,0,2.7189151442556714,2,0
disclosed_no_signal,88,random,source_repair,-2.1318718017132285,12.311089372400634,-9.917042874017966,0.01,-2.963713962350197,2.0077804575257314,0.5361791173486412,0,0,2.7189151442556714,2,0
disclosed_no_signal,88,entropy,source_repair,0.5870433425424427,9.592174228144964,-9.917042874017966,0.01,-2.963713962350197,4.726695601781403,0.5361791173486412,0,0,0.0,0,0
disclosed_no_signal,88,myopic,source_repair,0.5870433425424427,9.592174228144964,-9.917042874017966,0.01,-2.963713962350197,4.726695601781403,0.5361791173486412,0,0,0.0,0,1
disclosed_no_signal,88,sequential,source_repair,0.5870433425424427,9.592174228144964,-9.917042874017966,0.01,-2.963713962350197,4.726695601781403,0.5361791173486412,0,0,0.0,0,7
disclosed_no_signal,89,stop,source_repair,-7.032411871194663,22.545301584968133,-69.91932263354191,0.08,-8.243120142059679,2.882217226813867,0.7158490805989338,0,0,0.0,0,0
disclosed_no_signal,89,fixed,source_repair,-9.888230343269203,25.401120057042675,-69.91932263354191,0.08,-8.243120142059679,0.02639875473932607,0.7158490805989338,0,0,2.855818472074541,2,0
disclosed_no_signal,89,random,source_repair,-10.880259962528154,26.393149676301626,-69.91932263354191,0.08,-8.243120142059679,-0.9656308645196234,0.7158490805989338,0,0,3.8478480913334905,2,0
disclosed_no_signal,89,entropy,source_repair,-7.032411871194663,22.545301584968133,-69.91932263354191,0.08,-8.243120142059679,2.882217226813867,0.7158490805989338,0,0,0.0,0,0
disclosed_no_signal,89,myopic,source_repair,-7.032411871194663,22.545301584968133,-69.91932263354191,0.08,-8.243120142059679,2.882217226813867,0.7158490805989338,0,0,0.0,0,1
disclosed_no_signal,89,sequential,source_repair,-7.032411871194663,22.545301584968133,-69.91932263354191,0.08,-8.243120142059679,2.882217226813867,0.7158490805989338,0,0,0.0,0,7
disclosed_no_signal,90,stop,mechanism_repair,-0.17693191103426875,15.405866518610367,-15.689383918219496,0.01,-5.489152661605326,7.2909240809741975,0.9600217489160077,0,0,0.0,0,0
disclosed_no_signal,90,fixed,mechanism_repair,-3.985866472555096,19.214801080131195,-15.689383918219496,0.01,-5.489152661605326,3.481989519453371,0.9600217489160079,0,0,3.8089345615208274,2,0
disclosed_no_signal,90,random,mechanism_repair,-3.985866472555096,19.214801080131195,-15.689383918219496,0.01,-5.489152661605326,3.481989519453371,0.9600217489160079,0,0,3.8089345615208274,2,0
disclosed_no_signal,90,entropy,mechanism_repair,-0.17693191103426875,15.405866518610367,-15.689383918219496,0.01,-5.489152661605326,7.2909240809741975,0.9600217489160077,0,0,0.0,0,0
disclosed_no_signal,90,myopic,mechanism_repair,-0.17693191103426875,15.405866518610367,-15.689383918219496,0.01,-5.489152661605326,7.2909240809741975,0.9600217489160077,0,0,0.0,0,1
disclosed_no_signal,90,sequential,mechanism_repair,-0.17693191103426875,15.405866518610367,-15.689383918219496,0.01,-5.489152661605326,7.2909240809741975,0.9600217489160077,0,0,0.0,0,7
disclosed_no_signal,91,stop,source_repair,-8.931342628889857,28.63310864253988,-88.7993249340174,0.08,-10.46897304485258,5.922746550311223,1.0848495927157138,0,0,0.0,0,0
disclosed_no_signal,91,fixed,source_repair,-10.815698277545936,30.517464291195957,-88.7993249340174,0.08,-10.46897304485258,4.038390901655143,1.0848495927157138,0,0,1.8843556486560797,2,0
disclosed_no_signal,91,random,source_repair,-10.706471067847191,30.408237081497212,-88.7993249340174,0.08,-10.46897304485258,4.147618111353888,1.0848495927157138,0,0,1.7751284389573347,2,0
disclosed_no_signal,91,entropy,source_repair,-8.931342628889857,28.63310864253988,-88.7993249340174,0.08,-10.46897304485258,5.922746550311223,1.0848495927157138,0,0,0.0,0,0
disclosed_no_signal,91,myopic,source_repair,-8.931342628889857,28.63310864253988,-88.7993249340174,0.08,-10.46897304485258,5.922746550311223,1.0848495927157138,0,0,0.0,0,1
disclosed_no_signal,91,sequential,source_repair,-8.931342628889857,28.63310864253988,-88.7993249340174,0.08,-10.46897304485258,5.922746550311223,1.0848495927157138,0,0,0.0,0,7
disclosed_no_signal,92,stop,mechanism_repair,-0.1426543325005809,12.421239288936128,-12.64982996631658,0.01,-4.425721761313205,3.657471808800522,0.7966541461787788,0,0,0.0,0,0
disclosed_no_signal,92,fixed,mechanism_repair,-5.4020292832011885,17.680614239636736,-12.64982996631658,0.01,-4.425721761313205,-1.6019031419000855,0.7966541461787788,0,0,5.259374950700607,2,0
disclosed_no_signal,92,random,mechanism_repair,-3.4638233280448034,15.742408284480351,-12.64982996631658,0.01,-4.425721761313205,0.33630281325629907,0.7966541461787788,0,0,3.3211689955442227,2,0
disclosed_no_signal,92,entropy,mechanism_repair,-0.1426543325005809,12.421239288936128,-12.64982996631658,0.01,-4.425721761313205,3.657471808800522,0.7966541461787788,0,0,0.0,0,0
disclosed_no_signal,92,myopic,mechanism_repair,-0.1426543325005809,12.421239288936128,-12.64982996631658,0.01,-4.425721761313205,3.657471808800522,0.7966541461787788,0,0,0.0,0,1
disclosed_no_signal,92,sequential,mechanism_repair,-0.1426543325005809,12.421239288936128,-12.64982996631658,0.01,-4.425721761313205,3.657471808800522,0.7966541461787788,0,0,0.0,0,7
disclosed_no_signal,93,stop,mechanism_repair,15.570171998132235,0.0,-0.8864526816633234,0.01,0.7294766859521092,5.220269114526631,0.44092052005696425,0,0,0.0,0,0
disclosed_no_signal,93,fixed,mechanism_repair,12.179159393293794,3.3910126048384406,-0.8864526816633234,0.01,0.7294766859521092,1.8292565096881899,0.44092052005696425,0,0,3.391012604838441,2,0
disclosed_no_signal,93,random,mechanism_repair,10.86386116949241,4.706310828639825,-0.8864526816633234,0.01,0.7294766859521092,0.5139582858868064,0.44092052005696425,0,0,4.7063108286398245,2,0
disclosed_no_signal,93,entropy,mechanism_repair,15.570171998132235,0.0,-0.8864526816633234,0.01,0.7294766859521092,5.220269114526631,0.44092052005696425,0,0,0.0,0,0
disclosed_no_signal,93,myopic,mechanism_repair,15.570171998132235,0.0,-0.8864526816633234,0.01,0.7294766859521092,5.220269114526631,0.44092052005696425,0,0,0.0,0,1
disclosed_no_signal,93,sequential,mechanism_repair,15.570171998132235,0.0,-0.8864526816633234,0.01,0.7294766859521092,5.220269114526631,0.44092052005696425,0,0,0.0,0,7
disclosed_no_signal,94,stop,mechanism_repair,12.176995050538352,0.0,-0.6932697929377785,0.01,0.5705032671050466,5.222097233665601,0.35684943537087266,0,0,0.0,0,0
disclosed_no_signal,94,fixed,mechanism_repair,11.199651547648742,0.9773435028896102,-0.6932697929377785,0.01,0.5705032671050466,4.244753730775991,0.35684943537087266,0,0,0.9773435028896104,2,0
disclosed_no_signal,94,random,mechanism_repair,8.61926316064556,3.5577318898927928,-0.6932697929377785,0.01,0.5705032671050466,1.664365343772809,0.35684943537087266,0,0,3.5577318898927923,2,0
disclosed_no_signal,94,entropy,mechanism_repair,12.176995050538352,0.0,-0.6932697929377785,0.01,0.5705032671050466,5.222097233665601,0.35684943537087266,0,0,0.0,0,0
disclosed_no_signal,94,myopic,mechanism_repair,12.176995050538352,0.0,-0.6932697929377785,0.01,0.5705032671050466,5.222097233665601,0.35684943537087266,0,0,0.0,0,1
disclosed_no_signal,94,sequential,mechanism_repair,12.176995050538352,0.0,-0.6932697929377785,0.01,0.5705032671050466,5.222097233665601,0.35684943537087266,0,0,0.0,0,7
disclosed_no_signal,95,stop,mechanism_repair,-0.1638752130967982,14.268989940368211,-14.531585161354652,0.01,-5.0840804063163345,5.686953262891656,0.5078315541096866,0,0,0.0,0,0
disclosed_no_signal,95,fixed,mechanism_repair,-5.478715961258455,19.58383068852987,-14.531585161354652,0.01,-5.0840804063163345,0.3721125147299986,0.5078315541096866,0,0,5.314840748161657,2,0
disclosed_no_signal,95,random,mechanism_repair,-4.412323999314254,18.517438726585667,-14.531585161354652,0.01,-5.0840804063163345,1.4385044766741997,0.5078315541096866,0,0,4.248448786217456,2,0
disclosed_no_signal,95,entropy,mechanism_repair,-0.1638752130967982,14.268989940368211,-14.531585161354652,0.01,-5.0840804063163345,5.686953262891656,0.5078315541096866,0,0,0.0,0,0
disclosed_no_signal,95,myopic,mechanism_repair,-0.1638752130967982,14.268989940368211,-14.531585161354652,0.01,-5.0840804063163345,5.686953262891656,0.5078315541096866,0,0,0.0,0,1
disclosed_no_signal,95,sequential,mechanism_repair,-0.1638752130967982,14.268989940368211,-14.531585161354652,0.01,-5.0840804063163345,5.686953262891656,0.5078315541096866,0,0,0.0,0,7
disclosed_no_signal,96,stop,source_repair,0.634951871664792,10.374990291377138,-10.72637142424018,0.01,-3.205582264715456,5.392957855997882,0.6780838892568672,0,0,0.0,0,0
disclosed_no_signal,96,fixed,source_repair,-1.926707232786439,12.93664939582837,-10.72637142424018,0.01,-3.205582264715456,2.8312987515466514,0.6780838892568672,0,0,2.561659104451231,2,0
disclosed_no_signal,96,random,source_repair,-4.258915864875262,15.268858027917194,-10.72637142424018,0.01,-3.205582264715456,0.49909011945782833,0.6780838892568672,0,0,4.893867736540054,2,0
disclosed_no_signal,96,entropy,source_repair,0.634951871664792,10.374990291377138,-10.72637142424018,0.01,-3.205582264715456,5.392957855997882,0.6780838892568672,0,0,0.0,0,0
disclosed_no_signal,96,myopic,source_repair,0.634951871664792,10.374990291377138,-10.72637142424018,0.01,-3.205582264715456,5.392957855997882,0.6780838892568672,0,0,0.0,0,1
disclosed_no_signal,96,sequential,source_repair,0.634951871664792,10.374990291377138,-10.72637142424018,0.01,-3.205582264715456,5.392957855997882,0.6780838892568672,0,0,0.0,0,7
disclosed_no_signal,97,stop,mechanism_repair,-7.824011718732081,26.17739316423492,-88.43320800470525,0.08,-9.355302531024083,4.497673958408811,1.0866793016237228,0,0,0.0,0,0
disclosed_no_signal,97,fixed,mechanism_repair,-10.003336847194486,28.356718292697327,-88.43320800470525,0.08,-9.355302531024083,2.3183488299464043,1.0866793016237228,0,0,2.1793251284624064,2,0
disclosed_no_signal,97,random,mechanism_repair,-12.010359479442002,30.363740924944842,-88.43320800470525,0.08,-9.355302531024083,0.31132619769889036,1.0866793016237228,0,0,4.18634776070992,2,0
disclosed_no_signal,97,entropy,mechanism_repair,-7.824011718732081,26.17739316423492,-88.43320800470525,0.08,-9.355302531024083,4.497673958408811,1.0866793016237228,0,0,0.0,0,0
disclosed_no_signal,97,myopic,mechanism_repair,-7.824011718732081,26.17739316423492,-88.43320800470525,0.08,-9.355302531024083,4.497673958408811,1.0866793016237228,0,0,0.0,0,1
disclosed_no_signal,97,sequential,mechanism_repair,-7.824011718732081,26.17739316423492,-88.43320800470525,0.08,-9.355302531024083,4.497673958408811,1.0866793016237228,0,0,0.0,0,7
disclosed_no_signal,98,stop,mechanism_repair,19.49399222357665,0.0,-1.1098465505060817,0.01,0.9133112238539647,7.749327186938346,0.4993154478408856,0,0,0.0,0,0
disclosed_no_signal,98,fixed,mechanism_repair,15.398485034578462,4.095507188998189,-1.1098465505060817,0.01,0.9133112238539647,3.6538199979401567,0.4993154478408856,0,0,4.095507188998189,2,0
disclosed_no_signal,98,random,mechanism_repair,15.398485034578462,4.095507188998189,-1.1098465505060817,0.01,0.9133112238539647,3.6538199979401567,0.4993154478408856,0,0,4.095507188998189,2,0
disclosed_no_signal,98,entropy,mechanism_repair,19.49399222357665,0.0,-1.1098465505060817,0.01,0.9133112238539647,7.749327186938346,0.4993154478408856,0,0,0.0,0,0
disclosed_no_signal,98,myopic,mechanism_repair,19.49399222357665,0.0,-1.1098465505060817,0.01,0.9133112238539647,7.749327186938346,0.4993154478408856,0,0,0.0,0,1
disclosed_no_signal,98,sequential,mechanism_repair,19.49399222357665,0.0,-1.1098465505060817,0.01,0.9133112238539647,7.749327186938346,0.4993154478408856,0,0,0.0,0,7
disclosed_no_signal,99,stop,mechanism_repair,-7.562027542238094,25.300852709359074,-85.47205431441033,0.08,-9.042043640629727,6.7971460377730235,0.9174273754388907,0,0,0.0,0,0
disclosed_no_signal,99,fixed,mechanism_repair,-12.301885147367964,30.04071031448894,-85.47205431441033,0.08,-9.042043640629727,2.057288432643154,0.9174273754388907,0,0,4.7398576051298695,2,0
disclosed_no_signal,99,random,mechanism_repair,-12.301885147367964,30.04071031448894,-85.47205431441033,0.08,-9.042043640629727,2.057288432643154,0.9174273754388907,0,0,4.7398576051298695,2,0
disclosed_no_signal,99,entropy,mechanism_repair,-7.562027542238094,25.300852709359074,-85.47205431441033,0.08,-9.042043640629727,6.7971460377730235,0.9174273754388907,0,0,0.0,0,0
disclosed_no_signal,99,myopic,mechanism_repair,-7.562027542238094,25.300852709359074,-85.47205431441033,0.08,-9.042043640629727,6.7971460377730235,0.9174273754388907,0,0,0.0,0,1
disclosed_no_signal,99,sequential,mechanism_repair,-7.562027542238094,25.300852709359074,-85.47205431441033,0.08,-9.042043640629727,6.7971460377730235,0.9174273754388907,0,0,0.0,0,7
disclosed_no_signal,100,stop,source_repair,14.160841236986663,0.0,-1.6519335494868104,0.01,1.5980661511339798,5.2069360023907,0.43734087321604337,0,0,0.0,0,0
disclosed_no_signal,100,fixed,source_repair,9.74513001520568,4.415711221780983,-1.6519335494868104,0.01,1.5980661511339798,0.791224780609717,0.4373408732160433,0,0,4.415711221780983,2,0
disclosed_no_signal,100,random,source_repair,9.74513001520568,4.415711221780983,-1.6519335494868104,0.01,1.5980661511339798,0.791224780609717,0.4373408732160433,0,0,4.415711221780983,2,0
disclosed_no_signal,100,entropy,source_repair,14.160841236986663,0.0,-1.6519335494868104,0.01,1.5980661511339798,5.2069360023907,0.43734087321604337,0,0,0.0,0,0
disclosed_no_signal,100,myopic,source_repair,14.160841236986663,0.0,-1.6519335494868104,0.01,1.5980661511339798,5.2069360023907,0.43734087321604337,0,0,0.0,0,1
disclosed_no_signal,100,sequential,source_repair,14.160841236986663,0.0,-1.6519335494868104,0.01,1.5980661511339798,5.2069360023907,0.43734087321604337,0,0,0.0,0,7
disclosed_no_signal,101,stop,source_repair,14.99753533562067,0.0,-1.7495381358994488,0.01,1.6924879792940337,4.948449231092938,0.43525066165943826,0,0,0.0,0,0
disclosed_no_signal,101,fixed,source_repair,11.560381548426633,3.4371537871940365,-1.7495381358994488,0.01,1.6924879792940337,1.5112954438989004,0.43525066165943826,0,0,3.4371537871940374,2,0
disclosed_no_signal,101,random,source_repair,11.979612364673585,3.017922970947085,-1.7495381358994488,0.01,1.6924879792940337,1.930526260145852,0.43525066165943826,0,0,3.017922970947086,2,0
disclosed_no_signal,101,entropy,source_repair,14.99753533562067,0.0,-1.7495381358994488,0.01,1.6924879792940337,4.948449231092938,0.43525066165943826,0,0,0.0,0,0
disclosed_no_signal,101,myopic,source_repair,14.99753533562067,0.0,-1.7495381358994488,0.01,1.6924879792940337,4.948449231092938,0.43525066165943826,0,0,0.0,0,1
disclosed_no_signal,101,sequential,source_repair,14.99753533562067,0.0,-1.7495381358994488,0.01,1.6924879792940337,4.948449231092938,0.43525066165943826,0,0,0.0,0,7
disclosed_no_signal,102,stop,source_repair,19.00232751300778,0.0,-2.216717341275236,0.01,2.144433080146697,5.668842823124643,0.4448913532749906,0,0,0.0,0,0
disclosed_no_signal,102,fixed,source_repair,15.980187430850906,3.0221400821568754,-2.216717341275236,0.01,2.144433080146697,2.646702740967768,0.4448913532749907,0,0,3.022140082156876,2,0
disclosed_no_signal,102,random,source_repair,15.755709632359778,3.246617880648003,-2.216717341275236,0.01,2.144433080146697,2.4222249424766416,0.4448913532749907,0,0,3.246617880648002,2,0
disclosed_no_signal,102,entropy,source_repair,19.00232751300778,0.0,-2.216717341275236,0.01,2.144433080146697,5.668842823124643,0.4448913532749906,0,0,0.0,0,0
disclosed_no_signal,102,myopic,source_repair,19.00232751300778,0.0,-2.216717341275236,0.01,2.144433080146697,5.668842823124643,0.4448913532749906,0,0,0.0,0,1
disclosed_no_signal,102,sequential,source_repair,19.00232751300778,0.0,-2.216717341275236,0.01,2.144433080146697,5.668842823124643,0.4448913532749906,0,0,0.0,0,7
disclosed_no_signal,103,stop,mechanism_repair,12.262644774025874,0.0,-0.6981460670777384,0.01,0.5745160343660562,3.612720051513044,0.4773579357421066,0,0,0.0,0,0
disclosed_no_signal,103,fixed,mechanism_repair,10.946848700559856,1.315796073466018,-0.6981460670777384,0.01,0.5745160343660562,2.296923978047026,0.4773579357421066,0,0,1.315796073466018,2,0
disclosed_no_signal,103,random,mechanism_repair,10.047028575049797,2.215616198976077,-0.6981460670777384,0.01,0.5745160343660562,1.3971038525369672,0.4773579357421066,0,0,2.2156161989760768,2,0
disclosed_no_signal,103,entropy,mechanism_repair,12.262644774025874,0.0,-0.6981460670777384,0.01,0.5745160343660562,3.612720051513044,0.4773579357421066,0,0,0.0,0,0
disclosed_no_signal,103,myopic,mechanism_repair,12.262644774025874,0.0,-0.6981460670777384,0.01,0.5745160343660562,3.612720051513044,0.4773579357421066,0,0,0.0,0,1
disclosed_no_signal,103,sequential,mechanism_repair,12.262644774025874,0.0,-0.6981460670777384,0.01,0.5745160343660562,3.612720051513044,0.4773579357421066,0,0,0.0,0,7
disclosed_no_signal,104,stop,source_repair,0.8925354450570077,14.583855864378098,-15.077783246594114,0.01,-4.506004188637322,6.329289974045962,1.0816774068245727,0,0,0.0,0,0
disclosed_no_signal,104,fixed,source_repair,-2.51592995283385,17.992321262268955,-15.077783246594114,0.01,-4.506004188637322,2.9208245761551064,1.081677406824573,0,0,3.4084653978908577,2,0
disclosed_no_signal,104,random,source_repair,-2.51592995283385,17.992321262268955,-15.077783246594114,0.01,-4.506004188637322,2.9208245761551064,1.081677406824573,0,0,3.4084653978908577,2,0
disclosed_no_signal,104,entropy,source_repair,0.8925354450570077,14.583855864378098,-15.077783246594114,0.01,-4.506004188637322,6.329289974045962,1.0816774068245727,0,0,0.0,0,0
disclosed_no_signal,104,myopic,source_repair,0.8925354450570077,14.583855864378098,-15.077783246594114,0.01,-4.506004188637322,6.329289974045962,1.0816774068245727,0,0,0.0,0,1
disclosed_no_signal,104,sequential,source_repair,0.8925354450570077,14.583855864378098,-15.077783246594114,0.01,-4.506004188637322,6.329289974045962,1.0816774068245727,0,0,0.0,0,7
disclosed_no_signal,105,stop,mechanism_repair,16.87612361969627,0.0,-0.9608040964837161,0.01,0.7906617043980582,4.7105787703111375,0.5397486577385536,0,0,0.0,0,0
disclosed_no_signal,105,fixed,mechanism_repair,12.357457439002154,4.518666180694115,-0.9608040964837161,0.01,0.7906617043980582,0.19191258961702307,0.5397486577385536,0,0,4.518666180694114,2,0
disclosed_no_signal,105,random,mechanism_repair,13.115719943886452,3.760403675809817,-0.9608040964837161,0.01,0.7906617043980582,0.9501750945013203,0.5397486577385536,0,0,3.760403675809817,2,0
disclosed_no_signal,105,entropy,mechanism_repair,16.87612361969627,0.0,-0.9608040964837161,0.01,0.7906617043980582,4.7105787703111375,0.5397486577385536,0,0,0.0,0,0
disclosed_no_signal,105,myopic,mechanism_repair,16.87612361969627,0.0,-0.9608040964837161,0.01,0.7906617043980582,4.7105787703111375,0.5397486577385536,0,0,0.0,0,1
disclosed_no_signal,105,sequential,mechanism_repair,16.87612361969627,0.0,-0.9608040964837161,0.01,0.7906617043980582,4.7105787703111375,0.5397486577385536,0,0,0.0,0,7
disclosed_no_signal,106,stop,source_repair,0.6938590728396942,11.337522520283546,-11.721502783893865,0.01,-3.502977843462534,3.2218629138244457,0.7094281823926749,0,0,0.0,0,0
disclosed_no_signal,106,fixed,source_repair,-1.1156835030763923,13.147065096199633,-11.721502783893865,0.01,-3.502977843462534,1.412320337908359,0.7094281823926749,0,0,1.8095425759160866,2,0
disclosed_no_signal,106,random,source_repair,-1.1156835030763923,13.147065096199633,-11.721502783893865,0.01,-3.502977843462534,1.412320337908359,0.7094281823926749,0,0,1.8095425759160866,2,0
disclosed_no_signal,106,entropy,source_repair,0.6938590728396942,11.337522520283546,-11.721502783893865,0.01,-3.502977843462534,3.2218629138244457,0.7094281823926749,0,0,0.0,0,0
disclosed_no_signal,106,myopic,source_repair,0.6938590728396942,11.337522520283546,-11.721502783893865,0.01,-3.502977843462534,3.2218629138244457,0.7094281823926749,0,0,0.0,0,1
disclosed_no_signal,106,sequential,source_repair,0.6938590728396942,11.337522520283546,-11.721502783893865,0.01,-3.502977843462534,3.2218629138244457,0.7094281823926749,0,0,0.0,0,7
disclosed_no_signal,107,stop,source_repair,17.522451971187845,0.0,-2.0440823956752463,0.01,1.9774275349467045,5.903387925644523,0.5372061949712211,0,0,0.0,0,0
disclosed_no_signal,107,fixed,source_repair,14.340672198396582,3.1817797727912627,-2.0440823956752463,0.01,1.9774275349467045,2.7216081528532614,0.5372061949712211,0,0,3.181779772791262,2,0
disclosed_no_signal,107,random,source_repair,16.80217381537586,0.720278155811986,-2.0440823956752463,0.01,1.9774275349467045,5.183109769832539,0.5372061949712211,0,0,0.7202781558119844,2,0
disclosed_no_signal,107,entropy,source_repair,17.522451971187845,0.0,-2.0440823956752463,0.01,1.9774275349467045,5.903387925644523,0.5372061949712211,0,0,0.0,0,0
disclosed_no_signal,107,myopic,source_repair,17.522451971187845,0.0,-2.0440823956752463,0.01,1.9774275349467045,5.903387925644523,0.5372061949712211,0,0,0.0,0,1
disclosed_no_signal,107,sequential,source_repair,17.522451971187845,0.0,-2.0440823956752463,0.01,1.9774275349467045,5.903387925644523,0.5372061949712211,0,0,0.0,0,7
disclosed_no_signal,108,stop,mechanism_repair,16.38915708373888,0.0,-0.9330797533145141,0.01,0.7678468803317351,4.6558723739239545,0.5650310515057486,0,0,0.0,0,0
disclosed_no_signal,108,fixed,mechanism_repair,11.155191555180567,5.233965528558313,-0.9330797533145141,0.01,0.7678468803317351,-0.5780931546343586,0.5650310515057486,0,0,5.233965528558313,2,0
disclosed_no_signal,108,random,mechanism_repair,11.115687359088222,5.273469724650658,-0.9330797533145141,0.01,0.7678468803317351,-0.6175973507267036,0.5650310515057486,0,0,5.273469724650658,2,0
disclosed_no_signal,108,entropy,mechanism_repair,16.38915708373888,0.0,-0.9330797533145141,0.01,0.7678468803317351,4.6558723739239545,0.5650310515057486,0,0,0.0,0,0
disclosed_no_signal,108,myopic,mechanism_repair,16.38915708373888,0.0,-0.9330797533145141,0.01,0.7678468803317351,4.6558723739239545,0.5650310515057486,0,0,0.0,0,1
disclosed_no_signal,108,sequential,mechanism_repair,16.38915708373888,0.0,-0.9330797533145141,0.01,0.7678468803317351,4.6558723739239545,0.5650310515057486,0,0,0.0,0,7
disclosed_no_signal,109,stop,source_repair,-6.033544871236169,19.343020750198,-59.988148902923704,0.08,-7.072287028555216,3.262009972750623,0.6848523367848367,0,0,0.0,0,0
disclosed_no_signal,109,fixed,source_repair,-8.16203329512598,21.471509174087814,-59.988148902923704,0.08,-7.072287028555216,1.1335215488608124,0.6848523367848367,0,0,2.1284884238898107,2,0
disclosed_no_signal,109,random,source_repair,-8.16203329512598,21.471509174087814,-59.988148902923704,0.08,-7.072287028555216,1.1335215488608124,0.6848523367848367,0,0,2.1284884238898107,2,0
disclosed_no_signal,109,entropy,source_repair,-6.033544871236169,19.343020750198,-59.988148902923704,0.08,-7.072287028555216,3.262009972750623,0.6848523367848367,0,0,0.0,0,0
disclosed_no_signal,109,myopic,source_repair,-6.033544871236169,19.343020750198,-59.988148902923704,0.08,-7.072287028555216,3.262009972750623,0.6848523367848367,0,0,0.0,0,1
disclosed_no_signal,109,sequential,source_repair,-6.033544871236169,19.343020750198,-59.988148902923704,0.08,-7.072287028555216,3.262009972750623,0.6848523367848367,0,0,0.0,0,7
disclosed_no_signal,110,stop,source_repair,17.85271023370827,0.0,-2.0826086876322325,0.01,2.014697534774661,5.197310549302917,0.508374316073523,0,0,0.0,0,0
disclosed_no_signal,110,fixed,source_repair,14.42343451721436,3.4292757164939083,-2.0826086876322325,0.01,2.014697534774661,1.7680348328090076,0.508374316073523,0,0,3.429275716493909,2,0
disclosed_no_signal,110,random,source_repair,12.72191972677846,5.130790506929809,-2.0826086876322325,0.01,2.014697534774661,0.06652004237310649,0.508374316073523,0,0,5.13079050692981,2,0
disclosed_no_signal,110,entropy,source_repair,17.85271023370827,0.0,-2.0826086876322325,0.01,2.014697534774661,5.197310549302917,0.508374316073523,0,0,0.0,0,0
disclosed_no_signal,110,myopic,source_repair,17.85271023370827,0.0,-2.0826086876322325,0.01,2.014697534774661,5.197310549302917,0.508374316073523,0,0,0.0,0,1
disclosed_no_signal,110,sequential,source_repair,17.85271023370827,0.0,-2.0826086876322325,0.01,2.014697534774661,5.197310549302917,0.508374316073523,0,0,0.0,0,7
disclosed_no_signal,111,stop,mechanism_repair,-0.12004690113157251,10.45275848768524,-10.645122799137038,0.01,-3.7243466314915588,4.542919086112685,0.6196596392508442,0,0,0.0,0,0
disclosed_no_signal,111,fixed,mechanism_repair,-2.989326113196718,13.322037699750386,-10.645122799137038,0.01,-3.7243466314915588,1.6736398740475398,0.6196596392508442,0,0,2.8692792120651456,2,0
disclosed_no_signal,111,random,mechanism_repair,-2.8994352406760098,13.232146827229677,-10.645122799137038,0.01,-3.7243466314915588,1.763530746568248,0.6196596392508442,0,0,2.7793883395444374,2,0
disclosed_no_signal,111,entropy,mechanism_repair,-0.12004690113157251,10.45275848768524,-10.645122799137038,0.01,-3.7243466314915588,4.542919086112685,0.6196596392508442,0,0,0.0,0,0
disclosed_no_signal,111,myopic,mechanism_repair,-0.12004690113157251,10.45275848768524,-10.645122799137038,0.01,-3.7243466314915588,4.542919086112685,0.6196596392508442,0,0,0.0,0,1
disclosed_no_signal,111,sequential,mechanism_repair,-0.12004690113157251,10.45275848768524,-10.645122799137038,0.01,-3.7243466314915588,4.542919086112685,0.6196596392508442,0,0,0.0,0,7
disclosed_no_signal,112,stop,mechanism_repair,19.855690277427886,0.0,-1.1304390147272425,0.01,0.9302571058692937,4.082355122495953,0.6294426584165363,0,0,0.0,0,0
disclosed_no_signal,112,fixed,mechanism_repair,18.195166378209866,1.6605238992180205,-1.1304390147272425,0.01,0.9302571058692937,2.4218312232779313,0.6294426584165363,0,0,1.6605238992180216,2,0
disclosed_no_signal,112,random,mechanism_repair,17.5646560695169,2.291034207910986,-1.1304390147272425,0.01,0.9302571058692937,1.7913209145849676,0.6294426584165363,0,0,2.291034207910985,2,0
disclosed_no_signal,112,entropy,mechanism_repair,19.855690277427886,0.0,-1.1304390147272425,0.01,0.9302571058692937,4.082355122495953,0.6294426584165363,0,0,0.0,0,0
disclosed_no_signal,112,myopic,mechanism_repair,19.855690277427886,0.0,-1.1304390147272425,0.01,0.9302571058692937,4.082355122495953,0.6294426584165363,0,0,0.0,0,1
disclosed_no_signal,112,sequential,mechanism_repair,19.855690277427886,0.0,-1.1304390147272425,0.01,0.9302571058692937,4.082355122495953,0.6294426584165363,0,0,0.0,0,7
disclosed_no_signal,113,stop,mechanism_repair,-8.068653075186178,26.995908422436564,-91.19833933880867,0.08,-9.647824319526602,6.027013366818144,0.8937673537074118,0,0,0.0,0,0
disclosed_no_signal,113,fixed,mechanism_repair,-10.098376498930495,29.025631846180882,-91.19833933880867,0.08,-9.647824319526602,3.9972899430738282,0.8937673537074118,0,0,2.029723423744316,2,0
disclosed_no_signal,113,random,mechanism_repair,-10.098376498930495,29.025631846180882,-91.19833933880867,0.08,-9.647824319526602,3.9972899430738282,0.8937673537074118,0,0,2.029723423744316,2,0
disclosed_no_signal,113,entropy,mechanism_repair,-8.068653075186178,26.995908422436564,-91.19833933880867,0.08,-9.647824319526602,6.027013366818144,0.8937673537074118,0,0,0.0,0,0
disclosed_no_signal,113,myopic,mechanism_repair,-8.068653075186178,26.995908422436564,-91.19833933880867,0.08,-9.647824319526602,6.027013366818144,0.8937673537074118,0,0,0.0,0,1
disclosed_no_signal,113,sequential,mechanism_repair,-8.068653075186178,26.995908422436564,-91.19833933880867,0.08,-9.647824319526602,6.027013366818144,0.8937673537074118,0,0,0.0,0,7
disclosed_no_signal,114,stop,source_repair,0.7891600479927804,12.89472194924126,-13.331441587450858,0.01,-3.984108980157728,3.21636865057985,0.6507298509871682,0,0,0.0,0,0
disclosed_no_signal,114,fixed,source_repair,-2.800898022360813,16.484780019594854,-13.331441587450858,0.01,-3.984108980157728,-0.37368941977374304,0.6507298509871682,0,0,3.590058070353593,2,0
disclosed_no_signal,114,random,source_repair,-2.758980603392726,16.442862600626768,-13.331441587450858,0.01,-3.984108980157728,-0.3317720008056564,0.6507298509871682,0,0,3.5481406513855065,2,0
disclosed_no_signal,114,entropy,source_repair,0.7891600479927804,12.89472194924126,-13.331441587450858,0.01,-3.984108980157728,3.21636865057985,0.6507298509871682,0,0,0.0,0,0
disclosed_no_signal,114,myopic,source_repair,0.7891600479927804,12.89472194924126,-13.331441587450858,0.01,-3.984108980157728,3.21636865057985,0.6507298509871682,0,0,0.0,0,1
disclosed_no_signal,114,sequential,source_repair,0.7891600479927804,12.89472194924126,-13.331441587450858,0.01,-3.984108980157728,3.21636865057985,0.6507298509871682,0,0,0.0,0,7
disclosed_no_signal,115,stop,mechanism_repair,12.218488794594254,0.0,-0.6956321458196246,0.01,0.5724472866640649,4.0795023794576135,0.5396316398746449,0,0,0.0,0,0
disclosed_no_signal,115,fixed,mechanism_repair,9.050308370927072,3.1681804236671827,-0.6956321458196246,0.01,0.5724472866640649,0.9113219557904313,0.5396316398746449,0,0,3.168180423667182,2,0
disclosed_no_signal,115,random,mechanism_repair,8.565779073551543,3.6527097210427115,-0.6956321458196246,0.01,0.5724472866640649,0.4267926584149011,0.5396316398746449,0,0,3.6527097210427124,2,0
disclosed_no_signal,115,entropy,mechanism_repair,12.218488794594254,0.0,-0.6956321458196246,0.01,0.5724472866640649,4.0795023794576135,0.5396316398746449,0,0,0.0,0,0
disclosed_no_signal,115,myopic,mechanism_repair,12.218488794594254,0.0,-0.6956321458196246,0.01,0.5724472866640649,4.0795023794576135,0.5396316398746449,0,0,0.0,0,1
disclosed_no_signal,115,sequential,mechanism_repair,12.218488794594254,0.0,-0.6956321458196246,0.01,0.5724472866640649,4.0795023794576135,0.5396316398746449,0,0,0.0,0,7
disclosed_no_signal,116,stop,source_repair,0.7390729232170269,12.076308056060745,-12.485309576675993,0.01,-3.7312419424548944,4.369245785891845,0.5011622070619117,0,0,0.0,0,0
disclosed_no_signal,116,fixed,source_repair,-2.165054594039,14.980435573316772,-12.485309576675993,0.01,-3.7312419424548944,1.4651182686358184,0.5011622070619117,0,0,2.904127517256027,2,0
disclosed_no_signal,116,random,source_repair,-2.1896230149479186,15.005003994225689,-12.485309576675993,0.01,-3.7312419424548944,1.4405498477268996,0.5011622070619117,0,0,2.9286959381649456,2,0
disclosed_no_signal,116,entropy,source_repair,0.7390729232170269,12.076308056060745,-12.485309576675993,0.01,-3.7312419424548944,4.369245785891845,0.5011622070619117,0,0,0.0,0,0
disclosed_no_signal,116,myopic,source_repair,0.7390729232170269,12.076308056060745,-12.485309576675993,0.01,-3.7312419424548944,4.369245785891845,0.5011622070619117,0,0,0.0,0,1
disclosed_no_signal,116,sequential,source_repair,0.7390729232170269,12.076308056060745,-12.485309576675993,0.01,-3.7312419424548944,4.369245785891845,0.5011622070619117,0,0,0.0,0,7
disclosed_no_signal,117,stop,mechanism_repair,-0.17263105016872948,15.03138071770368,-15.308006376407787,0.01,-5.3557223395720195,4.598044741267516,0.3803024074818391,0,0,0.0,0,0
disclosed_no_signal,117,fixed,mechanism_repair,-3.922310702426641,18.781060369961594,-15.308006376407787,0.01,-5.3557223395720195,0.8483650890096044,0.3803024074818391,0,0,3.7496796522579112,2,0
disclosed_no_signal,117,random,mechanism_repair,-3.922310702426641,18.781060369961594,-15.308006376407787,0.01,-5.3557223395720195,0.8483650890096044,0.3803024074818391,0,0,3.7496796522579112,2,0
disclosed_no_signal,117,entropy,mechanism_repair,-0.17263105016872948,15.03138071770368,-15.308006376407787,0.01,-5.3557223395720195,4.598044741267516,0.3803024074818391,0,0,0.0,0,0
disclosed_no_signal,117,myopic,mechanism_repair,-0.17263105016872948,15.03138071770368,-15.308006376407787,0.01,-5.3557223395720195,4.598044741267516,0.3803024074818391,0,0,0.0,0,1
disclosed_no_signal,117,sequential,mechanism_repair,-0.17263105016872948,15.03138071770368,-15.308006376407787,0.01,-5.3557223395720195,4.598044741267516,0.3803024074818391,0,0,0.0,0,7
disclosed_no_signal,118,stop,source_repair,-8.503185913924193,27.260475406413697,-84.54240312117197,0.08,-9.967104367969752,4.1591263390760345,0.6252774387070612,0,0,0.0,0,0
disclosed_no_signal,118,fixed,source_repair,-11.07970907532274,29.83699856781224,-84.54240312117197,0.08,-9.967104367969752,1.5826031776774885,0.6252774387070612,0,0,2.576523161398546,2,0
disclosed_no_signal,118,random,source_repair,-11.07970907532274,29.83699856781224,-84.54240312117197,0.08,-9.967104367969752,1.5826031776774885,0.6252774387070612,0,0,2.576523161398546,2,0
disclosed_no_signal,118,entropy,source_repair,-8.503185913924193,27.260475406413697,-84.54240312117197,0.08,-9.967104367969752,4.1591263390760345,0.6252774387070612,0,0,0.0,0,0
disclosed_no_signal,118,myopic,source_repair,-8.503185913924193,27.260475406413697,-84.54240312117197,0.08,-9.967104367969752,4.1591263390760345,0.6252774387070612,0,0,0.0,0,1
disclosed_no_signal,118,sequential,source_repair,-8.503185913924193,27.260475406413697,-84.54240312117197,0.08,-9.967104367969752,4.1591263390760345,0.6252774387070612,0,0,0.0,0,7
disclosed_no_signal,119,stop,mechanism_repair,-5.009611736595024,16.761040338812943,-56.622619271448805,0.08,-5.990077091348005,5.050159917439386,1.1021025946667629,0,0,0.0,0,0
disclosed_no_signal,119,fixed,mechanism_repair,-6.61083707133396,18.36226567355188,-56.622619271448805,0.08,-5.990077091348005,3.448934582700449,1.1021025946667629,0,0,1.6012253347389365,2,0
disclosed_no_signal,119,random,mechanism_repair,-9.191541991266703,20.942970593484624,-56.622619271448805,0.08,-5.990077091348005,0.8682296627677051,1.1021025946667629,0,0,4.181930254671681,2,0
disclosed_no_signal,119,entropy,mechanism_repair,-5.009611736595024,16.761040338812943,-56.622619271448805,0.08,-5.990077091348005,5.050159917439386,1.1021025946667629,0,0,0.0,0,0
disclosed_no_signal,119,myopic,mechanism_repair,-5.009611736595024,16.761040338812943,-56.622619271448805,0.08,-5.990077091348005,5.050159917439386,1.1021025946667629,0,0,0.0,0,1
disclosed_no_signal,119,sequential,mechanism_repair,-5.009611736595024,16.761040338812943,-56.622619271448805,0.08,-5.990077091348005,5.050159917439386,1.1021025946667629,0,0,0.0,0,7
hidden_no_signal,0,stop,mechanism_repair,-0.1884601903550822,16.409660189110568,-16.71165061461931,0.01,-5.846807110413686,4.74689363109968,1.1347921649891242,0,0,0.0,0,0
hidden_no_signal,0,fixed,source_repair,-4.42400900098948,20.645208999744966,-15.80340873339,0.01,-4.722857782392414,8.286316189901386,1.5307640100373752,0,0,5.35949813865567,2,0
hidden_no_signal,0,random,mechanism_repair,-3.548169302643247,19.769369301398733,-16.71165061461931,0.01,-5.846807110413686,13.284055984818306,1.7265882221701887,0,0,3.359709112288165,2,0
hidden_no_signal,0,entropy,mechanism_repair,-3.3568390540805435,19.578039052836026,-16.71165061461931,0.01,-5.846807110413686,6.960357666332063,1.514057196917977,0,0,3.1683788637254615,2,0
hidden_no_signal,0,myopic,mechanism_repair,-0.7727551090340605,16.993955107789546,-16.71165061461931,0.01,-5.846807110413686,16.43132208337064,1.8037172911081352,0,0,0.5842949186789783,1,2
hidden_no_signal,0,sequential,mechanism_repair,-0.7727551090340605,16.993955107789546,-16.71165061461931,0.01,-5.846807110413686,16.43132208337064,1.8037172911081352,0,0,0.5842949186789783,1,8
hidden_no_signal,1,stop,source_repair,18.350316118724976,0.0,-2.1406569237592077,0.01,2.0708528936366233,9.047050237938336,0.39411963104072106,0,0,0.0,0,0
hidden_no_signal,1,fixed,general,-23.203185630480956,41.553501749205935,-88.41843815527153,0.3,-25.129450844129806,10.118832126106657,1.855189393666347,1,0,4.7400196630578035,2,0
hidden_no_signal,1,random,general,-23.016103352293904,41.36641947101888,-88.41843815527153,0.3,-25.129450844129806,0.10244792941045233,1.1413156491202945,0,0,4.55293738487075,2,0
hidden_no_signal,1,entropy,mechanism_repair,-12.844004180907856,31.19432029963283,-88.41843815527153,0.08,-9.353740036426096,7.335107333754127,1.4641466861287067,0,0,5.0212992051704095,2,0
hidden_no_signal,1,myopic,mechanism_repair,-12.844004180907856,31.19432029963283,-88.41843815527153,0.08,-9.353740036426096,7.335107333754127,1.4641466861287067,0,0,5.0212992051704095,2,2
hidden_no_signal,1,sequential,mechanism_repair,-12.844004180907856,31.19432029963283,-88.41843815527153,0.08,-9.353740036426096,7.335107333754127,1.4641466861287067,0,0,5.0212992051704095,2,8
hidden_no_signal,2,stop,mechanism_repair,21.397461311206825,0.0,-1.2182162767618654,0.01,1.0024904777519508,6.715657034057106,0.5010511701221808,0,0,0.0,0,0
hidden_no_signal,2,fixed,mechanism_repair,18.100976519868954,3.296484791337871,-1.2182162767618654,0.01,1.0024904777519508,13.699697572792289,0.04648294673201017,0,0,3.2964847913378708,2,0
hidden_no_signal,2,random,general,-14.148540628828712,35.54600194003554,-96.44212191031426,0.2,-17.258063920793084,5.58617423235443,1.0111511988853357,0,0,1.7633418150830922,2,0
hidden_no_signal,2,entropy,general,-14.148540628828712,35.54600194003554,-96.44212191031426,0.2,-17.258063920793084,5.586174232354429,1.0111511988853354,0,0,1.7633418150830922,2,0
hidden_no_signal,2,myopic,mechanism_repair,18.100976519868954,3.296484791337871,-1.2182162767618654,0.01,1.0024904777519508,13.699697572792289,0.04648294673201017,0,0,3.2964847913378708,2,2
hidden_no_signal,2,sequential,mechanism_repair,18.100976519868954,3.296484791337871,-1.2182162767618654,0.01,1.0024904777519508,13.699697572792289,0.04648294673201017,0,0,3.2964847913378708,2,8
hidden_no_signal,3,stop,mechanism_repair,18.124995011742335,0.0,-1.0319057769702678,0.01,0.849172462298449,4.37205277862518,0.5533003452073044,0,0,0.0,0,0
hidden_no_signal,3,fixed,source_repair,-13.289961588972577,31.414956600714913,-81.69254067681281,0.08,-9.631120585055827,10.022360636781036,1.7178191904092388,0,0,5.073411839846825,2,0
hidden_no_signal,3,random,source_repair,-13.027080914091517,31.152075925833852,-81.69254067681281,0.08,-9.631120585055827,11.0125825200597,1.8422862701731209,0,0,4.810531164965765,2,0
hidden_no_signal,3,entropy,source_repair,-13.289961588972577,31.414956600714913,-81.69254067681281,0.08,-9.631120585055827,10.022360636781036,1.717819190409239,0,0,5.073411839846825,2,0
hidden_no_signal,3,myopic,source_repair,-10.613957161651966,28.738952173394303,-81.69254067681281,0.08,-9.631120585055827,12.335108402408302,1.6789213922847517,0,0,2.397407412526214,1,2
hidden_no_signal,3,sequential,source_repair,-10.613957161651966,28.738952173394303,-81.69254067681281,0.08,-9.631120585055827,12.335108402408302,1.6789213922847517,0,0,2.397407412526214,1,8
hidden_no_signal,4,stop,mechanism_repair,-0.1952022675371453,16.99670828302351,-17.30950227799267,0.01,-6.055973962748795,10.392080772767262,0.8433078970882854,0,0,0.0,0,0
hidden_no_signal,4,fixed,mechanism_repair,-3.3839843983751248,20.185490413861487,-17.30950227799267,0.01,-6.055973962748795,14.25434596607089,1.6775427654365467,0,0,3.1887821308379793,2,0
hidden_no_signal,4,random,mechanism_repair,-3.3839843983751248,20.185490413861487,-17.30950227799267,0.01,-6.055973962748795,14.25434596607089,1.6775427654365467,0,0,3.1887821308379793,2,0
hidden_no_signal,4,entropy,mechanism_repair,-1.3644046300364847,18.16591064552285,-17.30950227799267,0.01,-6.055973962748795,6.6754702709206555,0.3928427459075307,0,0,1.1692023624993395,2,0
hidden_no_signal,4,myopic,mechanism_repair,-0.1952022675371453,16.99670828302351,-17.30950227799267,0.01,-6.055973962748795,10.392080772767262,0.8433078970882854,0,0,0.0,0,1
hidden_no_signal,4,sequential,mechanism_repair,-0.6929046695954373,17.494410685081803,-17.30950227799267,0.01,-6.055973962748795,11.946762548492234,0.8614497212002827,0,0,0.497702402058292,1,8
hidden_no_signal,5,stop,mechanism_repair,18.777438985139746,0.0,-1.0690512054165668,0.01,0.8797400544573837,5.675044764603586,0.6491467344045807,0,0,0.0,0,0
hidden_no_signal,5,fixed,mechanism_repair,16.573980463803313,2.203458521336433,-1.0690512054165668,0.01,0.8797400544573837,10.276575146390268,0.17565424520018275,0,0,2.203458521336433,2,0
hidden_no_signal,5,random,mechanism_repair,16.573980463803313,2.203458521336433,-1.0690512054165668,0.01,0.8797400544573837,10.276575146390265,0.17565424520018283,0,0,2.203458521336433,2,0
hidden_no_signal,5,entropy,mechanism_repair,17.240146519130885,1.5372924660088607,-1.0690512054165668,0.01,0.8797400544573837,13.548884172155681,0.06990713876439603,0,0,1.5372924660088598,2,0
hidden_no_signal,5,myopic,mechanism_repair,18.245223826038114,0.5322151591016322,-1.0690512054165668,0.01,0.8797400544573837,13.467799804877853,0.08630364334630694,0,0,0.532215159101631,1,2
hidden_no_signal,5,sequential,mechanism_repair,18.245223826038114,0.5322151591016322,-1.0690512054165668,0.01,0.8797400544573837,13.467799804877853,0.08630364334630694,0,0,0.532215159101631,1,8
hidden_no_signal,6,stop,mechanism_repair,-8.642309928338065,28.91523593959272,-97.6822656980507,0.08,-10.333755476477997,8.649972897799897,0.8183032855809799,0,0,0.0,0,0
hidden_no_signal,6,fixed,source_repair,17.430834930846327,2.842091080408327,-2.3649390642685963,0.01,2.287821486085924,9.699328043991947,0.16420284509165187,0,0,2.842091080408328,2,0
hidden_no_signal,6,random,general,-24.63455244810454,44.9074784593592,-97.6822656980507,0.3,-27.762328145761778,2.4638958881789366,1.0387159741301826,0,0,4.236953018787902,2,0
hidden_no_signal,6,entropy,source_repair,17.731367408631662,2.5415586026229917,-2.3649390642685963,0.01,2.287821486085924,15.640948047065637,0.014331842680927461,0,0,2.5415586026229935,2,0
hidden_no_signal,6,myopic,source_repair,19.699577679132943,0.5733483321217108,-2.3649390642685963,0.01,2.287821486085924,13.945934914406326,0.07228053518217001,0,0,0.5733483321217097,1,2
hidden_no_signal,6,sequential,source_repair,19.699577679132943,0.5733483321217108,-2.3649390642685963,0.01,2.287821486085924,13.945934914406326,0.07228053518217001,0,0,0.5733483321217097,1,8
hidden_no_signal,7,stop,source_repair,0.7771407314456856,12.698328650709602,-13.128396822480514,0.01,-3.923428935453947,4.050830167326877,0.34818526966293595,0,0,0.0,0,0
hidden_no_signal,7,fixed,source_repair,-2.5146214357129644,15.990090817868252,-13.128396822480514,0.01,-3.923428935453947,6.083607360268292,1.1395471422772563,0,0,3.29176216715865,2,0
hidden_no_signal,7,random,source_repair,-2.948074509067124,16.423543891222412,-13.128396822480514,0.01,-3.923428935453947,4.992332662623131,0.7294122031062079,0,0,3.7252152405128096,2,0
hidden_no_signal,7,entropy,source_repair,-0.7011037701496964,14.176573152304984,-13.128396822480514,0.01,-3.923428935453947,6.132090384737713,0.679041040811019,0,0,1.478244501595382,2,0
hidden_no_signal,7,myopic,source_repair,-0.7011037701496964,14.176573152304984,-13.128396822480514,0.01,-3.923428935453947,6.132090384737713,0.679041040811019,0,0,1.478244501595382,2,2
hidden_no_signal,7,sequential,source_repair,-0.7011037701496964,14.176573152304984,-13.128396822480514,0.01,-3.923428935453947,6.132090384737713,0.679041040811019,0,0,1.478244501595382,2,8
hidden_no_signal,8,stop,source_repair,0.931018640353401,15.21266380305606,-15.727887710824447,0.01,-4.700288281395812,7.0600119154814465,0.7857736135269551,0,0,0.0,0,0
hidden_no_signal,8,fixed,source_repair,-2.7893785609672377,18.933061004376697,-15.727887710824447,0.01,-4.700288281395812,8.217633574561379,1.434328447853586,0,0,3.7203972013206386,2,0
hidden_no_signal,8,random,source_repair,-2.7893785609672377,18.933061004376697,-15.727887710824447,0.01,-4.700288281395812,8.217633574561379,1.434328447853586,0,0,3.7203972013206386,2,0
hidden_no_signal,8,entropy,source_repair,-2.098854009912578,18.24253645332204,-15.727887710824447,0.01,-4.700288281395812,10.427705497570443,1.3013765741507297,0,0,3.029872650265979,2,0
hidden_no_signal,8,myopic,source_repair,0.2361900497213958,15.907492393688065,-15.727887710824447,0.01,-4.700288281395812,9.866842500994823,0.7692204010108206,0,0,0.6948285906320052,1,2
hidden_no_signal,8,sequential,source_repair,0.2361900497213958,15.907492393688065,-15.727887710824447,0.01,-4.700288281395812,9.866842500994823,0.7692204010108206,0,0,0.6948285906320052,1,8
hidden_no_signal,9,stop,source_repair,1.020158335630176,16.669189115199863,-17.23374275724763,0.01,-5.150313927453315,6.519942297768354,0.909337465329647,0,0,0.0,0,0
hidden_no_signal,9,fixed,source_repair,-0.22980884019804626,17.919156291028084,-17.23374275724763,0.01,-5.150313927453315,11.908878947930063,1.2265354107335271,0,0,1.2499671758282223,2,0
hidden_no_signal,9,random,source_repair,-0.22980884019804626,17.919156291028084,-17.23374275724763,0.01,-5.150313927453315,11.908878947930063,1.2265354107335273,0,0,1.2499671758282223,2,0
hidden_no_signal,9,entropy,source_repair,-0.22980884019804626,17.919156291028084,-17.23374275724763,0.01,-5.150313927453315,11.908878947930063,1.2265354107335273,0,0,1.2499671758282223,2,0
hidden_no_signal,9,myopic,source_repair,0.2945505747335677,17.39479687609647,-17.23374275724763,0.01,-5.150313927453315,13.508168512562396,1.4533830771050862,0,0,0.7256077608966083,1,2
hidden_no_signal,9,sequential,source_repair,0.2945505747335677,17.39479687609647,-17.23374275724763,0.01,-5.150313927453315,13.508168512562396,1.4533830771050862,0,0,0.7256077608966083,1,8
hidden_no_signal,10,stop,source_repair,1.0111532190049992,16.52204725811081,-17.08161748610387,0.01,-5.104851202743686,5.689367586682161,0.794894609389513,0,0,0.0,0,0
hidden_no_signal,10,fixed,mechanism_repair,-3.2622021368916214,20.79540261400743,-18.063319640477655,0.01,-6.319707618781245,10.791153198276685,1.2258759959088545,0,0,3.0584989398590605,2,0
hidden_no_signal,10,random,source_repair,-0.8777123149348214,18.41091279205063,-17.08161748610387,0.01,-5.104851202743686,12.843428903979536,1.3937242651194552,0,0,1.8888655339398206,2,0
hidden_no_signal,10,entropy,general,15.478472407004876,2.054728070110933,-3.730468186620386,0.01,4.614000125556793,7.14474289632538,0.0928020421404256,0,0,2.054728070110934,2,0
hidden_no_signal,10,myopic,general,15.478472407004876,2.054728070110933,-3.730468186620386,0.01,4.614000125556793,7.14474289632538,0.0928020421404256,0,0,2.054728070110934,2,2
hidden_no_signal,10,sequential,general,15.478472407004876,2.054728070110933,-3.730468186620386,0.01,4.614000125556793,7.14474289632538,0.09280204214042559,0,0,2.054728070110934,2,8
hidden_no_signal,11,stop,mechanism_repair,15.702976444810375,0.0,-0.8940136037847202,0.01,0.7356986947811766,5.6276395215942285,0.43990849953326666,0,0,0.0,0,0
hidden_no_signal,11,fixed,general,-11.025069379248745,26.72804582405912,-70.77607696629039,0.2,-12.665192720283546,7.217528505194006,1.3622781198640168,1,0,1.935931074104082,2,0
hidden_no_signal,11,random,general,-13.48237963800136,29.185356082811737,-70.77607696629039,0.2,-12.665192720283546,1.7054893386866476,1.12984057644338,0,0,4.393241332856698,2,0
hidden_no_signal,11,entropy,general,-11.025069379248745,26.72804582405912,-70.77607696629039,0.2,-12.665192720283546,7.217528505194006,1.3622781198640168,1,0,1.935931074104082,2,0
hidden_no_signal,11,myopic,general,-9.426121666910012,25.12909811172039,-70.77607696629039,0.2,-12.665192720283546,7.134647696538764,1.2980154273081985,0,0,0.33698336176535026,1,2
hidden_no_signal,11,sequential,general,-9.426121666910012,25.12909811172039,-70.77607696629039,0.2,-12.665192720283546,7.134647696538764,1.2980154273081985,0,0,0.33698336176535026,1,8
hidden_no_signal,12,stop,source_repair,0.867953973702377,14.18219939554467,-14.66252343924404,0.01,-4.381903556555692,5.191413114254245,0.45263722185527233,0,0,0.0,0,0
hidden_no_signal,12,fixed,mechanism_repair,-4.732432768459478,19.782586137706524,-15.505197200120136,0.01,-5.4247123356398586,2.8940055406245477,1.1996398358945717,0,0,4.557577963077688,2,0
hidden_no_signal,12,random,mechanism_repair,-5.559505563115816,20.609658932362862,-15.505197200120136,0.01,-5.4247123356398586,7.173410338372796,1.6187826139357517,0,0,5.384650757734026,2,0
hidden_no_signal,12,entropy,mechanism_repair,-5.559505563115816,20.609658932362862,-15.505197200120136,0.01,-5.4247123356398586,7.173410338372794,1.6187826139357515,0,0,5.384650757734026,2,0
hidden_no_signal,12,myopic,mechanism_repair,-5.559505563115816,20.609658932362862,-15.505197200120136,0.01,-5.4247123356398586,7.173410338372794,1.6187826139357515,0,0,5.384650757734026,2,2
hidden_no_signal,12,sequential,mechanism_repair,-5.559505563115816,20.609658932362862,-15.505197200120136,0.01,-5.4247123356398586,7.173410338372794,1.6187826139357515,0,0,5.384650757734026,2,8
hidden_no_signal,13,stop,source_repair,17.67512583896659,0.0,-2.0618925723513937,0.01,1.994656944992109,7.460455706503612,0.48003545895500715,0,0,0.0,0,0
hidden_no_signal,13,fixed,source_repair,13.538445399981367,4.136680438985223,-2.0618925723513937,0.01,1.994656944992109,2.0562432511881363,0.8677985174317283,0,0,4.136680438985224,2,0
hidden_no_signal,13,random,source_repair,13.872551711247802,3.8025741277187883,-2.0618925723513937,0.01,1.994656944992109,10.315934430185767,0.08643185749279778,0,0,3.802574127718789,2,0
hidden_no_signal,13,entropy,source_repair,13.538445399981367,4.136680438985223,-2.0618925723513937,0.01,1.994656944992109,2.0562432511881363,0.8677985174317283,0,0,4.136680438985224,2,0
hidden_no_signal,13,myopic,general,-20.051144111925048,37.726269950891634,-85.16512798842712,0.3,-24.20482584934245,8.6710233850437,1.4800358413287171,0,0,2.267320675394282,1,2
hidden_no_signal,13,sequential,general,-20.051144111925048,37.726269950891634,-85.16512798842712,0.3,-24.20482584934245,8.6710233850437,1.4800358413287171,0,0,2.267320675394282,1,8
hidden_no_signal,14,stop,mechanism_repair,20.149036073023264,0.0,-1.1471399970408225,0.01,0.9440006225648429,10.459244659994543,0.25581937291153306,0,0,0.0,0,0
hidden_no_signal,14,fixed,mechanism_repair,17.025508625810797,3.1235274472124672,-1.1471399970408225,0.01,0.9440006225648429,5.006227109484028,0.34759978262457686,0,0,3.1235274472124686,2,0
hidden_no_signal,14,random,source_repair,-11.019798606070221,31.168834679093486,-90.8152497657317,0.08,-10.706639972381003,8.624273174365115,1.2988237591105192,0,0,1.88569637963268,2,0
hidden_no_signal,14,entropy,source_repair,-11.764850312151722,31.913886385174987,-90.8152497657317,0.08,-10.706639972381003,7.009362523871813,1.0429378842229422,0,0,2.630748085714181,2,0
hidden_no_signal,14,myopic,source_repair,-11.764850312151722,31.913886385174987,-90.8152497657317,0.08,-10.706639972381003,7.009362523871813,1.0429378842229422,0,0,2.630748085714181,2,2
hidden_no_signal,14,sequential,source_repair,-11.764850312151722,31.913886385174987,-90.8152497657317,0.08,-10.706639972381003,7.009362523871813,1.0429378842229422,0,0,2.630748085714181,2,8
hidden_no_signal,15,stop,source_repair,-9.086882576363754,29.131756203083484,-90.34577129822675,0.08,-10.65129093200147,5.014280449133911,0.9250171422967627,0,0,0.0,0,0
hidden_no_signal,15,fixed,source_repair,-12.66412689313613,32.70900051985586,-90.34577129822675,0.08,-10.65129093200147,13.789290897415231,1.8176116482417,0,0,3.5772443167723758,2,0
hidden_no_signal,15,random,source_repair,-11.642262663368063,31.687136290087793,-90.34577129822675,0.08,-10.65129093200147,14.532110945047467,1.8130346615441622,0,0,2.5553800870043095,2,0
hidden_no_signal,15,entropy,source_repair,-12.66412689313613,32.70900051985586,-90.34577129822675,0.08,-10.65129093200147,13.789290897415231,1.8176116482417,0,0,3.5772443167723758,2,0
hidden_no_signal,15,myopic,source_repair,-9.878280032307467,29.9231536590272,-90.34577129822675,0.08,-10.65129093200147,15.754189060788878,1.7387390078904037,0,0,0.7913974559437136,1,2
hidden_no_signal,15,sequential,source_repair,-9.878280032307467,29.9231536590272,-90.34577129822675,0.08,-10.65129093200147,15.754189060788878,1.7387390078904037,0,0,0.7913974559437136,1,8
hidden_no_signal,16,stop,mechanism_repair,-0.15641528660910564,13.619437064144655,-13.870078427024307,0.01,-4.852642927933097,6.629145703165365,0.5586294405392391,0,0,0.0,0,0
hidden_no_signal,16,fixed,mechanism_repair,-3.587557102834413,17.05057888036996,-13.870078427024307,0.01,-4.852642927933097,8.359348876300508,1.2965357067189538,0,0,3.431141816225307,2,0
hidden_no_signal,16,random,mechanism_repair,-4.4525302043935895,17.91555198192914,-13.870078427024307,0.01,-4.852642927933097,9.389285995012033,1.5237357204489155,0,0,4.296114917784484,2,0
hidden_no_signal,16,entropy,mechanism_repair,-4.43821074672965,17.9012325242652,-13.870078427024307,0.01,-4.852642927933097,10.36627552575175,1.816605840479621,0,0,4.281795460120545,2,0
hidden_no_signal,16,myopic,mechanism_repair,-1.8648264658897897,15.32784824342534,-13.870078427024307,0.01,-4.852642927933097,8.20785410536459,1.2309557078697166,0,0,1.708411179280684,1,2
hidden_no_signal,16,sequential,mechanism_repair,-1.8648264658897897,15.32784824342534,-13.870078427024307,0.01,-4.852642927933097,8.20785410536459,1.2309557078697166,0,0,1.708411179280684,1,8
hidden_no_signal,17,stop,mechanism_repair,-0.1192390037197138,10.382413010630945,-10.573482739483016,0.01,-3.6992823443164085,2.817224974503761,0.5505271119500055,0,0,0.0,0,0
hidden_no_signal,17,fixed,general,7.106504790721031,3.156669216190199,-2.1836540440236663,0.01,2.7008352649766394,2.03581703380231,0.14803766758186207,0,0,3.156669216190199,2,0
hidden_no_signal,17,random,general,8.709717821774273,1.553456185136957,-2.1836540440236663,0.01,2.7008352649766394,2.8573963714314483,0.1716095809649744,0,0,1.5534561851369566,2,0
hidden_no_signal,17,entropy,general,8.709717821774273,1.553456185136957,-2.1836540440236663,0.01,2.7008352649766394,2.8573963714314483,0.17160958096497433,0,0,1.5534561851369566,2,0
hidden_no_signal,17,myopic,mechanism_repair,-0.5688420412057649,10.832016048116994,-10.573482739483016,0.01,-3.6992823443164085,4.557032093326108,0.43628079946714365,0,0,0.4496030374860511,1,2
hidden_no_signal,17,sequential,mechanism_repair,-0.5688420412057649,10.832016048116994,-10.573482739483016,0.01,-3.6992823443164085,4.557032093326108,0.43628079946714365,0,0,0.4496030374860511,1,8
hidden_no_signal,18,stop,mechanism_repair,-7.914846770987465,26.481306931425486,-89.45989806589044,0.08,-9.463915532233674,5.46839968411761,0.7699402807342081,0,0,0.0,0,0
hidden_no_signal,18,fixed,mechanism_repair,-10.33502054904065,28.901480709478673,-89.45989806589044,0.08,-9.463915532233674,11.344660498078467,1.4968148830616577,0,0,2.4201737780531842,2,0
hidden_no_signal,18,random,mechanism_repair,-10.163508079304314,28.729968239742337,-89.45989806589044,0.08,-9.463915532233674,13.602779768432914,1.6588621530609717,0,0,2.2486613083168487,2,0
hidden_no_signal,18,entropy,mechanism_repair,-10.163508079304314,28.729968239742337,-89.45989806589044,0.08,-9.463915532233674,13.602779768432914,1.6588621530609717,0,0,2.2486613083168487,2,0
hidden_no_signal,18,myopic,mechanism_repair,-10.163508079304314,28.729968239742337,-89.45989806589044,0.08,-9.463915532233674,13.602779768432914,1.6588621530609717,0,0,2.2486613083168487,2,2
hidden_no_signal,18,sequential,mechanism_repair,-10.163508079304314,28.729968239742337,-89.45989806589044,0.08,-9.463915532233674,13.602779768432914,1.6588621530609717,0,0,2.2486613083168487,2,8
hidden_no_signal,19,stop,mechanism_repair,20.760132893456994,0.0,-1.1819314184390195,0.01,0.9726310630904418,3.993077652173243,0.713919557214556,0,0,0.0,0,0
hidden_no_signal,19,fixed,mechanism_repair,16.532027375405416,4.228105518051578,-1.1819314184390195,0.01,0.9726310630904418,10.970364854498014,0.06915244928121417,0,0,4.228105518051578,2,0
hidden_no_signal,19,random,mechanism_repair,16.532027375405416,4.228105518051578,-1.1819314184390195,0.01,0.9726310630904418,10.970364854498014,0.06915244928121417,0,0,4.228105518051578,2,0
hidden_no_signal,19,entropy,source_repair,-11.094664094208884,31.85479698766588,-93.56957062642223,0.08,-11.031359905430833,9.675192882870618,1.0694796835473737,0,0,1.6835351748882035,2,0
hidden_no_signal,19,myopic,source_repair,-11.094664094208884,31.85479698766588,-93.56957062642223,0.08,-11.031359905430833,9.675192882870618,1.0694796835473737,0,0,1.6835351748882035,2,2
hidden_no_signal,19,sequential,source_repair,-11.094664094208884,31.85479698766588,-93.56957062642223,0.08,-11.031359905430833,9.675192882870618,1.0694796835473737,0,0,1.6835351748882035,2,8
hidden_no_signal,20,stop,source_repair,1.0367965371864578,16.94105409791077,-17.514815288392594,0.01,-5.234312614921924,4.35881263107438,0.46402313763076236,0,0,0.0,0,0
hidden_no_signal,20,fixed,general,14.28153842861456,3.6963122064826663,-3.8250746032121774,0.01,4.731013325025586,5.611976436678075,0.10906948927127033,0,0,3.6963122064826663,2,0
hidden_no_signal,20,random,general,13.60205862912511,4.375792005972116,-3.8250746032121774,0.01,4.731013325025586,3.4727467711004483,0.13077889770522055,0,0,4.375792005972117,2,0
hidden_no_signal,20,entropy,general,14.28153842861456,3.6963122064826663,-3.8250746032121774,0.01,4.731013325025586,5.611976436678075,0.10906948927127033,0,0,3.6963122064826663,2,0
hidden_no_signal,20,myopic,general,13.065451726223888,4.912398908873339,-3.8250746032121774,0.01,4.731013325025586,2.678051903491407,0.13433176772692831,0,0,4.912398908873338,2,2
hidden_no_signal,20,sequential,general,14.28153842861456,3.6963122064826663,-3.8250746032121774,0.01,4.731013325025586,5.611976436678077,0.10906948927127028,0,0,3.6963122064826663,2,8
hidden_no_signal,21,stop,source_repair,-6.510019902094135,20.870558309879495,-64.72547260062196,0.08,-7.630792559231221,3.4650508423073996,1.227641947820984,0,0,0.0,0,0
hidden_no_signal,21,fixed,mechanism_repair,10.645836406734446,3.714702001050913,-0.8175849170604899,0.01,0.6728042546643599,0.70328709141923,0.5564027557108078,0,0,3.714702001050914,2,0
hidden_no_signal,21,random,general,-12.367265603145253,26.727804010930612,-64.72547260062196,0.2,-11.582452991690245,4.713078230315652,1.6360868857690083,1,0,4.055152279696959,2,0
hidden_no_signal,21,entropy,mechanism_repair,10.645836406734446,3.714702001050913,-0.8175849170604899,0.01,0.6728042546643599,0.70328709141923,0.5564027557108078,0,0,3.714702001050914,2,0
hidden_no_signal,21,myopic,source_repair,-8.129190858304415,22.489729266089775,-64.72547260062196,0.08,-7.630792559231221,4.535573545406359,0.9557897392198134,0,0,1.6191709562102803,1,2
hidden_no_signal,21,sequential,source_repair,-8.129190858304415,22.489729266089775,-64.72547260062196,0.08,-7.630792559231221,4.535573545406359,0.9557897392198134,0,0,1.6191709562102803,1,8
hidden_no_signal,22,stop,source_repair,19.144624857638107,0.0,-2.2333170441928663,0.01,2.160491488403971,4.526423271129456,0.625732911728391,0,0,0.0,0,0
hidden_no_signal,22,fixed,source_repair,16.509532036072017,2.63509282156609,-2.2333170441928663,0.01,2.160491488403971,8.918611464794111,0.13968134489111728,0,0,2.63509282156609,2,0
hidden_no_signal,22,random,source_repair,16.509532036072017,2.63509282156609,-2.2333170441928663,0.01,2.160491488403971,8.918611464794111,0.13968134489111728,0,0,2.63509282156609,2,0
hidden_no_signal,22,entropy,source_repair,17.20774114802629,1.9368837096118163,-2.2333170441928663,0.01,2.160491488403971,12.72699708901013,0.08700396588798154,0,0,1.936883709611816,2,0
hidden_no_signal,22,myopic,source_repair,17.20774114802629,1.9368837096118163,-2.2333170441928663,0.01,2.160491488403971,12.726997089010132,0.08700396588798148,0,0,1.936883709611816,2,2
hidden_no_signal,22,sequential,source_repair,17.20774114802629,1.9368837096118163,-2.2333170441928663,0.01,2.160491488403971,12.726997089010132,0.08700396588798148,0,0,1.936883709611816,2,8
hidden_no_signal,23,stop,mechanism_repair,-6.501982683451058,21.754179718857593,-73.49058357261755,0.08,-7.774530156892699,5.232555084635724,0.8954836263197212,0,0,0.0,0,0
hidden_no_signal,23,fixed,mechanism_repair,-10.889218040116903,26.14141507552344,-73.49058357261755,0.08,-7.774530156892699,5.319920798731649,1.1282377331889815,0,0,4.387235356665845,2,0
hidden_no_signal,23,random,source_repair,9.860667031516245,5.39153000389029,-1.779245707547581,0.01,1.7212268257797267,4.2940759445676715,0.18245678740008003,0,0,5.39153000389029,2,0
hidden_no_signal,23,entropy,source_repair,9.860667031516245,5.39153000389029,-1.779245707547581,0.01,1.7212268257797267,4.29407594456767,0.18245678740008014,0,0,5.39153000389029,2,0
hidden_no_signal,23,myopic,source_repair,9.860667031516245,5.39153000389029,-1.779245707547581,0.01,1.7212268257797267,4.29407594456767,0.18245678740008014,0,0,5.39153000389029,2,2
hidden_no_signal,23,sequential,source_repair,9.860667031516245,5.39153000389029,-1.779245707547581,0.01,1.7212268257797267,4.29407594456767,0.18245678740008014,0,0,5.39153000389029,2,8
hidden_no_signal,24,stop,source_repair,0.7172456724617307,11.71965501702032,-12.1165773794506,0.01,-3.62104611339903,4.681294364828526,0.6831965954381032,0,0,0.0,0,0
hidden_no_signal,24,fixed,mechanism_repair,-2.9988340402562503,15.435734729738302,-12.812932401258108,0.01,-4.482785452885818,2.5597700780515678,0.8738839393671644,0,0,2.8543403732311927,2,0
hidden_no_signal,24,random,mechanism_repair,-3.276016235559577,15.712916925041629,-12.812932401258108,0.01,-4.482785452885818,3.2986437176352412,1.267598249180254,0,0,3.1315225685345194,2,0
hidden_no_signal,24,entropy,mechanism_repair,-2.8823382909640825,15.319238980446134,-12.812932401258108,0.01,-4.482785452885818,5.597663009048296,0.9099672006872267,0,0,2.737844623939025,2,0
hidden_no_signal,24,myopic,mechanism_repair,-2.9988340402562503,15.435734729738302,-12.812932401258108,0.01,-4.482785452885818,2.5597700780515678,0.8738839393671645,0,0,2.8543403732311927,2,2
hidden_no_signal,24,sequential,mechanism_repair,-2.9988340402562503,15.435734729738302,-12.812932401258108,0.01,-4.482785452885818,2.5597700780515678,0.8738839393671645,0,0,2.8543403732311927,2,8
hidden_no_signal,25,stop,mechanism_repair,17.42787085952335,0.0,-0.9922165831539775,0.01,0.8165115632204627,5.781638910171469,0.4588008735937061,0,0,0.0,0,0
hidden_no_signal,25,fixed,mechanism_repair,13.925225058993423,3.502645800529926,-0.9922165831539775,0.01,0.8165115632204627,7.694042918475972,0.13853410526992424,0,0,3.502645800529926,2,0
hidden_no_signal,25,random,mechanism_repair,15.666323704692449,1.7615471548309003,-0.9922165831539775,0.01,0.8165115632204627,2.554875296607346,0.7618061032396873,0,0,1.7615471548308996,2,0
hidden_no_signal,25,entropy,mechanism_repair,15.666323704692449,1.7615471548309003,-0.9922165831539775,0.01,0.8165115632204627,2.554875296607346,0.7618061032396873,0,0,1.7615471548308996,2,0
hidden_no_signal,25,myopic,mechanism_repair,16.393399282440832,1.0344715770825168,-0.9922165831539775,0.01,0.8165115632204627,7.8791356050889005,0.3212456815594475,0,0,1.034471577082518,1,2
hidden_no_signal,25,sequential,mechanism_repair,15.666323704692449,1.7615471548309003,-0.9922165831539775,0.01,0.8165115632204627,2.554875296607346,0.7618061032396873,0,0,1.7615471548308996,2,8
hidden_no_signal,26,stop,source_repair,16.891784683720722,0.0,-1.9705118758667428,0.01,1.9062560538276097,6.596866734251232,0.4177559987039966,0,0,0.0,0,0
hidden_no_signal,26,fixed,mechanism_repair,-8.454140375896786,25.345925059617507,-81.390707916235,0.08,-8.61028015324381,5.5990727717262025,0.7593128877891786,0,0,1.253204586044626,2,0
hidden_no_signal,26,random,source_repair,13.725984821682875,3.165799862037847,-1.9705118758667428,0.01,1.9062560538276097,8.665978118911804,0.08968516444749951,0,0,3.165799862037847,2,0
hidden_no_signal,26,entropy,mechanism_repair,-8.454140375896786,25.345925059617507,-81.390707916235,0.08,-8.61028015324381,5.5990727717262025,0.7593128877891786,0,0,1.253204586044626,2,0
hidden_no_signal,26,myopic,mechanism_repair,-8.454140375896786,25.345925059617507,-81.390707916235,0.08,-8.61028015324381,5.599072771726204,0.7593128877891787,0,0,1.253204586044626,2,2
hidden_no_signal,26,sequential,mechanism_repair,-8.454140375896786,25.345925059617507,-81.390707916235,0.08,-8.61028015324381,5.599072771726204,0.7593128877891787,0,0,1.253204586044626,2,8
hidden_no_signal,27,stop,source_repair,-8.984556842947491,28.80370879032852,-89.32840398534918,0.08,-10.531348680378013,6.2001368515330775,0.9553267983493641,0,0,0.0,0,0
hidden_no_signal,27,fixed,source_repair,-12.628459019693725,32.44761096707475,-89.32840398534918,0.08,-10.531348680378013,2.636013484092089,1.4437977635021575,0,0,3.6439021767462347,2,0
hidden_no_signal,27,random,source_repair,-13.61896861871612,33.438120566097155,-89.32840398534918,0.08,-10.531348680378013,6.7614280840703325,1.190317321236448,0,0,4.634411775768631,2,0
hidden_no_signal,27,entropy,source_repair,-12.628459019693725,32.44761096707475,-89.32840398534918,0.08,-10.531348680378013,2.636013484092089,1.4437977635021575,0,0,3.6439021767462347,2,0
hidden_no_signal,27,myopic,general,-12.889793906444165,32.7089458538252,-89.32840398534918,0.2,-15.985082818430914,10.521377101030051,1.643570240635,1,0,1.4181462367466904,1,2
hidden_no_signal,27,sequential,general,-12.889793906444165,32.7089458538252,-89.32840398534918,0.2,-15.985082818430914,10.521377101030051,1.643570240635,1,0,1.4181462367466904,1,8
hidden_no_signal,28,stop,mechanism_repair,13.333003254685257,0.0,-0.7590845169314342,0.01,0.6246633003914931,3.3895181349676324,0.6189329701435803,0,0,0.0,0,0
hidden_no_signal,28,fixed,mechanism_repair,10.773518959475728,2.559484295209529,-0.7590845169314342,0.01,0.6246633003914931,5.430776768533052,0.1761297584283752,0,0,2.5594842952095296,2,0
hidden_no_signal,28,random,mechanism_repair,9.638346411360574,3.694656843324683,-0.7590845169314342,0.01,0.6246633003914931,6.347153173382608,0.05853823159499085,0,0,3.6946568433246836,2,0
hidden_no_signal,28,entropy,mechanism_repair,10.773518959475728,2.559484295209529,-0.7590845169314342,0.01,0.6246633003914931,5.430776768533052,0.1761297584283752,0,0,2.5594842952095296,2,0
hidden_no_signal,28,myopic,mechanism_repair,10.773518959475728,2.559484295209529,-0.7590845169314342,0.01,0.6246633003914931,5.430776768533052,0.1761297584283752,0,0,2.5594842952095296,2,2
hidden_no_signal,28,sequential,mechanism_repair,10.773518959475728,2.559484295209529,-0.7590845169314342,0.01,0.6246633003914931,5.430776768533052,0.1761297584283752,0,0,2.5594842952095296,2,8
hidden_no_signal,29,stop,source_repair,0.8015527591117585,13.097216442573686,-13.540794183053011,0.01,-4.046674123671014,7.976706102956101,0.7424455797385932,0,0,0.0,0,0
hidden_no_signal,29,fixed,general,10.772665055499164,3.1261041461862806,-2.9571849365288183,0.01,3.6575708425488016,3.6810975880945502,0.10456974114540513,0,0,3.1261041461862815,2,0
hidden_no_signal,29,random,source_repair,-1.4822800925288417,15.381049294214286,-13.540794183053011,0.01,-4.046674123671014,3.7604239563236304,0.2787635338851757,0,0,2.2838328516406,2,0
hidden_no_signal,29,entropy,source_repair,-0.6866159790985781,14.585385180784023,-13.540794183053011,0.01,-4.046674123671014,4.574737615844594,0.3123097770324378,0,0,1.4881687382103366,2,0
hidden_no_signal,29,myopic,source_repair,0.8015527591117585,13.097216442573686,-13.540794183053011,0.01,-4.046674123671014,7.976706102956101,0.7424455797385932,0,0,0.0,0,1
hidden_no_signal,29,sequential,source_repair,0.47860403727943085,13.420165164406015,-13.540794183053011,0.01,-4.046674123671014,9.080038195830493,0.7503554048579021,0,0,0.32294872183232765,1,8
hidden_no_signal,30,stop,mechanism_repair,17.213098257546505,0.0,-0.9799889886872637,0.01,0.8064492719405608,3.446143026648193,0.7105658188110869,0,0,0.0,0,0
hidden_no_signal,30,fixed,source_repair,-10.592076073551077,27.805174331097582,-77.5824616044084,0.08,-9.146563894414463,9.848163654467402,1.476159232908783,0,0,2.788913751128738,2,0
hidden_no_signal,30,random,source_repair,-9.845133183839078,27.058231441385583,-77.5824616044084,0.08,-9.146563894414463,10.475727569785715,1.5543179574144153,0,0,2.041970861416739,2,0
hidden_no_signal,30,entropy,source_repair,-10.592076073551077,27.805174331097582,-77.5824616044084,0.08,-9.146563894414463,9.848163654467402,1.476159232908783,0,0,2.788913751128738,2,0
hidden_no_signal,30,myopic,source_repair,-8.954823944439843,26.16792220198635,-77.5824616044084,0.08,-9.146563894414463,10.06334476184872,1.3614229142142922,0,0,1.1516616220175036,1,2
hidden_no_signal,30,sequential,source_repair,-8.954823944439843,26.16792220198635,-77.5824616044084,0.08,-9.146563894414463,10.06334476184872,1.3614229142142922,0,0,1.1516616220175036,1,8
hidden_no_signal,31,stop,mechanism_repair,21.49303651497178,0.0,-1.2236576357711404,0.01,1.0069682627699983,4.120986039030578,0.6945592362524703,0,0,0.0,0,0
hidden_no_signal,31,fixed,mechanism_repair,20.072582121326093,1.420454393645688,-1.2236576357711404,0.01,1.0069682627699983,14.011916534836926,0.0970030316167451,0,0,1.4204543936456862,2,0
hidden_no_signal,31,random,mechanism_repair,20.072582121326093,1.420454393645688,-1.2236576357711404,0.01,1.0069682627699983,14.011916534836926,0.0970030316167451,0,0,1.4204543936456862,2,0
hidden_no_signal,31,entropy,general,-13.314494954465436,34.807531469437215,-96.87289616521501,0.2,-17.33514984009111,10.860844476209035,1.434939962049884,0,0,0.8739756574588753,2,0
hidden_no_signal,31,myopic,general,-13.314494954465436,34.807531469437215,-96.87289616521501,0.2,-17.33514984009111,10.860844476209039,1.4349399620498844,0,0,0.8739756574588753,2,2
hidden_no_signal,31,sequential,general,-13.314494954465436,34.807531469437215,-96.87289616521501,0.2,-17.33514984009111,10.860844476209039,1.4349399620498844,0,0,0.8739756574588753,2,8
hidden_no_signal,32,stop,source_repair,-7.411317008082105,23.76003854003925,-73.68656365963369,0.08,-8.687258031451552,4.057842678122365,0.659992343897661,0,0,0.0,0,0
hidden_no_signal,32,fixed,general,-12.137875467320484,28.48659699927763,-73.68656365963369,0.2,-13.18601665488182,7.739272415795357,1.5807607527403913,1,0,2.674969397346473,2,0
hidden_no_signal,32,random,general,-12.137875467320484,28.48659699927763,-73.68656365963369,0.2,-13.18601665488182,7.739272415795357,1.5807607527403913,1,0,2.674969397346473,2,0
hidden_no_signal,32,entropy,general,-12.137875467320484,28.48659699927763,-73.68656365963369,0.2,-13.18601665488182,7.739272415795357,1.5807607527403913,1,0,2.674969397346473,2,0
hidden_no_signal,32,myopic,mechanism_repair,14.567377586180514,1.7813439457766318,-0.9307776462269524,0.01,0.7659524380409293,7.1512928053419245,0.19976454462514986,0,0,1.7813439457766322,1,2
hidden_no_signal,32,sequential,mechanism_repair,14.567377586180514,1.7813439457766318,-0.9307776462269524,0.01,0.7659524380409293,7.1512928053419245,0.19976454462514986,0,0,1.7813439457766322,1,8
hidden_no_signal,33,stop,mechanism_repair,-7.950741318658319,26.60140205916957,-89.86560681410354,0.08,-9.506835247176216,5.354280859121735,0.5871015297634773,0,0,0.0,0,0
hidden_no_signal,33,fixed,source_repair,16.163183218631424,2.487477521879825,-2.1756936386572456,0.01,2.104747106961899,9.557514199507253,0.11236286694242845,0,0,2.4874775218798257,2,0
hidden_no_signal,33,random,source_repair,17.69213621272381,0.9585245277874392,-2.1756936386572456,0.01,2.104747106961899,9.265680003247997,0.18085625398733582,0,0,0.9585245277874384,2,0
hidden_no_signal,33,entropy,source_repair,17.69213621272381,0.9585245277874392,-2.1756936386572456,0.01,2.104747106961899,9.265680003247997,0.18085625398733582,0,0,0.9585245277874384,2,0
hidden_no_signal,33,myopic,source_repair,17.69213621272381,0.9585245277874392,-2.1756936386572456,0.01,2.104747106961899,9.265680003247997,0.18085625398733585,0,0,0.9585245277874384,2,2
hidden_no_signal,33,sequential,source_repair,17.69213621272381,0.9585245277874392,-2.1756936386572456,0.01,2.104747106961899,9.265680003247997,0.18085625398733585,0,0,0.9585245277874384,2,8
hidden_no_signal,34,stop,source_repair,0.8485367919634347,13.864926416256898,-14.334505029285207,0.01,-4.283875066223166,6.683158611107886,0.83351090202777,0,0,0.0,0,0
hidden_no_signal,34,fixed,mechanism_repair,-5.088903330166192,19.802366538386526,-15.158327157405047,0.01,-5.3033549497714665,6.28431675380242,1.3965532390871216,0,0,4.917960238581326,2,0
hidden_no_signal,34,random,mechanism_repair,-5.088903330166192,19.802366538386526,-15.158327157405047,0.01,-5.3033549497714665,6.28431675380242,1.3965532390871216,0,0,4.917960238581326,2,0
hidden_no_signal,34,entropy,mechanism_repair,-5.088903330166192,19.802366538386526,-15.158327157405047,0.01,-5.3033549497714665,6.2843167538024165,1.3965532390871216,0,0,4.917960238581326,2,0
hidden_no_signal,34,myopic,mechanism_repair,-5.088903330166192,19.802366538386526,-15.158327157405047,0.01,-5.3033549497714665,6.2843167538024165,1.3965532390871216,0,0,4.917960238581326,2,2
hidden_no_signal,34,sequential,mechanism_repair,-5.088903330166192,19.802366538386526,-15.158327157405047,0.01,-5.3033549497714665,6.2843167538024165,1.3965532390871216,0,0,4.917960238581326,2,8
hidden_no_signal,35,stop,source_repair,0.6598772135309348,10.7822655375977,-11.147440306250743,0.01,-3.331418942097923,4.432890652345545,0.7427352816663102,0,0,0.0,0,0
hidden_no_signal,35,fixed,source_repair,-1.0381008013686936,12.48024355249733,-11.147440306250743,0.01,-3.331418942097923,8.238781896425674,1.639018793035806,0,0,1.6979780148996284,2,0
hidden_no_signal,35,random,source_repair,-1.9429364441370878,13.385079195265723,-11.147440306250743,0.01,-3.331418942097923,5.080285013512697,1.259730352486788,0,0,2.6028136576680225,2,0
hidden_no_signal,35,entropy,source_repair,-1.0381008013686936,12.48024355249733,-11.147440306250743,0.01,-3.331418942097923,8.238781896425676,1.6390187930358058,0,0,1.6979780148996284,2,0
hidden_no_signal,35,myopic,source_repair,-0.2259804827971481,11.668123233925783,-11.147440306250743,0.01,-3.331418942097923,8.15608150085654,1.3380783347622716,0,0,0.8858576963280829,1,2
hidden_no_signal,35,sequential,source_repair,-0.2259804827971481,11.668123233925783,-11.147440306250743,0.01,-3.331418942097923,8.15608150085654,1.3380783347622716,0,0,0.8858576963280829,1,8
hidden_no_signal,36,stop,mechanism_repair,16.00195153833925,0.0,-0.9110350775000398,0.01,0.7497059491927416,5.64850715937321,0.4064227714299182,0,0,0.0,0,0
hidden_no_signal,36,fixed,source_repair,-10.014187704154818,26.016139242494067,-72.12361030208652,0.08,-8.502994056667044,2.7952960877776776,0.8468792574158166,0,0,2.760070899560747,2,0
hidden_no_signal,36,random,source_repair,-10.014187704154818,26.016139242494067,-72.12361030208652,0.08,-8.502994056667044,2.7952960877776776,0.8468792574158166,0,0,2.760070899560747,2,0
hidden_no_signal,36,entropy,source_repair,-10.015672222053727,26.017623760392976,-72.12361030208652,0.08,-8.502994056667044,1.404480584636988,1.0346163628163612,0,0,2.7615554174596575,2,0
hidden_no_signal,36,myopic,source_repair,-9.271695126175189,25.273646664514438,-72.12361030208652,0.08,-8.502994056667044,3.605732506180519,0.8686541547040993,0,0,2.017578321581118,1,2
hidden_no_signal,36,sequential,source_repair,-9.271695126175189,25.273646664514438,-72.12361030208652,0.08,-8.502994056667044,3.605732506180519,0.8686541547040993,0,0,2.017578321581118,1,8
hidden_no_signal,37,stop,mechanism_repair,-0.21236114021335484,18.490770606288127,-18.831060144220373,0.01,-6.588312482522753,6.600840893984473,0.5666845851834735,0,0,0.0,0,0
hidden_no_signal,37,fixed,general,14.887242903750566,3.391166562324207,-3.8890232906542055,0.01,4.810107754230204,3.6139776964219417,0.2003079282483218,0,0,3.391166562324207,2,0
hidden_no_signal,37,random,mechanism_repair,-2.8651545230611144,21.143563989135888,-18.831060144220373,0.01,-6.588312482522753,14.538633284406798,1.3952434053527594,0,0,2.6527933828477597,2,0
hidden_no_signal,37,entropy,mechanism_repair,-3.0096512320847757,21.288060698159548,-18.831060144220373,0.01,-6.588312482522753,10.761211168251657,0.9518597471912478,0,0,2.797290091871421,2,0
hidden_no_signal,37,myopic,mechanism_repair,-1.2418195964108416,19.520229062485615,-18.831060144220373,0.01,-6.588312482522753,15.224741753502679,1.3609949602198055,0,0,1.0294584561974869,1,2
hidden_no_signal,37,sequential,mechanism_repair,-1.2418195964108416,19.520229062485615,-18.831060144220373,0.01,-6.588312482522753,15.224741753502679,1.3609949602198055,0,0,1.0294584561974869,1,8
hidden_no_signal,38,stop,source_repair,-7.1512945114406525,22.926429002794954,-71.10130597455384,0.08,-8.382469757000033,6.1407861692587105,0.8371579941827377,0,0,0.0,0,0
hidden_no_signal,38,fixed,mechanism_repair,14.908950410077328,0.866184081276975,-0.898121759678574,0.01,0.7390793647354938,3.8617000470925937,0.6519821489252586,0,0,0.8661840812769752,2,0
hidden_no_signal,38,random,mechanism_repair,14.15330305992349,1.621831431430813,-0.898121759678574,0.01,0.7390793647354938,5.25941320845361,0.3130847887524606,0,0,1.6218314314308133,2,0
hidden_no_signal,38,entropy,mechanism_repair,14.317535954262095,1.457598537092208,-0.898121759678574,0.01,0.7390793647354938,10.44654842858964,0.06624820653863586,0,0,1.457598537092207,2,0
hidden_no_signal,38,myopic,mechanism_repair,14.317535954262095,1.457598537092208,-0.898121759678574,0.01,0.7390793647354938,10.44654842858964,0.06624820653863586,0,0,1.457598537092207,2,2
hidden_no_signal,38,sequential,mechanism_repair,14.317535954262095,1.457598537092208,-0.898121759678574,0.01,0.7390793647354938,10.44654842858964,0.06624820653863586,0,0,1.457598537092207,2,8
hidden_no_signal,39,stop,source_repair,0.9815145572118618,16.03775727949091,-16.580925529598442,0.01,-4.955219123788041,7.8154603949432015,0.9624153559563418,0,0,0.0,0,0
hidden_no_signal,39,fixed,source_repair,-0.6852181060475757,17.70448994275035,-16.580925529598442,0.01,-4.955219123788041,8.704527840755087,0.9599381095417973,0,0,1.6667326632594375,2,0
hidden_no_signal,39,random,source_repair,-0.6852181060475757,17.70448994275035,-16.580925529598442,0.01,-4.955219123788041,8.704527840755087,0.9599381095417971,0,0,1.6667326632594375,2,0
hidden_no_signal,39,entropy,source_repair,-1.873471810086626,18.892743646789402,-16.580925529598442,0.01,-4.955219123788041,3.278872334540395,1.2190228466880257,0,0,2.854986367298488,2,0
hidden_no_signal,39,myopic,source_repair,-1.873471810086626,18.892743646789402,-16.580925529598442,0.01,-4.955219123788041,3.278872334540398,1.2190228466880257,0,0,2.854986367298488,2,2
hidden_no_signal,39,sequential,source_repair,0.12063287417345547,16.89863896252932,-16.580925529598442,0.01,-4.955219123788041,10.85672912603798,1.2549555466451399,0,0,0.8608816830384063,1,8
hidden_no_signal,40,stop,source_repair,19.592458750345653,0.0,-2.2855591263954866,0.01,2.211030024447807,6.639361880657767,0.5160604740103171,0,0,0.0,0,0
hidden_no_signal,40,fixed,general,-22.92807426185093,42.52053301219658,-94.4035291337266,0.3,-26.830476701164397,10.174390419980067,1.679911398936127,1,0,3.215126796689865,2,0
hidden_no_signal,40,random,mechanism_repair,-12.807702378342814,32.40016112868847,-94.4035291337266,0.08,-9.986899660988971,7.399888019178972,1.3238646409950399,0,0,4.455474353406267,2,0
hidden_no_signal,40,entropy,general,-22.92807426185093,42.52053301219658,-94.4035291337266,0.3,-26.830476701164397,10.174390419980067,1.679911398936127,1,0,3.215126796689865,2,0
hidden_no_signal,40,myopic,general,-22.92807426185093,42.52053301219658,-94.4035291337266,0.3,-26.830476701164397,10.174390419980067,1.679911398936127,1,0,3.215126796689865,2,2
hidden_no_signal,40,sequential,general,-22.92807426185093,42.52053301219658,-94.4035291337266,0.3,-26.830476701164397,10.174390419980067,1.679911398936127,1,0,3.215126796689865,2,8
hidden_no_signal,41,stop,source_repair,11.8015047472784,0.0,-1.3767050488171084,0.01,1.3318124928774204,3.132313212499761,0.49253999440957236,0,0,0.0,0,0
hidden_no_signal,41,fixed,source_repair,8.38678566834919,3.4147190789292097,-1.3767050488171084,0.01,1.3318124928774204,5.532320518577952,0.06680286496768559,0,0,3.4147190789292106,2,0
hidden_no_signal,41,random,mechanism_repair,-7.93334434460074,19.73484909187914,-56.86390419027189,0.08,-6.015602495918236,2.362979561060289,0.9587618105506427,0,0,2.9023852422930014,2,0
hidden_no_signal,41,entropy,source_repair,9.284605787590323,2.5168989596880778,-1.3767050488171084,0.01,1.3318124928774204,5.103307368122358,0.11110006764717625,0,0,2.516898959688077,2,0
hidden_no_signal,41,myopic,source_repair,10.286888349116257,1.5146163981621434,-1.3767050488171084,0.01,1.3318124928774204,8.231214715087505,0.02769444306997989,0,0,1.5146163981621428,1,2
hidden_no_signal,41,sequential,source_repair,10.286888349116257,1.5146163981621434,-1.3767050488171084,0.01,1.3318124928774204,8.231214715087505,0.02769444306997989,0,0,1.5146163981621428,1,8
hidden_no_signal,42,stop,source_repair,12.210612270933211,0.0,-1.4244295047560462,0.01,1.3779807165574791,5.99902676725201,0.2648796322557647,0,0,0.0,0,0
hidden_no_signal,42,fixed,source_repair,9.237866677400994,2.972745593532217,-1.4244295047560462,0.01,1.3779807165574791,5.874375696073651,0.11171363899156211,0,0,2.9727455935322165,2,0
hidden_no_signal,42,random,source_repair,10.078792211607709,2.131820059325502,-1.4244295047560462,0.01,1.3779807165574791,3.1643151041422746,0.6360052707010118,0,0,2.131820059325503,2,0
hidden_no_signal,42,entropy,source_repair,10.078792211607709,2.131820059325502,-1.4244295047560462,0.01,1.3779807165574791,3.1643151041422746,0.6360052707010118,0,0,2.131820059325503,2,0
hidden_no_signal,42,myopic,source_repair,11.09516450406746,1.115447766865751,-1.4244295047560462,0.01,1.3779807165574791,7.1786976084690926,0.1633733376707927,0,0,1.1154477668657503,1,2
hidden_no_signal,42,sequential,source_repair,11.09516450406746,1.115447766865751,-1.4244295047560462,0.01,1.3779807165574791,7.1786976084690926,0.1633733376707927,0,0,1.1154477668657503,1,8
hidden_no_signal,43,stop,source_repair,14.801132293287752,0.0,-1.726626730466585,0.01,1.670323684907893,5.28408585089361,0.4027019221662128,0,0,0.0,0,0
hidden_no_signal,43,fixed,mechanism_repair,-8.440181601584682,23.241313894872434,-71.31719104101116,0.08,-7.544608104864865,2.7232059729423295,0.614361677374372,0,0,2.130486962640483,2,0
hidden_no_signal,43,random,source_repair,13.072127879482961,1.729004413804791,-1.726626730466585,0.01,1.670323684907893,7.176968810040805,0.15142844964106011,0,0,1.7290044138047906,2,0
hidden_no_signal,43,entropy,source_repair,13.411087773402013,1.3900445198857394,-1.726626730466585,0.01,1.670323684907893,3.221317829656085,0.562252807028803,0,0,1.39004451988574,2,0
hidden_no_signal,43,myopic,source_repair,14.306851307762729,0.4942809855250232,-1.726626730466585,0.01,1.670323684907893,7.0757672109701515,0.28314552299793133,0,0,0.4942809855250237,1,2
hidden_no_signal,43,sequential,source_repair,14.306851307762729,0.4942809855250232,-1.726626730466585,0.01,1.670323684907893,7.0757672109701515,0.28314552299793133,0,0,0.4942809855250237,1,8
hidden_no_signal,44,stop,source_repair,0.869315086727851,14.204439718087112,-14.685516999091847,0.01,-4.388775195130897,4.078131939156228,0.4825893905692177,0,0,0.0,0,0
hidden_no_signal,44,fixed,source_repair,-3.2163686839119956,18.29012348872696,-14.685516999091847,0.01,-4.388775195130897,6.648068088653,1.3003816978710148,0,0,4.085683770639847,2,0
hidden_no_signal,44,random,source_repair,-3.4706352291438334,18.5443900339588,-14.685516999091847,0.01,-4.388775195130897,7.391492801183286,0.9853078478432804,0,0,4.339950315871684,2,0
hidden_no_signal,44,entropy,source_repair,-3.4706352291438334,18.5443900339588,-14.685516999091847,0.01,-4.388775195130897,7.391492801183286,0.9853078478432804,0,0,4.339950315871684,2,0
hidden_no_signal,44,myopic,source_repair,-3.4706352291438334,18.5443900339588,-14.685516999091847,0.01,-4.388775195130897,7.391492801183286,0.9853078478432804,0,0,4.339950315871684,2,2
hidden_no_signal,44,sequential,source_repair,-3.4706352291438334,18.5443900339588,-14.685516999091847,0.01,-4.388775195130897,7.391492801183286,0.9853078478432804,0,0,4.339950315871684,2,8
hidden_no_signal,45,stop,source_repair,0.6740766242184855,11.014281151065154,-11.387313846021016,0.01,-3.4031052873166256,2.8930127742880587,0.8366352084067353,0,0,0.0,0,0
hidden_no_signal,45,fixed,mechanism_repair,-1.779176531462069,13.467534306745709,-12.041757170504983,0.01,-4.212978901365535,8.551010525782747,1.4455960636642664,0,0,1.6433795416316461,2,0
hidden_no_signal,45,random,mechanism_repair,-1.779176531462069,13.467534306745709,-12.041757170504983,0.01,-4.212978901365535,8.551010525782749,1.4455960636642666,0,0,1.6433795416316461,2,0
hidden_no_signal,45,entropy,mechanism_repair,-1.779176531462069,13.467534306745709,-12.041757170504983,0.01,-4.212978901365535,8.551010525782747,1.4455960636642664,0,0,1.6433795416316461,2,0
hidden_no_signal,45,myopic,mechanism_repair,-1.779176531462069,13.467534306745709,-12.041757170504983,0.01,-4.212978901365535,8.551010525782749,1.4455960636642666,0,0,1.6433795416316461,2,2
hidden_no_signal,45,sequential,mechanism_repair,-1.779176531462069,13.467534306745709,-12.041757170504983,0.01,-4.212978901365535,8.551010525782749,1.4455960636642666,0,0,1.6433795416316461,2,8
hidden_no_signal,46,stop,mechanism_repair,21.25224261500783,0.0,-1.2099485772985141,0.01,0.9956868500685676,8.713679152922117,0.35581374813374184,0,0,0.0,0,0
hidden_no_signal,46,fixed,source_repair,-10.910743299123762,32.162985914131596,-95.7875957027989,0.08,-11.292853388119452,10.799273671214086,1.253548034526701,0,0,1.2765277523843557,2,0
hidden_no_signal,46,random,source_repair,-13.337990558089967,34.5902331730978,-95.7875957027989,0.08,-11.292853388119452,14.349627021876389,1.8085890075623265,0,0,3.70377501135056,2,0
hidden_no_signal,46,entropy,source_repair,-10.910743299123762,32.162985914131596,-95.7875957027989,0.08,-11.292853388119452,10.799273671214086,1.253548034526701,0,0,1.2765277523843557,2,0
hidden_no_signal,46,myopic,source_repair,-10.600815213870156,31.853057828877986,-95.7875957027989,0.08,-11.292853388119452,13.40304164903732,1.3593483609992663,0,0,0.96659966713075,1,2
hidden_no_signal,46,sequential,source_repair,-13.337990558089967,34.5902331730978,-95.7875957027989,0.08,-11.292853388119452,14.349627021876389,1.8085890075623265,0,0,3.70377501135056,2,8
hidden_no_signal,47,stop,source_repair,0.586863427722254,9.589234454917992,-9.914003536278852,0.01,-2.962805654520117,2.446370318969089,0.41362982642715984,0,0,0.0,0,0
hidden_no_signal,47,fixed,mechanism_repair,-5.052934640418408,15.229032523058653,-10.483773854455798,0.01,-3.6678964232640876,-1.3751353172347978,0.6779765438988843,0,0,4.934707299396692,2,0
hidden_no_signal,47,random,mechanism_repair,-5.235387863432707,15.411485746072952,-10.483773854455798,0.01,-3.6678964232640876,5.148634443216094,1.5622213759411454,0,0,5.117160522410991,2,0
hidden_no_signal,47,entropy,mechanism_repair,-4.319732510262644,14.495830392902889,-10.483773854455798,0.01,-3.6678964232640876,6.217563264503944,1.7254664072156263,0,0,4.201505169240928,2,0
hidden_no_signal,47,myopic,mechanism_repair,-2.3102065371493294,12.486304419789576,-10.483773854455798,0.01,-3.6678964232640876,7.590782628107629,1.5233697866593434,0,0,2.1919791961276136,1,2
hidden_no_signal,47,sequential,mechanism_repair,-2.3102065371493294,12.486304419789576,-10.483773854455798,0.01,-3.6678964232640876,7.590782628107629,1.5233697866593434,0,0,2.1919791961276136,1,8
hidden_no_signal,48,stop,source_repair,17.800428659818746,0.0,-2.0765097783596365,0.01,2.008797502978341,7.590582433834336,0.4976639737485552,0,0,0.0,0,0
hidden_no_signal,48,fixed,source_repair,15.725336233717705,2.0750924261010404,-2.0765097783596365,0.01,2.008797502978341,12.410160224141332,0.030716835626925384,0,0,2.0750924261010413,2,0
hidden_no_signal,48,random,source_repair,15.725336233717705,2.0750924261010404,-2.0765097783596365,0.01,2.008797502978341,12.410160224141332,0.030716835626925384,0,0,2.0750924261010413,2,0
hidden_no_signal,48,entropy,source_repair,15.35397765393833,2.446451005880416,-2.0765097783596365,0.01,2.008797502978341,13.065557783766184,0.01669537243132424,0,0,2.4464510058804163,2,0
hidden_no_signal,48,myopic,source_repair,16.215523366400866,1.5849052934178793,-2.0765097783596365,0.01,2.008797502978341,10.621143216555957,0.08747163419319212,0,0,1.5849052934178778,1,2
hidden_no_signal,48,sequential,source_repair,16.215523366400866,1.5849052934178793,-2.0765097783596365,0.01,2.008797502978341,10.621143216555957,0.08747163419319212,0,0,1.5849052934178778,1,8
hidden_no_signal,49,stop,mechanism_repair,14.36782966457906,0.0,-0.8180000283475186,0.01,0.6731458566609809,5.557702237928085,0.5287719375019101,0,0,0.0,0,0
hidden_no_signal,49,fixed,mechanism_repair,10.110897372971541,4.256932291607519,-0.8180000283475186,0.01,0.6731458566609809,4.721426824501201,0.2446460272239033,0,0,4.256932291607519,2,0
hidden_no_signal,49,random,mechanism_repair,9.737698598336916,4.630131066242145,-0.8180000283475186,0.01,0.6731458566609809,8.521270551093595,0.008568368398296894,0,0,4.630131066242145,2,0
hidden_no_signal,49,entropy,mechanism_repair,8.884524735299491,5.483304929279569,-0.8180000283475186,0.01,0.6731458566609809,7.460643769739278,0.018043522030513705,0,0,5.483304929279569,2,0
hidden_no_signal,49,myopic,mechanism_repair,11.439577812621962,2.928251851957098,-0.8180000283475186,0.01,0.6731458566609809,9.637494719990539,0.022123490229933946,0,0,2.9282518519570973,1,2
hidden_no_signal,49,sequential,mechanism_repair,11.439577812621962,2.928251851957098,-0.8180000283475186,0.01,0.6731458566609809,9.637494719990539,0.022123490229933946,0,0,2.9282518519570973,1,8
hidden_no_signal,50,stop,source_repair,0.6958076519556033,11.369361924672626,-11.754420528182038,0.01,-3.5128153302612986,2.60360261702073,0.33556421663488073,0,0,0.0,0,0
hidden_no_signal,50,fixed,general,9.285469316631763,2.7797002599964653,-2.567057356729412,0.01,3.1750446254284816,8.373423754366216,0.003298504043612266,0,0,2.779700259996465,2,0
hidden_no_signal,50,random,general,9.285469316631763,2.7797002599964653,-2.567057356729412,0.01,3.1750446254284816,8.373423754366216,0.0032985040436122664,0,0,2.779700259996465,2,0
hidden_no_signal,50,entropy,general,9.285469316631763,2.7797002599964653,-2.567057356729412,0.01,3.1750446254284816,8.373423754366216,0.003298504043612266,0,0,2.779700259996465,2,0
hidden_no_signal,50,myopic,general,11.470231268241646,0.5949383083865829,-2.567057356729412,0.01,3.1750446254284816,9.560793146120611,0.010195475193703347,0,0,0.5949383083865833,1,2
hidden_no_signal,50,sequential,general,11.470231268241646,0.5949383083865829,-2.567057356729412,0.01,3.1750446254284816,9.560793146120611,0.010195475193703347,0,0,0.5949383083865833,1,8
hidden_no_signal,51,stop,source_repair,-6.206450179227911,19.89734014811083,-61.70724929635285,0.08,-7.274959917043705,2.5522026160489584,0.7795617271228917,0,0,0.0,0,0
hidden_no_signal,51,fixed,mechanism_repair,9.442177744496433,4.248712224386484,-0.7794599911118261,0.01,0.641430617685773,5.600501413298603,0.10011219751105017,0,0,4.248712224386485,2,0
hidden_no_signal,51,random,source_repair,-9.835968146284198,23.526858115167116,-61.70724929635285,0.08,-7.274959917043705,5.39465647838438,1.3931365824978448,0,0,3.6295179670562883,2,0
hidden_no_signal,51,entropy,general,-10.639114414777449,24.330004383660366,-61.70724929635285,0.2,-11.042349874084195,5.8106611190144655,1.5707854732817383,1,0,2.714604505140557,2,0
hidden_no_signal,51,myopic,general,-10.639114414777449,24.330004383660366,-61.70724929635285,0.2,-11.042349874084195,5.8106611190144655,1.5707854732817383,1,0,2.714604505140557,2,2
hidden_no_signal,51,sequential,general,-10.639114414777449,24.330004383660366,-61.70724929635285,0.2,-11.042349874084195,5.810661119014467,1.5707854732817381,1,0,2.714604505140557,2,8
hidden_no_signal,52,stop,source_repair,0.9117711601985437,14.898163714700475,-15.402736104324916,0.01,-4.603116536924688,4.473124531913843,0.433932350059288,0,0,0.0,0,0
hidden_no_signal,52,fixed,mechanism_repair,-4.1810485019203725,19.990983376819393,-16.287950822964277,0.01,-5.6985697512409,1.395283052730072,0.4750123365253474,0,0,3.9973664478027047,2,0
hidden_no_signal,52,random,mechanism_repair,-4.1810485019203725,19.990983376819393,-16.287950822964277,0.01,-5.6985697512409,1.3952830527300693,0.47501233652534747,0,0,3.9973664478027047,2,0
hidden_no_signal,52,entropy,general,13.435577800878377,2.374357074020642,-3.363815930829581,0.01,4.160509177605006,5.016334182405897,0.11520106798836804,0,0,2.374357074020642,2,0
hidden_no_signal,52,myopic,general,13.435577800878377,2.374357074020642,-3.363815930829581,0.01,4.160509177605006,5.016334182405897,0.11520106798836804,0,0,2.374357074020642,2,2
hidden_no_signal,52,sequential,general,13.435577800878377,2.374357074020642,-3.363815930829581,0.01,4.160509177605006,5.016334182405897,0.11520106798836803,0,0,2.374357074020642,2,8
hidden_no_signal,53,stop,source_repair,11.464603811381258,0.0,-1.3374038555088763,0.01,1.2937928602205437,4.388844435096233,0.4579910166455204,0,0,0.0,0,0
hidden_no_signal,53,fixed,mechanism_repair,-7.549781638571332,19.01438544995259,-55.240594031888385,0.08,-5.843873368636614,3.0093271991930575,0.9916931949580051,0,0,2.6624427665921537,2,0
hidden_no_signal,53,random,general,-14.92159660935215,26.38620042073341,-55.240594031888385,0.3,-15.699958303799857,1.7147026322422154,1.2819982014680273,0,0,3.3864883555880883,2,0
hidden_no_signal,53,entropy,mechanism_repair,-7.549781638571332,19.01438544995259,-55.240594031888385,0.08,-5.843873368636614,3.0093271991930584,0.9916931949580053,0,0,2.6624427665921537,2,0
hidden_no_signal,53,myopic,mechanism_repair,-7.549781638571332,19.01438544995259,-55.240594031888385,0.08,-5.843873368636614,3.0093271991930584,0.9916931949580053,0,0,2.6624427665921537,2,2
hidden_no_signal,53,sequential,mechanism_repair,-7.549781638571332,19.01438544995259,-55.240594031888385,0.08,-5.843873368636614,3.0093271991930584,0.9916931949580053,0,0,2.6624427665921537,2,8
hidden_no_signal,54,stop,source_repair,17.520854441578702,0.0,-2.043896035789312,0.01,1.9772472520135735,3.809871967413423,0.6865029059661774,0,0,0.0,0,0
hidden_no_signal,54,fixed,general,-21.092318695535635,38.61317313711434,-84.421792782602,0.3,-23.99356215926583,7.67092197131696,1.5989633322992096,1,0,3.463715386852823,2,0
hidden_no_signal,54,random,general,-22.323072091173625,39.84392653275233,-84.421792782602,0.3,-23.99356215926583,5.7941542366433065,1.4570557583815689,0,0,4.694468782490812,2,0
hidden_no_signal,54,entropy,general,-21.092318695535635,38.61317313711434,-84.421792782602,0.3,-23.99356215926583,7.67092197131696,1.5989633322992096,1,0,3.463715386852823,2,0
hidden_no_signal,54,myopic,general,-19.866532813568842,37.387387255147544,-84.421792782602,0.3,-23.99356215926583,7.073654727458555,1.4026977608234812,0,0,2.237929504886028,1,2
hidden_no_signal,54,sequential,general,-21.092318695535635,38.61317313711434,-84.421792782602,0.3,-23.99356215926583,7.670921971316962,1.5989633322992098,1,0,3.463715386852823,2,8
hidden_no_signal,55,stop,mechanism_repair,-0.15475309885868038,13.47470657170704,-13.722684428914322,0.01,-4.801075054953041,3.3065727828755223,0.6222491868623629,0,0,0.0,0,0
hidden_no_signal,55,fixed,mechanism_repair,-1.2601605527061066,14.580114025554465,-13.722684428914322,0.01,-4.801075054953041,10.472698979325353,1.46853428700889,0,0,1.1054074538474261,2,0
hidden_no_signal,55,random,source_repair,-1.5639245999714904,14.88387807281985,-12.976886362125502,0.01,-3.8781499473018743,4.873953871594839,1.3354767398660468,0,0,2.332096608763977,2,0
hidden_no_signal,55,entropy,mechanism_repair,-1.2601605527061066,14.580114025554465,-13.722684428914322,0.01,-4.801075054953041,10.472698979325353,1.46853428700889,0,0,1.1054074538474261,2,0
hidden_no_signal,55,myopic,mechanism_repair,-1.2601605527061066,14.580114025554465,-13.722684428914322,0.01,-4.801075054953041,10.472698979325354,1.46853428700889,0,0,1.1054074538474261,2,2
hidden_no_signal,55,sequential,mechanism_repair,-1.2601605527061066,14.580114025554465,-13.722684428914322,0.01,-4.801075054953041,10.472698979325354,1.46853428700889,0,0,1.1054074538474261,2,8
hidden_no_signal,56,stop,mechanism_repair,15.593799754988211,0.0,-0.8877978747947246,0.01,0.7305836677998272,4.976190854883195,0.5360909902581078,0,0,0.0,0,0
hidden_no_signal,56,fixed,general,-11.68266965665692,27.27646941164513,-70.2839984212492,0.2,-12.577136559591963,4.614635193664793,1.4804864355960317,0,0,2.6567245962438655,2,0
hidden_no_signal,56,random,general,-12.165125762792222,27.758925517780433,-70.2839984212492,0.2,-12.577136559591963,8.088442729251572,1.7904204737956493,1,0,3.1391807023791674,2,0
hidden_no_signal,56,entropy,general,-11.68266965665692,27.27646941164513,-70.2839984212492,0.2,-12.577136559591963,4.614635193664793,1.4804864355960317,0,0,2.6567245962438655,2,0
hidden_no_signal,56,myopic,general,-9.327343490662395,24.921143245650605,-70.2839984212492,0.2,-12.577136559591963,9.870550631106415,1.6086409270836008,1,0,0.30139843024934054,1,2
hidden_no_signal,56,sequential,general,-9.327343490662395,24.921143245650605,-70.2839984212492,0.2,-12.577136559591963,9.870550631106415,1.6086409270836008,1,0,0.30139843024934054,1,8
hidden_no_signal,57,stop,mechanism_repair,-0.13927360025137336,12.126871192971997,-12.350044552410942,0.01,-4.32083759816008,3.4617989502963664,0.9694118009479141,0,0,0.0,0,0
hidden_no_signal,57,fixed,mechanism_repair,-2.9861988663076033,14.973796459028227,-12.350044552410942,0.01,-4.32083759816008,7.3923195226788,1.454061864129311,0,0,2.84692526605623,2,0
hidden_no_signal,57,random,mechanism_repair,-4.195638317748307,16.18323591046893,-12.350044552410942,0.01,-4.32083759816008,6.36861355716512,1.2678217540770271,0,0,4.056364717496934,2,0
hidden_no_signal,57,entropy,mechanism_repair,-2.9861988663076033,14.973796459028227,-12.350044552410942,0.01,-4.32083759816008,7.3923195226788,1.454061864129311,0,0,2.84692526605623,2,0
hidden_no_signal,57,myopic,mechanism_repair,-2.08235131061334,14.069948903333964,-12.350044552410942,0.01,-4.32083759816008,5.976714831973568,0.8767617730805656,0,0,1.9430777103619665,1,2
hidden_no_signal,57,sequential,mechanism_repair,-2.08235131061334,14.069948903333964,-12.350044552410942,0.01,-4.32083759816008,5.976714831973568,0.8767617730805656,0,0,1.9430777103619665,1,8
hidden_no_signal,58,stop,mechanism_repair,15.938543489036476,0.0,-0.9074250829957897,0.01,0.7467352245486192,5.0461357712846615,0.5071367348045634,0,0,0.0,0,0
hidden_no_signal,58,fixed,mechanism_repair,12.297244434037085,3.6412990549993918,-0.9074250829957897,0.01,0.7467352245486192,7.6819709292872425,0.08095066908678479,0,0,3.6412990549993913,2,0
hidden_no_signal,58,random,mechanism_repair,10.267895622835344,5.670647866201133,-0.9074250829957897,0.01,0.7467352245486192,5.7564187580817725,0.10966937540490287,0,0,5.670647866201134,2,0
hidden_no_signal,58,entropy,mechanism_repair,11.970602115921222,3.967941373115254,-0.9074250829957897,0.01,0.7467352245486192,7.9843068534124555,0.06201172706182672,0,0,3.9679413731152535,2,0
hidden_no_signal,58,myopic,mechanism_repair,14.969247208079722,0.9692962809567547,-0.9074250829957897,0.01,0.7467352245486192,6.380354217435119,0.2878785348240429,0,0,0.9692962809567556,1,2
hidden_no_signal,58,sequential,mechanism_repair,14.969247208079722,0.9692962809567547,-0.9074250829957897,0.01,0.7467352245486192,6.380354217435119,0.2878785348240429,0,0,0.9692962809567556,1,8
hidden_no_signal,59,stop,mechanism_repair,-0.1555684100779281,13.545697585941985,-13.79498190570541,0.01,-4.826369348803185,4.198721003981114,0.5643622191655074,0,0,0.0,0,0
hidden_no_signal,59,fixed,source_repair,-1.186906341021921,14.577035516885978,-13.045254628221418,0.01,-3.8985818429167467,10.433331361451772,1.7094605721881082,0,0,1.9591254368304303,2,0
hidden_no_signal,59,random,source_repair,-1.9039103427471118,15.29403951861117,-13.045254628221418,0.01,-3.8985818429167467,10.456563322213764,1.6162181972799934,0,0,2.676129438555621,2,0
hidden_no_signal,59,entropy,source_repair,-1.9039103427471118,15.29403951861117,-13.045254628221418,0.01,-3.8985818429167467,10.456563322213764,1.6162181972799934,0,0,2.676129438555621,2,0
hidden_no_signal,59,myopic,source_repair,-0.15050446997161904,13.540633645835676,-13.045254628221418,0.01,-3.8985818429167467,10.846283480282063,1.5309491493002847,0,0,0.9227235657801285,1,2
hidden_no_signal,59,sequential,source_repair,-0.15050446997161904,13.540633645835676,-13.045254628221418,0.01,-3.8985818429167467,10.846283480282063,1.5309491493002847,0,0,0.9227235657801285,1,8
hidden_no_signal,60,stop,source_repair,-8.425398629709004,27.011096130252337,-83.76900783070177,0.08,-9.875925133724841,5.165587113848685,0.9324513481096336,0,0,0.0,0,0
hidden_no_signal,60,fixed,general,-14.286469369053819,32.87216686959715,-83.76900783070177,0.2,-14.990243506546637,6.294047778811838,1.3229563162219005,0,0,3.52876520553212,2,0
hidden_no_signal,60,random,mechanism_repair,16.44225783091389,2.143439669629444,-1.0581348357562326,0.01,0.8707567919244001,13.549320531020554,0.038205593203616016,0,0,2.1434396696294455,2,0
hidden_no_signal,60,entropy,mechanism_repair,16.44225783091389,2.143439669629444,-1.0581348357562326,0.01,0.8707567919244001,13.549320531020554,0.038205593203616016,0,0,2.1434396696294455,2,0
hidden_no_signal,60,myopic,mechanism_repair,17.926583549654566,0.6591139508887665,-1.0581348357562326,0.01,0.8707567919244001,12.95771886834496,0.07492692689088093,0,0,0.6591139508887647,1,2
hidden_no_signal,60,sequential,mechanism_repair,17.926583549654566,0.6591139508887665,-1.0581348357562326,0.01,0.8707567919244001,12.95771886834496,0.07492692689088093,0,0,0.6591139508887647,1,8
hidden_no_signal,61,stop,source_repair,17.302969223945045,0.0,-2.0184786262637977,0.01,1.9526586710595435,7.921700521146457,0.46056791693098353,0,0,0.0,0,0
hidden_no_signal,61,fixed,mechanism_repair,-12.704889060880268,30.00785828482531,-83.37194325872207,0.08,-8.819873997370072,-0.3156719391601923,1.2233995665446702,0,0,5.328666080990173,2,0
hidden_no_signal,61,random,source_repair,12.177653253806781,5.125315970138264,-2.0184786262637977,0.01,1.9526586710595435,7.645185187863606,0.1357036728619457,0,0,5.1253159701382645,2,0
hidden_no_signal,61,entropy,general,-23.009238964247995,40.31220818819304,-83.37194325872207,0.3,-23.695183873531537,7.284858491209729,1.7009883612847658,1,0,5.599860812722742,2,0
hidden_no_signal,61,myopic,general,-23.009238964247995,40.31220818819304,-83.37194325872207,0.3,-23.695183873531537,7.284858491209729,1.7009883612847658,1,0,5.599860812722742,2,2
hidden_no_signal,61,sequential,general,-23.009238964247995,40.31220818819304,-83.37194325872207,0.3,-23.695183873531537,7.284858491209729,1.7009883612847658,1,0,5.599860812722742,2,8
hidden_no_signal,62,stop,source_repair,0.6824080894838187,11.15041567574046,-11.528058987396554,0.01,-3.4451670537047168,3.509270557791553,0.2779829833638115,0,0,0.0,0,0
hidden_no_signal,62,fixed,mechanism_repair,-4.244859982667044,16.07768374789132,-12.190591113108999,0.01,-4.265050559273869,-1.086171336256848,0.32369315762035983,0,0,4.107384566581711,2,0
hidden_no_signal,62,random,mechanism_repair,-5.655694637036643,17.488518402260922,-12.190591113108999,0.01,-4.265050559273869,-1.4843057021178483,0.26888494568694193,0,0,5.518219220951311,2,0
hidden_no_signal,62,entropy,mechanism_repair,-4.244859982667044,16.07768374789132,-12.190591113108999,0.01,-4.265050559273869,-1.0861713362568484,0.32369315762035983,0,0,4.107384566581711,2,0
hidden_no_signal,62,myopic,general,9.281582920942201,2.551240844282077,-2.5176220777072933,0.01,3.113900990848494,3.8630301040796247,0.09486871429268588,0,0,2.5512408442820766,1,2
hidden_no_signal,62,sequential,general,9.281582920942201,2.551240844282077,-2.5176220777072933,0.01,3.113900990848494,3.8630301040796247,0.09486871429268588,0,0,2.5512408442820766,1,8
hidden_no_signal,63,stop,source_repair,14.291058933800644,0.0,-1.6671241005638215,0.01,1.6127613581541336,3.1530440541229643,0.8101047436267876,0,0,0.0,0,0
hidden_no_signal,63,fixed,general,-17.9351657059149,32.22622463971555,-68.85947371894052,0.3,-19.570587267488364,7.770875442438969,1.8471576833955818,1,0,3.5562203385519298,2,0
hidden_no_signal,63,random,general,-19.052000762055055,33.3430596958557,-68.85947371894052,0.3,-19.570587267488364,2.2982083876516297,1.444034975511964,0,0,4.673055394692084,2,0
hidden_no_signal,63,entropy,general,-17.9351657059149,32.22622463971555,-68.85947371894052,0.3,-19.570587267488364,7.770875442438969,1.8471576833955818,1,0,3.5562203385519298,2,0
hidden_no_signal,63,myopic,general,-17.9351657059149,32.22622463971555,-68.85947371894052,0.3,-19.570587267488364,7.770875442438969,1.8471576833955818,1,0,3.5562203385519298,2,2
hidden_no_signal,63,sequential,general,-17.9351657059149,32.22622463971555,-68.85947371894052,0.3,-19.570587267488364,7.770875442438969,1.8471576833955818,1,0,3.5562203385519298,2,8
hidden_no_signal,64,stop,mechanism_repair,13.474856833194561,0.0,-0.7671606309967238,0.01,0.6313092692577216,5.254605075062165,0.5328971460983373,0,0,0.0,0,0
hidden_no_signal,64,fixed,mechanism_repair,10.62499223013127,2.849864603063292,-0.7671606309967238,0.01,0.6313092692577216,7.186656279107069,0.10105511340317684,0,0,2.849864603063292,2,0
hidden_no_signal,64,random,mechanism_repair,11.469767484462531,2.00508934873203,-0.7671606309967238,0.01,0.6313092692577216,10.198559394249582,0.009335267990345253,0,0,2.00508934873203,2,0
hidden_no_signal,64,entropy,mechanism_repair,11.469767484462531,2.00508934873203,-0.7671606309967238,0.01,0.6313092692577216,10.198559394249582,0.009335267990345253,0,0,2.00508934873203,2,0
hidden_no_signal,64,myopic,mechanism_repair,12.623083591075765,0.8517732421187958,-0.7671606309967238,0.01,0.6313092692577216,10.073098553948697,0.05128004778070141,0,0,0.8517732421187956,1,2
hidden_no_signal,64,sequential,mechanism_repair,12.623083591075765,0.8517732421187958,-0.7671606309967238,0.01,0.6313092692577216,10.073098553948697,0.05128004778070141,0,0,0.8517732421187956,1,8
hidden_no_signal,65,stop,source_repair,-7.997764343656479,25.64013775584062,-79.51728023520309,0.08,-9.374668827729208,4.730306946835443,0.5860599900155482,0,0,0.0,0,0
hidden_no_signal,65,fixed,mechanism_repair,14.671113271320824,2.971260140863315,-1.004428802970987,0.01,0.8265612024448744,7.401638190648001,0.2607273315041365,0,0,2.971260140863315,2,0
hidden_no_signal,65,random,mechanism_repair,14.671113271320824,2.971260140863315,-1.004428802970987,0.01,0.8265612024448744,7.401638190648001,0.2607273315041365,0,0,2.971260140863315,2,0
hidden_no_signal,65,entropy,mechanism_repair,14.116150959780828,3.52622245240331,-1.004428802970987,0.01,0.8265612024448744,13.05113592828106,0.004705911701747939,0,0,3.526222452403311,2,0
hidden_no_signal,65,myopic,mechanism_repair,15.330632305302203,2.311741106881936,-1.004428802970987,0.01,0.8265612024448744,10.309968071729466,0.10458144917070505,0,0,2.3117411068819362,1,2
hidden_no_signal,65,sequential,mechanism_repair,15.330632305302203,2.311741106881936,-1.004428802970987,0.01,0.8265612024448744,10.309968071729466,0.10458144917070505,0,0,2.3117411068819362,1,8
hidden_no_signal,66,stop,source_repair,18.94887685057581,0.0,-2.2104820519279467,0.01,2.1384011154520346,8.595330272944851,0.4983400563327325,0,0,0.0,0,0
hidden_no_signal,66,fixed,source_repair,16.915163756825763,2.0337130937500483,-2.2104820519279467,0.01,2.1384011154520346,14.009023674993418,0.046292196321251915,0,0,2.0337130937500487,2,0
hidden_no_signal,66,random,source_repair,16.915163756825763,2.0337130937500483,-2.2104820519279467,0.01,2.1384011154520346,14.009023674993418,0.04629219632125193,0,0,2.0337130937500487,2,0
hidden_no_signal,66,entropy,source_repair,16.915163756825763,2.0337130937500483,-2.2104820519279467,0.01,2.1384011154520346,14.009023674993418,0.04629219632125193,0,0,2.0337130937500487,2,0
hidden_no_signal,66,myopic,source_repair,18.168500495955644,0.7803763546201665,-2.2104820519279467,0.01,2.1384011154520346,16.78872104490682,0.008850480697314518,0,0,0.7803763546201676,1,2
hidden_no_signal,66,sequential,source_repair,18.168500495955644,0.7803763546201665,-2.2104820519279467,0.01,2.1384011154520346,16.78872104490682,0.008850480697314518,0,0,0.7803763546201676,1,8
hidden_no_signal,67,stop,mechanism_repair,-6.00501207956078,20.09142723882791,-67.87342624131756,0.08,-7.180294039213069,4.335683467226422,0.8936836712087192,0,0,0.0,0,0
hidden_no_signal,67,fixed,source_repair,11.866916846255652,2.2194983130114796,-1.643251372158212,0.01,1.5896670882834905,2.5722433281848245,0.771959329475067,0,0,2.2194983130114796,2,0
hidden_no_signal,67,random,mechanism_repair,-9.23859302968529,23.325008188952424,-67.87342624131756,0.08,-7.180294039213069,4.164915974315795,0.855559545395902,0,0,3.23358095012451,2,0
hidden_no_signal,67,entropy,source_repair,11.866916846255652,2.2194983130114796,-1.643251372158212,0.01,1.5896670882834905,2.5722433281848245,0.771959329475067,0,0,2.2194983130114796,2,0
hidden_no_signal,67,myopic,source_repair,13.49825723951205,0.5881579197550817,-1.643251372158212,0.01,1.5896670882834905,8.371648864203681,0.1348201280617504,0,0,0.5881579197550821,1,2
hidden_no_signal,67,sequential,source_repair,13.49825723951205,0.5881579197550817,-1.643251372158212,0.01,1.5896670882834905,8.371648864203681,0.1348201280617504,0,0,0.5881579197550821,1,8
hidden_no_signal,68,stop,source_repair,20.44886496898494,0.0,-2.3854632310234125,0.01,2.3076763865335193,4.868877706866343,0.714618294510499,0,0,0.0,0,0
hidden_no_signal,68,fixed,mechanism_repair,-13.20905482798095,33.657919796965885,-98.53000302053228,0.08,-10.423437161645783,6.198274172466025,1.2592682565075166,0,0,4.491742455480173,2,0
hidden_no_signal,68,random,mechanism_repair,-13.20905482798095,33.657919796965885,-98.53000302053228,0.08,-10.423437161645783,6.198274172466025,1.2592682565075166,0,0,4.491742455480173,2,0
hidden_no_signal,68,entropy,mechanism_repair,-13.469735978928423,33.91860094791336,-98.53000302053228,0.08,-10.423437161645783,11.319192131631839,1.572690143177371,0,0,4.752423606427646,2,0
hidden_no_signal,68,myopic,mechanism_repair,-13.469735978928423,33.91860094791336,-98.53000302053228,0.08,-10.423437161645783,11.319192131631839,1.572690143177371,0,0,4.752423606427646,2,2
hidden_no_signal,68,sequential,mechanism_repair,-13.469735978928423,33.91860094791336,-98.53000302053228,0.08,-10.423437161645783,11.319192131631839,1.572690143177371,0,0,4.752423606427646,2,8
hidden_no_signal,69,stop,mechanism_repair,-6.77612890418667,22.671411653403855,-76.58920236736867,0.08,-8.102331408337422,5.490514128431915,0.8272117418367823,0,0,0.0,0,0
hidden_no_signal,69,fixed,mechanism_repair,-10.85862744238179,26.753910191598976,-76.58920236736867,0.08,-8.102331408337422,5.4513116703457545,1.1583698869734105,0,0,4.08249853819512,2,0
hidden_no_signal,69,random,general,-20.073426784427667,35.968709533644855,-76.58920236736867,0.3,-21.76745751493636,-0.826969246441128,1.032163453730497,0,0,4.080392026925811,2,0
hidden_no_signal,69,entropy,general,-20.073426784427667,35.968709533644855,-76.58920236736867,0.3,-21.76745751493636,-0.826969246441128,1.032163453730497,0,0,4.080392026925811,2,0
hidden_no_signal,69,myopic,source_repair,13.230394254617245,2.664888494599939,-1.8542648994205058,0.01,1.7937997396567926,2.5773359839642493,0.6128014363081851,0,0,2.66488849459994,1,2
hidden_no_signal,69,sequential,mechanism_repair,-8.191632436512542,24.086915185729726,-76.58920236736867,0.08,-8.102331408337422,6.339221350541064,1.160773545002246,0,0,1.4155035323258707,1,8
hidden_no_signal,70,stop,mechanism_repair,-5.634944262773449,18.853263099288263,-63.69062521873618,0.08,-6.737797720508407,3.1959936272620526,0.5330169433006674,0,0,0.0,0,0
hidden_no_signal,70,fixed,mechanism_repair,-9.920789919524914,23.139108756039725,-63.69062521873618,0.08,-6.737797720508407,3.0412128933638174,0.9857781466193529,0,0,4.285845656751464,2,0
hidden_no_signal,70,random,source_repair,9.334374200822243,3.88394463569257,-1.5419835579272978,0.01,1.4917014853861894,5.7408905673515545,0.09733807010475148,0,0,3.88394463569257,2,0
hidden_no_signal,70,entropy,source_repair,9.160244719197518,4.058074117317295,-1.5419835579272978,0.01,1.4917014853861894,0.870434876136394,0.6273846949839248,0,0,4.058074117317295,2,0
hidden_no_signal,70,myopic,source_repair,11.390232288385612,1.8280865481292015,-1.5419835579272978,0.01,1.4917014853861894,6.508406969194354,0.21757513106280274,0,0,1.828086548129201,1,2
hidden_no_signal,70,sequential,source_repair,11.390232288385612,1.8280865481292015,-1.5419835579272978,0.01,1.4917014853861894,6.508406969194354,0.21757513106280274,0,0,1.828086548129201,1,8
hidden_no_signal,71,stop,mechanism_repair,-0.15139522719259357,13.182328999046693,-13.424926170331208,0.01,-4.696900120734085,5.00243707982661,0.686419867434554,0,0,0.0,0,0
hidden_no_signal,71,fixed,source_repair,-4.151468135336994,17.182401907191093,-12.695310617595815,0.01,-3.794000874224038,0.7853668691311242,1.1717526640913503,0,0,4.902972154654448,2,0
hidden_no_signal,71,random,mechanism_repair,-3.9910506661325176,17.021984437986617,-13.424926170331208,0.01,-4.696900120734085,1.6703514572365368,1.0701511087024778,0,0,3.839655438939924,2,0
hidden_no_signal,71,entropy,mechanism_repair,-3.9910506661325176,17.021984437986617,-13.424926170331208,0.01,-4.696900120734085,1.6703514572365368,1.0701511087024778,0,0,3.839655438939924,2,0
hidden_no_signal,71,myopic,mechanism_repair,-1.0610152519008598,14.09194902375496,-13.424926170331208,0.01,-4.696900120734085,8.002547077398217,1.0641511128938204,0,0,0.9096200247082662,1,2
hidden_no_signal,71,sequential,mechanism_repair,-1.0610152519008598,14.09194902375496,-13.424926170331208,0.01,-4.696900120734085,8.002547077398217,1.0641511128938204,0,0,0.9096200247082662,1,8
hidden_no_signal,72,stop,source_repair,-5.829888530123899,18.69011621130511,-57.96330825345582,0.08,-6.833568973039004,4.550428222362591,1.0300669007279553,0,0,0.0,0,0
hidden_no_signal,72,fixed,general,-10.787481700353037,23.64770938153425,-57.96330825345582,0.2,-10.372381476934201,5.690885448570257,1.7513942977158128,1,0,3.343772640435554,2,0
hidden_no_signal,72,random,source_repair,-10.485134396168098,23.345362077349307,-57.96330825345582,0.08,-6.833568973039004,-0.5637663869722713,1.4165258440871584,0,0,4.655245866044199,2,0
hidden_no_signal,72,entropy,general,-10.58641749201367,23.44664517319488,-57.96330825345582,0.2,-10.372381476934201,5.270500274570951,1.7914914029835691,1,0,3.142708432096187,2,0
hidden_no_signal,72,myopic,general,-8.359326663161255,21.219554344342466,-57.96330825345582,0.2,-10.372381476934201,6.978694106413767,1.6761613551673573,1,0,0.9156176032437713,1,2
hidden_no_signal,72,sequential,general,-8.359326663161255,21.219554344342466,-57.96330825345582,0.2,-10.372381476934201,6.978694106413767,1.6761613551673573,1,0,0.9156176032437713,1,8
hidden_no_signal,73,stop,source_repair,14.069042505633508,0.0,-1.6412247644941158,0.01,1.5877065656519145,5.247489462740986,0.4812038500209152,0,0,0.0,0,0
hidden_no_signal,73,fixed,general,-15.908635567742987,29.977678073376495,-67.78971853345253,0.3,-19.266551583191774,6.7117962684488415,1.5909108070355658,0,0,1.7530719739812537,2,0
hidden_no_signal,73,random,general,-15.908635567742987,29.977678073376495,-67.78971853345253,0.3,-19.266551583191774,6.7117962684488415,1.5909108070355658,0,0,1.7530719739812537,2,0
hidden_no_signal,73,entropy,general,-15.908635567742987,29.977678073376495,-67.78971853345253,0.3,-19.266551583191774,6.7117962684488415,1.5909108070355658,0,0,1.7530719739812537,2,0
hidden_no_signal,73,myopic,general,-15.908635567742987,29.977678073376495,-67.78971853345253,0.3,-19.266551583191774,6.7117962684488415,1.5909108070355658,0,0,1.7530719739812537,2,2
hidden_no_signal,73,sequential,general,-15.908635567742987,29.977678073376495,-67.78971853345253,0.3,-19.266551583191774,6.7117962684488415,1.5909108070355658,0,0,1.7530719739812537,2,8
hidden_no_signal,74,stop,mechanism_repair,18.500567784047213,0.0,-1.0532881670433691,0.01,0.8667683874627741,8.025238069024741,0.3692965060809056,0,0,0.0,0,0
hidden_no_signal,74,fixed,mechanism_repair,13.410219066365235,5.090348717681978,-1.0532881670433691,0.01,0.8667683874627741,10.513545633119822,0.03656267125161132,0,0,5.090348717681978,2,0
hidden_no_signal,74,random,general,-15.41723399685647,33.91780178090369,-83.38531322426687,0.2,-14.921582366447758,5.84129228807395,1.394962252193337,1,0,4.708804298582198,2,0
hidden_no_signal,74,entropy,general,-15.41723399685647,33.91780178090369,-83.38531322426687,0.2,-14.921582366447758,5.8412922880739515,1.394962252193337,1,0,4.708804298582198,2,0
hidden_no_signal,74,myopic,general,-15.41723399685647,33.91780178090369,-83.38531322426687,0.2,-14.921582366447758,5.8412922880739515,1.394962252193337,1,0,4.708804298582198,2,2
hidden_no_signal,74,sequential,general,-15.41723399685647,33.91780178090369,-83.38531322426687,0.2,-14.921582366447758,5.8412922880739515,1.394962252193337,1,0,4.708804298582198,2,8
hidden_no_signal,75,stop,mechanism_repair,-0.17147788196046432,14.930971722027424,-15.205749532879732,0.01,-5.3199463379300695,3.9644474640640293,0.5619666517864742,0,0,0.0,0,0
hidden_no_signal,75,fixed,mechanism_repair,-2.059387464141256,16.818881304208215,-15.205749532879732,0.01,-5.3199463379300695,8.865793137387975,0.8446833911090393,0,0,1.8879095821807919,2,0
hidden_no_signal,75,random,mechanism_repair,-2.130452445444878,16.889946285511837,-15.205749532879732,0.01,-5.3199463379300695,13.904221072938316,1.6738121046969912,0,0,1.9589745634844136,2,0
hidden_no_signal,75,entropy,mechanism_repair,-2.130452445444878,16.889946285511837,-15.205749532879732,0.01,-5.3199463379300695,13.904221072938316,1.6738121046969912,0,0,1.9589745634844136,2,0
hidden_no_signal,75,myopic,mechanism_repair,-2.130452445444878,16.889946285511837,-15.205749532879732,0.01,-5.3199463379300695,13.904221072938316,1.6738121046969912,0,0,1.9589745634844136,2,2
hidden_no_signal,75,sequential,mechanism_repair,-2.130452445444878,16.889946285511837,-15.205749532879732,0.01,-5.3199463379300695,13.904221072938316,1.6738121046969912,0,0,1.9589745634844136,2,8
hidden_no_signal,76,stop,source_repair,-7.5929141497091175,24.342223201566146,-75.49208207455428,0.08,-8.90011914984219,8.045895493158822,1.1614174253551803,0,0,0.0,0,0
hidden_no_signal,76,fixed,source_repair,-11.883998928187925,28.633307980044954,-75.49208207455428,0.08,-8.90011914984219,9.280540968591435,1.6848966400167034,0,0,4.291084778478808,2,0
hidden_no_signal,76,random,source_repair,-11.883998928187925,28.633307980044954,-75.49208207455428,0.08,-8.90011914984219,9.280540968591435,1.6848966400167034,0,0,4.291084778478808,2,0
hidden_no_signal,76,entropy,source_repair,-10.612069542665338,27.361378594522368,-75.49208207455428,0.08,-8.90011914984219,7.063214945439076,1.2184160342095025,0,0,3.019155392956221,2,0
hidden_no_signal,76,myopic,source_repair,-7.5929141497091175,24.342223201566146,-75.49208207455428,0.08,-8.90011914984219,8.045895493158822,1.1614174253551803,0,0,0.0,0,1
hidden_no_signal,76,sequential,source_repair,-10.612069542665338,27.361378594522368,-75.49208207455428,0.08,-8.90011914984219,7.063214945439076,1.2184160342095025,0,0,3.019155392956221,2,8
hidden_no_signal,77,stop,mechanism_repair,-5.518584506000834,18.463949380056626,-62.37543463058646,0.08,-6.59866440039362,2.7462583295706122,1.0214580825977577,0,0,0.0,0,0
hidden_no_signal,77,fixed,mechanism_repair,-8.215574401662227,21.160939275718018,-62.37543463058646,0.08,-6.59866440039362,4.182972202605005,1.2706018055067663,0,0,2.6969898956613934,2,0
hidden_no_signal,77,random,mechanism_repair,-8.21543954932167,21.160804423377463,-62.37543463058646,0.08,-6.59866440039362,7.975468219077304,1.6164438660843783,0,0,2.696855043320837,2,0
hidden_no_signal,77,entropy,mechanism_repair,-6.386620472291107,19.331985346346897,-62.37543463058646,0.08,-6.59866440039362,10.329511685865189,1.5649116345340435,0,0,0.8680359662902734,2,0
hidden_no_signal,77,myopic,mechanism_repair,-5.952535062975692,18.897899937031482,-62.37543463058646,0.08,-6.59866440039362,9.393704007178334,1.4521856770074861,0,0,0.4339505569748586,1,2
hidden_no_signal,77,sequential,mechanism_repair,-5.952535062975692,18.897899937031482,-62.37543463058646,0.08,-6.59866440039362,9.393704007178334,1.4521856770074861,0,0,0.4339505569748586,1,8
hidden_no_signal,78,stop,mechanism_repair,15.35127361988152,0.0,-0.8739901954149132,0.01,0.7192210983101885,4.73438047715136,0.5409908905734802,0,0,0.0,0,0
hidden_no_signal,78,fixed,mechanism_repair,13.144767316027131,2.206506303854388,-0.8739901954149132,0.01,0.7192210983101885,7.992303025869861,0.1756623439709322,0,0,2.2065063038543884,2,0
hidden_no_signal,78,random,general,-12.890603741737,28.24187736161852,-69.19089047034726,0.2,-12.381527768377929,3.5700908512280902,1.2604422463788387,0,0,4.005036755018718,2,0
hidden_no_signal,78,entropy,mechanism_repair,13.144767316027131,2.206506303854388,-0.8739901954149132,0.01,0.7192210983101885,7.992303025869862,0.17566234397093214,0,0,2.2065063038543884,2,0
hidden_no_signal,78,myopic,mechanism_repair,13.958991599563676,1.3922820203178432,-0.8739901954149132,0.01,0.7192210983101885,6.158070083588704,0.45212706640180783,0,0,1.3922820203178439,1,2
hidden_no_signal,78,sequential,mechanism_repair,13.958991599563676,1.3922820203178432,-0.8739901954149132,0.01,0.7192210983101885,6.158070083588704,0.45212706640180783,0,0,1.3922820203178439,1,8
hidden_no_signal,79,stop,source_repair,-7.778145348205588,24.9360583337423,-77.33373187645535,0.08,-9.11723996859263,4.084482579245625,0.8167068793732363,0,0,0.0,0,0
hidden_no_signal,79,fixed,source_repair,-8.931934212288583,26.089847197825293,-77.33373187645535,0.08,-9.11723996859263,11.561737561326648,1.4886238462993353,0,0,1.1537888640829954,2,0
hidden_no_signal,79,random,source_repair,-8.931934212288583,26.089847197825293,-77.33373187645535,0.08,-9.11723996859263,11.561737561326648,1.4886238462993353,0,0,1.1537888640829954,2,0
hidden_no_signal,79,entropy,source_repair,-8.931934212288583,26.089847197825293,-77.33373187645535,0.08,-9.11723996859263,11.561737561326648,1.4886238462993353,0,0,1.1537888640829954,2,0
hidden_no_signal,79,myopic,source_repair,-8.326742914953071,25.484655900489784,-77.33373187645535,0.08,-9.11723996859263,10.478191368023579,1.3529184685778368,0,0,0.5485975667474832,1,2
hidden_no_signal,79,sequential,source_repair,-8.326742914953071,25.484655900489784,-77.33373187645535,0.08,-9.11723996859263,10.478191368023579,1.3529184685778368,0,0,0.5485975667474832,1,8
hidden_no_signal,80,stop,mechanism_repair,-6.922926298933391,23.162562901116075,-78.24842336688545,0.08,-8.277859524602093,4.482388992293872,0.6948951317196056,0,0,0.0,0,0
hidden_no_signal,80,fixed,mechanism_repair,-12.1043322502948,28.343968852477484,-78.24842336688545,0.08,-8.277859524602093,5.156414882130759,1.0330570723089882,0,0,5.181405951361407,2,0
hidden_no_signal,80,random,mechanism_repair,-9.47755883796492,25.717195440147606,-78.24842336688545,0.08,-8.277859524602093,9.641125339010111,1.4080285376362576,0,0,2.5546325390315303,2,0
hidden_no_signal,80,entropy,mechanism_repair,-10.004262427362038,26.24389902954472,-78.24842336688545,0.08,-8.277859524602093,9.118548104415614,1.2485757248693825,0,0,3.0813361284286462,2,0
hidden_no_signal,80,myopic,mechanism_repair,-7.150207656982776,23.38984425916546,-78.24842336688545,0.08,-8.277859524602093,10.161414135924943,1.1544389465769649,0,0,0.22728135804938443,1,2
hidden_no_signal,80,sequential,mechanism_repair,-7.150207656982776,23.38984425916546,-78.24842336688545,0.08,-8.277859524602093,10.161414135924943,1.1544389465769649,0,0,0.22728135804938443,1,8
hidden_no_signal,81,stop,mechanism_repair,-0.12307103344405923,10.716076610845958,-10.913286821063547,0.01,-3.818167603836771,2.590621831087301,0.521618331159992,0,0,0.0,0,0
hidden_no_signal,81,fixed,mechanism_repair,-3.5102307108011033,14.103236288203002,-10.913286821063547,0.01,-3.818167603836771,2.636400532255286,0.800112059405554,0,0,3.387159677357044,2,0
hidden_no_signal,81,random,general,6.507115659690017,4.0858899177118815,-2.2538309739152993,0.01,2.7876330466847103,-0.3864322189969198,0.18822885599613987,0,0,4.0858899177118815,2,0
hidden_no_signal,81,entropy,mechanism_repair,-3.5102307108011033,14.103236288203002,-10.913286821063547,0.01,-3.818167603836771,2.636400532255286,0.800112059405554,0,0,3.387159677357044,2,0
hidden_no_signal,81,myopic,mechanism_repair,-0.12307103344405923,10.716076610845958,-10.913286821063547,0.01,-3.818167603836771,2.590621831087301,0.521618331159992,0,0,0.0,0,1
hidden_no_signal,81,sequential,source_repair,-2.051612456977802,12.6446180343797,-10.320173406875313,0.01,-3.0841897537788285,1.6146621500703464,0.7474005638064489,0,0,2.662519273591685,2,8
hidden_no_signal,82,stop,mechanism_repair,-0.19282320280327692,16.789557670593762,-17.098539429302626,0.01,-5.982165629137809,7.119835569321711,0.5287170851908021,0,0,0.0,0,0
hidden_no_signal,82,fixed,mechanism_repair,-4.554620850586199,21.151355318376687,-17.098539429302626,0.01,-5.982165629137809,10.64714190037186,1.5139975737193756,0,0,4.361797647782922,2,0
hidden_no_signal,82,random,mechanism_repair,-4.554620850586199,21.151355318376687,-17.098539429302626,0.01,-5.982165629137809,10.64714190037186,1.5139975737193756,0,0,4.361797647782922,2,0
hidden_no_signal,82,entropy,mechanism_repair,-4.554620850586199,21.151355318376687,-17.098539429302626,0.01,-5.982165629137809,10.64714190037186,1.5139975737193756,0,0,4.361797647782922,2,0
hidden_no_signal,82,myopic,mechanism_repair,-2.2759015120115693,18.872635979802055,-17.098539429302626,0.01,-5.982165629137809,9.642169825864908,1.4043801706635464,0,0,2.0830783092082923,1,2
hidden_no_signal,82,sequential,mechanism_repair,-2.2759015120115693,18.872635979802055,-17.098539429302626,0.01,-5.982165629137809,9.642169825864908,1.4043801706635464,0,0,2.0830783092082923,1,8
hidden_no_signal,83,stop,source_repair,13.709908859432032,0.0,-1.5993300133997912,0.01,1.5471779477454524,6.4407459985676425,0.32691041375627605,0,0,0.0,0,0
hidden_no_signal,83,fixed,mechanism_repair,-11.48454098848186,25.194449847913894,-66.05928316216537,0.08,-6.988376797681707,-0.6461559996764965,0.7046134343668615,0,0,5.640032830818702,2,0
hidden_no_signal,83,random,mechanism_repair,-11.503566828169227,25.21347568760126,-66.05928316216537,0.08,-6.988376797681707,2.2942093726431185,0.9309607305327576,0,0,5.659058670506069,2,0
hidden_no_signal,83,entropy,mechanism_repair,-11.333686564437595,25.043595423869625,-66.05928316216537,0.08,-6.988376797681707,4.937807195414962,1.43973306303615,0,0,5.489178406774437,2,0
hidden_no_signal,83,myopic,source_repair,13.709908859432032,0.0,-1.5993300133997912,0.01,1.5471779477454524,6.4407459985676425,0.32691041375627605,0,0,0.0,0,1
hidden_no_signal,83,sequential,source_repair,13.709908859432032,0.0,-1.5993300133997912,0.01,1.5471779477454524,6.4407459985676425,0.32691041375627605,0,0,0.0,0,7
hidden_no_signal,84,stop,source_repair,0.6700638890925716,10.948713838279595,-11.319525893408493,0.01,-3.3828468187197798,4.621612087526333,0.4612492229893892,0,0,0.0,0,0
hidden_no_signal,84,fixed,mechanism_repair,-3.3885200166480463,15.007297744020212,-11.970073358546912,0.01,-4.187899306828574,3.8390427371142066,0.872240624787666,0,0,3.2535314176318244,2,0
hidden_no_signal,84,random,general,10.075097547002505,1.5436801803696607,-2.472080367525993,0.01,3.05757308615057,7.682982535293458,0.01715593076205757,0,0,1.5436801803696607,2,0
hidden_no_signal,84,entropy,general,10.075097547002505,1.5436801803696607,-2.472080367525993,0.01,3.05757308615057,7.682982535293458,0.01715593076205757,0,0,1.5436801803696607,2,0
hidden_no_signal,84,myopic,general,10.075097547002505,1.5436801803696607,-2.472080367525993,0.01,3.05757308615057,7.682982535293458,0.01715593076205757,0,0,1.5436801803696607,2,2
hidden_no_signal,84,sequential,general,10.075097547002505,1.5436801803696607,-2.472080367525993,0.01,3.05757308615057,7.682982535293458,0.01715593076205757,0,0,1.5436801803696607,2,8
hidden_no_signal,85,stop,source_repair,0.926839436332071,15.14437642084345,-15.657287565221392,0.01,-4.6791893873075425,6.71882599260212,0.6099342619621295,0,0,0.0,0,0
hidden_no_signal,85,fixed,general,12.358888025929273,3.712327831246247,-3.419407629186282,0.01,4.229267330835664,10.787021391891336,0.004045634634905106,0,0,3.712327831246247,2,0
hidden_no_signal,85,random,general,13.108493282745616,2.962722574429904,-3.419407629186282,0.01,4.229267330835664,9.544849502390889,0.020026520779596938,0,0,2.962722574429904,2,0
hidden_no_signal,85,entropy,general,12.358888025929273,3.712327831246247,-3.419407629186282,0.01,4.229267330835664,10.787021391891336,0.004045634634905106,0,0,3.712327831246247,2,0
hidden_no_signal,85,myopic,general,14.981195289024525,1.0900205681509956,-3.419407629186282,0.01,4.229267330835664,12.009761510165836,0.013765814713530387,0,0,1.090020568150996,1,2
hidden_no_signal,85,sequential,general,14.981195289024525,1.0900205681509956,-3.419407629186282,0.01,4.229267330835664,12.009761510165836,0.013765814713530387,0,0,1.090020568150996,1,8
hidden_no_signal,86,stop,mechanism_repair,-0.18227035724720464,15.870697250910183,-16.162769028185824,0.01,-5.654773131464471,4.915640315895798,0.7260175393438106,0,0,0.0,0,0
hidden_no_signal,86,fixed,source_repair,-2.197300081599522,17.8857269752625,-15.284357667958334,0.01,-4.567739073182951,6.008770799706039,0.9514371636971488,0,0,3.102063782633837,2,0
hidden_no_signal,86,random,source_repair,-3.3126677425688333,19.001094636231812,-15.284357667958334,0.01,-4.567739073182951,9.142009186903133,1.3054491495052338,0,0,4.217431443603148,2,0
hidden_no_signal,86,entropy,source_repair,-3.3126677425688333,19.001094636231812,-15.284357667958334,0.01,-4.567739073182951,9.142009186903133,1.3054491495052338,0,0,4.217431443603148,2,0
hidden_no_signal,86,myopic,source_repair,-3.3126677425688333,19.001094636231812,-15.284357667958334,0.01,-4.567739073182951,9.142009186903133,1.3054491495052338,0,0,4.217431443603148,2,2
hidden_no_signal,86,sequential,source_repair,-3.3126677425688333,19.001094636231812,-15.284357667958334,0.01,-4.567739073182951,9.142009186903133,1.3054491495052338,0,0,4.217431443603148,2,8
hidden_no_signal,87,stop,source_repair,14.470881781928217,0.0,-1.6881013427216085,0.01,1.6330545598067727,4.7143326754869985,0.40351915000971855,0,0,0.0,0,0
hidden_no_signal,87,fixed,mechanism_repair,-10.10559379780069,24.576475579728907,-69.72592502545771,0.08,-7.376268910587895,0.41222095815171933,1.0359898143531123,0,0,3.9366843258115116,2,0
hidden_no_signal,87,random,mechanism_repair,-11.187295472994634,25.65817725492285,-69.72592502545771,0.08,-7.376268910587895,7.589574705775237,1.5751606133168858,0,0,5.018386001005456,2,0
hidden_no_signal,87,entropy,mechanism_repair,-10.922267498023999,25.393149279952215,-69.72592502545771,0.08,-7.376268910587895,9.741294059186828,1.8402722540343006,0,0,4.75335802603482,2,0
hidden_no_signal,87,myopic,mechanism_repair,-9.086439322603562,23.55732110453178,-69.72592502545771,0.08,-7.376268910587895,10.514615668098603,1.6558866918042856,0,0,2.917529850614382,1,2
hidden_no_signal,87,sequential,mechanism_repair,-9.086439322603562,23.55732110453178,-69.72592502545771,0.08,-7.376268910587895,10.514615668098603,1.6558866918042856,0,0,2.917529850614382,1,8
hidden_no_signal,88,stop,source_repair,0.5870433425424427,9.592174228144964,-9.917042874017966,0.01,-2.963713962350197,4.726695601781403,0.5361791173486412,0,0,0.0,0,0
hidden_no_signal,88,fixed,general,7.460302426431735,2.7189151442556714,-2.1657909724866817,0.01,2.6787414659703703,6.49858418315665,0.004067228097787506,0,0,2.7189151442556714,2,0
hidden_no_signal,88,random,general,7.460302426431735,2.7189151442556714,-2.1657909724866817,0.01,2.6787414659703703,6.498584183156648,0.004067228097787496,0,0,2.7189151442556714,2,0
hidden_no_signal,88,entropy,general,9.697900202769006,0.4813173679184004,-2.1657909724866817,0.01,2.6787414659703703,6.511162100323571,0.04012201485266431,0,0,0.48131736791840096,2,0
hidden_no_signal,88,myopic,general,9.697900202769006,0.4813173679184004,-2.1657909724866817,0.01,2.6787414659703703,6.511162100323571,0.04012201485266431,0,0,0.48131736791840096,2,2
hidden_no_signal,88,sequential,general,9.697900202769006,0.4813173679184004,-2.1657909724866817,0.01,2.6787414659703703,6.511162100323571,0.04012201485266431,0,0,0.48131736791840096,2,8
hidden_no_signal,89,stop,source_repair,-7.032411871194663,22.545301584968133,-69.91932263354191,0.08,-8.243120142059679,2.882217226813867,0.7158490805989338,0,0,0.0,0,0
hidden_no_signal,89,fixed,source_repair,-9.888230343269203,25.401120057042675,-69.91932263354191,0.08,-8.243120142059679,7.422299067541381,1.3263347853992746,0,0,2.855818472074541,2,0
hidden_no_signal,89,random,mechanism_repair,11.665041622439979,3.847848091333491,-0.8831914437921085,0.01,0.7267929589539226,5.618856942714661,0.14648085682023457,0,0,3.8478480913334905,2,0
hidden_no_signal,89,entropy,mechanism_repair,11.665041622439979,3.847848091333491,-0.8831914437921085,0.01,0.7267929589539226,5.618856942714661,0.14648085682023457,0,0,3.8478480913334905,2,0
hidden_no_signal,89,myopic,source_repair,-7.968721267741274,23.481610981514745,-69.91932263354191,0.08,-8.243120142059679,8.346730647487476,1.255590411174489,0,0,0.9363093965466112,1,2
hidden_no_signal,89,sequential,source_repair,-7.968721267741274,23.481610981514745,-69.91932263354191,0.08,-8.243120142059679,8.346730647487476,1.255590411174489,0,0,0.9363093965466112,1,8
hidden_no_signal,90,stop,mechanism_repair,-0.17693191103426875,15.405866518610367,-15.689383918219496,0.01,-5.489152661605326,7.2909240809741975,0.9600217489160077,0,0,0.0,0,0
hidden_no_signal,90,fixed,general,11.420000046055272,3.808934561520827,-3.2401988526757664,0.01,4.007614370414762,-0.7117667631538303,0.2589534877418334,0,0,3.8089345615208274,2,0
hidden_no_signal,90,random,general,11.420000046055272,3.808934561520827,-3.2401988526757664,0.01,4.007614370414762,-0.7117667631538303,0.2589534877418334,0,0,3.8089345615208274,2,0
hidden_no_signal,90,entropy,general,11.626398237359782,3.602536370216317,-3.2401988526757664,0.01,4.007614370414762,6.69482696964212,0.044311784708938165,0,0,3.6025363702163173,2,0
hidden_no_signal,90,myopic,general,11.626398237359782,3.602536370216317,-3.2401988526757664,0.01,4.007614370414762,6.69482696964212,0.044311784708938165,0,0,3.6025363702163173,2,2
hidden_no_signal,90,sequential,general,11.626398237359782,3.602536370216317,-3.2401988526757664,0.01,4.007614370414762,6.69482696964212,0.044311784708938165,0,0,3.6025363702163173,2,8
hidden_no_signal,91,stop,source_repair,-8.931342628889857,28.63310864253988,-88.7993249340174,0.08,-10.46897304485258,5.922746550311223,1.0848495927157138,0,0,0.0,0,0
hidden_no_signal,91,fixed,source_repair,-10.815698277545936,30.517464291195957,-88.7993249340174,0.08,-10.46897304485258,12.4869279845549,1.462958255779454,0,0,1.8843556486560797,2,0
hidden_no_signal,91,random,source_repair,-10.706471067847191,30.408237081497212,-88.7993249340174,0.08,-10.46897304485258,10.5305923215984,1.509586067239828,0,0,1.7751284389573347,2,0
hidden_no_signal,91,entropy,source_repair,-11.57185107788902,31.273617091539045,-88.7993249340174,0.08,-10.46897304485258,13.194583317638896,1.6781110153088883,0,0,2.6405084489991637,2,0
hidden_no_signal,91,myopic,source_repair,-11.57185107788902,31.273617091539045,-88.7993249340174,0.08,-10.46897304485258,13.194583317638896,1.6781110153088883,0,0,2.6405084489991637,2,2
hidden_no_signal,91,sequential,source_repair,-11.57185107788902,31.273617091539045,-88.7993249340174,0.08,-10.46897304485258,13.194583317638896,1.6781110153088883,0,0,2.6405084489991637,2,8
hidden_no_signal,92,stop,mechanism_repair,-0.1426543325005809,12.421239288936128,-12.64982996631658,0.01,-4.425721761313205,3.657471808800522,0.7966541461787788,0,0,0.0,0,0
hidden_no_signal,92,fixed,general,7.019210005734941,5.259374950700607,-2.612464884347989,0.01,3.2312065674830395,3.5381739454772987,0.05241340723611947,0,0,5.259374950700607,2,0
hidden_no_signal,92,random,mechanism_repair,-3.4638233280448034,15.742408284480351,-12.64982996631658,0.01,-4.425721761313205,7.578649081172813,1.1879391236261014,0,0,3.3211689955442227,2,0
hidden_no_signal,92,entropy,mechanism_repair,-3.4638233280448034,15.742408284480351,-12.64982996631658,0.01,-4.425721761313205,7.578649081172813,1.1879391236261014,0,0,3.3211689955442227,2,0
hidden_no_signal,92,myopic,general,7.019210005734941,5.259374950700607,-2.612464884347989,0.01,3.2312065674830395,3.5381739454773005,0.052413407236119466,0,0,5.259374950700607,2,2
hidden_no_signal,92,sequential,general,7.019210005734941,5.259374950700607,-2.612464884347989,0.01,3.2312065674830395,3.5381739454773005,0.052413407236119466,0,0,5.259374950700607,2,8
hidden_no_signal,93,stop,mechanism_repair,15.570171998132235,0.0,-0.8864526816633234,0.01,0.7294766859521092,5.220269114526631,0.44092052005696425,0,0,0.0,0,0
hidden_no_signal,93,fixed,source_repair,-10.449392082582648,26.019564080714883,-70.17750396501305,0.08,-8.273558362191013,0.8621535435367362,0.9479831928982934,0,0,3.391012604838441,2,0
hidden_no_signal,93,random,mechanism_repair,10.86386116949241,4.706310828639825,-0.8864526816633234,0.01,0.7294766859521092,2.5690396784035645,0.27262495341693616,0,0,4.7063108286398245,2,0
hidden_no_signal,93,entropy,mechanism_repair,13.088985609613873,2.4811863885183616,-0.8864526816633234,0.01,0.7294766859521092,5.40371047163851,0.3258431971137562,0,0,2.481186388518362,2,0
hidden_no_signal,93,myopic,mechanism_repair,13.671929691972363,1.8982423061598723,-0.8864526816633234,0.01,0.7294766859521092,8.726854164432336,0.10065459825578042,0,0,1.8982423061598728,1,2
hidden_no_signal,93,sequential,mechanism_repair,13.671929691972363,1.8982423061598723,-0.8864526816633234,0.01,0.7294766859521092,8.726854164432336,0.10065459825578042,0,0,1.8982423061598728,1,8
hidden_no_signal,94,stop,mechanism_repair,12.176995050538352,0.0,-0.6932697929377785,0.01,0.5705032671050466,5.222097233665601,0.35684943537087266,0,0,0.0,0,0
hidden_no_signal,94,fixed,source_repair,-6.49750422915667,18.67449927969502,-54.88385860757411,0.08,-6.470518067419263,4.047554135132538,0.7932787856796263,0,0,0.9773435028896104,2,0
hidden_no_signal,94,random,source_repair,-9.077892616159852,21.254887666698203,-54.88385860757411,0.08,-6.470518067419263,3.9590717955019117,1.353741698036497,0,0,3.5577318898927923,2,0
hidden_no_signal,94,entropy,source_repair,-6.49750422915667,18.67449927969502,-54.88385860757411,0.08,-6.470518067419263,4.047554135132538,0.7932787856796263,0,0,0.9773435028896104,2,0
hidden_no_signal,94,myopic,source_repair,-6.168043985102658,18.34503903564101,-54.88385860757411,0.08,-6.470518067419263,3.790764424874456,0.7899463578806294,0,0,0.6478832588355986,1,2
hidden_no_signal,94,sequential,source_repair,-6.168043985102658,18.34503903564101,-54.88385860757411,0.08,-6.470518067419263,3.790764424874456,0.7899463578806294,0,0,0.6478832588355986,1,8
hidden_no_signal,95,stop,mechanism_repair,-0.1638752130967982,14.268989940368211,-14.531585161354652,0.01,-5.0840804063163345,5.686953262891656,0.5078315541096866,0,0,0.0,0,0
hidden_no_signal,95,fixed,mechanism_repair,-5.478715961258455,19.58383068852987,-14.531585161354652,0.01,-5.0840804063163345,5.893466867642056,1.078881912763482,0,0,5.314840748161657,2,0
hidden_no_signal,95,random,mechanism_repair,-4.412323999314254,18.517438726585667,-14.531585161354652,0.01,-5.0840804063163345,6.351984805900796,0.8838304385260198,0,0,4.248448786217456,2,0
hidden_no_signal,95,entropy,mechanism_repair,-5.478715961258455,19.58383068852987,-14.531585161354652,0.01,-5.0840804063163345,5.893466867642056,1.078881912763482,0,0,5.314840748161657,2,0
hidden_no_signal,95,myopic,mechanism_repair,-0.1638752130967982,14.268989940368211,-14.531585161354652,0.01,-5.0840804063163345,5.686953262891656,0.5078315541096866,0,0,0.0,0,1
hidden_no_signal,95,sequential,mechanism_repair,-0.1638752130967982,14.268989940368211,-14.531585161354652,0.01,-5.0840804063163345,5.686953262891656,0.5078315541096866,0,0,0.0,0,7
hidden_no_signal,96,stop,source_repair,0.634951871664792,10.374990291377138,-10.72637142424018,0.01,-3.205582264715456,5.392957855997882,0.6780838892568672,0,0,0.0,0,0
hidden_no_signal,96,fixed,source_repair,-1.926707232786439,12.93664939582837,-10.72637142424018,0.01,-3.205582264715456,3.3370311513824604,0.5306422130577724,0,0,2.561659104451231,2,0
hidden_no_signal,96,random,mechanism_repair,-5.021782798064757,16.03172496110669,-11.342829552070075,0.01,-3.9684491979049517,0.5857246093330062,1.2588006334198198,0,0,4.893867736540054,2,0
hidden_no_signal,96,entropy,mechanism_repair,-3.2647268576286352,14.274669020670565,-11.342829552070075,0.01,-3.9684491979049517,3.341198804746379,0.7787751767906753,0,0,3.136811796103932,2,0
hidden_no_signal,96,myopic,source_repair,0.634951871664792,10.374990291377138,-10.72637142424018,0.01,-3.205582264715456,5.392957855997882,0.6780838892568672,0,0,0.0,0,1
hidden_no_signal,96,sequential,source_repair,-1.926707232786439,12.93664939582837,-10.72637142424018,0.01,-3.205582264715456,3.3370311513824604,0.5306422130577724,0,0,2.561659104451231,2,8
hidden_no_signal,97,stop,mechanism_repair,-7.824011718732081,26.17739316423492,-88.43320800470525,0.08,-9.355302531024083,4.497673958408811,1.0866793016237228,0,0,0.0,0,0
hidden_no_signal,97,fixed,mechanism_repair,-10.003336847194486,28.356718292697327,-88.43320800470525,0.08,-9.355302531024083,9.69770375484103,1.4210547249347583,0,0,2.1793251284624064,2,0
hidden_no_signal,97,random,source_repair,14.16703368479292,4.186347760709921,-2.141014509587602,0.01,2.0711988190575705,4.576649483611436,0.5003245664516189,0,0,4.18634776070992,2,0
hidden_no_signal,97,entropy,general,-22.36159238965109,40.71497383515393,-88.43320800470525,0.3,-25.133648590810967,10.719656654883195,1.8113050302010756,1,0,3.895342244458037,2,0
hidden_no_signal,97,myopic,general,-22.36159238965109,40.71497383515393,-88.43320800470525,0.3,-25.133648590810967,10.719656654883199,1.8113050302010758,1,0,3.895342244458037,2,2
hidden_no_signal,97,sequential,general,-22.36159238965109,40.71497383515393,-88.43320800470525,0.3,-25.133648590810967,10.719656654883199,1.8113050302010758,1,0,3.895342244458037,2,8
hidden_no_signal,98,stop,mechanism_repair,19.49399222357665,0.0,-1.1098465505060817,0.01,0.9133112238539647,7.749327186938346,0.4993154478408856,0,0,0.0,0,0
hidden_no_signal,98,fixed,general,-15.378947119143374,34.872939342720024,-87.86285191506497,0.2,-15.722826132169523,8.411380501683572,1.4967197243047858,1,0,4.095507188998189,2,0
hidden_no_signal,98,random,general,-15.378947119143374,34.872939342720024,-87.86285191506497,0.2,-15.722826132169523,8.411380501683572,1.4967197243047858,1,0,4.095507188998189,2,0
hidden_no_signal,98,entropy,general,-16.153941904789015,35.64793412836566,-87.86285191506497,0.2,-15.722826132169523,4.096634081481879,1.129369929939211,0,0,4.870501974643831,2,0
hidden_no_signal,98,myopic,general,-13.38664557226797,32.88063779584462,-87.86285191506497,0.2,-15.722826132169523,9.719930784132073,1.4703904162170751,1,0,2.103205642122784,1,2
hidden_no_signal,98,sequential,general,-13.38664557226797,32.88063779584462,-87.86285191506497,0.2,-15.722826132169523,9.719930784132073,1.4703904162170751,1,0,2.103205642122784,1,8
hidden_no_signal,99,stop,mechanism_repair,-7.562027542238094,25.300852709359074,-85.47205431441033,0.08,-9.042043640629727,6.7971460377730235,0.9174273754388907,0,0,0.0,0,0
hidden_no_signal,99,fixed,general,-22.587772104731084,40.326597271852066,-85.47205431441033,0.3,-24.29205754199031,6.890836876807609,1.6681018550085538,1,0,4.7398576051298695,2,0
hidden_no_signal,99,random,general,-22.587772104731084,40.326597271852066,-85.47205431441033,0.3,-24.29205754199031,6.890836876807609,1.6681018550085538,1,0,4.7398576051298695,2,0
hidden_no_signal,99,entropy,general,-20.79535833828316,38.534183505404144,-85.47205431441033,0.3,-24.29205754199031,10.355343997974234,1.707183143272222,1,0,2.94744383868195,2,0
hidden_no_signal,99,myopic,general,-20.79535833828316,38.534183505404144,-85.47205431441033,0.3,-24.29205754199031,10.355343997974234,1.707183143272222,1,0,2.94744383868195,2,2
hidden_no_signal,99,sequential,general,-20.79535833828316,38.534183505404144,-85.47205431441033,0.3,-24.29205754199031,10.355343997974234,1.707183143272222,1,0,2.94744383868195,2,8
hidden_no_signal,100,stop,source_repair,14.160841236986663,0.0,-1.6519335494868104,0.01,1.5980661511339798,5.2069360023907,0.43734087321604337,0,0,0.0,0,0
hidden_no_signal,100,fixed,source_repair,9.74513001520568,4.415711221780983,-1.6519335494868104,0.01,1.5980661511339798,7.219129842517967,0.028159809214954954,0,0,4.415711221780983,2,0
hidden_no_signal,100,random,source_repair,9.74513001520568,4.415711221780983,-1.6519335494868104,0.01,1.5980661511339798,7.219129842517967,0.02815980921495493,0,0,4.415711221780983,2,0
hidden_no_signal,100,entropy,mechanism_repair,-10.181646273225258,24.34248751021192,-68.23203791358564,0.08,-7.218231379279324,1.8860606124877277,0.687762003185041,0,0,4.144906497818022,2,0
hidden_no_signal,100,myopic,mechanism_repair,-8.651280085404352,22.812121322391015,-68.23203791358564,0.08,-7.218231379279324,8.362238193347894,1.367026510103502,0,0,2.614540309997116,1,2
hidden_no_signal,100,sequential,mechanism_repair,-8.651280085404352,22.812121322391015,-68.23203791358564,0.08,-7.218231379279324,8.362238193347894,1.367026510103502,0,0,2.614540309997116,1,8
hidden_no_signal,101,stop,source_repair,14.99753533562067,0.0,-1.7495381358994488,0.01,1.6924879792940337,4.948449231092938,0.43525066165943826,0,0,0.0,0,0
hidden_no_signal,101,fixed,mechanism_repair,-9.830574670774421,24.828110006395093,-72.26353170019469,0.08,-7.64472098512586,9.451964037707434,1.544393885321528,0,0,3.4371537871940374,2,0
hidden_no_signal,101,random,mechanism_repair,-9.41134385452747,24.40887919014814,-72.26353170019469,0.08,-7.64472098512586,7.703441341049156,1.4771581481970957,0,0,3.017922970947086,2,0
hidden_no_signal,101,entropy,mechanism_repair,-9.830574670774421,24.828110006395093,-72.26353170019469,0.08,-7.64472098512586,9.451964037707434,1.544393885321528,0,0,3.4371537871940374,2,0
hidden_no_signal,101,myopic,mechanism_repair,-9.830574670774421,24.828110006395093,-72.26353170019469,0.08,-7.64472098512586,9.451964037707434,1.544393885321528,0,0,3.4371537871940374,2,2
hidden_no_signal,101,sequential,mechanism_repair,-9.830574670774421,24.828110006395093,-72.26353170019469,0.08,-7.64472098512586,9.451964037707434,1.544393885321528,0,0,3.4371537871940374,2,8
hidden_no_signal,102,stop,source_repair,19.00232751300778,0.0,-2.216717341275236,0.01,2.144433080146697,5.668842823124643,0.4448913532749906,0,0,0.0,0,0
hidden_no_signal,102,fixed,mechanism_repair,-11.122796279295295,30.12512379230308,-91.5600640961511,0.08,-9.686090991224406,6.243987312093109,0.8322129768281461,0,0,3.022140082156876,2,0
hidden_no_signal,102,random,source_repair,15.755709632359778,3.246617880648003,-2.216717341275236,0.01,2.144433080146697,8.727942731554041,0.12811904662382934,0,0,3.246617880648002,2,0
hidden_no_signal,102,entropy,source_repair,16.619880524447474,2.3824469885603072,-2.216717341275236,0.01,2.144433080146697,3.4730101105965163,0.5271363000421349,0,0,2.3824469885603072,2,0
hidden_no_signal,102,myopic,source_repair,17.698865119482065,1.3034623935257166,-2.216717341275236,0.01,2.144433080146697,9.375914781199135,0.21126753546815158,0,0,1.3034623935257168,1,2
hidden_no_signal,102,sequential,source_repair,17.698865119482065,1.3034623935257166,-2.216717341275236,0.01,2.144433080146697,9.375914781199135,0.21126753546815158,0,0,1.3034623935257168,1,8
hidden_no_signal,103,stop,mechanism_repair,12.262644774025874,0.0,-0.6981460670777384,0.01,0.5745160343660562,3.612720051513044,0.4773579357421066,0,0,0.0,0,0
hidden_no_signal,103,fixed,general,-8.413614422089701,20.676259196115574,-55.26989697698769,0.2,-9.89040261693464,4.116786336724126,1.2065272943515493,0,0,1.315796073466018,2,0
hidden_no_signal,103,random,mechanism_repair,10.047028575049797,2.215616198976077,-0.6981460670777384,0.01,0.5745160343660562,3.667720307600866,0.3940655156507009,0,0,2.2156161989760768,2,0
hidden_no_signal,103,entropy,mechanism_repair,10.047028575049797,2.215616198976077,-0.6981460670777384,0.01,0.5745160343660562,3.667720307600866,0.3940655156507009,0,0,2.2156161989760768,2,0
hidden_no_signal,103,myopic,mechanism_repair,10.696548079183955,1.566096694841919,-0.6981460670777384,0.01,0.5745160343660562,7.705697013682205,0.057070156720576186,0,0,1.5660966948419184,1,2
hidden_no_signal,103,sequential,mechanism_repair,10.696548079183955,1.566096694841919,-0.6981460670777384,0.01,0.5745160343660562,7.705697013682205,0.057070156720576186,0,0,1.5660966948419184,1,8
hidden_no_signal,104,stop,source_repair,0.8925354450570077,14.583855864378098,-15.077783246594114,0.01,-4.506004188637322,6.329289974045962,1.0816774068245727,0,0,0.0,0,0
hidden_no_signal,104,fixed,mechanism_repair,-3.5882722958028275,19.064663605237932,-15.944322513639753,0.01,-5.578346531606299,4.437100065323904,0.548738266471834,0,0,3.4084653978908577,2,0
hidden_no_signal,104,random,mechanism_repair,-3.5882722958028275,19.064663605237932,-15.944322513639753,0.01,-5.578346531606299,4.437100065323904,0.548738266471834,0,0,3.4084653978908577,2,0
hidden_no_signal,104,entropy,mechanism_repair,-4.940917427038018,20.417308736473124,-15.944322513639753,0.01,-5.578346531606299,12.635272630763835,1.857707414706075,0,0,4.761110529126048,2,0
hidden_no_signal,104,myopic,mechanism_repair,-2.5255804570626603,18.001971766497764,-15.944322513639753,0.01,-5.578346531606299,13.080987877800684,1.7299897654566638,0,0,2.3457735591506905,1,2
hidden_no_signal,104,sequential,mechanism_repair,-2.5255804570626603,18.001971766497764,-15.944322513639753,0.01,-5.578346531606299,13.080987877800684,1.7299897654566638,0,0,2.3457735591506905,1,8
hidden_no_signal,105,stop,mechanism_repair,16.87612361969627,0.0,-0.9608040964837161,0.01,0.7906617043980582,4.7105787703111375,0.5397486577385536,0,0,0.0,0,0
hidden_no_signal,105,fixed,general,-14.286841161611896,31.162964781308165,-76.06365763829419,0.2,-13.611391366852647,7.1379185429278325,1.5968039218213965,1,0,4.518666180694114,2,0
hidden_no_signal,105,random,general,-13.528578656727598,30.40470227642387,-76.06365763829419,0.2,-13.611391366852647,5.310856546486338,1.3360161132084174,0,0,3.760403675809817,2,0
hidden_no_signal,105,entropy,general,-13.139830778596105,30.015954398292372,-76.06365763829419,0.2,-13.611391366852647,8.170945419008987,1.7933777114793854,1,0,3.371655797678324,2,0
hidden_no_signal,105,myopic,general,-13.139830778596105,30.015954398292372,-76.06365763829419,0.2,-13.611391366852647,8.170945419008987,1.7933777114793854,1,0,3.371655797678324,2,2
hidden_no_signal,105,sequential,general,-14.286841161611896,31.162964781308165,-76.06365763829419,0.2,-13.611391366852647,7.1379185429278325,1.5968039218213965,1,0,4.518666180694114,2,8
hidden_no_signal,106,stop,source_repair,0.6938590728396942,11.337522520283546,-11.721502783893865,0.01,-3.502977843462534,3.2218629138244457,0.7094281823926749,0,0,0.0,0,0
hidden_no_signal,106,fixed,source_repair,-1.1156835030763923,13.147065096199633,-11.721502783893865,0.01,-3.502977843462534,3.623686125411256,0.6530657157682791,0,0,1.8095425759160866,2,0
hidden_no_signal,106,random,source_repair,-1.1156835030763923,13.147065096199633,-11.721502783893865,0.01,-3.502977843462534,3.623686125411256,0.6530657157682791,0,0,1.8095425759160866,2,0
hidden_no_signal,106,entropy,source_repair,-1.1156835030763923,13.147065096199633,-11.721502783893865,0.01,-3.502977843462534,3.623686125411256,0.6530657157682791,0,0,1.8095425759160866,2,0
hidden_no_signal,106,myopic,source_repair,-0.33957743377347815,12.370959026896719,-11.721502783893865,0.01,-3.502977843462534,5.560344396457928,1.0120646084524412,0,0,1.0334365066131723,1,2
hidden_no_signal,106,sequential,source_repair,-0.33957743377347815,12.370959026896719,-11.721502783893865,0.01,-3.502977843462534,5.560344396457928,1.0120646084524412,0,0,1.0334365066131723,1,8
hidden_no_signal,107,stop,source_repair,17.522451971187845,0.0,-2.0440823956752463,0.01,1.9774275349467045,5.903387925644523,0.5372061949712211,0,0,0.0,0,0
hidden_no_signal,107,fixed,general,-20.81199043549025,38.33444240667809,-84.42949025615142,0.3,-23.995749862274614,5.735162699913931,1.4346115677774636,0,0,3.181779772791262,2,0
hidden_no_signal,107,random,mechanism_repair,-8.190066214790434,25.71251818597828,-84.42949025615142,0.08,-8.93175133762444,8.662051001789138,1.2233380502836122,0,0,0.7202781558119844,2,0
hidden_no_signal,107,entropy,mechanism_repair,-8.190066214790434,25.71251818597828,-84.42949025615142,0.08,-8.93175133762444,8.662051001789138,1.223338050283612,0,0,0.7202781558119844,2,0
hidden_no_signal,107,myopic,mechanism_repair,-8.190066214790434,25.71251818597828,-84.42949025615142,0.08,-8.93175133762444,8.662051001789138,1.223338050283612,0,0,0.7202781558119844,2,2
hidden_no_signal,107,sequential,mechanism_repair,-8.190066214790434,25.71251818597828,-84.42949025615142,0.08,-8.93175133762444,8.662051001789138,1.223338050283612,0,0,0.7202781558119844,2,8
hidden_no_signal,108,stop,mechanism_repair,16.38915708373888,0.0,-0.9330797533145141,0.01,0.7678468803317351,4.6558723739239545,0.5650310515057486,0,0,0.0,0,0
hidden_no_signal,108,fixed,mechanism_repair,11.155191555180567,5.233965528558313,-0.9330797533145141,0.01,0.7678468803317351,8.65639747514257,0.029901515184903214,0,0,5.233965528558313,2,0
hidden_no_signal,108,random,mechanism_repair,11.115687359088222,5.273469724650658,-0.9330797533145141,0.01,0.7678468803317351,6.3296450579896515,0.15462733389098782,0,0,5.273469724650658,2,0
hidden_no_signal,108,entropy,mechanism_repair,11.155191555180567,5.233965528558313,-0.9330797533145141,0.01,0.7678468803317351,8.65639747514257,0.02990151518490322,0,0,5.233965528558313,2,0
hidden_no_signal,108,myopic,mechanism_repair,11.155191555180567,5.233965528558313,-0.9330797533145141,0.01,0.7678468803317351,8.65639747514257,0.02990151518490322,0,0,5.233965528558313,2,2
hidden_no_signal,108,sequential,mechanism_repair,11.155191555180567,5.233965528558313,-0.9330797533145141,0.01,0.7678468803317351,8.65639747514257,0.02990151518490322,0,0,5.233965528558313,2,8
hidden_no_signal,109,stop,source_repair,-6.033544871236169,19.343020750198,-59.988148902923704,0.08,-7.072287028555216,3.262009972750623,0.6848523367848367,0,0,0.0,0,0
hidden_no_signal,109,fixed,source_repair,-8.16203329512598,21.471509174087814,-59.988148902923704,0.08,-7.072287028555216,4.449808029679868,0.9835917643055666,0,0,2.1284884238898107,2,0
hidden_no_signal,109,random,source_repair,-8.16203329512598,21.471509174087814,-59.988148902923704,0.08,-7.072287028555216,4.449808029679868,0.9835917643055666,0,0,2.1284884238898107,2,0
hidden_no_signal,109,entropy,source_repair,-8.037729297169214,21.347205176131048,-59.988148902923704,0.08,-7.072287028555216,6.544369920687573,1.4177132041531408,0,0,2.004184425933045,2,0
hidden_no_signal,109,myopic,source_repair,-7.4253693848979525,20.734845263859786,-59.988148902923704,0.08,-7.072287028555216,4.930875664148309,1.2100946256323617,0,0,1.3918245136617842,1,2
hidden_no_signal,109,sequential,source_repair,-7.4253693848979525,20.734845263859786,-59.988148902923704,0.08,-7.072287028555216,4.930875664148309,1.2100946256323617,0,0,1.3918245136617842,1,8
hidden_no_signal,110,stop,source_repair,17.85271023370827,0.0,-2.0826086876322325,0.01,2.014697534774661,5.197310549302917,0.508374316073523,0,0,0.0,0,0
hidden_no_signal,110,fixed,source_repair,14.42343451721436,3.4292757164939083,-2.0826086876322325,0.01,2.014697534774661,11.324958758173008,0.026698495205990862,0,0,3.429275716493909,2,0
hidden_no_signal,110,random,source_repair,12.72191972677846,5.130790506929809,-2.0826086876322325,0.01,2.014697534774661,10.243175276748563,0.027339320388207702,0,0,5.13079050692981,2,0
hidden_no_signal,110,entropy,source_repair,14.42343451721436,3.4292757164939083,-2.0826086876322325,0.01,2.014697534774661,11.324958758173008,0.026698495205990862,0,0,3.429275716493909,2,0
hidden_no_signal,110,myopic,source_repair,15.51304897159779,2.3396612621104786,-2.0826086876322325,0.01,2.014697534774661,11.48177753636575,0.051584111236510674,0,0,2.339661262110479,1,2
hidden_no_signal,110,sequential,source_repair,15.51304897159779,2.3396612621104786,-2.0826086876322325,0.01,2.014697534774661,11.48177753636575,0.051584111236510674,0,0,2.339661262110479,1,8
hidden_no_signal,111,stop,mechanism_repair,-0.12004690113157251,10.45275848768524,-10.645122799137038,0.01,-3.7243466314915588,4.542919086112685,0.6196596392508442,0,0,0.0,0,0
hidden_no_signal,111,fixed,mechanism_repair,-2.989326113196718,13.322037699750386,-10.645122799137038,0.01,-3.7243466314915588,0.5240737815518748,1.3446163089753158,0,0,2.8692792120651456,2,0
hidden_no_signal,111,random,source_repair,-2.1834928785057883,12.516204465059456,-10.066583516575244,0.01,-3.0084042693213373,1.4109680850756345,0.6345631481893219,0,0,2.7793883395444374,2,0
hidden_no_signal,111,entropy,mechanism_repair,-2.989326113196718,13.322037699750386,-10.645122799137038,0.01,-3.7243466314915588,0.5240737815518748,1.3446163089753158,0,0,2.8692792120651456,2,0
hidden_no_signal,111,myopic,mechanism_repair,-0.12004690113157251,10.45275848768524,-10.645122799137038,0.01,-3.7243466314915588,4.542919086112685,0.6196596392508442,0,0,0.0,0,1
hidden_no_signal,111,sequential,mechanism_repair,-0.12004690113157251,10.45275848768524,-10.645122799137038,0.01,-3.7243466314915588,4.542919086112685,0.6196596392508442,0,0,0.0,0,7
hidden_no_signal,112,stop,mechanism_repair,19.855690277427886,0.0,-1.1304390147272425,0.01,0.9302571058692937,4.082355122495953,0.6294426584165363,0,0,0.0,0,0
hidden_no_signal,112,fixed,mechanism_repair,18.195166378209866,1.6605238992180205,-1.1304390147272425,0.01,0.9302571058692937,8.941418346054384,0.21240869476750962,0,0,1.6605238992180216,2,0
hidden_no_signal,112,random,mechanism_repair,17.5646560695169,2.291034207910986,-1.1304390147272425,0.01,0.9302571058692937,13.765384275547543,0.036542167076103645,0,0,2.291034207910985,2,0
hidden_no_signal,112,entropy,mechanism_repair,17.5646560695169,2.291034207910986,-1.1304390147272425,0.01,0.9302571058692937,13.765384275547543,0.03654216707610363,0,0,2.291034207910985,2,0
hidden_no_signal,112,myopic,mechanism_repair,18.731808646869514,1.1238816305583725,-1.1304390147272425,0.01,0.9302571058692937,13.558357715262153,0.06771264495380333,0,0,1.123881630558373,1,2
hidden_no_signal,112,sequential,mechanism_repair,18.731808646869514,1.1238816305583725,-1.1304390147272425,0.01,0.9302571058692937,13.558357715262153,0.06771264495380333,0,0,1.123881630558373,1,8
hidden_no_signal,113,stop,mechanism_repair,-8.068653075186178,26.995908422436564,-91.19833933880867,0.08,-9.647824319526602,6.027013366818144,0.8937673537074118,0,0,0.0,0,0
hidden_no_signal,113,fixed,source_repair,16.897531923506072,2.029723423744315,-2.2079597945185236,0.01,2.135961105566835,7.798565845153978,0.21028874783939042,0,0,2.029723423744316,2,0
hidden_no_signal,113,random,source_repair,16.897531923506072,2.029723423744315,-2.2079597945185236,0.01,2.135961105566835,7.798565845153978,0.21028874783939042,0,0,2.029723423744316,2,0
hidden_no_signal,113,entropy,source_repair,16.897531923506072,2.029723423744315,-2.2079597945185236,0.01,2.135961105566835,7.798565845153978,0.21028874783939042,0,0,2.029723423744316,2,0
hidden_no_signal,113,myopic,source_repair,17.867043551410777,1.06021179583961,-2.2079597945185236,0.01,2.135961105566835,7.825654246418503,0.28330429108318594,0,0,1.0602117958396093,1,2
hidden_no_signal,113,sequential,source_repair,17.867043551410777,1.06021179583961,-2.2079597945185236,0.01,2.135961105566835,7.825654246418503,0.28330429108318594,0,0,1.0602117958396093,1,8
hidden_no_signal,114,stop,source_repair,0.7891600479927804,12.89472194924126,-13.331441587450858,0.01,-3.984108980157728,3.21636865057985,0.6507298509871682,0,0,0.0,0,0
hidden_no_signal,114,fixed,mechanism_repair,-3.7490393421579644,17.432921339392006,-14.097616391327344,0.01,-4.932250299954879,5.280623169625328,0.8550534498282766,0,0,3.590058070353593,2,0
hidden_no_signal,114,random,general,10.135741345848533,3.5481406513855074,-2.911464254730649,0.01,3.6010215782194845,0.7703853791654591,0.23395692497293663,0,0,3.5481406513855065,2,0
hidden_no_signal,114,entropy,mechanism_repair,-3.7490393421579644,17.432921339392006,-14.097616391327344,0.01,-4.932250299954879,5.2806231696253265,0.8550534498282767,0,0,3.590058070353593,2,0
hidden_no_signal,114,myopic,mechanism_repair,-0.8309186301155626,14.514800627349603,-14.097616391327344,0.01,-4.932250299954879,5.851940633029647,0.4683546719331653,0,0,0.6719373583111914,1,2
hidden_no_signal,114,sequential,mechanism_repair,-0.8309186301155626,14.514800627349603,-14.097616391327344,0.01,-4.932250299954879,5.851940633029647,0.4683546719331653,0,0,0.6719373583111914,1,8
hidden_no_signal,115,stop,mechanism_repair,12.218488794594254,0.0,-0.6956321458196246,0.01,0.5724472866640649,4.0795023794576135,0.5396316398746449,0,0,0.0,0,0
hidden_no_signal,115,fixed,mechanism_repair,9.050308370927072,3.1681804236671827,-0.6956321458196246,0.01,0.5724472866640649,3.756727035123752,0.2386524352994493,0,0,3.168180423667182,2,0
hidden_no_signal,115,random,mechanism_repair,8.565779073551543,3.6527097210427115,-0.6956321458196246,0.01,0.5724472866640649,7.168076198305118,0.019838805257826293,0,0,3.6527097210427124,2,0
hidden_no_signal,115,entropy,mechanism_repair,9.877115897725945,2.341372896868309,-0.6956321458196246,0.01,0.5724472866640649,8.602236178206532,0.011248709161248961,0,0,2.3413728968683096,2,0
hidden_no_signal,115,myopic,mechanism_repair,10.805537697472335,1.412951097121919,-0.6956321458196246,0.01,0.5724472866640649,9.012780249255488,0.026181819789563316,0,0,1.41295109712192,1,2
hidden_no_signal,115,sequential,mechanism_repair,10.805537697472335,1.412951097121919,-0.6956321458196246,0.01,0.5724472866640649,9.012780249255488,0.026181819789563316,0,0,1.41295109712192,1,8
hidden_no_signal,116,stop,source_repair,0.7390729232170269,12.076308056060745,-12.485309576675993,0.01,-3.7312419424548944,4.369245785891845,0.5011622070619117,0,0,0.0,0,0
hidden_no_signal,116,fixed,source_repair,-2.165054594039,14.980435573316772,-12.485309576675993,0.01,-3.7312419424548944,10.19624526187108,1.8858568202900206,0,0,2.904127517256027,2,0
hidden_no_signal,116,random,source_repair,-2.1896230149479186,15.005003994225689,-12.485309576675993,0.01,-3.7312419424548944,9.78881973636379,1.6178160499369765,0,0,2.9286959381649456,2,0
hidden_no_signal,116,entropy,source_repair,-2.165054594039,14.980435573316772,-12.485309576675993,0.01,-3.7312419424548944,10.196245261871079,1.8858568202900203,0,0,2.904127517256027,2,0
hidden_no_signal,116,myopic,source_repair,0.02355204623512186,12.79182893304265,-12.485309576675993,0.01,-3.7312419424548944,11.29924519819097,1.5691589250880953,0,0,0.715520876981905,1,2
hidden_no_signal,116,sequential,source_repair,0.02355204623512186,12.79182893304265,-12.485309576675993,0.01,-3.7312419424548944,11.29924519819097,1.5691589250880953,0,0,0.715520876981905,1,8
hidden_no_signal,117,stop,mechanism_repair,-0.17263105016872948,15.03138071770368,-15.308006376407787,0.01,-5.3557223395720195,4.598044741267516,0.3803024074818391,0,0,0.0,0,0
hidden_no_signal,117,fixed,mechanism_repair,-3.922310702426641,18.781060369961594,-15.308006376407787,0.01,-5.3557223395720195,8.644699289631898,1.3270854217581227,0,0,3.7496796522579112,2,0
hidden_no_signal,117,random,mechanism_repair,-3.922310702426641,18.781060369961594,-15.308006376407787,0.01,-5.3557223395720195,8.644699289631898,1.3270854217581227,0,0,3.7496796522579112,2,0
hidden_no_signal,117,entropy,mechanism_repair,-3.2612019246944026,18.119951592229356,-15.308006376407787,0.01,-5.3557223395720195,12.53313201865096,1.7974125208078733,0,0,3.088570874525673,2,0
hidden_no_signal,117,myopic,mechanism_repair,-0.7457798639137668,15.604529531448717,-15.308006376407787,0.01,-5.3557223395720195,12.755205769780405,1.313336700640227,0,0,0.5731488137450373,1,2
hidden_no_signal,117,sequential,mechanism_repair,-0.7457798639137668,15.604529531448717,-15.308006376407787,0.01,-5.3557223395720195,12.755205769780405,1.313336700640227,0,0,0.5731488137450373,1,8
hidden_no_signal,118,stop,source_repair,-8.503185913924193,27.260475406413697,-84.54240312117197,0.08,-9.967104367969752,4.1591263390760345,0.6252774387070612,0,0,0.0,0,0
hidden_no_signal,118,fixed,source_repair,-11.07970907532274,29.83699856781224,-84.54240312117197,0.08,-9.967104367969752,12.240947716561626,1.616280181934188,0,0,2.576523161398546,2,0
hidden_no_signal,118,random,source_repair,-11.07970907532274,29.83699856781224,-84.54240312117197,0.08,-9.967104367969752,12.240947716561626,1.616280181934188,0,0,2.576523161398546,2,0
hidden_no_signal,118,entropy,source_repair,-11.641430003886349,30.39871949637585,-84.54240312117197,0.08,-9.967104367969752,13.205927624201808,1.8583372208309923,0,0,3.1382440899621558,2,0
hidden_no_signal,118,myopic,source_repair,-11.641430003886349,30.39871949637585,-84.54240312117197,0.08,-9.967104367969752,13.205927624201808,1.8583372208309923,0,0,3.1382440899621558,2,2
hidden_no_signal,118,sequential,source_repair,-11.641430003886349,30.39871949637585,-84.54240312117197,0.08,-9.967104367969752,13.205927624201808,1.8583372208309923,0,0,3.1382440899621558,2,8
hidden_no_signal,119,stop,mechanism_repair,-5.009611736595024,16.761040338812943,-56.622619271448805,0.08,-5.990077091348005,5.050159917439386,1.1021025946667629,0,0,0.0,0,0
hidden_no_signal,119,fixed,mechanism_repair,-6.61083707133396,18.36226567355188,-56.622619271448805,0.08,-5.990077091348005,6.8541688016831195,1.39075397861158,0,0,1.6012253347389365,2,0
hidden_no_signal,119,random,mechanism_repair,-9.191541991266703,20.942970593484624,-56.622619271448805,0.08,-5.990077091348005,5.92566562451767,1.551052115242561,0,0,4.181930254671681,2,0
hidden_no_signal,119,entropy,mechanism_repair,-6.61083707133396,18.36226567355188,-56.622619271448805,0.08,-5.990077091348005,6.8541688016831195,1.39075397861158,0,0,1.6012253347389365,2,0
hidden_no_signal,119,myopic,mechanism_repair,-5.009611736595024,16.761040338812943,-56.622619271448805,0.08,-5.990077091348005,5.050159917439386,1.1021025946667629,0,0,0.0,0,1
hidden_no_signal,119,sequential,mechanism_repair,-5.009611736595024,16.761040338812943,-56.622619271448805,0.08,-5.990077091348005,5.050159917439386,1.1021025946667629,0,0,0.0,0,7
reversed,0,stop,mechanism_repair,-0.1884601903550822,16.409660189110568,-16.71165061461931,0.01,-5.846807110413686,4.74689363109968,1.1347921649891242,0,0,0.0,0,0
reversed,0,fixed,source_repair,-4.42400900098948,20.645208999744966,-15.80340873339,0.01,-4.722857782392414,8.286316189901386,1.5307640100373752,0,0,5.35949813865567,2,0
reversed,0,random,mechanism_repair,-3.548169302643247,19.769369301398733,-16.71165061461931,0.01,-5.846807110413686,13.284055984818306,1.7265882221701887,0,0,3.359709112288165,2,0
reversed,0,entropy,mechanism_repair,-3.3568390540805435,19.578039052836026,-16.71165061461931,0.01,-5.846807110413686,6.960357666332063,1.514057196917977,0,0,3.1683788637254615,2,0
reversed,0,myopic,mechanism_repair,-0.7727551090340605,16.993955107789546,-16.71165061461931,0.01,-5.846807110413686,16.43132208337064,1.8037172911081352,0,0,0.5842949186789783,1,2
reversed,0,sequential,mechanism_repair,-0.7727551090340605,16.993955107789546,-16.71165061461931,0.01,-5.846807110413686,16.43132208337064,1.8037172911081352,0,0,0.5842949186789783,1,8
reversed,1,stop,source_repair,18.350316118724976,0.0,-2.1406569237592077,0.01,2.0708528936366233,9.047050237938336,0.39411963104072106,0,0,0.0,0,0
reversed,1,fixed,general,-23.203185630480956,41.553501749205935,-88.41843815527153,0.3,-25.129450844129806,10.118832126106657,1.855189393666347,1,0,4.7400196630578035,2,0
reversed,1,random,general,-23.016103352293904,41.36641947101888,-88.41843815527153,0.3,-25.129450844129806,0.10244792941045233,1.1413156491202945,0,0,4.55293738487075,2,0
reversed,1,entropy,mechanism_repair,-12.844004180907856,31.19432029963283,-88.41843815527153,0.08,-9.353740036426096,7.335107333754127,1.4641466861287067,0,0,5.0212992051704095,2,0
reversed,1,myopic,mechanism_repair,-12.844004180907856,31.19432029963283,-88.41843815527153,0.08,-9.353740036426096,7.335107333754127,1.4641466861287067,0,0,5.0212992051704095,2,2
reversed,1,sequential,mechanism_repair,-12.844004180907856,31.19432029963283,-88.41843815527153,0.08,-9.353740036426096,7.335107333754127,1.4641466861287067,0,0,5.0212992051704095,2,8
reversed,2,stop,mechanism_repair,21.397461311206825,0.0,-1.2182162767618654,0.01,1.0024904777519508,6.715657034057106,0.5010511701221808,0,0,0.0,0,0
reversed,2,fixed,source_repair,-12.996531895054217,34.393993206261044,-96.44212191031426,0.08,-11.370018583110735,5.154881610618412,1.2103711865867655,0,0,3.2964847913378708,2,0
reversed,2,random,source_repair,-11.463388918799438,32.860850230006264,-96.44212191031426,0.08,-11.370018583110735,14.139814036699217,1.5782277632826534,0,0,1.7633418150830922,2,0
reversed,2,entropy,source_repair,-11.463388918799438,32.860850230006264,-96.44212191031426,0.08,-11.370018583110735,14.139814036699217,1.5782277632826534,0,0,1.7633418150830922,2,0
reversed,2,myopic,source_repair,-11.141090451715977,32.5385517629228,-96.44212191031426,0.08,-11.370018583110735,11.456782183897865,1.2294650693665228,0,0,1.4410433479996307,1,2
reversed,2,sequential,source_repair,-11.141090451715977,32.5385517629228,-96.44212191031426,0.08,-11.370018583110735,11.456782183897865,1.2294650693665228,0,0,1.4410433479996307,1,8
reversed,3,stop,mechanism_repair,18.124995011742335,0.0,-1.0319057769702678,0.01,0.849172462298449,4.37205277862518,0.5533003452073044,0,0,0.0,0,0
reversed,3,fixed,source_repair,-13.289961588972577,31.414956600714913,-81.69254067681281,0.08,-9.631120585055827,7.5626488497857185,1.5017044969339162,0,0,5.073411839846825,2,0
reversed,3,random,source_repair,-13.027080914091517,31.152075925833852,-81.69254067681281,0.08,-9.631120585055827,11.0125825200597,1.8422862701731209,0,0,4.810531164965765,2,0
reversed,3,entropy,source_repair,-13.289961588972577,31.414956600714913,-81.69254067681281,0.08,-9.631120585055827,7.5626488497857185,1.5017044969339162,0,0,5.073411839846825,2,0
reversed,3,myopic,source_repair,-10.613957161651966,28.738952173394303,-81.69254067681281,0.08,-9.631120585055827,12.335108402408302,1.6789213922847517,0,0,2.397407412526214,1,2
reversed,3,sequential,source_repair,-10.613957161651966,28.738952173394303,-81.69254067681281,0.08,-9.631120585055827,12.335108402408302,1.6789213922847517,0,0,2.397407412526214,1,8
reversed,4,stop,mechanism_repair,-0.1952022675371453,16.99670828302351,-17.30950227799267,0.01,-6.055973962748795,10.392080772767262,0.8433078970882854,0,0,0.0,0,0
reversed,4,fixed,mechanism_repair,-3.3839843983751248,20.185490413861487,-17.30950227799267,0.01,-6.055973962748795,14.25434596607089,1.6775427654365467,0,0,3.1887821308379793,2,0
reversed,4,random,mechanism_repair,-3.3839843983751248,20.185490413861487,-17.30950227799267,0.01,-6.055973962748795,14.25434596607089,1.6775427654365467,0,0,3.1887821308379793,2,0
reversed,4,entropy,mechanism_repair,-1.3644046300364847,18.16591064552285,-17.30950227799267,0.01,-6.055973962748795,14.881530088731823,1.3580407151964125,0,0,1.1692023624993395,2,0
reversed,4,myopic,mechanism_repair,-0.1952022675371453,16.99670828302351,-17.30950227799267,0.01,-6.055973962748795,10.392080772767262,0.8433078970882854,0,0,0.0,0,1
reversed,4,sequential,mechanism_repair,-0.6929046695954373,17.494410685081803,-17.30950227799267,0.01,-6.055973962748795,11.946762548492234,0.8614497212002827,0,0,0.497702402058292,1,8
reversed,5,stop,mechanism_repair,18.777438985139746,0.0,-1.0690512054165668,0.01,0.8797400544573837,5.675044764603586,0.6491467344045807,0,0,0.0,0,0
reversed,5,fixed,source_repair,-10.715778744465851,29.493217729605597,-84.63322042881157,0.08,-9.977811250554632,7.5981270672228955,1.0369206837345613,0,0,2.203458521336433,2,0
reversed,5,random,source_repair,-10.715778744465851,29.493217729605597,-84.63322042881157,0.08,-9.977811250554632,7.5981270672228955,1.0369206837345613,0,0,2.203458521336433,2,0
reversed,5,entropy,source_repair,-10.049612689138279,28.827051674278025,-84.63322042881157,0.08,-9.977811250554632,9.942525533273646,1.4434398541487206,0,0,1.5372924660088598,2,0
reversed,5,myopic,source_repair,-10.049612689138279,28.827051674278025,-84.63322042881157,0.08,-9.977811250554632,9.942525533273646,1.4434398541487206,0,0,1.5372924660088598,2,2
reversed,5,sequential,source_repair,-10.049612689138279,28.827051674278025,-84.63322042881157,0.08,-9.977811250554632,9.942525533273646,1.4434398541487206,0,0,1.5372924660088598,2,8
reversed,6,stop,mechanism_repair,-8.642309928338065,28.91523593959272,-97.6822656980507,0.08,-10.333755476477997,8.649972897799897,0.8183032855809799,0,0,0.0,0,0
reversed,6,fixed,mechanism_repair,-11.484401008746392,31.757327020001046,-97.6822656980507,0.08,-10.333755476477997,5.2376696660598165,1.452345880919491,0,0,2.842091080408328,2,0
reversed,6,random,mechanism_repair,-12.879262947125966,33.15218895838062,-97.6822656980507,0.08,-10.333755476477997,11.88465428041005,1.502546082210543,0,0,4.236953018787902,2,0
reversed,6,entropy,mechanism_repair,-11.183868530961059,31.45679454221571,-97.6822656980507,0.08,-10.333755476477997,17.72438936750501,1.8682508590093723,0,0,2.5415586026229935,2,0
reversed,6,myopic,mechanism_repair,-9.215658260459774,29.48858427171443,-97.6822656980507,0.08,-10.333755476477997,13.943736961861786,1.4677904682654461,0,0,0.5733483321217097,1,2
reversed,6,sequential,mechanism_repair,-9.215658260459774,29.48858427171443,-97.6822656980507,0.08,-10.333755476477997,13.943736961861786,1.4677904682654461,0,0,0.5733483321217097,1,8
reversed,7,stop,source_repair,0.7771407314456856,12.698328650709602,-13.128396822480514,0.01,-3.923428935453947,4.050830167326877,0.34818526966293595,0,0,0.0,0,0
reversed,7,fixed,source_repair,-2.5146214357129644,15.990090817868252,-13.128396822480514,0.01,-3.923428935453947,6.083607360268292,1.1395471422772563,0,0,3.29176216715865,2,0
reversed,7,random,source_repair,-2.948074509067124,16.423543891222412,-13.128396822480514,0.01,-3.923428935453947,4.992332662623131,0.7294122031062079,0,0,3.7252152405128096,2,0
reversed,7,entropy,source_repair,-0.7011037701496964,14.176573152304984,-13.128396822480514,0.01,-3.923428935453947,6.132090384737713,0.679041040811019,0,0,1.478244501595382,2,0
reversed,7,myopic,source_repair,-0.7011037701496964,14.176573152304984,-13.128396822480514,0.01,-3.923428935453947,6.132090384737713,0.679041040811019,0,0,1.478244501595382,2,2
reversed,7,sequential,source_repair,-0.7011037701496964,14.176573152304984,-13.128396822480514,0.01,-3.923428935453947,6.132090384737713,0.679041040811019,0,0,1.478244501595382,2,8
reversed,8,stop,source_repair,0.931018640353401,15.21266380305606,-15.727887710824447,0.01,-4.700288281395812,7.0600119154814465,0.7857736135269551,0,0,0.0,0,0
reversed,8,fixed,source_repair,-2.7893785609672377,18.933061004376697,-15.727887710824447,0.01,-4.700288281395812,8.217633574561379,1.434328447853586,0,0,3.7203972013206386,2,0
reversed,8,random,source_repair,-2.7893785609672377,18.933061004376697,-15.727887710824447,0.01,-4.700288281395812,8.217633574561379,1.434328447853586,0,0,3.7203972013206386,2,0
reversed,8,entropy,mechanism_repair,-2.2677413127782144,18.411423756187673,-16.631789303400566,0.01,-5.818866502208758,4.692047760889661,1.183383445615895,0,0,2.0801817323186698,2,0
reversed,8,myopic,mechanism_repair,-0.8823881710915499,17.02607061450101,-16.631789303400566,0.01,-5.818866502208758,9.373429191896559,1.18151625560814,0,0,0.6948285906320052,1,2
reversed,8,sequential,mechanism_repair,-0.8823881710915499,17.02607061450101,-16.631789303400566,0.01,-5.818866502208758,9.373429191896559,1.18151625560814,0,0,0.6948285906320052,1,8
reversed,9,stop,source_repair,1.020158335630176,16.669189115199863,-17.23374275724763,0.01,-5.150313927453315,6.519942297768354,0.909337465329647,0,0,0.0,0,0
reversed,9,fixed,source_repair,-0.22980884019804626,17.919156291028084,-17.23374275724763,0.01,-5.150313927453315,11.908878947930063,1.2265354107335271,0,0,1.2499671758282223,2,0
reversed,9,random,source_repair,-0.22980884019804626,17.919156291028084,-17.23374275724763,0.01,-5.150313927453315,11.908878947930063,1.2265354107335273,0,0,1.2499671758282223,2,0
reversed,9,entropy,source_repair,-0.22980884019804626,17.919156291028084,-17.23374275724763,0.01,-5.150313927453315,11.908878947930063,1.2265354107335273,0,0,1.2499671758282223,2,0
reversed,9,myopic,source_repair,0.2945505747335677,17.39479687609647,-17.23374275724763,0.01,-5.150313927453315,13.508168512562396,1.4533830771050862,0,0,0.7256077608966083,1,2
reversed,9,sequential,source_repair,0.2945505747335677,17.39479687609647,-17.23374275724763,0.01,-5.150313927453315,13.508168512562396,1.4533830771050862,0,0,0.7256077608966083,1,8
reversed,10,stop,source_repair,1.0111532190049992,16.52204725811081,-17.08161748610387,0.01,-5.104851202743686,5.689367586682161,0.794894609389513,0,0,0.0,0,0
reversed,10,fixed,source_repair,-2.0473457208540613,19.58054619796987,-17.08161748610387,0.01,-5.104851202743686,13.862232350599065,1.798263553482489,0,0,3.0584989398590605,2,0
reversed,10,random,mechanism_repair,-2.0925687309723813,19.62576920808819,-18.063319640477655,0.01,-6.319707618781245,13.56150441786529,1.6330367366117913,0,0,1.8888655339398206,2,0
reversed,10,entropy,source_repair,-1.0435748511059346,18.576775328221743,-17.08161748610387,0.01,-5.104851202743686,6.434966414897837,1.40011334529319,0,0,2.054728070110934,2,0
reversed,10,myopic,mechanism_repair,-0.6462505291284077,18.179451006244218,-18.063319640477655,0.01,-6.319707618781245,13.863196262365753,1.4029524290958582,0,0,0.44254733209584685,1,2
reversed,10,sequential,source_repair,-0.6010275190100876,18.134227996125897,-17.08161748610387,0.01,-5.104851202743686,14.536993863556184,1.6280743970774092,0,0,1.6121807380150868,1,8
reversed,11,stop,mechanism_repair,15.702976444810375,0.0,-0.8940136037847202,0.01,0.7356986947811766,5.6276395215942285,0.43990849953326666,0,0,0.0,0,0
reversed,11,fixed,source_repair,-9.05451439423992,24.757490839050295,-70.77607696629039,0.08,-8.344126968657395,3.0827839748419157,1.2067666903139203,0,0,1.935931074104082,2,0
reversed,11,random,source_repair,-11.511824652992537,27.214801097802912,-70.77607696629039,0.08,-8.344126968657395,7.2046808205574,1.580896692330897,0,0,4.393241332856698,2,0
reversed,11,entropy,source_repair,-9.05451439423992,24.757490839050295,-70.77607696629039,0.08,-8.344126968657395,3.0827839748419157,1.2067666903139203,0,0,1.935931074104082,2,0
reversed,11,myopic,general,-9.426121666910012,25.12909811172039,-70.77607696629039,0.2,-12.665192720283546,7.134647696538764,1.2980154273081985,0,0,0.33698336176535026,1,2
reversed,11,sequential,general,-9.426121666910012,25.12909811172039,-70.77607696629039,0.2,-12.665192720283546,7.134647696538764,1.2980154273081985,0,0,0.33698336176535026,1,8
reversed,12,stop,source_repair,0.867953973702377,14.18219939554467,-14.66252343924404,0.01,-4.381903556555692,5.191413114254245,0.45263722185527233,0,0,0.0,0,0
reversed,12,fixed,source_repair,-3.689623989375311,18.73977735862236,-14.66252343924404,0.01,-4.381903556555692,9.058554872007822,1.725013810838756,0,0,4.557577963077688,2,0
reversed,12,random,mechanism_repair,-5.559505563115816,20.609658932362862,-15.505197200120136,0.01,-5.4247123356398586,7.173410338372796,1.6187826139357517,0,0,5.384650757734026,2,0
reversed,12,entropy,mechanism_repair,-5.559505563115816,20.609658932362862,-15.505197200120136,0.01,-5.4247123356398586,7.173410338372794,1.6187826139357515,0,0,5.384650757734026,2,0
reversed,12,myopic,mechanism_repair,-5.559505563115816,20.609658932362862,-15.505197200120136,0.01,-5.4247123356398586,7.173410338372794,1.6187826139357515,0,0,5.384650757734026,2,2
reversed,12,sequential,mechanism_repair,-5.559505563115816,20.609658932362862,-15.505197200120136,0.01,-5.4247123356398586,7.173410338372794,1.6187826139357515,0,0,5.384650757734026,2,8
reversed,13,stop,source_repair,17.67512583896659,0.0,-2.0618925723513937,0.01,1.994656944992109,7.460455706503612,0.48003545895500715,0,0,0.0,0,0
reversed,13,fixed,source_repair,13.538445399981367,4.136680438985223,-2.0618925723513937,0.01,1.994656944992109,2.0562432511881363,0.8677985174317283,0,0,4.136680438985224,2,0
reversed,13,random,source_repair,13.872551711247802,3.8025741277187883,-2.0618925723513937,0.01,1.994656944992109,10.315934430185767,0.08643185749279778,0,0,3.802574127718789,2,0
reversed,13,entropy,source_repair,13.538445399981367,4.136680438985223,-2.0618925723513937,0.01,1.994656944992109,2.0562432511881363,0.8677985174317283,0,0,4.136680438985224,2,0
reversed,13,myopic,general,-20.051144111925048,37.726269950891634,-85.16512798842712,0.3,-24.20482584934245,8.6710233850437,1.4800358413287171,0,0,2.267320675394282,1,2
reversed,13,sequential,general,-20.051144111925048,37.726269950891634,-85.16512798842712,0.3,-24.20482584934245,8.6710233850437,1.4800358413287171,0,0,2.267320675394282,1,8
reversed,14,stop,mechanism_repair,20.149036073023264,0.0,-1.1471399970408225,0.01,0.9440006225648429,10.459244659994543,0.25581937291153306,0,0,0.0,0,0
reversed,14,fixed,mechanism_repair,17.025508625810797,3.1235274472124672,-1.1471399970408225,0.01,0.9440006225648429,5.006227109484028,0.34759978262457686,0,0,3.1235274472124686,2,0
reversed,14,random,source_repair,-11.019798606070221,31.168834679093486,-90.8152497657317,0.08,-10.706639972381003,8.624273174365115,1.2988237591105192,0,0,1.88569637963268,2,0
reversed,14,entropy,source_repair,-11.764850312151722,31.913886385174987,-90.8152497657317,0.08,-10.706639972381003,7.009362523871813,1.0429378842229422,0,0,2.630748085714181,2,0
reversed,14,myopic,source_repair,-11.764850312151722,31.913886385174987,-90.8152497657317,0.08,-10.706639972381003,7.009362523871813,1.0429378842229422,0,0,2.630748085714181,2,2
reversed,14,sequential,source_repair,-11.764850312151722,31.913886385174987,-90.8152497657317,0.08,-10.706639972381003,7.009362523871813,1.0429378842229422,0,0,2.630748085714181,2,8
reversed,15,stop,source_repair,-9.086882576363754,29.131756203083484,-90.34577129822675,0.08,-10.65129093200147,5.014280449133911,0.9250171422967627,0,0,0.0,0,0
reversed,15,fixed,source_repair,-12.66412689313613,32.70900051985586,-90.34577129822675,0.08,-10.65129093200147,13.789290897415231,1.8176116482417,0,0,3.5772443167723758,2,0
reversed,15,random,source_repair,-11.642262663368063,31.687136290087793,-90.34577129822675,0.08,-10.65129093200147,14.532110945047467,1.8130346615441622,0,0,2.5553800870043095,2,0
reversed,15,entropy,source_repair,-12.66412689313613,32.70900051985586,-90.34577129822675,0.08,-10.65129093200147,13.789290897415231,1.8176116482417,0,0,3.5772443167723758,2,0
reversed,15,myopic,source_repair,-9.878280032307467,29.9231536590272,-90.34577129822675,0.08,-10.65129093200147,15.754189060788878,1.7387390078904037,0,0,0.7913974559437136,1,2
reversed,15,sequential,source_repair,-9.878280032307467,29.9231536590272,-90.34577129822675,0.08,-10.65129093200147,15.754189060788878,1.7387390078904037,0,0,0.7913974559437136,1,8
reversed,16,stop,mechanism_repair,-0.15641528660910564,13.619437064144655,-13.870078427024307,0.01,-4.852642927933097,6.629145703165365,0.5586294405392391,0,0,0.0,0,0
reversed,16,fixed,mechanism_repair,-3.587557102834413,17.05057888036996,-13.870078427024307,0.01,-4.852642927933097,8.359348876300508,1.2965357067189538,0,0,3.431141816225307,2,0
reversed,16,random,mechanism_repair,-4.4525302043935895,17.91555198192914,-13.870078427024307,0.01,-4.852642927933097,9.389285995012033,1.5237357204489155,0,0,4.296114917784484,2,0
reversed,16,entropy,mechanism_repair,-4.43821074672965,17.9012325242652,-13.870078427024307,0.01,-4.852642927933097,10.36627552575175,1.816605840479621,0,0,4.281795460120545,2,0
reversed,16,myopic,mechanism_repair,-1.8648264658897897,15.32784824342534,-13.870078427024307,0.01,-4.852642927933097,8.20785410536459,1.2309557078697166,0,0,1.708411179280684,1,2
reversed,16,sequential,mechanism_repair,-1.8648264658897897,15.32784824342534,-13.870078427024307,0.01,-4.852642927933097,8.20785410536459,1.2309557078697166,0,0,1.708411179280684,1,8
reversed,17,stop,mechanism_repair,-0.1192390037197138,10.382413010630945,-10.573482739483016,0.01,-3.6992823443164085,2.817224974503761,0.5505271119500055,0,0,0.0,0,0
reversed,17,fixed,source_repair,-2.564784041099574,12.827958048010803,-9.998836938424155,0.01,-2.9881581655060696,2.8672822587680997,0.8049519306153636,0,0,3.156669216190199,2,0
reversed,17,random,source_repair,-0.9615710100463313,11.224745016957561,-9.998836938424155,0.01,-2.9881581655060696,3.726875826180199,1.1696060645986746,0,0,1.5534561851369566,2,0
reversed,17,entropy,source_repair,-0.9615710100463313,11.224745016957561,-9.998836938424155,0.01,-2.9881581655060696,3.726875826180199,1.1696060645986746,0,0,1.5534561851369566,2,0
reversed,17,myopic,source_repair,0.1422821376045742,10.120891869306655,-9.998836938424155,0.01,-2.9881581655060696,6.807923868191362,1.2120589889674946,0,0,0.4496030374860511,1,2
reversed,17,sequential,source_repair,0.1422821376045742,10.120891869306655,-9.998836938424155,0.01,-2.9881581655060696,6.807923868191362,1.2120589889674946,0,0,0.4496030374860511,1,8
reversed,18,stop,mechanism_repair,-7.914846770987465,26.481306931425486,-89.45989806589044,0.08,-9.463915532233674,5.46839968411761,0.7699402807342081,0,0,0.0,0,0
reversed,18,fixed,mechanism_repair,-10.33502054904065,28.901480709478673,-89.45989806589044,0.08,-9.463915532233674,11.344660498078467,1.4968148830616577,0,0,2.4201737780531842,2,0
reversed,18,random,mechanism_repair,-10.163508079304314,28.729968239742337,-89.45989806589044,0.08,-9.463915532233674,13.602779768432914,1.6588621530609717,0,0,2.2486613083168487,2,0
reversed,18,entropy,mechanism_repair,-10.163508079304314,28.729968239742337,-89.45989806589044,0.08,-9.463915532233674,13.602779768432914,1.6588621530609717,0,0,2.2486613083168487,2,0
reversed,18,myopic,mechanism_repair,-10.163508079304314,28.729968239742337,-89.45989806589044,0.08,-9.463915532233674,13.602779768432914,1.6588621530609717,0,0,2.2486613083168487,2,2
reversed,18,sequential,mechanism_repair,-10.163508079304314,28.729968239742337,-89.45989806589044,0.08,-9.463915532233674,13.602779768432914,1.6588621530609717,0,0,2.2486613083168487,2,8
reversed,19,stop,mechanism_repair,20.760132893456994,0.0,-1.1819314184390195,0.01,0.9726310630904418,3.993077652173243,0.713919557214556,0,0,0.0,0,0
reversed,19,fixed,general,-16.24440827218159,37.004541165638585,-93.56957062642223,0.2,-16.744028427886086,11.545376830720722,1.7878513552705575,1,0,4.228105518051578,2,0
reversed,19,random,general,-16.24440827218159,37.004541165638585,-93.56957062642223,0.2,-16.744028427886086,11.545376830720722,1.7878513552705575,1,0,4.228105518051578,2,0
reversed,19,entropy,general,-13.699837929018216,34.45997082247521,-93.56957062642223,0.2,-16.744028427886086,13.706646532264642,1.849397160923042,1,0,1.6835351748882035,2,0
reversed,19,myopic,general,-13.291201423324154,34.05133431678115,-93.56957062642223,0.2,-16.744028427886086,13.21703403847716,1.7301556085560943,1,0,1.2748986691941409,1,2
reversed,19,sequential,general,-13.291201423324154,34.05133431678115,-93.56957062642223,0.2,-16.744028427886086,13.21703403847716,1.7301556085560943,1,0,1.2748986691941409,1,8
reversed,20,stop,source_repair,1.0367965371864578,16.94105409791077,-17.514815288392594,0.01,-5.234312614921924,4.35881263107438,0.46402313763076236,0,0,0.0,0,0
reversed,20,fixed,mechanism_repair,-3.905181411789647,21.883032046886875,-18.52141386818527,0.01,-6.479978357415363,3.623711959491626,0.6463280229747047,0,0,3.6963122064826663,2,0
reversed,20,random,mechanism_repair,-4.584661211279098,22.562511846376324,-18.52141386818527,0.01,-6.479978357415363,6.798699731578689,1.1664774648929295,0,0,4.375792005972117,2,0
reversed,20,entropy,mechanism_repair,-4.584661211279098,22.562511846376324,-18.52141386818527,0.01,-6.479978357415363,6.798699731578689,1.1664774648929295,0,0,4.375792005972117,2,0
reversed,20,myopic,mechanism_repair,-3.004808559488375,20.9826591945856,-18.52141386818527,0.01,-6.479978357415363,6.619287291765058,0.8337871913973242,0,0,2.795939354181394,1,2
reversed,20,sequential,mechanism_repair,-3.905181411789647,21.883032046886875,-18.52141386818527,0.01,-6.479978357415363,3.6237119594916276,0.6463280229747047,0,0,3.6963122064826663,2,8
reversed,21,stop,source_repair,-6.510019902094135,20.870558309879495,-64.72547260062196,0.08,-7.630792559231221,3.4650508423073996,1.227641947820984,0,0,0.0,0,0
reversed,21,fixed,general,-12.026815324499207,26.387353732284566,-64.72547260062196,0.2,-11.582452991690245,1.0094147020647544,1.5220869886726973,0,0,3.714702001050914,2,0
reversed,21,random,source_repair,-10.565172181791095,24.925710589576454,-64.72547260062196,0.08,-7.630792559231221,4.952251829528297,1.5008537121285312,0,0,4.055152279696959,2,0
reversed,21,entropy,general,-12.026815324499207,26.387353732284566,-64.72547260062196,0.2,-11.582452991690245,1.0094147020647544,1.5220869886726973,0,0,3.714702001050914,2,0
reversed,21,myopic,general,-9.931284279658573,24.291822687443933,-64.72547260062196,0.2,-11.582452991690245,7.958255241156917,1.7420192799761027,1,0,1.6191709562102803,1,2
reversed,21,sequential,general,-9.931284279658573,24.291822687443933,-64.72547260062196,0.2,-11.582452991690245,7.958255241156917,1.7420192799761027,1,0,1.6191709562102803,1,8
reversed,22,stop,source_repair,19.144624857638107,0.0,-2.2333170441928663,0.01,2.160491488403971,4.526423271129456,0.625732911728391,0,0,0.0,0,0
reversed,22,fixed,source_repair,16.509532036072017,2.63509282156609,-2.2333170441928663,0.01,2.160491488403971,3.338227535695581,0.7690459196126823,0,0,2.63509282156609,2,0
reversed,22,random,source_repair,16.509532036072017,2.63509282156609,-2.2333170441928663,0.01,2.160491488403971,3.338227535695581,0.7690459196126823,0,0,2.63509282156609,2,0
reversed,22,entropy,mechanism_repair,-10.098200995020974,29.24282585265908,-92.24570399927065,0.08,-9.758624475712319,12.111348593070346,1.4527507556753771,0,0,1.936883709611816,2,0
reversed,22,myopic,mechanism_repair,-9.564781558668798,28.709406416306905,-92.24570399927065,0.08,-9.758624475712319,15.740035967629897,1.623275908985716,0,0,1.4034642732596398,1,2
reversed,22,sequential,mechanism_repair,-9.564781558668798,28.709406416306905,-92.24570399927065,0.08,-9.758624475712319,15.740035967629897,1.623275908985716,0,0,1.4034642732596398,1,8
reversed,23,stop,mechanism_repair,-6.501982683451058,21.754179718857593,-73.49058357261755,0.08,-7.774530156892699,5.232555084635724,0.8954836263197212,0,0,0.0,0,0
reversed,23,fixed,mechanism_repair,-10.889218040116903,26.14141507552344,-73.49058357261755,0.08,-7.774530156892699,5.319920798731649,1.1282377331889815,0,0,4.387235356665845,2,0
reversed,23,random,mechanism_repair,-11.89351268734135,27.145709722747885,-73.49058357261755,0.08,-7.774530156892699,9.830277078095548,1.826671404674459,0,0,5.39153000389029,2,0
reversed,23,entropy,mechanism_repair,-11.89351268734135,27.145709722747885,-73.49058357261755,0.08,-7.774530156892699,9.830277078095548,1.8266714046744592,0,0,5.39153000389029,2,0
reversed,23,myopic,mechanism_repair,-9.260760781100096,24.51295781650663,-73.49058357261755,0.08,-7.774530156892699,11.809081318806456,1.757783056829881,0,0,2.7587780976490377,1,2
reversed,23,sequential,mechanism_repair,-9.260760781100096,24.51295781650663,-73.49058357261755,0.08,-7.774530156892699,11.809081318806456,1.757783056829881,0,0,2.7587780976490377,1,8
reversed,24,stop,source_repair,0.7172456724617307,11.71965501702032,-12.1165773794506,0.01,-3.62104611339903,4.681294364828526,0.6831965954381032,0,0,0.0,0,0
reversed,24,fixed,mechanism_repair,-2.9988340402562503,15.435734729738302,-12.812932401258108,0.01,-4.482785452885818,2.5597700780515678,0.8738839393671644,0,0,2.8543403732311927,2,0
reversed,24,random,mechanism_repair,-3.276016235559577,15.712916925041629,-12.812932401258108,0.01,-4.482785452885818,3.2986437176352412,1.267598249180254,0,0,3.1315225685345194,2,0
reversed,24,entropy,mechanism_repair,-2.8823382909640825,15.319238980446134,-12.812932401258108,0.01,-4.482785452885818,5.597663009048296,0.9099672006872267,0,0,2.737844623939025,2,0
reversed,24,myopic,mechanism_repair,-2.9988340402562503,15.435734729738302,-12.812932401258108,0.01,-4.482785452885818,2.5597700780515678,0.8738839393671645,0,0,2.8543403732311927,2,2
reversed,24,sequential,mechanism_repair,-2.9988340402562503,15.435734729738302,-12.812932401258108,0.01,-4.482785452885818,2.5597700780515678,0.8738839393671645,0,0,2.8543403732311927,2,8
reversed,25,stop,mechanism_repair,17.42787085952335,0.0,-0.9922165831539775,0.01,0.8165115632204627,5.781638910171469,0.4588008735937061,0,0,0.0,0,0
reversed,25,fixed,mechanism_repair,13.925225058993423,3.502645800529926,-0.9922165831539775,0.01,0.8165115632204627,2.3972166864792728,0.709522184535622,0,0,3.502645800529926,2,0
reversed,25,random,mechanism_repair,15.666323704692449,1.7615471548309003,-0.9922165831539775,0.01,0.8165115632204627,2.554875296607346,0.7618061032396873,0,0,1.7615471548308996,2,0
reversed,25,entropy,mechanism_repair,15.666323704692449,1.7615471548309003,-0.9922165831539775,0.01,0.8165115632204627,2.554875296607346,0.7618061032396873,0,0,1.7615471548308996,2,0
reversed,25,myopic,mechanism_repair,16.393399282440832,1.0344715770825168,-0.9922165831539775,0.01,0.8165115632204627,7.8791356050889005,0.3212456815594475,0,0,1.034471577082518,1,2
reversed,25,sequential,mechanism_repair,15.666323704692449,1.7615471548309003,-0.9922165831539775,0.01,0.8165115632204627,2.554875296607346,0.7618061032396873,0,0,1.7615471548308996,2,8
reversed,26,stop,source_repair,16.891784683720722,0.0,-1.9705118758667428,0.01,1.9062560538276097,6.596866734251232,0.4177559987039966,0,0,0.0,0,0
reversed,26,fixed,general,-18.248869515395278,35.140654199116,-81.390707916235,0.3,-23.132095934087847,8.29975436618548,1.5006418927075127,0,0,1.253204586044626,2,0
reversed,26,random,general,-20.1614647913885,37.053249475109226,-81.390707916235,0.3,-23.132095934087847,-0.4124239401379355,1.0103148253974865,0,0,3.165799862037847,2,0
reversed,26,entropy,general,-18.248869515395278,35.140654199116,-81.390707916235,0.3,-23.132095934087847,8.29975436618548,1.5006418927075127,0,0,1.253204586044626,2,0
reversed,26,myopic,general,-18.248869515395278,35.140654199116,-81.390707916235,0.3,-23.132095934087847,8.29975436618548,1.5006418927075127,0,0,1.253204586044626,2,2
reversed,26,sequential,general,-18.248869515395278,35.140654199116,-81.390707916235,0.3,-23.132095934087847,8.29975436618548,1.5006418927075127,0,0,1.253204586044626,2,8
reversed,27,stop,source_repair,-8.984556842947491,28.80370879032852,-89.32840398534918,0.08,-10.531348680378013,6.2001368515330775,0.9553267983493641,0,0,0.0,0,0
reversed,27,fixed,source_repair,-12.628459019693725,32.44761096707475,-89.32840398534918,0.08,-10.531348680378013,2.636013484092089,1.4437977635021575,0,0,3.6439021767462347,2,0
reversed,27,random,source_repair,-13.61896861871612,33.438120566097155,-89.32840398534918,0.08,-10.531348680378013,9.79393642839625,1.5708983896961093,0,0,4.634411775768631,2,0
reversed,27,entropy,source_repair,-12.628459019693725,32.44761096707475,-89.32840398534918,0.08,-10.531348680378013,2.636013484092089,1.4437977635021575,0,0,3.6439021767462347,2,0
reversed,27,myopic,general,-12.889793906444165,32.7089458538252,-89.32840398534918,0.2,-15.985082818430914,10.521377101030051,1.643570240635,1,0,1.4181462367466904,1,2
reversed,27,sequential,general,-12.889793906444165,32.7089458538252,-89.32840398534918,0.2,-15.985082818430914,10.521377101030051,1.643570240635,1,0,1.4181462367466904,1,8
reversed,28,stop,mechanism_repair,13.333003254685257,0.0,-0.7590845169314342,0.01,0.6246633003914931,3.3895181349676324,0.6189329701435803,0,0,0.0,0,0
reversed,28,fixed,mechanism_repair,10.773518959475728,2.559484295209529,-0.7590845169314342,0.01,0.6246633003914931,5.430776768533052,0.1761297584283752,0,0,2.5594842952095296,2,0
reversed,28,random,mechanism_repair,9.638346411360574,3.694656843324683,-0.7590845169314342,0.01,0.6246633003914931,6.347153173382608,0.05853823159499085,0,0,3.6946568433246836,2,0
reversed,28,entropy,mechanism_repair,10.773518959475728,2.559484295209529,-0.7590845169314342,0.01,0.6246633003914931,5.430776768533052,0.1761297584283752,0,0,2.5594842952095296,2,0
reversed,28,myopic,mechanism_repair,10.773518959475728,2.559484295209529,-0.7590845169314342,0.01,0.6246633003914931,5.430776768533052,0.1761297584283752,0,0,2.5594842952095296,2,2
reversed,28,sequential,mechanism_repair,10.773518959475728,2.559484295209529,-0.7590845169314342,0.01,0.6246633003914931,5.430776768533052,0.1761297584283752,0,0,2.5594842952095296,2,8
reversed,29,stop,source_repair,0.8015527591117585,13.097216442573686,-13.540794183053011,0.01,-4.046674123671014,7.976706102956101,0.7424455797385932,0,0,0.0,0,0
reversed,29,fixed,general,10.772665055499164,3.1261041461862806,-2.9571849365288183,0.01,3.6575708425488016,3.6810975880945502,0.10456974114540513,0,0,3.1261041461862815,2,0
reversed,29,random,source_repair,-1.4822800925288417,15.381049294214286,-13.540794183053011,0.01,-4.046674123671014,3.7604239563236304,0.2787635338851757,0,0,2.2838328516406,2,0
reversed,29,entropy,source_repair,-0.6866159790985781,14.585385180784023,-13.540794183053011,0.01,-4.046674123671014,4.574737615844594,0.3123097770324378,0,0,1.4881687382103366,2,0
reversed,29,myopic,source_repair,0.8015527591117585,13.097216442573686,-13.540794183053011,0.01,-4.046674123671014,7.976706102956101,0.7424455797385932,0,0,0.0,0,1
reversed,29,sequential,source_repair,0.47860403727943085,13.420165164406015,-13.540794183053011,0.01,-4.046674123671014,9.080038195830493,0.7503554048579021,0,0,0.32294872183232765,1,8
reversed,30,stop,mechanism_repair,17.213098257546505,0.0,-0.9799889886872637,0.01,0.8064492719405608,3.446143026648193,0.7105658188110869,0,0,0.0,0,0
reversed,30,fixed,source_repair,-10.592076073551077,27.805174331097582,-77.5824616044084,0.08,-9.146563894414463,4.032256302386002,1.3150570410803215,0,0,2.788913751128738,2,0
reversed,30,random,source_repair,-9.845133183839078,27.058231441385583,-77.5824616044084,0.08,-9.146563894414463,10.475727569785715,1.5543179574144153,0,0,2.041970861416739,2,0
reversed,30,entropy,source_repair,-10.592076073551077,27.805174331097582,-77.5824616044084,0.08,-9.146563894414463,4.032256302386002,1.3150570410803215,0,0,2.788913751128738,2,0
reversed,30,myopic,source_repair,-8.954823944439843,26.16792220198635,-77.5824616044084,0.08,-9.146563894414463,10.06334476184872,1.3614229142142922,0,0,1.1516616220175036,1,2
reversed,30,sequential,source_repair,-8.954823944439843,26.16792220198635,-77.5824616044084,0.08,-9.146563894414463,10.06334476184872,1.3614229142142922,0,0,1.1516616220175036,1,8
reversed,31,stop,mechanism_repair,21.49303651497178,0.0,-1.2236576357711404,0.01,1.0069682627699983,4.120986039030578,0.6945592362524703,0,0,0.0,0,0
reversed,31,fixed,source_repair,-11.163828318473366,32.65686483344515,-96.87289616521501,0.08,-11.420804600530614,9.859051326457969,1.3387971071357785,0,0,1.4204543936456862,2,0
reversed,31,random,source_repair,-11.163828318473366,32.65686483344515,-96.87289616521501,0.08,-11.420804600530614,9.859051326457969,1.3387971071357785,0,0,1.4204543936456862,2,0
reversed,31,entropy,source_repair,-10.617349582286554,32.110386097258335,-96.87289616521501,0.08,-11.420804600530614,16.65499379767498,1.7438925047709124,0,0,0.8739756574588753,2,0
reversed,31,myopic,source_repair,-10.27378223592392,31.766818750895702,-96.87289616521501,0.08,-11.420804600530614,14.9799366975848,1.4952901881254028,0,0,0.5304083110962404,1,2
reversed,31,sequential,source_repair,-10.27378223592392,31.766818750895702,-96.87289616521501,0.08,-11.420804600530614,14.9799366975848,1.4952901881254028,0,0,0.5304083110962404,1,8
reversed,32,stop,source_repair,-7.411317008082105,23.76003854003925,-73.68656365963369,0.08,-8.687258031451552,4.057842678122365,0.659992343897661,0,0,0.0,0,0
reversed,32,fixed,general,-12.137875467320484,28.48659699927763,-73.68656365963369,0.2,-13.18601665488182,7.739272415795357,1.5807607527403913,1,0,2.674969397346473,2,0
reversed,32,random,general,-12.137875467320484,28.48659699927763,-73.68656365963369,0.2,-13.18601665488182,7.739272415795357,1.5807607527403913,1,0,2.674969397346473,2,0
reversed,32,entropy,general,-12.137875467320484,28.48659699927763,-73.68656365963369,0.2,-13.18601665488182,7.739272415795357,1.5807607527403913,1,0,2.674969397346473,2,0
reversed,32,myopic,mechanism_repair,14.567377586180514,1.7813439457766318,-0.9307776462269524,0.01,0.7659524380409293,7.1512928053419245,0.19976454462514986,0,0,1.7813439457766322,1,2
reversed,32,sequential,mechanism_repair,14.567377586180514,1.7813439457766318,-0.9307776462269524,0.01,0.7659524380409293,7.1512928053419245,0.19976454462514986,0,0,1.7813439457766322,1,8
reversed,33,stop,mechanism_repair,-7.950741318658319,26.60140205916957,-89.86560681410354,0.08,-9.506835247176216,5.354280859121735,0.5871015297634773,0,0,0.0,0,0
reversed,33,fixed,general,-21.252835155298552,39.9034958958098,-89.86560681410354,0.3,-25.540751410324162,6.133978413424512,1.4624329339605073,0,0,2.4874775218798257,2,0
reversed,33,random,general,-19.723882161206166,38.37454290171742,-89.86560681410354,0.3,-25.540751410324162,6.467823070680261,1.1614964551803455,0,0,0.9585245277874384,2,0
reversed,33,entropy,general,-19.723882161206166,38.37454290171742,-89.86560681410354,0.3,-25.540751410324162,6.467823070680261,1.1614964551803455,0,0,0.9585245277874384,2,0
reversed,33,myopic,general,-19.723882161206166,38.37454290171742,-89.86560681410354,0.3,-25.540751410324162,6.467823070680259,1.1614964551803455,0,0,0.9585245277874384,2,2
reversed,33,sequential,general,-19.723882161206166,38.37454290171742,-89.86560681410354,0.3,-25.540751410324162,6.467823070680259,1.1614964551803455,0,0,0.9585245277874384,2,8
reversed,34,stop,source_repair,0.8485367919634347,13.864926416256898,-14.334505029285207,0.01,-4.283875066223166,6.683158611107886,0.83351090202777,0,0,0.0,0,0
reversed,34,fixed,mechanism_repair,-5.088903330166192,19.802366538386526,-15.158327157405047,0.01,-5.3033549497714665,6.28431675380242,1.3965532390871216,0,0,4.917960238581326,2,0
reversed,34,random,mechanism_repair,-5.088903330166192,19.802366538386526,-15.158327157405047,0.01,-5.3033549497714665,6.28431675380242,1.3965532390871216,0,0,4.917960238581326,2,0
reversed,34,entropy,mechanism_repair,-5.088903330166192,19.802366538386526,-15.158327157405047,0.01,-5.3033549497714665,6.2843167538024165,1.3965532390871216,0,0,4.917960238581326,2,0
reversed,34,myopic,mechanism_repair,-5.088903330166192,19.802366538386526,-15.158327157405047,0.01,-5.3033549497714665,6.2843167538024165,1.3965532390871216,0,0,4.917960238581326,2,2
reversed,34,sequential,mechanism_repair,-5.088903330166192,19.802366538386526,-15.158327157405047,0.01,-5.3033549497714665,6.2843167538024165,1.3965532390871216,0,0,4.917960238581326,2,8
reversed,35,stop,source_repair,0.6598772135309348,10.7822655375977,-11.147440306250743,0.01,-3.331418942097923,4.432890652345545,0.7427352816663102,0,0,0.0,0,0
reversed,35,fixed,source_repair,-1.0381008013686936,12.48024355249733,-11.147440306250743,0.01,-3.331418942097923,8.238781896425674,1.639018793035806,0,0,1.6979780148996284,2,0
reversed,35,random,source_repair,-1.9429364441370878,13.385079195265723,-11.147440306250743,0.01,-3.331418942097923,5.080285013512697,1.259730352486788,0,0,2.6028136576680225,2,0
reversed,35,entropy,source_repair,-1.0381008013686936,12.48024355249733,-11.147440306250743,0.01,-3.331418942097923,8.238781896425676,1.6390187930358058,0,0,1.6979780148996284,2,0
reversed,35,myopic,source_repair,-0.2259804827971481,11.668123233925783,-11.147440306250743,0.01,-3.331418942097923,8.15608150085654,1.3380783347622716,0,0,0.8858576963280829,1,2
reversed,35,sequential,source_repair,-0.2259804827971481,11.668123233925783,-11.147440306250743,0.01,-3.331418942097923,8.15608150085654,1.3380783347622716,0,0,0.8858576963280829,1,8
reversed,36,stop,mechanism_repair,16.00195153833925,0.0,-0.9110350775000398,0.01,0.7497059491927416,5.64850715937321,0.4064227714299182,0,0,0.0,0,0
reversed,36,fixed,source_repair,-10.014187704154818,26.016139242494067,-72.12361030208652,0.08,-8.502994056667044,2.7952960877776776,0.8468792574158166,0,0,2.760070899560747,2,0
reversed,36,random,source_repair,-10.014187704154818,26.016139242494067,-72.12361030208652,0.08,-8.502994056667044,2.7952960877776776,0.8468792574158166,0,0,2.760070899560747,2,0
reversed,36,entropy,source_repair,-10.015672222053727,26.017623760392976,-72.12361030208652,0.08,-8.502994056667044,1.404480584636988,1.0346163628163612,0,0,2.7615554174596575,2,0
reversed,36,myopic,source_repair,-9.271695126175189,25.273646664514438,-72.12361030208652,0.08,-8.502994056667044,3.605732506180519,0.8686541547040993,0,0,2.017578321581118,1,2
reversed,36,sequential,source_repair,-9.271695126175189,25.273646664514438,-72.12361030208652,0.08,-8.502994056667044,3.605732506180519,0.8686541547040993,0,0,2.017578321581118,1,8
reversed,37,stop,mechanism_repair,-0.21236114021335484,18.490770606288127,-18.831060144220373,0.01,-6.588312482522753,6.600840893984473,0.5666845851834735,0,0,0.0,0,0
reversed,37,fixed,mechanism_repair,-3.6035277025375616,21.881937168612335,-18.831060144220373,0.01,-6.588312482522753,7.884624144546029,0.9429377885679974,0,0,3.391166562324207,2,0
reversed,37,random,mechanism_repair,-2.8651545230611144,21.143563989135888,-18.831060144220373,0.01,-6.588312482522753,14.538633284406798,1.3952434053527594,0,0,2.6527933828477597,2,0
reversed,37,entropy,mechanism_repair,-3.0096512320847757,21.288060698159548,-18.831060144220373,0.01,-6.588312482522753,14.921161940347371,1.6138035070210848,0,0,2.797290091871421,2,0
reversed,37,myopic,mechanism_repair,-1.2418195964108416,19.520229062485615,-18.831060144220373,0.01,-6.588312482522753,15.224741753502679,1.3609949602198055,0,0,1.0294584561974869,1,2
reversed,37,sequential,mechanism_repair,-1.2418195964108416,19.520229062485615,-18.831060144220373,0.01,-6.588312482522753,15.224741753502679,1.3609949602198055,0,0,1.0294584561974869,1,8
reversed,38,stop,source_repair,-7.1512945114406525,22.926429002794954,-71.10130597455384,0.08,-8.382469757000033,6.1407861692587105,0.8371579941827377,0,0,0.0,0,0
reversed,38,fixed,source_repair,-8.017478592717628,23.79261308407193,-71.10130597455384,0.08,-8.382469757000033,10.199086095123828,1.4598564319396723,0,0,0.8661840812769752,2,0
reversed,38,random,source_repair,-8.773125942871467,24.548260434225767,-71.10130597455384,0.08,-8.382469757000033,6.268183486616865,1.3000067270450648,0,0,1.6218314314308133,2,0
reversed,38,entropy,source_repair,-8.60889304853286,24.384027539887164,-71.10130597455384,0.08,-8.382469757000033,11.812838856474716,1.7765751221833006,0,0,1.457598537092207,2,0
reversed,38,myopic,source_repair,-7.5022701049098375,23.27740459626414,-71.10130597455384,0.08,-8.382469757000033,11.428367078199857,1.526612799792441,0,0,0.35097559346918455,1,2
reversed,38,sequential,source_repair,-7.5022701049098375,23.27740459626414,-71.10130597455384,0.08,-8.382469757000033,11.428367078199857,1.526612799792441,0,0,0.35097559346918455,1,8
reversed,39,stop,source_repair,0.9815145572118618,16.03775727949091,-16.580925529598442,0.01,-4.955219123788041,7.8154603949432015,0.9624153559563418,0,0,0.0,0,0
reversed,39,fixed,source_repair,-0.6852181060475757,17.70448994275035,-16.580925529598442,0.01,-4.955219123788041,8.704527840755087,0.9599381095417973,0,0,1.6667326632594375,2,0
reversed,39,random,source_repair,-0.6852181060475757,17.70448994275035,-16.580925529598442,0.01,-4.955219123788041,8.704527840755087,0.9599381095417971,0,0,1.6667326632594375,2,0
reversed,39,entropy,source_repair,-1.873471810086626,18.892743646789402,-16.580925529598442,0.01,-4.955219123788041,3.278872334540395,1.2190228466880257,0,0,2.854986367298488,2,0
reversed,39,myopic,source_repair,-1.873471810086626,18.892743646789402,-16.580925529598442,0.01,-4.955219123788041,3.278872334540398,1.2190228466880257,0,0,2.854986367298488,2,2
reversed,39,sequential,source_repair,0.12063287417345547,16.89863896252932,-16.580925529598442,0.01,-4.955219123788041,10.85672912603798,1.2549555466451399,0,0,0.8608816830384063,1,8
reversed,40,stop,source_repair,19.592458750345653,0.0,-2.2855591263954866,0.01,2.211030024447807,6.639361880657767,0.5160604740103171,0,0,0.0,0,0
reversed,40,fixed,general,-22.92807426185093,42.52053301219658,-94.4035291337266,0.3,-26.830476701164397,10.174390419980067,1.679911398936127,1,0,3.215126796689865,2,0
reversed,40,random,mechanism_repair,-12.807702378342814,32.40016112868847,-94.4035291337266,0.08,-9.986899660988971,7.399888019178972,1.3238646409950399,0,0,4.455474353406267,2,0
reversed,40,entropy,general,-22.92807426185093,42.52053301219658,-94.4035291337266,0.3,-26.830476701164397,10.174390419980067,1.679911398936127,1,0,3.215126796689865,2,0
reversed,40,myopic,general,-22.92807426185093,42.52053301219658,-94.4035291337266,0.3,-26.830476701164397,10.174390419980067,1.679911398936127,1,0,3.215126796689865,2,2
reversed,40,sequential,general,-22.92807426185093,42.52053301219658,-94.4035291337266,0.3,-26.830476701164397,10.174390419980067,1.679911398936127,1,0,3.215126796689865,2,8
reversed,41,stop,source_repair,11.8015047472784,0.0,-1.3767050488171084,0.01,1.3318124928774204,3.132313212499761,0.49253999440957236,0,0,0.0,0,0
reversed,41,fixed,source_repair,8.38678566834919,3.4147190789292097,-1.3767050488171084,0.01,1.3318124928774204,5.532320518577952,0.06680286496768559,0,0,3.4147190789292106,2,0
reversed,41,random,mechanism_repair,-7.93334434460074,19.73484909187914,-56.86390419027189,0.08,-6.015602495918236,2.362979561060289,0.9587618105506427,0,0,2.9023852422930014,2,0
reversed,41,entropy,source_repair,9.284605787590323,2.5168989596880778,-1.3767050488171084,0.01,1.3318124928774204,5.103307368122358,0.11110006764717625,0,0,2.516898959688077,2,0
reversed,41,myopic,source_repair,10.286888349116257,1.5146163981621434,-1.3767050488171084,0.01,1.3318124928774204,8.231214715087505,0.02769444306997989,0,0,1.5146163981621428,1,2
reversed,41,sequential,source_repair,10.286888349116257,1.5146163981621434,-1.3767050488171084,0.01,1.3318124928774204,8.231214715087505,0.02769444306997989,0,0,1.5146163981621428,1,8
reversed,42,stop,source_repair,12.210612270933211,0.0,-1.4244295047560462,0.01,1.3779807165574791,5.99902676725201,0.2648796322557647,0,0,0.0,0,0
reversed,42,fixed,source_repair,9.237866677400994,2.972745593532217,-1.4244295047560462,0.01,1.3779807165574791,5.874375696073651,0.11171363899156211,0,0,2.9727455935322165,2,0
reversed,42,random,source_repair,10.078792211607709,2.131820059325502,-1.4244295047560462,0.01,1.3779807165574791,3.1643151041422746,0.6360052707010118,0,0,2.131820059325503,2,0
reversed,42,entropy,source_repair,10.078792211607709,2.131820059325502,-1.4244295047560462,0.01,1.3779807165574791,3.1643151041422746,0.6360052707010118,0,0,2.131820059325503,2,0
reversed,42,myopic,source_repair,11.09516450406746,1.115447766865751,-1.4244295047560462,0.01,1.3779807165574791,7.1786976084690926,0.1633733376707927,0,0,1.1154477668657503,1,2
reversed,42,sequential,source_repair,11.09516450406746,1.115447766865751,-1.4244295047560462,0.01,1.3779807165574791,7.1786976084690926,0.1633733376707927,0,0,1.1154477668657503,1,8
reversed,43,stop,source_repair,14.801132293287752,0.0,-1.726626730466585,0.01,1.670323684907893,5.28408585089361,0.4027019221662128,0,0,0.0,0,0
reversed,43,fixed,mechanism_repair,-8.440181601584682,23.241313894872434,-71.31719104101116,0.08,-7.544608104864865,2.7232059729423295,0.614361677374372,0,0,2.130486962640483,2,0
reversed,43,random,mechanism_repair,-8.038699052748989,22.83983134603674,-71.31719104101116,0.08,-7.544608104864865,3.956053477497399,0.6348036640389633,0,0,1.7290044138047906,2,0
reversed,43,entropy,mechanism_repair,-7.699739158829939,22.500871452117693,-71.31719104101116,0.08,-7.544608104864865,6.241342078514181,0.9845224644055822,0,0,1.39004451988574,2,0
reversed,43,myopic,mechanism_repair,-7.699739158829939,22.500871452117693,-71.31719104101116,0.08,-7.544608104864865,6.241342078514181,0.9845224644055822,0,0,1.39004451988574,2,2
reversed,43,sequential,mechanism_repair,-7.699739158829939,22.500871452117693,-71.31719104101116,0.08,-7.544608104864865,6.241342078514181,0.9845224644055822,0,0,1.39004451988574,2,8
reversed,44,stop,source_repair,0.869315086727851,14.204439718087112,-14.685516999091847,0.01,-4.388775195130897,4.078131939156228,0.4825893905692177,0,0,0.0,0,0
reversed,44,fixed,source_repair,-3.2163686839119956,18.29012348872696,-14.685516999091847,0.01,-4.388775195130897,6.648068088653,1.3003816978710148,0,0,4.085683770639847,2,0
reversed,44,random,mechanism_repair,-4.515079326062004,19.58883413087697,-15.529512228924713,0.01,-5.433219292049067,5.742939956457233,1.305863856907075,0,0,4.339950315871684,2,0
reversed,44,entropy,mechanism_repair,-3.7419491959061677,18.815704000721134,-15.529512228924713,0.01,-5.433219292049067,10.82333922563849,1.6249952216518688,0,0,3.566820185715848,2,0
reversed,44,myopic,mechanism_repair,-2.0856723756641626,17.159427180479128,-15.529512228924713,0.01,-5.433219292049067,11.47485247555505,1.4085326169524641,0,0,1.9105433654738428,1,2
reversed,44,sequential,mechanism_repair,-2.0856723756641626,17.159427180479128,-15.529512228924713,0.01,-5.433219292049067,11.47485247555505,1.4085326169524641,0,0,1.9105433654738428,1,8
reversed,45,stop,source_repair,0.6740766242184855,11.014281151065154,-11.387313846021016,0.01,-3.4031052873166256,2.8930127742880587,0.8366352084067353,0,0,0.0,0,0
reversed,45,fixed,mechanism_repair,-1.779176531462069,13.467534306745709,-12.041757170504983,0.01,-4.212978901365535,8.551010525782747,1.4455960636642664,0,0,1.6433795416316461,2,0
reversed,45,random,mechanism_repair,-1.779176531462069,13.467534306745709,-12.041757170504983,0.01,-4.212978901365535,8.551010525782749,1.4455960636642666,0,0,1.6433795416316461,2,0
reversed,45,entropy,mechanism_repair,-1.779176531462069,13.467534306745709,-12.041757170504983,0.01,-4.212978901365535,8.551010525782747,1.4455960636642664,0,0,1.6433795416316461,2,0
reversed,45,myopic,mechanism_repair,-1.779176531462069,13.467534306745709,-12.041757170504983,0.01,-4.212978901365535,8.551010525782749,1.4455960636642666,0,0,1.6433795416316461,2,2
reversed,45,sequential,mechanism_repair,-1.779176531462069,13.467534306745709,-12.041757170504983,0.01,-4.212978901365535,8.551010525782749,1.4455960636642666,0,0,1.6433795416316461,2,8
reversed,46,stop,mechanism_repair,21.25224261500783,0.0,-1.2099485772985141,0.01,0.9956868500685676,8.713679152922117,0.35581374813374184,0,0,0.0,0,0
reversed,46,fixed,source_repair,-10.910743299123762,32.162985914131596,-95.7875957027989,0.08,-11.292853388119452,10.799273671214086,1.253548034526701,0,0,1.2765277523843557,2,0
reversed,46,random,source_repair,-13.337990558089967,34.5902331730978,-95.7875957027989,0.08,-11.292853388119452,14.349627021876389,1.8085890075623265,0,0,3.70377501135056,2,0
reversed,46,entropy,source_repair,-10.910743299123762,32.162985914131596,-95.7875957027989,0.08,-11.292853388119452,10.799273671214086,1.253548034526701,0,0,1.2765277523843557,2,0
reversed,46,myopic,source_repair,-10.600815213870156,31.853057828877986,-95.7875957027989,0.08,-11.292853388119452,13.40304164903732,1.3593483609992663,0,0,0.96659966713075,1,2
reversed,46,sequential,source_repair,-13.337990558089967,34.5902331730978,-95.7875957027989,0.08,-11.292853388119452,14.349627021876389,1.8085890075623265,0,0,3.70377501135056,2,8
reversed,47,stop,source_repair,0.586863427722254,9.589234454917992,-9.914003536278852,0.01,-2.962805654520117,2.446370318969089,0.41362982642715984,0,0,0.0,0,0
reversed,47,fixed,mechanism_repair,-5.052934640418408,15.229032523058653,-10.483773854455798,0.01,-3.6678964232640876,-1.3751353172347978,0.6779765438988843,0,0,4.934707299396692,2,0
reversed,47,random,mechanism_repair,-5.235387863432707,15.411485746072952,-10.483773854455798,0.01,-3.6678964232640876,5.148634443216094,1.5622213759411454,0,0,5.117160522410991,2,0
reversed,47,entropy,mechanism_repair,-4.319732510262644,14.495830392902889,-10.483773854455798,0.01,-3.6678964232640876,6.217563264503944,1.7254664072156263,0,0,4.201505169240928,2,0
reversed,47,myopic,mechanism_repair,-2.3102065371493294,12.486304419789576,-10.483773854455798,0.01,-3.6678964232640876,7.590782628107629,1.5233697866593434,0,0,2.1919791961276136,1,2
reversed,47,sequential,mechanism_repair,-2.3102065371493294,12.486304419789576,-10.483773854455798,0.01,-3.6678964232640876,7.590782628107629,1.5233697866593434,0,0,2.1919791961276136,1,8
reversed,48,stop,source_repair,17.800428659818746,0.0,-2.0765097783596365,0.01,2.008797502978341,7.590582433834336,0.4976639737485552,0,0,0.0,0,0
reversed,48,fixed,general,-19.98498926445288,37.78541792427163,-85.76888214963704,0.3,-24.376419137265266,10.06603170724027,1.5735369923765348,1,0,2.0750924261010413,2,0
reversed,48,random,general,-19.98498926445288,37.78541792427163,-85.76888214963704,0.3,-24.376419137265266,10.06603170724027,1.5735369923765348,1,0,2.0750924261010413,2,0
reversed,48,entropy,general,-19.98498926445288,37.78541792427163,-85.76888214963704,0.3,-24.376419137265266,10.06603170724027,1.5735369923765348,1,0,2.0750924261010413,2,0
reversed,48,myopic,general,-19.49480213176972,37.295230791588466,-85.76888214963704,0.3,-24.376419137265266,12.141993412870088,1.7439879094992783,1,0,1.5849052934178778,1,2
reversed,48,sequential,general,-19.49480213176972,37.295230791588466,-85.76888214963704,0.3,-24.376419137265266,12.141993412870088,1.7439879094992783,1,0,1.5849052934178778,1,8
reversed,49,stop,mechanism_repair,14.36782966457906,0.0,-0.8180000283475186,0.01,0.6731458566609809,5.557702237928085,0.5287719375019101,0,0,0.0,0,0
reversed,49,fixed,mechanism_repair,10.110897372971541,4.256932291607519,-0.8180000283475186,0.01,0.6731458566609809,4.721426824501201,0.2446460272239033,0,0,4.256932291607519,2,0
reversed,49,random,source_repair,-11.14345629195928,25.51128595653834,-64.75833557751207,0.08,-7.6346669312435305,-0.956137357518196,1.2224723907194974,0,0,4.630131066242145,2,0
reversed,49,entropy,general,-13.799638550812698,28.167468215391757,-64.75833557751207,0.2,-11.588333734923214,4.026724964106236,1.606400724164221,1,0,5.483304929279569,2,0
reversed,49,myopic,general,-13.799638550812698,28.167468215391757,-64.75833557751207,0.2,-11.588333734923214,4.026724964106236,1.606400724164221,1,0,5.483304929279569,2,2
reversed,49,sequential,general,-13.799638550812698,28.167468215391757,-64.75833557751207,0.2,-11.588333734923214,4.026724964106236,1.606400724164221,1,0,5.483304929279569,2,8
reversed,50,stop,source_repair,0.6958076519556033,11.369361924672626,-11.754420528182038,0.01,-3.5128153302612986,2.60360261702073,0.33556421663488073,0,0,0.0,0,0
reversed,50,fixed,source_repair,-2.0838926080408617,14.149062184669091,-11.754420528182038,0.01,-3.5128153302612986,8.537994873176018,1.7562753928006105,0,0,2.779700259996465,2,0
reversed,50,random,source_repair,-2.0838926080408617,14.149062184669091,-11.754420528182038,0.01,-3.5128153302612986,8.537994873176018,1.7562753928006105,0,0,2.779700259996465,2,0
reversed,50,entropy,source_repair,-2.0838926080408617,14.149062184669091,-11.754420528182038,0.01,-3.5128153302612986,8.537994873176018,1.7562753928006105,0,0,2.779700259996465,2,0
reversed,50,myopic,source_repair,-2.0838926080408617,14.149062184669091,-11.754420528182038,0.01,-3.5128153302612986,8.537994873176018,1.7562753928006105,0,0,2.779700259996465,2,2
reversed,50,sequential,source_repair,-2.0838926080408617,14.149062184669091,-11.754420528182038,0.01,-3.5128153302612986,8.537994873176018,1.7562753928006105,0,0,2.779700259996465,2,8
reversed,51,stop,source_repair,-6.206450179227911,19.89734014811083,-61.70724929635285,0.08,-7.274959917043705,2.5522026160489584,0.7795617271228917,0,0,0.0,0,0
reversed,51,fixed,source_repair,-10.455162403614395,24.146052372497312,-61.70724929635285,0.08,-7.274959917043705,7.043461464218081,1.7029271774948354,0,0,4.248712224386485,2,0
reversed,51,random,source_repair,-9.835968146284198,23.526858115167116,-61.70724929635285,0.08,-7.274959917043705,5.39465647838438,1.3931365824978448,0,0,3.6295179670562883,2,0
reversed,51,entropy,source_repair,-8.921054684368467,22.611944653251385,-61.70724929635285,0.08,-7.274959917043705,8.725090666306363,1.7871918811018086,0,0,2.714604505140557,2,0
reversed,51,myopic,source_repair,-8.921054684368467,22.611944653251385,-61.70724929635285,0.08,-7.274959917043705,8.725090666306363,1.7871918811018086,0,0,2.714604505140557,2,2
reversed,51,sequential,source_repair,-7.8733495604632875,21.564239529346203,-61.70724929635285,0.08,-7.274959917043705,8.81177179254516,1.5978287008524235,0,0,1.6668993812353767,1,8
reversed,52,stop,source_repair,0.9117711601985437,14.898163714700475,-15.402736104324916,0.01,-4.603116536924688,4.473124531913843,0.433932350059288,0,0,0.0,0,0
reversed,52,fixed,source_repair,-3.085595287604161,18.89553016250318,-15.402736104324916,0.01,-4.603116536924688,7.293239322983197,1.2132307895806573,0,0,3.9973664478027047,2,0
reversed,52,random,source_repair,-3.085595287604161,18.89553016250318,-15.402736104324916,0.01,-4.603116536924688,7.293239322983197,1.2132307895806573,0,0,3.9973664478027047,2,0
reversed,52,entropy,source_repair,-1.4625859138220982,17.272520788721117,-15.402736104324916,0.01,-4.603116536924688,9.050264140611532,0.9441948265149245,0,0,2.374357074020642,2,0
reversed,52,myopic,source_repair,-1.4625859138220982,17.272520788721117,-15.402736104324916,0.01,-4.603116536924688,9.050264140611532,0.9441948265149245,0,0,2.374357074020642,2,2
reversed,52,sequential,source_repair,-0.8973368193758289,16.707271694274848,-15.402736104324916,0.01,-4.603116536924688,8.162344821276905,0.9244259196882448,0,0,1.8091079795743725,1,8
reversed,53,stop,source_repair,11.464603811381258,0.0,-1.3374038555088763,0.01,1.2937928602205437,4.388844435096233,0.4579910166455204,0,0,0.0,0,0
reversed,53,fixed,mechanism_repair,-7.549781638571332,19.01438544995259,-55.240594031888385,0.08,-5.843873368636614,3.0093271991930575,0.9916931949580051,0,0,2.6624427665921537,2,0
reversed,53,random,mechanism_repair,-8.273827227567267,19.738431038948526,-55.240594031888385,0.08,-5.843873368636614,3.5330503928201993,1.3374251143570897,0,0,3.3864883555880883,2,0
reversed,53,entropy,mechanism_repair,-7.549781638571332,19.01438544995259,-55.240594031888385,0.08,-5.843873368636614,3.0093271991930584,0.9916931949580053,0,0,2.6624427665921537,2,0
reversed,53,myopic,mechanism_repair,-7.549781638571332,19.01438544995259,-55.240594031888385,0.08,-5.843873368636614,3.0093271991930584,0.9916931949580053,0,0,2.6624427665921537,2,2
reversed,53,sequential,mechanism_repair,-7.549781638571332,19.01438544995259,-55.240594031888385,0.08,-5.843873368636614,3.0093271991930584,0.9916931949580053,0,0,2.6624427665921537,2,8
reversed,54,stop,source_repair,17.520854441578702,0.0,-2.043896035789312,0.01,1.9772472520135735,3.809871967413423,0.6865029059661774,0,0,0.0,0,0
reversed,54,fixed,general,-21.092318695535635,38.61317313711434,-84.421792782602,0.3,-23.99356215926583,7.67092197131696,1.5989633322992096,1,0,3.463715386852823,2,0
reversed,54,random,general,-22.323072091173625,39.84392653275233,-84.421792782602,0.3,-23.99356215926583,5.7941542366433065,1.4570557583815689,0,0,4.694468782490812,2,0
reversed,54,entropy,general,-21.092318695535635,38.61317313711434,-84.421792782602,0.3,-23.99356215926583,7.67092197131696,1.5989633322992096,1,0,3.463715386852823,2,0
reversed,54,myopic,general,-19.866532813568842,37.387387255147544,-84.421792782602,0.3,-23.99356215926583,7.073654727458555,1.4026977608234812,0,0,2.237929504886028,1,2
reversed,54,sequential,general,-21.092318695535635,38.61317313711434,-84.421792782602,0.3,-23.99356215926583,7.670921971316962,1.5989633322992098,1,0,3.463715386852823,2,8
reversed,55,stop,mechanism_repair,-0.15475309885868038,13.47470657170704,-13.722684428914322,0.01,-4.801075054953041,3.3065727828755223,0.6222491868623629,0,0,0.0,0,0
reversed,55,fixed,source_repair,-0.3372354450549395,13.6571889179033,-12.976886362125502,0.01,-3.8781499473018743,9.9223005209387,1.6712119748265473,0,0,1.1054074538474261,2,0
reversed,55,random,mechanism_repair,-2.4868497076226572,15.806803180471016,-13.722684428914322,0.01,-4.801075054953041,6.883802842727575,1.4920720301895165,0,0,2.332096608763977,2,0
reversed,55,entropy,source_repair,-0.3372354450549395,13.6571889179033,-12.976886362125502,0.01,-3.8781499473018743,9.9223005209387,1.6712119748265473,0,0,1.1054074538474261,2,0
reversed,55,myopic,source_repair,0.17844876468995152,13.141504708158408,-12.976886362125502,0.01,-3.8781499473018743,9.107266194016875,1.265796784363303,0,0,0.5897232441025351,1,2
reversed,55,sequential,source_repair,0.17844876468995152,13.141504708158408,-12.976886362125502,0.01,-3.8781499473018743,9.107266194016875,1.265796784363303,0,0,0.5897232441025351,1,8
reversed,56,stop,mechanism_repair,15.593799754988211,0.0,-0.8877978747947246,0.01,0.7305836677998272,4.976190854883195,0.5360909902581078,0,0,0.0,0,0
reversed,56,fixed,general,-11.68266965665692,27.27646941164513,-70.2839984212492,0.2,-12.577136559591963,4.614635193664793,1.4804864355960317,0,0,2.6567245962438655,2,0
reversed,56,random,general,-12.165125762792222,27.758925517780433,-70.2839984212492,0.2,-12.577136559591963,8.088442729251572,1.7904204737956493,1,0,3.1391807023791674,2,0
reversed,56,entropy,general,-11.68266965665692,27.27646941164513,-70.2839984212492,0.2,-12.577136559591963,4.614635193664793,1.4804864355960317,0,0,2.6567245962438655,2,0
reversed,56,myopic,general,-9.327343490662395,24.921143245650605,-70.2839984212492,0.2,-12.577136559591963,9.870550631106415,1.6086409270836008,1,0,0.30139843024934054,1,2
reversed,56,sequential,general,-9.327343490662395,24.921143245650605,-70.2839984212492,0.2,-12.577136559591963,9.870550631106415,1.6086409270836008,1,0,0.30139843024934054,1,8
reversed,57,stop,mechanism_repair,-0.13927360025137336,12.126871192971997,-12.350044552410942,0.01,-4.32083759816008,3.4617989502963664,0.9694118009479141,0,0,0.0,0,0
reversed,57,fixed,mechanism_repair,-2.9861988663076033,14.973796459028227,-12.350044552410942,0.01,-4.32083759816008,7.3923195226788,1.454061864129311,0,0,2.84692526605623,2,0
reversed,57,random,mechanism_repair,-4.195638317748307,16.18323591046893,-12.350044552410942,0.01,-4.32083759816008,6.36861355716512,1.2678217540770271,0,0,4.056364717496934,2,0
reversed,57,entropy,mechanism_repair,-2.9861988663076033,14.973796459028227,-12.350044552410942,0.01,-4.32083759816008,7.3923195226788,1.454061864129311,0,0,2.84692526605623,2,0
reversed,57,myopic,mechanism_repair,-2.08235131061334,14.069948903333964,-12.350044552410942,0.01,-4.32083759816008,5.976714831973568,0.8767617730805656,0,0,1.9430777103619665,1,2
reversed,57,sequential,mechanism_repair,-2.08235131061334,14.069948903333964,-12.350044552410942,0.01,-4.32083759816008,5.976714831973568,0.8767617730805656,0,0,1.9430777103619665,1,8
reversed,58,stop,mechanism_repair,15.938543489036476,0.0,-0.9074250829957897,0.01,0.7467352245486192,5.0461357712846615,0.5071367348045634,0,0,0.0,0,0
reversed,58,fixed,general,-12.866787398789926,28.8053308878264,-71.83781907050006,0.2,-12.855188675773697,7.669258634171348,1.6798831797485885,1,0,3.6412990549993913,2,0
reversed,58,random,general,-14.896136209991667,30.834679699028143,-71.83781907050006,0.2,-12.855188675773697,-2.758000464937469,0.917134212672654,0,0,5.670647866201134,2,0
reversed,58,entropy,general,-13.193429716905788,29.131973205942266,-71.83781907050006,0.2,-12.855188675773697,7.627264498837231,1.8104979805722485,1,0,3.9679413731152535,2,0
reversed,58,myopic,general,-10.194784624747289,26.133328113783765,-71.83781907050006,0.2,-12.855188675773697,9.62882925210237,1.6412445343367696,1,0,0.9692962809567556,1,2
reversed,58,sequential,general,-10.194784624747289,26.133328113783765,-71.83781907050006,0.2,-12.855188675773697,9.62882925210237,1.6412445343367696,1,0,0.9692962809567556,1,8
reversed,59,stop,mechanism_repair,-0.1555684100779281,13.545697585941985,-13.79498190570541,0.01,-4.826369348803185,4.198721003981114,0.5643622191655074,0,0,0.0,0,0
reversed,59,fixed,source_repair,-1.186906341021921,14.577035516885978,-13.045254628221418,0.01,-3.8985818429167467,10.433331361451772,1.7094605721881082,0,0,1.9591254368304303,2,0
reversed,59,random,source_repair,-1.9039103427471118,15.29403951861117,-13.045254628221418,0.01,-3.8985818429167467,3.8913043848234294,1.3525953513837627,0,0,2.676129438555621,2,0
reversed,59,entropy,source_repair,-1.9039103427471118,15.29403951861117,-13.045254628221418,0.01,-3.8985818429167467,3.891304384823431,1.3525953513837627,0,0,2.676129438555621,2,0
reversed,59,myopic,source_repair,-0.15050446997161904,13.540633645835676,-13.045254628221418,0.01,-3.8985818429167467,10.846283480282063,1.5309491493002847,0,0,0.9227235657801285,1,2
reversed,59,sequential,source_repair,-0.15050446997161904,13.540633645835676,-13.045254628221418,0.01,-3.8985818429167467,10.846283480282063,1.5309491493002847,0,0,0.9227235657801285,1,8
reversed,60,stop,source_repair,-8.425398629709004,27.011096130252337,-83.76900783070177,0.08,-9.875925133724841,5.165587113848685,0.9324513481096336,0,0,0.0,0,0
reversed,60,fixed,general,-14.286469369053819,32.87216686959715,-83.76900783070177,0.2,-14.990243506546637,6.294047778811838,1.3229563162219005,0,0,3.52876520553212,2,0
reversed,60,random,mechanism_repair,16.44225783091389,2.143439669629444,-1.0581348357562326,0.01,0.8707567919244001,13.549320531020554,0.038205593203616016,0,0,2.1434396696294455,2,0
reversed,60,entropy,mechanism_repair,16.44225783091389,2.143439669629444,-1.0581348357562326,0.01,0.8707567919244001,13.549320531020554,0.038205593203616016,0,0,2.1434396696294455,2,0
reversed,60,myopic,mechanism_repair,17.926583549654566,0.6591139508887665,-1.0581348357562326,0.01,0.8707567919244001,12.95771886834496,0.07492692689088093,0,0,0.6591139508887647,1,2
reversed,60,sequential,mechanism_repair,17.926583549654566,0.6591139508887665,-1.0581348357562326,0.01,0.8707567919244001,12.95771886834496,0.07492692689088093,0,0,0.6591139508887647,1,8
reversed,61,stop,source_repair,17.302969223945045,0.0,-2.0184786262637977,0.01,1.9526586710595435,7.921700521146457,0.46056791693098353,0,0,0.0,0,0
reversed,61,fixed,mechanism_repair,-12.704889060880268,30.00785828482531,-83.37194325872207,0.08,-8.819873997370072,-0.3156719391601923,1.2233995665446702,0,0,5.328666080990173,2,0
reversed,61,random,source_repair,12.177653253806781,5.125315970138264,-2.0184786262637977,0.01,1.9526586710595435,7.645185187863606,0.1357036728619457,0,0,5.1253159701382645,2,0
reversed,61,entropy,general,-23.009238964247995,40.31220818819304,-83.37194325872207,0.3,-23.695183873531537,7.284858491209729,1.7009883612847658,1,0,5.599860812722742,2,0
reversed,61,myopic,general,-23.009238964247995,40.31220818819304,-83.37194325872207,0.3,-23.695183873531537,7.284858491209729,1.7009883612847658,1,0,5.599860812722742,2,2
reversed,61,sequential,general,-23.009238964247995,40.31220818819304,-83.37194325872207,0.3,-23.695183873531537,7.284858491209729,1.7009883612847658,1,0,5.599860812722742,2,8
reversed,62,stop,source_repair,0.6824080894838187,11.15041567574046,-11.528058987396554,0.01,-3.4451670537047168,3.509270557791553,0.2779829833638115,0,0,0.0,0,0
reversed,62,fixed,mechanism_repair,-4.244859982667044,16.07768374789132,-12.190591113108999,0.01,-4.265050559273869,-1.086171336256848,0.32369315762035983,0,0,4.107384566581711,2,0
reversed,62,random,mechanism_repair,-5.655694637036643,17.488518402260922,-12.190591113108999,0.01,-4.265050559273869,-1.4843057021178483,0.26888494568694193,0,0,5.518219220951311,2,0
reversed,62,entropy,mechanism_repair,-4.244859982667044,16.07768374789132,-12.190591113108999,0.01,-4.265050559273869,-1.0861713362568484,0.32369315762035983,0,0,4.107384566581711,2,0
reversed,62,myopic,general,9.281582920942201,2.551240844282077,-2.5176220777072933,0.01,3.113900990848494,3.8630301040796247,0.09486871429268588,0,0,2.5512408442820766,1,2
reversed,62,sequential,general,9.281582920942201,2.551240844282077,-2.5176220777072933,0.01,3.113900990848494,3.8630301040796247,0.09486871429268588,0,0,2.5512408442820766,1,8
reversed,63,stop,source_repair,14.291058933800644,0.0,-1.6671241005638215,0.01,1.6127613581541336,3.1530440541229643,0.8101047436267876,0,0,0.0,0,0
reversed,63,fixed,general,-17.9351657059149,32.22622463971555,-68.85947371894052,0.3,-19.570587267488364,7.770875442438969,1.8471576833955818,1,0,3.5562203385519298,2,0
reversed,63,random,general,-19.052000762055055,33.3430596958557,-68.85947371894052,0.3,-19.570587267488364,2.2982083876516297,1.444034975511964,0,0,4.673055394692084,2,0
reversed,63,entropy,general,-17.9351657059149,32.22622463971555,-68.85947371894052,0.3,-19.570587267488364,7.770875442438969,1.8471576833955818,1,0,3.5562203385519298,2,0
reversed,63,myopic,general,-17.9351657059149,32.22622463971555,-68.85947371894052,0.3,-19.570587267488364,7.770875442438969,1.8471576833955818,1,0,3.5562203385519298,2,2
reversed,63,sequential,general,-17.9351657059149,32.22622463971555,-68.85947371894052,0.3,-19.570587267488364,7.770875442438969,1.8471576833955818,1,0,3.5562203385519298,2,8
reversed,64,stop,mechanism_repair,13.474856833194561,0.0,-0.7671606309967238,0.01,0.6313092692577216,5.254605075062165,0.5328971460983373,0,0,0.0,0,0
reversed,64,fixed,general,-10.649331018196666,24.124187851391227,-60.733549953907406,0.2,-10.868108939120273,0.21217474325722918,1.1447982521430617,0,0,2.849864603063292,2,0
reversed,64,random,general,-9.804555763865402,23.279412597059963,-60.733549953907406,0.2,-10.868108939120273,7.30898210460259,1.7483253926450586,1,0,2.00508934873203,2,0
reversed,64,entropy,general,-9.804555763865402,23.279412597059963,-60.733549953907406,0.2,-10.868108939120273,7.30898210460259,1.7483253926450586,1,0,2.00508934873203,2,0
reversed,64,myopic,source_repair,-8.656838262880276,22.131695096074836,-60.733549953907406,0.08,-7.1601658893027675,4.1266334617448095,1.326416802902452,0,0,2.5483217385688537,2,2
reversed,64,sequential,source_repair,-8.656838262880276,22.131695096074836,-60.733549953907406,0.08,-7.1601658893027675,4.1266334617448095,1.326416802902452,0,0,2.5483217385688537,2,8
reversed,65,stop,source_repair,-7.997764343656479,25.64013775584062,-79.51728023520309,0.08,-9.374668827729208,4.730306946835443,0.5860599900155482,0,0,0.0,0,0
reversed,65,fixed,mechanism_repair,14.671113271320824,2.971260140863315,-1.004428802970987,0.01,0.8265612024448744,7.401638190648001,0.2607273315041365,0,0,2.971260140863315,2,0
reversed,65,random,mechanism_repair,14.671113271320824,2.971260140863315,-1.004428802970987,0.01,0.8265612024448744,7.401638190648001,0.2607273315041365,0,0,2.971260140863315,2,0
reversed,65,entropy,mechanism_repair,14.116150959780828,3.52622245240331,-1.004428802970987,0.01,0.8265612024448744,0.8908797765367149,0.7256738465409789,0,0,3.526222452403311,2,0
reversed,65,myopic,mechanism_repair,15.330632305302203,2.311741106881936,-1.004428802970987,0.01,0.8265612024448744,10.309968071729466,0.10458144917070505,0,0,2.3117411068819362,1,2
reversed,65,sequential,mechanism_repair,15.330632305302203,2.311741106881936,-1.004428802970987,0.01,0.8265612024448744,10.309968071729466,0.10458144917070505,0,0,2.3117411068819362,1,8
reversed,66,stop,source_repair,18.94887685057581,0.0,-2.2104820519279467,0.01,2.1384011154520346,8.595330272944851,0.4983400563327325,0,0,0.0,0,0
reversed,66,fixed,general,-21.099120791628582,40.04799764220439,-91.30251953615428,0.3,-25.949137131328058,12.604410330067289,1.8004108252355038,1,0,2.0337130937500487,2,0
reversed,66,random,general,-21.099120791628582,40.04799764220439,-91.30251953615428,0.3,-25.949137131328058,12.604410330067292,1.800410825235504,1,0,2.0337130937500487,2,0
reversed,66,entropy,general,-20.734850808360317,39.68372765893613,-91.30251953615428,0.3,-25.949137131328058,12.016982112976628,1.6843122562369204,1,0,1.6694431104817822,2,0
reversed,66,myopic,general,-19.8457840524987,38.794660903074515,-91.30251953615428,0.3,-25.949137131328058,10.451060246352826,1.564690240958743,0,0,0.7803763546201676,1,2
reversed,66,sequential,general,-19.8457840524987,38.794660903074515,-91.30251953615428,0.3,-25.949137131328058,10.451060246352826,1.564690240958743,0,0,0.7803763546201676,1,8
reversed,67,stop,mechanism_repair,-6.00501207956078,20.09142723882791,-67.87342624131756,0.08,-7.180294039213069,4.335683467226422,0.8936836712087192,0,0,0.0,0,0
reversed,67,fixed,source_repair,11.866916846255652,2.2194983130114796,-1.643251372158212,0.01,1.5896670882834905,2.5722433281848245,0.771959329475067,0,0,2.2194983130114796,2,0
reversed,67,random,mechanism_repair,-9.23859302968529,23.325008188952424,-67.87342624131756,0.08,-7.180294039213069,4.164915974315795,0.855559545395902,0,0,3.23358095012451,2,0
reversed,67,entropy,source_repair,11.866916846255652,2.2194983130114796,-1.643251372158212,0.01,1.5896670882834905,2.5722433281848245,0.771959329475067,0,0,2.2194983130114796,2,0
reversed,67,myopic,source_repair,13.49825723951205,0.5881579197550817,-1.643251372158212,0.01,1.5896670882834905,8.371648864203681,0.1348201280617504,0,0,0.5881579197550821,1,2
reversed,67,sequential,source_repair,13.49825723951205,0.5881579197550817,-1.643251372158212,0.01,1.5896670882834905,8.371648864203681,0.1348201280617504,0,0,0.5881579197550821,1,8
reversed,68,stop,source_repair,20.44886496898494,0.0,-2.3854632310234125,0.01,2.3076763865335193,4.868877706866343,0.714618294510499,0,0,0.0,0,0
reversed,68,fixed,mechanism_repair,-13.20905482798095,33.657919796965885,-98.53000302053228,0.08,-10.423437161645783,6.198274172466025,1.2592682565075166,0,0,4.491742455480173,2,0
reversed,68,random,mechanism_repair,-13.20905482798095,33.657919796965885,-98.53000302053228,0.08,-10.423437161645783,6.198274172466025,1.2592682565075166,0,0,4.491742455480173,2,0
reversed,68,entropy,mechanism_repair,-13.469735978928423,33.91860094791336,-98.53000302053228,0.08,-10.423437161645783,11.319192131631839,1.572690143177371,0,0,4.752423606427646,2,0
reversed,68,myopic,mechanism_repair,-13.469735978928423,33.91860094791336,-98.53000302053228,0.08,-10.423437161645783,11.319192131631839,1.572690143177371,0,0,4.752423606427646,2,2
reversed,68,sequential,mechanism_repair,-13.469735978928423,33.91860094791336,-98.53000302053228,0.08,-10.423437161645783,11.319192131631839,1.572690143177371,0,0,4.752423606427646,2,8
reversed,69,stop,mechanism_repair,-6.77612890418667,22.671411653403855,-76.58920236736867,0.08,-8.102331408337422,5.490514128431915,0.8272117418367823,0,0,0.0,0,0
reversed,69,fixed,mechanism_repair,-10.85862744238179,26.753910191598976,-76.58920236736867,0.08,-8.102331408337422,5.4513116703457545,1.1583698869734105,0,0,4.08249853819512,2,0
reversed,69,random,mechanism_repair,-10.856520931112481,26.751803680329665,-76.58920236736867,0.08,-8.102331408337422,9.214978648006374,1.5704465346759844,0,0,4.080392026925811,2,0
reversed,69,entropy,mechanism_repair,-10.856520931112481,26.751803680329665,-76.58920236736867,0.08,-8.102331408337422,9.214978648006374,1.5704465346759844,0,0,4.080392026925811,2,0
reversed,69,myopic,mechanism_repair,-9.44101739878661,25.336300148003794,-76.58920236736867,0.08,-8.102331408337422,9.249685031844507,1.361804487017229,0,0,2.66488849459994,1,2
reversed,69,sequential,mechanism_repair,-8.191632436512542,24.086915185729726,-76.58920236736867,0.08,-8.102331408337422,6.339221350541064,1.160773545002246,0,0,1.4155035323258707,1,8
reversed,70,stop,mechanism_repair,-5.634944262773449,18.853263099288263,-63.69062521873618,0.08,-6.737797720508407,3.1959936272620526,0.5330169433006674,0,0,0.0,0,0
reversed,70,fixed,mechanism_repair,-9.920789919524914,23.139108756039725,-63.69062521873618,0.08,-6.737797720508407,0.8046322730256925,1.0483232603630241,0,0,4.285845656751464,2,0
reversed,70,random,mechanism_repair,-9.51888889846602,22.737207734980835,-63.69062521873618,0.08,-6.737797720508407,7.426678629210082,1.538684370307993,0,0,3.88394463569257,2,0
reversed,70,entropy,mechanism_repair,-9.693018380090745,22.91133721660556,-63.69062521873618,0.08,-6.737797720508407,8.763517659211333,1.7832354122615472,0,0,4.058074117317295,2,0
reversed,70,myopic,mechanism_repair,-7.46303081090265,20.681349647417463,-63.69062521873618,0.08,-6.737797720508407,9.932947284852053,1.5841853550617582,0,0,1.828086548129201,1,2
reversed,70,sequential,mechanism_repair,-7.46303081090265,20.681349647417463,-63.69062521873618,0.08,-6.737797720508407,9.932947284852053,1.5841853550617582,0,0,1.828086548129201,1,8
reversed,71,stop,mechanism_repair,-0.15139522719259357,13.182328999046693,-13.424926170331208,0.01,-4.696900120734085,5.00243707982661,0.686419867434554,0,0,0.0,0,0
reversed,71,fixed,source_repair,-4.151468135336994,17.182401907191093,-12.695310617595815,0.01,-3.794000874224038,0.7853668691311242,1.1717526640913503,0,0,4.902972154654448,2,0
reversed,71,random,mechanism_repair,-3.9910506661325176,17.021984437986617,-13.424926170331208,0.01,-4.696900120734085,1.6703514572365368,1.0701511087024778,0,0,3.839655438939924,2,0
reversed,71,entropy,mechanism_repair,-3.9910506661325176,17.021984437986617,-13.424926170331208,0.01,-4.696900120734085,1.6703514572365368,1.0701511087024778,0,0,3.839655438939924,2,0
reversed,71,myopic,mechanism_repair,-1.0610152519008598,14.09194902375496,-13.424926170331208,0.01,-4.696900120734085,8.002547077398217,1.0641511128938204,0,0,0.9096200247082662,1,2
reversed,71,sequential,mechanism_repair,-1.0610152519008598,14.09194902375496,-13.424926170331208,0.01,-4.696900120734085,8.002547077398217,1.0641511128938204,0,0,0.9096200247082662,1,8
reversed,72,stop,source_repair,-5.829888530123899,18.69011621130511,-57.96330825345582,0.08,-6.833568973039004,4.550428222362591,1.0300669007279553,0,0,0.0,0,0
reversed,72,fixed,general,-10.787481700353037,23.64770938153425,-57.96330825345582,0.2,-10.372381476934201,2.4450202423335208,1.56381788755539,0,0,3.343772640435554,2,0
reversed,72,random,source_repair,-10.485134396168098,23.345362077349307,-57.96330825345582,0.08,-6.833568973039004,3.8220049663007902,1.5294876776324944,0,0,4.655245866044199,2,0
reversed,72,entropy,general,-10.58641749201367,23.44664517319488,-57.96330825345582,0.2,-10.372381476934201,5.270500274570951,1.7914914029835691,1,0,3.142708432096187,2,0
reversed,72,myopic,general,-8.359326663161255,21.219554344342466,-57.96330825345582,0.2,-10.372381476934201,6.978694106413767,1.6761613551673573,1,0,0.9156176032437713,1,2
reversed,72,sequential,general,-8.359326663161255,21.219554344342466,-57.96330825345582,0.2,-10.372381476934201,6.978694106413767,1.6761613551673573,1,0,0.9156176032437713,1,8
reversed,73,stop,source_repair,14.069042505633508,0.0,-1.6412247644941158,0.01,1.5877065656519145,5.247489462740986,0.4812038500209152,0,0,0.0,0,0
reversed,73,fixed,general,-15.908635567742987,29.977678073376495,-67.78971853345253,0.3,-19.266551583191774,6.7117962684488415,1.5909108070355658,0,0,1.7530719739812537,2,0
reversed,73,random,general,-15.908635567742987,29.977678073376495,-67.78971853345253,0.3,-19.266551583191774,6.7117962684488415,1.5909108070355658,0,0,1.7530719739812537,2,0
reversed,73,entropy,general,-15.908635567742987,29.977678073376495,-67.78971853345253,0.3,-19.266551583191774,6.7117962684488415,1.5909108070355658,0,0,1.7530719739812537,2,0
reversed,73,myopic,general,-15.908635567742987,29.977678073376495,-67.78971853345253,0.3,-19.266551583191774,6.7117962684488415,1.5909108070355658,0,0,1.7530719739812537,2,2
reversed,73,sequential,general,-15.908635567742987,29.977678073376495,-67.78971853345253,0.3,-19.266551583191774,6.7117962684488415,1.5909108070355658,0,0,1.7530719739812537,2,8
reversed,74,stop,mechanism_repair,18.500567784047213,0.0,-1.0532881670433691,0.01,0.8667683874627741,8.025238069024741,0.3692965060809056,0,0,0.0,0,0
reversed,74,fixed,source_repair,-13.47715574776482,31.977723531812032,-83.38531322426687,0.08,-9.830689559071464,3.769692440505615,1.1788120236703281,0,0,5.090348717681978,2,0
reversed,74,random,source_repair,-13.09561132866504,31.596179112712253,-83.38531322426687,0.08,-9.830689559071464,10.143720995190431,1.715710234740606,0,0,4.708804298582198,2,0
reversed,74,entropy,source_repair,-13.09561132866504,31.596179112712253,-83.38531322426687,0.08,-9.830689559071464,10.143720995190435,1.7157102347406061,0,0,4.708804298582198,2,0
reversed,74,myopic,source_repair,-13.09561132866504,31.596179112712253,-83.38531322426687,0.08,-9.830689559071464,10.143720995190435,1.7157102347406061,0,0,4.708804298582198,2,2
reversed,74,sequential,source_repair,-13.09561132866504,31.596179112712253,-83.38531322426687,0.08,-9.830689559071464,10.143720995190435,1.7157102347406061,0,0,4.708804298582198,2,8
reversed,75,stop,mechanism_repair,-0.17147788196046432,14.930971722027424,-15.205749532879732,0.01,-5.3199463379300695,3.9644474640640293,0.5619666517864742,0,0,0.0,0,0
reversed,75,fixed,mechanism_repair,-2.059387464141256,16.818881304208215,-15.205749532879732,0.01,-5.3199463379300695,8.865793137387975,0.8446833911090393,0,0,1.8879095821807919,2,0
reversed,75,random,mechanism_repair,-2.130452445444878,16.889946285511837,-15.205749532879732,0.01,-5.3199463379300695,13.904221072938316,1.6738121046969912,0,0,1.9589745634844136,2,0
reversed,75,entropy,mechanism_repair,-2.130452445444878,16.889946285511837,-15.205749532879732,0.01,-5.3199463379300695,13.904221072938316,1.6738121046969912,0,0,1.9589745634844136,2,0
reversed,75,myopic,mechanism_repair,-2.130452445444878,16.889946285511837,-15.205749532879732,0.01,-5.3199463379300695,13.904221072938316,1.6738121046969912,0,0,1.9589745634844136,2,2
reversed,75,sequential,mechanism_repair,-2.130452445444878,16.889946285511837,-15.205749532879732,0.01,-5.3199463379300695,13.904221072938316,1.6738121046969912,0,0,1.9589745634844136,2,8
reversed,76,stop,source_repair,-7.5929141497091175,24.342223201566146,-75.49208207455428,0.08,-8.90011914984219,8.045895493158822,1.1614174253551803,0,0,0.0,0,0
reversed,76,fixed,source_repair,-11.883998928187925,28.633307980044954,-75.49208207455428,0.08,-8.90011914984219,6.276616433964083,1.4528362809129698,0,0,4.291084778478808,2,0
reversed,76,random,source_repair,-11.883998928187925,28.633307980044954,-75.49208207455428,0.08,-8.90011914984219,6.276616433964081,1.4528362809129696,0,0,4.291084778478808,2,0
reversed,76,entropy,source_repair,-10.612069542665338,27.361378594522368,-75.49208207455428,0.08,-8.90011914984219,10.382329109591087,1.7189753917319164,0,0,3.019155392956221,2,0
reversed,76,myopic,source_repair,-7.5929141497091175,24.342223201566146,-75.49208207455428,0.08,-8.90011914984219,8.045895493158822,1.1614174253551803,0,0,0.0,0,1
reversed,76,sequential,source_repair,-8.197627660406752,24.94693671226378,-75.49208207455428,0.08,-8.90011914984219,9.105166732280727,1.4217179450551198,0,0,0.6047135106976345,1,8
reversed,77,stop,mechanism_repair,-5.518584506000834,18.463949380056626,-62.37543463058646,0.08,-6.59866440039362,2.7462583295706122,1.0214580825977577,0,0,0.0,0,0
reversed,77,fixed,mechanism_repair,-8.215574401662227,21.160939275718018,-62.37543463058646,0.08,-6.59866440039362,4.182972202605005,1.2706018055067663,0,0,2.6969898956613934,2,0
reversed,77,random,mechanism_repair,-8.21543954932167,21.160804423377463,-62.37543463058646,0.08,-6.59866440039362,7.975468219077304,1.6164438660843783,0,0,2.696855043320837,2,0
reversed,77,entropy,mechanism_repair,-6.386620472291107,19.331985346346897,-62.37543463058646,0.08,-6.59866440039362,10.329511685865189,1.5649116345340435,0,0,0.8680359662902734,2,0
reversed,77,myopic,mechanism_repair,-5.952535062975692,18.897899937031482,-62.37543463058646,0.08,-6.59866440039362,9.393704007178334,1.4521856770074861,0,0,0.4339505569748586,1,2
reversed,77,sequential,mechanism_repair,-5.952535062975692,18.897899937031482,-62.37543463058646,0.08,-6.59866440039362,9.393704007178334,1.4521856770074861,0,0,0.4339505569748586,1,8
reversed,78,stop,mechanism_repair,15.35127361988152,0.0,-0.8739901954149132,0.01,0.7192210983101885,4.73438047715136,0.5409908905734802,0,0,0.0,0,0
reversed,78,fixed,source_repair,-9.165653234845632,24.516926854727153,-69.19089047034726,0.08,-8.15724182387252,8.086668379517391,1.3425068310065573,0,0,2.2065063038543884,2,0
reversed,78,random,source_repair,-10.96418368600996,26.315457305891478,-69.19089047034726,0.08,-8.15724182387252,7.686331867176458,1.631523505914515,0,0,4.005036755018718,2,0
reversed,78,entropy,source_repair,-10.96418368600996,26.315457305891478,-69.19089047034726,0.08,-8.15724182387252,7.686331867176458,1.631523505914515,0,0,4.005036755018718,2,0
reversed,78,myopic,source_repair,-8.351428951309087,23.702702571190606,-69.19089047034726,0.08,-8.15724182387252,8.223225215368332,1.2885480064900185,0,0,1.3922820203178439,1,2
reversed,78,sequential,source_repair,-8.351428951309087,23.702702571190606,-69.19089047034726,0.08,-8.15724182387252,8.223225215368332,1.2885480064900185,0,0,1.3922820203178439,1,8
reversed,79,stop,source_repair,-7.778145348205588,24.9360583337423,-77.33373187645535,0.08,-9.11723996859263,4.084482579245625,0.8167068793732363,0,0,0.0,0,0
reversed,79,fixed,source_repair,-8.931934212288583,26.089847197825293,-77.33373187645535,0.08,-9.11723996859263,3.868263083846173,1.4299875446878005,0,0,1.1537888640829954,2,0
reversed,79,random,source_repair,-8.931934212288583,26.089847197825293,-77.33373187645535,0.08,-9.11723996859263,3.868263083846173,1.4299875446878005,0,0,1.1537888640829954,2,0
reversed,79,entropy,source_repair,-8.931934212288583,26.089847197825293,-77.33373187645535,0.08,-9.11723996859263,3.868263083846173,1.4299875446878005,0,0,1.1537888640829954,2,0
reversed,79,myopic,source_repair,-8.326742914953071,25.484655900489784,-77.33373187645535,0.08,-9.11723996859263,10.478191368023579,1.3529184685778368,0,0,0.5485975667474832,1,2
reversed,79,sequential,source_repair,-8.326742914953071,25.484655900489784,-77.33373187645535,0.08,-9.11723996859263,10.478191368023579,1.3529184685778368,0,0,0.5485975667474832,1,8
reversed,80,stop,mechanism_repair,-6.922926298933391,23.162562901116075,-78.24842336688545,0.08,-8.277859524602093,4.482388992293872,0.6948951317196056,0,0,0.0,0,0
reversed,80,fixed,general,-21.520912251788673,37.76054885397136,-78.24842336688545,0.3,-22.23902558848323,6.7331025831617755,1.7487637483927105,1,0,5.181405951361407,2,0
reversed,80,random,mechanism_repair,-9.47755883796492,25.717195440147606,-78.24842336688545,0.08,-8.277859524602093,9.641125339010111,1.4080285376362576,0,0,2.5546325390315303,2,0
reversed,80,entropy,general,-19.42084242885591,35.66047903103859,-78.24842336688545,0.3,-22.23902558848323,4.977416229885316,1.4929888154465263,0,0,3.0813361284286462,2,0
reversed,80,myopic,mechanism_repair,-7.150207656982776,23.38984425916546,-78.24842336688545,0.08,-8.277859524602093,10.161414135924943,1.1544389465769649,0,0,0.22728135804938443,1,2
reversed,80,sequential,mechanism_repair,-7.150207656982776,23.38984425916546,-78.24842336688545,0.08,-8.277859524602093,10.161414135924943,1.1544389465769649,0,0,0.22728135804938443,1,8
reversed,81,stop,mechanism_repair,-0.12307103344405923,10.716076610845958,-10.913286821063547,0.01,-3.818167603836771,2.590621831087301,0.521618331159992,0,0,0.0,0,0
reversed,81,fixed,source_repair,-2.7762528607431607,13.36925843814506,-10.320173406875313,0.01,-3.0841897537788285,2.655041081650083,1.1976555475366186,0,0,3.387159677357044,2,0
reversed,81,random,source_repair,-3.4749831010979984,14.067988678499898,-10.320173406875313,0.01,-3.0841897537788285,-1.2140914282305295,0.9467734533824713,0,0,4.0858899177118815,2,0
reversed,81,entropy,source_repair,-2.7762528607431607,13.36925843814506,-10.320173406875313,0.01,-3.0841897537788285,2.655041081650083,1.1976555475366186,0,0,3.387159677357044,2,0
reversed,81,myopic,mechanism_repair,-0.12307103344405923,10.716076610845958,-10.913286821063547,0.01,-3.818167603836771,2.590621831087301,0.521618331159992,0,0,0.0,0,1
reversed,81,sequential,mechanism_repair,-1.8036957904173208,12.396701367819219,-10.913286821063547,0.01,-3.818167603836771,3.904979350776494,0.8195777149746253,0,0,1.6806247569732615,1,8
reversed,82,stop,mechanism_repair,-0.19282320280327692,16.789557670593762,-17.098539429302626,0.01,-5.982165629137809,7.119835569321711,0.5287170851908021,0,0,0.0,0,0
reversed,82,fixed,mechanism_repair,-4.554620850586199,21.151355318376687,-17.098539429302626,0.01,-5.982165629137809,10.64714190037186,1.5139975737193756,0,0,4.361797647782922,2,0
reversed,82,random,mechanism_repair,-4.554620850586199,21.151355318376687,-17.098539429302626,0.01,-5.982165629137809,10.64714190037186,1.5139975737193756,0,0,4.361797647782922,2,0
reversed,82,entropy,mechanism_repair,-4.554620850586199,21.151355318376687,-17.098539429302626,0.01,-5.982165629137809,10.64714190037186,1.5139975737193756,0,0,4.361797647782922,2,0
reversed,82,myopic,mechanism_repair,-2.2759015120115693,18.872635979802055,-17.098539429302626,0.01,-5.982165629137809,9.642169825864908,1.4043801706635464,0,0,2.0830783092082923,1,2
reversed,82,sequential,mechanism_repair,-2.2759015120115693,18.872635979802055,-17.098539429302626,0.01,-5.982165629137809,9.642169825864908,1.4043801706635464,0,0,2.0830783092082923,1,8
reversed,83,stop,source_repair,13.709908859432032,0.0,-1.5993300133997912,0.01,1.5471779477454524,6.4407459985676425,0.32691041375627605,0,0,0.0,0,0
reversed,83,fixed,general,-19.43425419639192,33.14416305582395,-66.05928316216537,0.3,-18.774743635562796,2.3280238647138436,1.5116473792355907,0,0,5.640032830818702,2,0
reversed,83,random,mechanism_repair,-11.503566828169227,25.21347568760126,-66.05928316216537,0.08,-6.988376797681707,-0.883818517812168,1.0038375455587325,0,0,5.659058670506069,2,0
reversed,83,entropy,mechanism_repair,-11.333686564437595,25.043595423869625,-66.05928316216537,0.08,-6.988376797681707,4.937807195414962,1.43973306303615,0,0,5.489178406774437,2,0
reversed,83,myopic,source_repair,13.709908859432032,0.0,-1.5993300133997912,0.01,1.5471779477454524,6.4407459985676425,0.32691041375627605,0,0,0.0,0,1
reversed,83,sequential,source_repair,13.709908859432032,0.0,-1.5993300133997912,0.01,1.5471779477454524,6.4407459985676425,0.32691041375627605,0,0,0.0,0,7
reversed,84,stop,source_repair,0.6700638890925716,10.948713838279595,-11.319525893408493,0.01,-3.3828468187197798,4.621612087526333,0.4612492229893892,0,0,0.0,0,0
reversed,84,fixed,source_repair,-2.583467528539253,14.202245255911418,-11.319525893408493,0.01,-3.3828468187197798,8.921179380419206,1.8994054521265404,0,0,3.2535314176318244,2,0
reversed,84,random,source_repair,-0.8736162912770891,12.492394018649255,-11.319525893408493,0.01,-3.3828468187197798,10.142127556868154,1.658801561149007,0,0,1.5436801803696607,2,0
reversed,84,entropy,source_repair,-0.8736162912770891,12.492394018649255,-11.319525893408493,0.01,-3.3828468187197798,10.142127556868154,1.658801561149007,0,0,1.5436801803696607,2,0
reversed,84,myopic,source_repair,-0.5707505424630479,12.189528269835213,-11.319525893408493,0.01,-3.3828468187197798,10.086168311712383,1.6298003610980512,0,0,1.2408144315556195,1,2
reversed,84,sequential,source_repair,-0.5707505424630479,12.189528269835213,-11.319525893408493,0.01,-3.3828468187197798,10.086168311712383,1.6298003610980512,0,0,1.2408144315556195,1,8
reversed,85,stop,source_repair,0.926839436332071,15.14437642084345,-15.657287565221392,0.01,-4.6791893873075425,6.71882599260212,0.6099342619621295,0,0,0.0,0,0
reversed,85,fixed,source_repair,-2.785488394914176,18.856704252089695,-15.657287565221392,0.01,-4.6791893873075425,10.60376352312684,1.7281138948412704,0,0,3.712327831246247,2,0
reversed,85,random,source_repair,-2.035883138097833,18.107098995273354,-15.657287565221392,0.01,-4.6791893873075425,3.1379703697012697,1.4198412932776425,0,0,2.962722574429904,2,0
reversed,85,entropy,source_repair,-2.785488394914176,18.856704252089695,-15.657287565221392,0.01,-4.6791893873075425,10.60376352312684,1.7281138948412704,0,0,3.712327831246247,2,0
reversed,85,myopic,source_repair,-0.16318113181892502,16.234396988994444,-15.657287565221392,0.01,-4.6791893873075425,8.849811220897207,1.4769505150761375,0,0,1.090020568150996,1,2
reversed,85,sequential,source_repair,-0.16318113181892502,16.234396988994444,-15.657287565221392,0.01,-4.6791893873075425,8.849811220897207,1.4769505150761375,0,0,1.090020568150996,1,8
reversed,86,stop,mechanism_repair,-0.18227035724720464,15.870697250910183,-16.162769028185824,0.01,-5.654773131464471,4.915640315895798,0.7260175393438106,0,0,0.0,0,0
reversed,86,fixed,source_repair,-2.197300081599522,17.8857269752625,-15.284357667958334,0.01,-4.567739073182951,7.746289893964666,1.3969986905395806,0,0,3.102063782633837,2,0
reversed,86,random,source_repair,-3.3126677425688333,19.001094636231812,-15.284357667958334,0.01,-4.567739073182951,9.142009186903133,1.3054491495052338,0,0,4.217431443603148,2,0
reversed,86,entropy,source_repair,-3.3126677425688333,19.001094636231812,-15.284357667958334,0.01,-4.567739073182951,9.142009186903133,1.3054491495052338,0,0,4.217431443603148,2,0
reversed,86,myopic,source_repair,-3.3126677425688333,19.001094636231812,-15.284357667958334,0.01,-4.567739073182951,9.142009186903133,1.3054491495052338,0,0,4.217431443603148,2,2
reversed,86,sequential,source_repair,-3.3126677425688333,19.001094636231812,-15.284357667958334,0.01,-4.567739073182951,9.142009186903133,1.3054491495052338,0,0,4.217431443603148,2,8
reversed,87,stop,source_repair,14.470881781928217,0.0,-1.6881013427216085,0.01,1.6330545598067727,4.7143326754869985,0.40351915000971855,0,0,0.0,0,0
reversed,87,fixed,mechanism_repair,-10.10559379780069,24.576475579728907,-69.72592502545771,0.08,-7.376268910587895,0.41222095815171933,1.0359898143531123,0,0,3.9366843258115116,2,0
reversed,87,random,mechanism_repair,-11.187295472994634,25.65817725492285,-69.72592502545771,0.08,-7.376268910587895,7.589574705775237,1.5751606133168858,0,0,5.018386001005456,2,0
reversed,87,entropy,mechanism_repair,-10.922267498023999,25.393149279952215,-69.72592502545771,0.08,-7.376268910587895,9.741294059186828,1.8402722540343006,0,0,4.75335802603482,2,0
reversed,87,myopic,mechanism_repair,-9.086439322603562,23.55732110453178,-69.72592502545771,0.08,-7.376268910587895,10.514615668098603,1.6558866918042856,0,0,2.917529850614382,1,2
reversed,87,sequential,mechanism_repair,-9.086439322603562,23.55732110453178,-69.72592502545771,0.08,-7.376268910587895,10.514615668098603,1.6558866918042856,0,0,2.917529850614382,1,8
reversed,88,stop,source_repair,0.5870433425424427,9.592174228144964,-9.917042874017966,0.01,-2.963713962350197,4.726695601781403,0.5361791173486412,0,0,0.0,0,0
reversed,88,fixed,source_repair,-2.1318718017132285,12.311089372400634,-9.917042874017966,0.01,-2.963713962350197,7.782066472891952,1.868796923485112,0,0,2.7189151442556714,2,0
reversed,88,random,source_repair,-2.1318718017132285,12.311089372400634,-9.917042874017966,0.01,-2.963713962350197,7.7820664728919535,1.8687969234851118,0,0,2.7189151442556714,2,0
reversed,88,entropy,source_repair,0.10572597462404176,10.073491596063365,-9.917042874017966,0.01,-2.963713962350197,6.7626861632116615,1.370736908096739,0,0,0.48131736791840096,2,0
reversed,88,myopic,source_repair,0.37275890895054303,9.806458661736864,-9.917042874017966,0.01,-2.963713962350197,9.295060748047389,1.5136431913699122,0,0,0.2142844335918997,1,2
reversed,88,sequential,source_repair,0.37275890895054303,9.806458661736864,-9.917042874017966,0.01,-2.963713962350197,9.295060748047389,1.5136431913699122,0,0,0.2142844335918997,1,8
reversed,89,stop,source_repair,-7.032411871194663,22.545301584968133,-69.91932263354191,0.08,-8.243120142059679,2.882217226813867,0.7158490805989338,0,0,0.0,0,0
reversed,89,fixed,source_repair,-9.888230343269203,25.401120057042675,-69.91932263354191,0.08,-8.243120142059679,7.422299067541381,1.3263347853992746,0,0,2.855818472074541,2,0
reversed,89,random,source_repair,-10.880259962528154,26.393149676301626,-69.91932263354191,0.08,-8.243120142059679,7.8675658826068595,1.65787428835162,0,0,3.8478480913334905,2,0
reversed,89,entropy,source_repair,-10.880259962528154,26.393149676301626,-69.91932263354191,0.08,-8.243120142059679,7.8675658826068595,1.65787428835162,0,0,3.8478480913334905,2,0
reversed,89,myopic,source_repair,-7.968721267741274,23.481610981514745,-69.91932263354191,0.08,-8.243120142059679,8.346730647487476,1.255590411174489,0,0,0.9363093965466112,1,2
reversed,89,sequential,source_repair,-7.968721267741274,23.481610981514745,-69.91932263354191,0.08,-8.243120142059679,8.346730647487476,1.255590411174489,0,0,0.9363093965466112,1,8
reversed,90,stop,mechanism_repair,-0.17693191103426875,15.405866518610367,-15.689383918219496,0.01,-5.489152661605326,7.2909240809741975,0.9600217489160077,0,0,0.0,0,0
reversed,90,fixed,source_repair,-2.9306701356639753,18.159604743240074,-14.83670000962061,0.01,-4.433956324714206,1.8479993638501253,1.4381859957181933,0,0,3.8089345615208274,2,0
reversed,90,random,source_repair,-2.9306701356639753,18.159604743240074,-14.83670000962061,0.01,-4.433956324714206,1.8479993638501253,1.4381859957181933,0,0,3.8089345615208274,2,0
reversed,90,entropy,mechanism_repair,-3.779468281250586,19.008402888826684,-15.689383918219496,0.01,-5.489152661605326,13.430401022572447,1.9189549525818013,0,0,3.6025363702163173,2,0
reversed,90,myopic,mechanism_repair,-2.372216213671813,17.601150821247913,-15.689383918219496,0.01,-5.489152661605326,14.438333635226465,1.8309373033816843,0,0,2.1952843026375444,1,2
reversed,90,sequential,mechanism_repair,-2.372216213671813,17.601150821247913,-15.689383918219496,0.01,-5.489152661605326,14.438333635226465,1.8309373033816843,0,0,2.1952843026375444,1,8
reversed,91,stop,source_repair,-8.931342628889857,28.63310864253988,-88.7993249340174,0.08,-10.46897304485258,5.922746550311223,1.0848495927157138,0,0,0.0,0,0
reversed,91,fixed,general,-13.288058429656209,32.98982444330623,-88.7993249340174,0.2,-15.89040551450838,10.761148146474119,1.7561174909517188,1,0,1.8843556486560797,2,0
reversed,91,random,source_repair,-10.706471067847191,30.408237081497212,-88.7993249340174,0.08,-10.46897304485258,10.5305923215984,1.509586067239828,0,0,1.7751284389573347,2,0
reversed,91,entropy,general,-13.288058429656209,32.98982444330623,-88.7993249340174,0.2,-15.89040551450838,10.761148146474119,1.7561174909517188,1,0,1.8843556486560797,2,0
reversed,91,myopic,general,-12.778570610349083,32.48033662399911,-88.7993249340174,0.2,-15.89040551450838,13.362069504722205,1.8531199106022378,1,0,1.3748678293489542,1,2
reversed,91,sequential,general,-12.778570610349083,32.48033662399911,-88.7993249340174,0.2,-15.89040551450838,13.362069504722205,1.8531199106022378,1,0,1.3748678293489542,1,8
reversed,92,stop,mechanism_repair,-0.1426543325005809,12.421239288936128,-12.64982996631658,0.01,-4.425721761313205,3.657471808800522,0.7966541461787788,0,0,0.0,0,0
reversed,92,fixed,source_repair,-4.551259468890494,16.829844425326044,-11.962339207277633,0.01,-3.5749519470025115,6.80762190794835,1.8454426239885713,0,0,5.259374950700607,2,0
reversed,92,random,source_repair,-2.61305351373411,14.891638470169658,-11.962339207277633,0.01,-3.5749519470025115,6.717944351522769,1.5940669343383236,0,0,3.3211689955442227,2,0
reversed,92,entropy,source_repair,-2.61305351373411,14.891638470169658,-11.962339207277633,0.01,-3.5749519470025115,6.717944351522769,1.5940669343383238,0,0,3.3211689955442227,2,0
reversed,92,myopic,source_repair,-1.917455423249819,14.196040379685368,-11.962339207277633,0.01,-3.5749519470025115,8.980549323771204,1.6987262756619146,0,0,2.6255709050599316,1,2
reversed,92,sequential,source_repair,-1.917455423249819,14.196040379685368,-11.962339207277633,0.01,-3.5749519470025115,8.980549323771204,1.6987262756619146,0,0,2.6255709050599316,1,8
reversed,93,stop,mechanism_repair,15.570171998132235,0.0,-0.8864526816633234,0.01,0.7294766859521092,5.220269114526631,0.44092052005696425,0,0,0.0,0,0
reversed,93,fixed,source_repair,-10.449392082582648,26.019564080714883,-70.17750396501305,0.08,-8.273558362191013,0.8621535435367362,0.9479831928982934,0,0,3.391012604838441,2,0
reversed,93,random,source_repair,-11.764690306384033,27.334862304516268,-70.17750396501305,0.08,-8.273558362191013,4.6868179483677155,1.3000934734205178,0,0,4.7063108286398245,2,0
reversed,93,entropy,general,-11.493455318762143,27.063627316894376,-70.17750396501305,0.2,-12.558079656897071,2.4246229229028615,1.3281637398740727,0,0,2.481186388518362,2,0
reversed,93,myopic,general,-11.493455318762143,27.063627316894376,-70.17750396501305,0.2,-12.558079656897071,2.4246229229028615,1.3281637398740727,0,0,2.481186388518362,2,2
reversed,93,sequential,general,-11.493455318762143,27.063627316894376,-70.17750396501305,0.2,-12.558079656897071,2.4246229229028615,1.3281637398740727,0,0,2.481186388518362,2,8
reversed,94,stop,mechanism_repair,12.176995050538352,0.0,-0.6932697929377785,0.01,0.5705032671050466,5.222097233665601,0.35684943537087266,0,0,0.0,0,0
reversed,94,fixed,source_repair,-6.49750422915667,18.67449927969502,-54.88385860757411,0.08,-6.470518067419263,4.047554135132538,0.7932787856796263,0,0,0.9773435028896104,2,0
reversed,94,random,source_repair,-9.077892616159852,21.254887666698203,-54.88385860757411,0.08,-6.470518067419263,3.9590717955019117,1.353741698036497,0,0,3.5577318898927923,2,0
reversed,94,entropy,source_repair,-6.49750422915667,18.67449927969502,-54.88385860757411,0.08,-6.470518067419263,4.047554135132538,0.7932787856796263,0,0,0.9773435028896104,2,0
reversed,94,myopic,source_repair,-6.168043985102658,18.34503903564101,-54.88385860757411,0.08,-6.470518067419263,3.790764424874456,0.7899463578806294,0,0,0.6478832588355986,1,2
reversed,94,sequential,source_repair,-6.168043985102658,18.34503903564101,-54.88385860757411,0.08,-6.470518067419263,3.790764424874456,0.7899463578806294,0,0,0.6478832588355986,1,8
reversed,95,stop,mechanism_repair,-0.1638752130967982,14.268989940368211,-14.531585161354652,0.01,-5.0840804063163345,5.686953262891656,0.5078315541096866,0,0,0.0,0,0
reversed,95,fixed,source_repair,-4.501387883151044,18.606502610422456,-13.74182509823755,0.01,-4.106752328208923,0.7250971954280931,1.1982161428954003,0,0,5.314840748161657,2,0
reversed,95,random,mechanism_repair,-4.412323999314254,18.517438726585667,-14.531585161354652,0.01,-5.0840804063163345,0.942847587361479,0.9167285505559977,0,0,4.248448786217456,2,0
reversed,95,entropy,source_repair,-4.501387883151044,18.606502610422456,-13.74182509823755,0.01,-4.106752328208923,0.7250971954280931,1.1982161428954003,0,0,5.314840748161657,2,0
reversed,95,myopic,mechanism_repair,-0.1638752130967982,14.268989940368211,-14.531585161354652,0.01,-5.0840804063163345,5.686953262891656,0.5078315541096866,0,0,0.0,0,1
reversed,95,sequential,mechanism_repair,-0.1638752130967982,14.268989940368211,-14.531585161354652,0.01,-5.0840804063163345,5.686953262891656,0.5078315541096866,0,0,0.0,0,7
reversed,96,stop,source_repair,0.634951871664792,10.374990291377138,-10.72637142424018,0.01,-3.205582264715456,5.392957855997882,0.6780838892568672,0,0,0.0,0,0
reversed,96,fixed,source_repair,-1.926707232786439,12.93664939582837,-10.72637142424018,0.01,-3.205582264715456,3.3370311513824604,0.5306422130577724,0,0,2.561659104451231,2,0
reversed,96,random,mechanism_repair,-5.021782798064757,16.03172496110669,-11.342829552070075,0.01,-3.9684491979049517,0.5857246093330062,1.2588006334198198,0,0,4.893867736540054,2,0
reversed,96,entropy,mechanism_repair,-3.2647268576286352,14.274669020670565,-11.342829552070075,0.01,-3.9684491979049517,3.341198804746379,0.7787751767906753,0,0,3.136811796103932,2,0
reversed,96,myopic,source_repair,0.634951871664792,10.374990291377138,-10.72637142424018,0.01,-3.205582264715456,5.392957855997882,0.6780838892568672,0,0,0.0,0,1
reversed,96,sequential,source_repair,-1.926707232786439,12.93664939582837,-10.72637142424018,0.01,-3.205582264715456,3.3370311513824604,0.5306422130577724,0,0,2.561659104451231,2,8
reversed,97,stop,mechanism_repair,-7.824011718732081,26.17739316423492,-88.43320800470525,0.08,-9.355302531024083,4.497673958408811,1.0866793016237228,0,0,0.0,0,0
reversed,97,fixed,mechanism_repair,-10.003336847194486,28.356718292697327,-88.43320800470525,0.08,-9.355302531024083,9.69770375484103,1.4210547249347583,0,0,2.1793251284624064,2,0
reversed,97,random,mechanism_repair,-12.010359479442002,30.363740924944842,-88.43320800470525,0.08,-9.355302531024083,14.095149431988311,1.8347002746508103,0,0,4.18634776070992,2,0
reversed,97,entropy,mechanism_repair,-11.719353963190118,30.072735408692957,-88.43320800470525,0.08,-9.355302531024083,13.812154771439404,1.8203056799307311,0,0,3.895342244458037,2,0
reversed,97,myopic,mechanism_repair,-10.775194157084856,29.128575602587695,-88.43320800470525,0.08,-9.355302531024083,14.160302916128002,1.7363106359961074,0,0,2.951182438352775,1,2
reversed,97,sequential,mechanism_repair,-10.775194157084856,29.128575602587695,-88.43320800470525,0.08,-9.355302531024083,14.160302916128002,1.7363106359961074,0,0,2.951182438352775,1,8
reversed,98,stop,mechanism_repair,19.49399222357665,0.0,-1.1098465505060817,0.01,0.9133112238539647,7.749327186938346,0.4993154478408856,0,0,0.0,0,0
reversed,98,fixed,general,-15.378947119143374,34.872939342720024,-87.86285191506497,0.2,-15.722826132169523,5.942176887844381,1.4096481646293018,0,0,4.095507188998189,2,0
reversed,98,random,general,-15.378947119143374,34.872939342720024,-87.86285191506497,0.2,-15.722826132169523,5.942176887844379,1.4096481646293015,0,0,4.095507188998189,2,0
reversed,98,entropy,general,-16.153941904789015,35.64793412836566,-87.86285191506497,0.2,-15.722826132169523,8.599695045298272,1.687483339213817,1,0,4.870501974643831,2,0
reversed,98,myopic,general,-13.38664557226797,32.88063779584462,-87.86285191506497,0.2,-15.722826132169523,9.719930784132073,1.4703904162170751,1,0,2.103205642122784,1,2
reversed,98,sequential,general,-13.38664557226797,32.88063779584462,-87.86285191506497,0.2,-15.722826132169523,9.719930784132073,1.4703904162170751,1,0,2.103205642122784,1,8
reversed,99,stop,mechanism_repair,-7.562027542238094,25.300852709359074,-85.47205431441033,0.08,-9.042043640629727,6.7971460377730235,0.9174273754388907,0,0,0.0,0,0
reversed,99,fixed,general,-22.587772104731084,40.326597271852066,-85.47205431441033,0.3,-24.29205754199031,6.890836876807609,1.6681018550085538,1,0,4.7398576051298695,2,0
reversed,99,random,general,-22.587772104731084,40.326597271852066,-85.47205431441033,0.3,-24.29205754199031,6.890836876807609,1.6681018550085538,1,0,4.7398576051298695,2,0
reversed,99,entropy,general,-20.79535833828316,38.534183505404144,-85.47205431441033,0.3,-24.29205754199031,10.355343997974234,1.707183143272222,1,0,2.94744383868195,2,0
reversed,99,myopic,general,-20.79535833828316,38.534183505404144,-85.47205431441033,0.3,-24.29205754199031,10.355343997974234,1.707183143272222,1,0,2.94744383868195,2,2
reversed,99,sequential,general,-20.79535833828316,38.534183505404144,-85.47205431441033,0.3,-24.29205754199031,10.355343997974234,1.707183143272222,1,0,2.94744383868195,2,8
reversed,100,stop,source_repair,14.160841236986663,0.0,-1.6519335494868104,0.01,1.5980661511339798,5.2069360023907,0.43734087321604337,0,0,0.0,0,0
reversed,100,fixed,source_repair,9.74513001520568,4.415711221780983,-1.6519335494868104,0.01,1.5980661511339798,2.2516070673566055,0.4996631047581866,0,0,4.415711221780983,2,0
reversed,100,random,source_repair,9.74513001520568,4.415711221780983,-1.6519335494868104,0.01,1.5980661511339798,2.2516070673566064,0.4996631047581866,0,0,4.415711221780983,2,0
reversed,100,entropy,mechanism_repair,-10.181646273225258,24.34248751021192,-68.23203791358564,0.08,-7.218231379279324,1.8860606124877277,0.687762003185041,0,0,4.144906497818022,2,0
reversed,100,myopic,mechanism_repair,-8.651280085404352,22.812121322391015,-68.23203791358564,0.08,-7.218231379279324,8.362238193347894,1.367026510103502,0,0,2.614540309997116,1,2
reversed,100,sequential,mechanism_repair,-8.651280085404352,22.812121322391015,-68.23203791358564,0.08,-7.218231379279324,8.362238193347894,1.367026510103502,0,0,2.614540309997116,1,8
reversed,101,stop,source_repair,14.99753533562067,0.0,-1.7495381358994488,0.01,1.6924879792940337,4.948449231092938,0.43525066165943826,0,0,0.0,0,0
reversed,101,fixed,general,-18.526920209326796,33.524455544947465,-72.26353170019469,0.3,-20.53805637795007,7.017560954090494,1.7402922182999432,1,0,3.4371537871940374,2,0
reversed,101,random,mechanism_repair,-9.41134385452747,24.40887919014814,-72.26353170019469,0.08,-7.64472098512586,7.703441341049156,1.4771581481970957,0,0,3.017922970947086,2,0
reversed,101,entropy,general,-18.526920209326796,33.524455544947465,-72.26353170019469,0.3,-20.53805637795007,7.017560954090494,1.7402922182999432,1,0,3.4371537871940374,2,0
reversed,101,myopic,general,-18.526920209326796,33.524455544947465,-72.26353170019469,0.3,-20.53805637795007,7.017560954090494,1.7402922182999432,1,0,3.4371537871940374,2,2
reversed,101,sequential,general,-18.526920209326796,33.524455544947465,-72.26353170019469,0.3,-20.53805637795007,7.017560954090494,1.7402922182999432,1,0,3.4371537871940374,2,8
reversed,102,stop,source_repair,19.00232751300778,0.0,-2.216717341275236,0.01,2.144433080146697,5.668842823124643,0.4448913532749906,0,0,0.0,0,0
reversed,102,fixed,mechanism_repair,-11.122796279295295,30.12512379230308,-91.5600640961511,0.08,-9.686090991224406,6.243987312093109,0.8322129768281461,0,0,3.022140082156876,2,0
reversed,102,random,source_repair,15.755709632359778,3.246617880648003,-2.216717341275236,0.01,2.144433080146697,8.727942731554041,0.12811904662382934,0,0,3.246617880648002,2,0
reversed,102,entropy,source_repair,16.619880524447474,2.3824469885603072,-2.216717341275236,0.01,2.144433080146697,3.4730101105965163,0.5271363000421349,0,0,2.3824469885603072,2,0
reversed,102,myopic,source_repair,17.698865119482065,1.3034623935257166,-2.216717341275236,0.01,2.144433080146697,9.375914781199135,0.21126753546815158,0,0,1.3034623935257168,1,2
reversed,102,sequential,source_repair,17.698865119482065,1.3034623935257166,-2.216717341275236,0.01,2.144433080146697,9.375914781199135,0.21126753546815158,0,0,1.3034623935257168,1,8
reversed,103,stop,mechanism_repair,12.262644774025874,0.0,-0.6981460670777384,0.01,0.5745160343660562,3.612720051513044,0.4773579357421066,0,0,0.0,0,0
reversed,103,fixed,general,-8.413614422089701,20.676259196115574,-55.26989697698769,0.2,-9.89040261693464,4.116786336724126,1.2065272943515493,0,0,1.315796073466018,2,0
reversed,103,random,general,-9.31343454759976,21.576079321625635,-55.26989697698769,0.2,-9.89040261693464,3.6426623860659917,1.5715260274572547,0,0,2.2156161989760768,2,0
reversed,103,entropy,general,-9.31343454759976,21.576079321625635,-55.26989697698769,0.2,-9.89040261693464,3.6426623860659917,1.5715260274572547,0,0,2.2156161989760768,2,0
reversed,103,myopic,general,-9.31343454759976,21.576079321625635,-55.26989697698769,0.2,-9.89040261693464,3.6426623860659926,1.5715260274572547,0,0,2.2156161989760768,2,2
reversed,103,sequential,general,-9.31343454759976,21.576079321625635,-55.26989697698769,0.2,-9.89040261693464,3.6426623860659926,1.5715260274572547,0,0,2.2156161989760768,2,8
reversed,104,stop,source_repair,0.8925354450570077,14.583855864378098,-15.077783246594114,0.01,-4.506004188637322,6.329289974045962,1.0816774068245727,0,0,0.0,0,0
reversed,104,fixed,source_repair,-2.51592995283385,17.992321262268955,-15.077783246594114,0.01,-4.506004188637322,10.981164458995972,1.6439584935327993,0,0,3.4084653978908577,2,0
reversed,104,random,source_repair,-2.51592995283385,17.992321262268955,-15.077783246594114,0.01,-4.506004188637322,10.981164458995972,1.6439584935327993,0,0,3.4084653978908577,2,0
reversed,104,entropy,mechanism_repair,-4.940917427038018,20.417308736473124,-15.944322513639753,0.01,-5.578346531606299,1.7343481578474202,1.4535577669778639,0,0,4.761110529126048,2,0
reversed,104,myopic,mechanism_repair,-2.5255804570626603,18.001971766497764,-15.944322513639753,0.01,-5.578346531606299,13.080987877800684,1.7299897654566638,0,0,2.3457735591506905,1,2
reversed,104,sequential,mechanism_repair,-2.5255804570626603,18.001971766497764,-15.944322513639753,0.01,-5.578346531606299,13.080987877800684,1.7299897654566638,0,0,2.3457735591506905,1,8
reversed,105,stop,mechanism_repair,16.87612361969627,0.0,-0.9608040964837161,0.01,0.7906617043980582,4.7105787703111375,0.5397486577385536,0,0,0.0,0,0
reversed,105,fixed,general,-14.286841161611896,31.162964781308165,-76.06365763829419,0.2,-13.611391366852647,7.1379185429278325,1.5968039218213965,1,0,4.518666180694114,2,0
reversed,105,random,general,-13.528578656727598,30.40470227642387,-76.06365763829419,0.2,-13.611391366852647,5.310856546486338,1.3360161132084174,0,0,3.760403675809817,2,0
reversed,105,entropy,general,-13.139830778596105,30.015954398292372,-76.06365763829419,0.2,-13.611391366852647,8.170945419008987,1.7933777114793854,1,0,3.371655797678324,2,0
reversed,105,myopic,general,-13.139830778596105,30.015954398292372,-76.06365763829419,0.2,-13.611391366852647,8.170945419008987,1.7933777114793854,1,0,3.371655797678324,2,2
reversed,105,sequential,general,-14.286841161611896,31.162964781308165,-76.06365763829419,0.2,-13.611391366852647,7.1379185429278325,1.5968039218213965,1,0,4.518666180694114,2,8
reversed,106,stop,source_repair,0.6938590728396942,11.337522520283546,-11.721502783893865,0.01,-3.502977843462534,3.2218629138244457,0.7094281823926749,0,0,0.0,0,0
reversed,106,fixed,source_repair,-1.1156835030763923,13.147065096199633,-11.721502783893865,0.01,-3.502977843462534,3.623686125411256,0.6530657157682791,0,0,1.8095425759160866,2,0
reversed,106,random,source_repair,-1.1156835030763923,13.147065096199633,-11.721502783893865,0.01,-3.502977843462534,3.623686125411256,0.6530657157682791,0,0,1.8095425759160866,2,0
reversed,106,entropy,source_repair,-1.1156835030763923,13.147065096199633,-11.721502783893865,0.01,-3.502977843462534,3.623686125411256,0.6530657157682791,0,0,1.8095425759160866,2,0
reversed,106,myopic,source_repair,-0.33957743377347815,12.370959026896719,-11.721502783893865,0.01,-3.502977843462534,5.560344396457928,1.0120646084524412,0,0,1.0334365066131723,1,2
reversed,106,sequential,source_repair,-0.33957743377347815,12.370959026896719,-11.721502783893865,0.01,-3.502977843462534,5.560344396457928,1.0120646084524412,0,0,1.0334365066131723,1,8
reversed,107,stop,source_repair,17.522451971187845,0.0,-2.0440823956752463,0.01,1.9774275349467045,5.903387925644523,0.5372061949712211,0,0,0.0,0,0
reversed,107,fixed,general,-20.81199043549025,38.33444240667809,-84.42949025615142,0.3,-23.995749862274614,5.735162699913931,1.4346115677774636,0,0,3.181779772791262,2,0
reversed,107,random,mechanism_repair,-8.190066214790434,25.71251818597828,-84.42949025615142,0.08,-8.93175133762444,8.662051001789138,1.2233380502836122,0,0,0.7202781558119844,2,0
reversed,107,entropy,mechanism_repair,-8.190066214790434,25.71251818597828,-84.42949025615142,0.08,-8.93175133762444,8.662051001789138,1.223338050283612,0,0,0.7202781558119844,2,0
reversed,107,myopic,mechanism_repair,-8.190066214790434,25.71251818597828,-84.42949025615142,0.08,-8.93175133762444,8.662051001789138,1.223338050283612,0,0,0.7202781558119844,2,2
reversed,107,sequential,mechanism_repair,-8.190066214790434,25.71251818597828,-84.42949025615142,0.08,-8.93175133762444,8.662051001789138,1.223338050283612,0,0,0.7202781558119844,2,8
reversed,108,stop,mechanism_repair,16.38915708373888,0.0,-0.9330797533145141,0.01,0.7678468803317351,4.6558723739239545,0.5650310515057486,0,0,0.0,0,0
reversed,108,fixed,source_repair,-12.663613064325126,29.052770148064006,-73.86881380406565,0.08,-8.708744364268794,3.013854947720059,1.349738886041391,0,0,5.233965528558313,2,0
reversed,108,random,source_repair,-12.703117260417471,29.09227434415635,-73.86881380406565,0.08,-8.708744364268794,8.031144709072032,1.711202390520957,0,0,5.273469724650658,2,0
reversed,108,entropy,source_repair,-12.663613064325126,29.052770148064006,-73.86881380406565,0.08,-8.708744364268794,3.013854947720059,1.349738886041391,0,0,5.233965528558313,2,0
reversed,108,myopic,source_repair,-10.199614397677777,26.588771481416657,-73.86881380406565,0.08,-8.708744364268794,9.505386110786288,1.5455288499373951,0,0,2.7699668619109623,1,2
reversed,108,sequential,source_repair,-10.199614397677777,26.588771481416657,-73.86881380406565,0.08,-8.708744364268794,9.505386110786288,1.5455288499373951,0,0,2.7699668619109623,1,8
reversed,109,stop,source_repair,-6.033544871236169,19.343020750198,-59.988148902923704,0.08,-7.072287028555216,3.262009972750623,0.6848523367848367,0,0,0.0,0,0
reversed,109,fixed,source_repair,-8.16203329512598,21.471509174087814,-59.988148902923704,0.08,-7.072287028555216,3.025933985522076,0.9914506335250306,0,0,2.1284884238898107,2,0
reversed,109,random,source_repair,-8.16203329512598,21.471509174087814,-59.988148902923704,0.08,-7.072287028555216,3.025933985522076,0.9914506335250306,0,0,2.1284884238898107,2,0
reversed,109,entropy,source_repair,-8.037729297169214,21.347205176131048,-59.988148902923704,0.08,-7.072287028555216,6.544369920687573,1.4177132041531408,0,0,2.004184425933045,2,0
reversed,109,myopic,source_repair,-7.4253693848979525,20.734845263859786,-59.988148902923704,0.08,-7.072287028555216,4.930875664148309,1.2100946256323617,0,0,1.3918245136617842,1,2
reversed,109,sequential,source_repair,-7.4253693848979525,20.734845263859786,-59.988148902923704,0.08,-7.072287028555216,4.930875664148309,1.2100946256323617,0,0,1.3918245136617842,1,8
reversed,110,stop,source_repair,17.85271023370827,0.0,-2.0826086876322325,0.01,2.014697534774661,5.197310549302917,0.508374316073523,0,0,0.0,0,0
reversed,110,fixed,general,-21.39177564732192,39.24448588103019,-86.02079361959224,0.3,-24.448015028726218,5.5951029030217265,1.5104042980364325,0,0,3.429275716493909,2,0
reversed,110,random,mechanism_repair,-12.741367037168473,30.594077270876742,-86.02079361959224,0.08,-9.100094482914761,8.310462685771302,1.4761415971813383,0,0,5.13079050692981,2,0
reversed,110,entropy,general,-21.39177564732192,39.24448588103019,-86.02079361959224,0.3,-24.448015028726218,5.5951029030217265,1.5104042980364325,0,0,3.429275716493909,2,0
reversed,110,myopic,general,-21.39177564732192,39.24448588103019,-86.02079361959224,0.3,-24.448015028726218,5.5951029030217265,1.5104042980364325,0,0,3.429275716493909,2,2
reversed,110,sequential,general,-21.39177564732192,39.24448588103019,-86.02079361959224,0.3,-24.448015028726218,5.5951029030217265,1.5104042980364325,0,0,3.429275716493909,2,8
reversed,111,stop,mechanism_repair,-0.12004690113157251,10.45275848768524,-10.645122799137038,0.01,-3.7243466314915588,4.542919086112685,0.6196596392508442,0,0,0.0,0,0
reversed,111,fixed,mechanism_repair,-2.989326113196718,13.322037699750386,-10.645122799137038,0.01,-3.7243466314915588,0.5240737815518748,1.3446163089753158,0,0,2.8692792120651456,2,0
reversed,111,random,source_repair,-2.1834928785057883,12.516204465059456,-10.066583516575244,0.01,-3.0084042693213373,1.4109680850756345,0.6345631481893219,0,0,2.7793883395444374,2,0
reversed,111,entropy,mechanism_repair,-2.989326113196718,13.322037699750386,-10.645122799137038,0.01,-3.7243466314915588,0.5240737815518748,1.3446163089753158,0,0,2.8692792120651456,2,0
reversed,111,myopic,mechanism_repair,-0.12004690113157251,10.45275848768524,-10.645122799137038,0.01,-3.7243466314915588,4.542919086112685,0.6196596392508442,0,0,0.0,0,1
reversed,111,sequential,mechanism_repair,-0.12004690113157251,10.45275848768524,-10.645122799137038,0.01,-3.7243466314915588,4.542919086112685,0.6196596392508442,0,0,0.0,0,7
reversed,112,stop,mechanism_repair,19.855690277427886,0.0,-1.1304390147272425,0.01,0.9302571058692937,4.082355122495953,0.6294426584165363,0,0,0.0,0,0
reversed,112,fixed,general,-13.153320548944992,33.00901082637288,-89.49308866590673,0.2,-16.014552708635943,6.741757092792871,1.44246366842668,0,0,1.6605238992180216,2,0
reversed,112,random,mechanism_repair,17.5646560695169,2.291034207910986,-1.1304390147272425,0.01,0.9302571058692937,4.796125448225703,0.6893156885906481,0,0,2.291034207910985,2,0
reversed,112,entropy,mechanism_repair,17.5646560695169,2.291034207910986,-1.1304390147272425,0.01,0.9302571058692937,4.796125448225703,0.689315688590648,0,0,2.291034207910985,2,0
reversed,112,myopic,mechanism_repair,18.731808646869514,1.1238816305583725,-1.1304390147272425,0.01,0.9302571058692937,13.558357715262153,0.06771264495380333,0,0,1.123881630558373,1,2
reversed,112,sequential,mechanism_repair,18.731808646869514,1.1238816305583725,-1.1304390147272425,0.01,0.9302571058692937,13.558357715262153,0.06771264495380333,0,0,1.123881630558373,1,8
reversed,113,stop,mechanism_repair,-8.068653075186178,26.995908422436564,-91.19833933880867,0.08,-9.647824319526602,6.027013366818144,0.8937673537074118,0,0,0.0,0,0
reversed,113,fixed,mechanism_repair,-10.098376498930495,29.025631846180882,-91.19833933880867,0.08,-9.647824319526602,9.77386550975304,1.315956589055245,0,0,2.029723423744316,2,0
reversed,113,random,mechanism_repair,-10.098376498930495,29.025631846180882,-91.19833933880867,0.08,-9.647824319526602,9.77386550975304,1.315956589055245,0,0,2.029723423744316,2,0
reversed,113,entropy,mechanism_repair,-10.098376498930495,29.025631846180882,-91.19833933880867,0.08,-9.647824319526602,9.77386550975304,1.315956589055245,0,0,2.029723423744316,2,0
reversed,113,myopic,mechanism_repair,-9.128864871025788,28.056120218276178,-91.19833933880867,0.08,-9.647824319526602,7.9839361255017165,1.3173326596775239,0,0,1.0602117958396093,1,2
reversed,113,sequential,mechanism_repair,-9.128864871025788,28.056120218276178,-91.19833933880867,0.08,-9.647824319526602,7.9839361255017165,1.3173326596775239,0,0,1.0602117958396093,1,8
reversed,114,stop,source_repair,0.7891600479927804,12.89472194924126,-13.331441587450858,0.01,-3.984108980157728,3.21636865057985,0.6507298509871682,0,0,0.0,0,0
reversed,114,fixed,source_repair,-2.800898022360813,16.484780019594854,-13.331441587450858,0.01,-3.984108980157728,7.995243563702016,1.5725783673818878,0,0,3.590058070353593,2,0
reversed,114,random,source_repair,-2.758980603392726,16.442862600626768,-13.331441587450858,0.01,-3.984108980157728,8.407666474227625,1.4235015760499798,0,0,3.5481406513855065,2,0
reversed,114,entropy,source_repair,-2.800898022360813,16.484780019594854,-13.331441587450858,0.01,-3.984108980157728,7.995243563702016,1.5725783673818878,0,0,3.590058070353593,2,0
reversed,114,myopic,source_repair,0.117222689681589,13.566659307552452,-13.331441587450858,0.01,-3.984108980157728,10.205565876282012,1.3731400984437268,0,0,0.6719373583111914,1,2
reversed,114,sequential,source_repair,0.117222689681589,13.566659307552452,-13.331441587450858,0.01,-3.984108980157728,10.205565876282012,1.3731400984437268,0,0,0.6719373583111914,1,8
reversed,115,stop,mechanism_repair,12.218488794594254,0.0,-0.6956321458196246,0.01,0.5724472866640649,4.0795023794576135,0.5396316398746449,0,0,0.0,0,0
reversed,115,fixed,source_repair,-8.707151384755932,20.925640179350186,-55.07087821072017,0.08,-6.4925666943164835,-0.10409417063606563,0.6087914858236018,0,0,3.168180423667182,2,0
reversed,115,random,mechanism_repair,8.565779073551543,3.6527097210427115,-0.6956321458196246,0.01,0.5724472866640649,5.849602321170001,0.04977258281199523,0,0,3.6527097210427124,2,0
reversed,115,entropy,mechanism_repair,9.877115897725945,2.341372896868309,-0.6956321458196246,0.01,0.5724472866640649,8.602236178206532,0.011248709161248961,0,0,2.3413728968683096,2,0
reversed,115,myopic,mechanism_repair,10.805537697472335,1.412951097121919,-0.6956321458196246,0.01,0.5724472866640649,9.012780249255488,0.026181819789563316,0,0,1.41295109712192,1,2
reversed,115,sequential,mechanism_repair,10.805537697472335,1.412951097121919,-0.6956321458196246,0.01,0.5724472866640649,9.012780249255488,0.026181819789563316,0,0,1.41295109712192,1,8
reversed,116,stop,source_repair,0.7390729232170269,12.076308056060745,-12.485309576675993,0.01,-3.7312419424548944,4.369245785891845,0.5011622070619117,0,0,0.0,0,0
reversed,116,fixed,source_repair,-2.165054594039,14.980435573316772,-12.485309576675993,0.01,-3.7312419424548944,10.19624526187108,1.8858568202900206,0,0,2.904127517256027,2,0
reversed,116,random,source_repair,-2.1896230149479186,15.005003994225689,-12.485309576675993,0.01,-3.7312419424548944,5.04033672746594,1.3794032826221345,0,0,2.9286959381649456,2,0
reversed,116,entropy,source_repair,-2.165054594039,14.980435573316772,-12.485309576675993,0.01,-3.7312419424548944,10.196245261871079,1.8858568202900203,0,0,2.904127517256027,2,0
reversed,116,myopic,source_repair,0.02355204623512186,12.79182893304265,-12.485309576675993,0.01,-3.7312419424548944,11.29924519819097,1.5691589250880953,0,0,0.715520876981905,1,2
reversed,116,sequential,source_repair,0.02355204623512186,12.79182893304265,-12.485309576675993,0.01,-3.7312419424548944,11.29924519819097,1.5691589250880953,0,0,0.715520876981905,1,8
reversed,117,stop,mechanism_repair,-0.17263105016872948,15.03138071770368,-15.308006376407787,0.01,-5.3557223395720195,4.598044741267516,0.3803024074818391,0,0,0.0,0,0
reversed,117,fixed,source_repair,-2.892764077926388,17.751513745461338,-14.476049508124754,0.01,-4.326175715071767,2.900799943496212,1.336164081401217,0,0,3.7496796522579112,2,0
reversed,117,random,source_repair,-2.892764077926388,17.751513745461338,-14.476049508124754,0.01,-4.326175715071767,2.900799943496213,1.336164081401217,0,0,3.7496796522579112,2,0
reversed,117,entropy,mechanism_repair,-3.2612019246944026,18.119951592229356,-15.308006376407787,0.01,-5.3557223395720195,12.53313201865096,1.7974125208078733,0,0,3.088570874525673,2,0
reversed,117,myopic,mechanism_repair,-0.7457798639137668,15.604529531448717,-15.308006376407787,0.01,-5.3557223395720195,12.755205769780405,1.313336700640227,0,0,0.5731488137450373,1,2
reversed,117,sequential,mechanism_repair,-0.7457798639137668,15.604529531448717,-15.308006376407787,0.01,-5.3557223395720195,12.755205769780405,1.313336700640227,0,0,0.5731488137450373,1,8
reversed,118,stop,source_repair,-8.503185913924193,27.260475406413697,-84.54240312117197,0.08,-9.967104367969752,4.1591263390760345,0.6252774387070612,0,0,0.0,0,0
reversed,118,fixed,source_repair,-11.07970907532274,29.83699856781224,-84.54240312117197,0.08,-9.967104367969752,12.240947716561626,1.616280181934188,0,0,2.576523161398546,2,0
reversed,118,random,source_repair,-11.07970907532274,29.83699856781224,-84.54240312117197,0.08,-9.967104367969752,12.240947716561626,1.616280181934188,0,0,2.576523161398546,2,0
reversed,118,entropy,source_repair,-11.641430003886349,30.39871949637585,-84.54240312117197,0.08,-9.967104367969752,13.205927624201808,1.8583372208309923,0,0,3.1382440899621558,2,0
reversed,118,myopic,source_repair,-11.641430003886349,30.39871949637585,-84.54240312117197,0.08,-9.967104367969752,13.205927624201808,1.8583372208309923,0,0,3.1382440899621558,2,2
reversed,118,sequential,source_repair,-11.641430003886349,30.39871949637585,-84.54240312117197,0.08,-9.967104367969752,13.205927624201808,1.8583372208309923,0,0,3.1382440899621558,2,8
reversed,119,stop,mechanism_repair,-5.009611736595024,16.761040338812943,-56.622619271448805,0.08,-5.990077091348005,5.050159917439386,1.1021025946667629,0,0,0.0,0,0
reversed,119,fixed,mechanism_repair,-6.61083707133396,18.36226567355188,-56.622619271448805,0.08,-5.990077091348005,6.8541688016831195,1.39075397861158,0,0,1.6012253347389365,2,0
reversed,119,random,mechanism_repair,-9.191541991266703,20.942970593484624,-56.622619271448805,0.08,-5.990077091348005,5.92566562451767,1.551052115242561,0,0,4.181930254671681,2,0
reversed,119,entropy,mechanism_repair,-6.61083707133396,18.36226567355188,-56.622619271448805,0.08,-5.990077091348005,6.8541688016831195,1.39075397861158,0,0,1.6012253347389365,2,0
reversed,119,myopic,mechanism_repair,-5.009611736595024,16.761040338812943,-56.622619271448805,0.08,-5.990077091348005,5.050159917439386,1.1021025946667629,0,0,0.0,0,1
reversed,119,sequential,mechanism_repair,-5.009611736595024,16.761040338812943,-56.622619271448805,0.08,-5.990077091348005,5.050159917439386,1.1021025946667629,0,0,0.0,0,7
omitted,0,stop,mechanism_repair,-27.414999999999996,27.414999999999996,-93.0,0.35,-35.5,4.74689363109968,1.3953364525471728,1,0,0.0,0,0
omitted,0,fixed,source_repair,-32.774498138655666,32.774498138655666,-93.0,0.35,-35.5,8.286316189901386,1.6790608869756434,1,0,5.35949813865567,2,0
omitted,0,random,mechanism_repair,-30.77470911228816,30.77470911228816,-93.0,0.35,-35.5,13.284055984818306,1.807493350502007,1,0,3.359709112288165,2,0
omitted,0,entropy,mechanism_repair,-30.583378863725457,30.583378863725457,-93.0,0.35,-35.5,6.960357666332063,1.5418071207580408,1,0,3.1683788637254615,2,0
omitted,0,myopic,mechanism_repair,-27.999294918678974,27.999294918678974,-93.0,0.35,-35.5,16.43132208337064,1.8422264158451096,1,0,0.5842949186789783,1,2
omitted,0,sequential,mechanism_repair,-27.999294918678974,27.999294918678974,-93.0,0.35,-35.5,16.43132208337064,1.8422264158451096,1,0,0.5842949186789783,1,8
omitted,1,stop,source_repair,-27.414999999999996,27.414999999999996,-93.0,0.35,-35.5,9.047050237938336,1.4286281658150397,1,0,0.0,0,0
omitted,1,fixed,general,-32.1550196630578,32.1550196630578,-93.0,0.35,-35.5,10.118832126106657,1.8877334950219327,1,0,4.7400196630578035,2,0
omitted,1,random,general,-31.967937384870744,31.967937384870744,-93.0,0.35,-35.5,0.10244792941045233,1.4526050790037905,0,0,4.55293738487075,2,0
omitted,1,entropy,mechanism_repair,-32.43629920517041,32.43629920517041,-93.0,0.35,-35.5,7.335107333754127,1.5228050275538885,1,0,5.0212992051704095,2,0
omitted,1,myopic,mechanism_repair,-32.43629920517041,32.43629920517041,-93.0,0.35,-35.5,7.335107333754127,1.5228050275538885,1,0,5.0212992051704095,2,2
omitted,1,sequential,mechanism_repair,-32.43629920517041,32.43629920517041,-93.0,0.35,-35.5,7.335107333754127,1.5228050275538885,1,0,5.0212992051704095,2,8
omitted,2,stop,mechanism_repair,-27.414999999999996,27.414999999999996,-93.0,0.35,-35.5,6.715657034057106,1.346408002469702,1,0,0.0,0,0
omitted,2,fixed,mechanism_repair,-30.711484791337867,30.711484791337867,-93.0,0.35,-35.5,13.699697572792289,1.6958859744608845,1,0,3.2964847913378708,2,0
omitted,2,random,general,-29.178341815083087,29.178341815083087,-93.0,0.35,-35.5,5.58617423235443,1.5152133618051011,0,0,1.7633418150830922,2,0
omitted,2,entropy,general,-29.178341815083087,29.178341815083087,-93.0,0.35,-35.5,5.586174232354429,1.5152133618051011,0,0,1.7633418150830922,2,0
omitted,2,myopic,mechanism_repair,-30.711484791337867,30.711484791337867,-93.0,0.35,-35.5,13.699697572792289,1.6958859744608845,1,0,3.2964847913378708,2,2
omitted,2,sequential,mechanism_repair,-30.711484791337867,30.711484791337867,-93.0,0.35,-35.5,13.699697572792289,1.6958859744608845,1,0,3.2964847913378708,2,8
omitted,3,stop,mechanism_repair,-27.414999999999996,27.414999999999996,-93.0,0.35,-35.5,4.37205277862518,1.3704350030058805,1,0,0.0,0,0
omitted,3,fixed,source_repair,-32.48841183984682,32.48841183984682,-93.0,0.35,-35.5,10.022360636781036,1.8598998509777556,1,0,5.073411839846825,2,0
omitted,3,random,source_repair,-32.22553116496576,32.22553116496576,-93.0,0.35,-35.5,11.0125825200597,1.8922692226781967,1,0,4.810531164965765,2,0
omitted,3,entropy,source_repair,-32.48841183984682,32.48841183984682,-93.0,0.35,-35.5,10.022360636781036,1.8598998509777558,1,0,5.073411839846825,2,0
omitted,3,myopic,source_repair,-29.81240741252621,29.81240741252621,-93.0,0.35,-35.5,12.335108402408302,1.8173699942555266,1,0,2.397407412526214,1,2
omitted,3,sequential,source_repair,-29.81240741252621,29.81240741252621,-93.0,0.35,-35.5,12.335108402408302,1.8173699942555266,1,0,2.397407412526214,1,8
omitted,4,stop,mechanism_repair,-27.414999999999996,27.414999999999996,-93.0,0.35,-35.5,10.392080772767262,1.4371834352975295,1,0,0.0,0,0
omitted,4,fixed,mechanism_repair,-30.603782130837974,30.603782130837974,-93.0,0.35,-35.5,14.25434596607089,1.8082823460081272,1,0,3.1887821308379793,2,0
omitted,4,random,mechanism_repair,-30.603782130837974,30.603782130837974,-93.0,0.35,-35.5,14.25434596607089,1.8082823460081272,1,0,3.1887821308379793,2,0
omitted,4,entropy,mechanism_repair,-28.584202362499337,28.584202362499337,-93.0,0.35,-35.5,6.6754702709206555,1.4647768291224217,1,0,1.1692023624993395,2,0
omitted,4,myopic,mechanism_repair,-27.414999999999996,27.414999999999996,-93.0,0.35,-35.5,10.392080772767262,1.4371834352975295,1,0,0.0,0,1
omitted,4,sequential,mechanism_repair,-27.912702402058287,27.912702402058287,-93.0,0.35,-35.5,11.946762548492234,1.5219334995774387,1,0,0.497702402058292,1,8
omitted,5,stop,mechanism_repair,-27.414999999999996,27.414999999999996,-93.0,0.35,-35.5,5.675044764603586,1.386711688543565,1,0,0.0,0,0
omitted,5,fixed,mechanism_repair,-29.61845852133643,29.61845852133643,-93.0,0.35,-35.5,10.276575146390268,1.5446057760169292,1,0,2.203458521336433,2,0
omitted,5,random,mechanism_repair,-29.61845852133643,29.61845852133643,-93.0,0.35,-35.5,10.276575146390265,1.544605776016929,1,0,2.203458521336433,2,0
omitted,5,entropy,mechanism_repair,-28.952292466008856,28.952292466008856,-93.0,0.35,-35.5,13.548884172155681,1.6874230686620852,1,0,1.5372924660088598,2,0
omitted,5,myopic,mechanism_repair,-27.947215159101628,27.947215159101628,-93.0,0.35,-35.5,13.467799804877853,1.6259917788324199,1,0,0.532215159101631,1,2
omitted,5,sequential,mechanism_repair,-27.947215159101628,27.947215159101628,-93.0,0.35,-35.5,13.467799804877853,1.6259917788324199,1,0,0.532215159101631,1,8
omitted,6,stop,mechanism_repair,-27.414999999999996,27.414999999999996,-93.0,0.35,-35.5,8.649972897799897,1.3857696732890976,1,0,0.0,0,0
omitted,6,fixed,source_repair,-30.257091080408323,30.257091080408323,-93.0,0.35,-35.5,9.699328043991947,1.5071268782892466,1,0,2.842091080408328,2,0
omitted,6,random,general,-31.651953018787896,31.651953018787896,-93.0,0.35,-35.5,2.4638958881789366,1.5367155794391736,0,0,4.236953018787902,2,0
omitted,6,entropy,source_repair,-29.95655860262299,29.95655860262299,-93.0,0.35,-35.5,15.640948047065637,1.8254662123617558,1,0,2.5415586026229935,2,0
omitted,6,myopic,source_repair,-27.988348332121706,27.988348332121706,-93.0,0.35,-35.5,13.945934914406326,1.6465269113891745,1,0,0.5733483321217097,1,2
omitted,6,sequential,source_repair,-27.988348332121706,27.988348332121706,-93.0,0.35,-35.5,13.945934914406326,1.6465269113891745,1,0,0.5733483321217097,1,8
omitted,7,stop,source_repair,-27.414999999999996,27.414999999999996,-93.0,0.35,-35.5,4.050830167326877,1.403805479644054,1,0,0.0,0,0
omitted,7,fixed,source_repair,-30.706762167158644,30.706762167158644,-93.0,0.35,-35.5,6.083607360268292,1.5180672949766543,1,0,3.29176216715865,2,0
omitted,7,random,source_repair,-31.140215240512806,31.140215240512806,-93.0,0.35,-35.5,4.992332662623131,1.485965107930828,1,0,3.7252152405128096,2,0
omitted,7,entropy,source_repair,-28.893244501595376,28.893244501595376,-93.0,0.35,-35.5,6.132090384737713,1.4362284778359735,1,0,1.478244501595382,2,0
omitted,7,myopic,source_repair,-28.893244501595376,28.893244501595376,-93.0,0.35,-35.5,6.132090384737713,1.4362284778359735,1,0,1.478244501595382,2,2
omitted,7,sequential,source_repair,-28.893244501595376,28.893244501595376,-93.0,0.35,-35.5,6.132090384737713,1.4362284778359735,1,0,1.478244501595382,2,8
omitted,8,stop,source_repair,-27.414999999999996,27.414999999999996,-93.0,0.35,-35.5,7.0600119154814465,1.3715884577900113,1,0,0.0,0,0
omitted,8,fixed,source_repair,-31.135397201320636,31.135397201320636,-93.0,0.35,-35.5,8.217633574561379,1.5958432238863511,1,0,3.7203972013206386,2,0
omitted,8,random,source_repair,-31.135397201320636,31.135397201320636,-93.0,0.35,-35.5,8.217633574561379,1.5958432238863511,1,0,3.7203972013206386,2,0
omitted,8,entropy,source_repair,-30.444872650265975,30.444872650265975,-93.0,0.35,-35.5,10.427705497570443,1.6319310023689273,1,0,3.029872650265979,2,0
omitted,8,myopic,source_repair,-28.109828590632002,28.109828590632002,-93.0,0.35,-35.5,9.866842500994823,1.485719526046428,1,0,0.6948285906320052,1,2
omitted,8,sequential,source_repair,-28.109828590632002,28.109828590632002,-93.0,0.35,-35.5,9.866842500994823,1.485719526046428,1,0,0.6948285906320052,1,8
omitted,9,stop,source_repair,-27.414999999999996,27.414999999999996,-93.0,0.35,-35.5,6.519942297768354,1.3639056238666118,1,0,0.0,0,0
omitted,9,fixed,source_repair,-28.664967175828217,28.664967175828217,-93.0,0.35,-35.5,11.908878947930063,1.5591900326969657,1,0,1.2499671758282223,2,0
omitted,9,random,source_repair,-28.664967175828217,28.664967175828217,-93.0,0.35,-35.5,11.908878947930063,1.5591900326969657,1,0,1.2499671758282223,2,0
omitted,9,entropy,source_repair,-28.664967175828217,28.664967175828217,-93.0,0.35,-35.5,11.908878947930063,1.5591900326969657,1,0,1.2499671758282223,2,0
omitted,9,myopic,source_repair,-28.140607760896604,28.140607760896604,-93.0,0.35,-35.5,13.508168512562396,1.6383874877690354,1,0,0.7256077608966083,1,2
omitted,9,sequential,source_repair,-28.140607760896604,28.140607760896604,-93.0,0.35,-35.5,13.508168512562396,1.6383874877690354,1,0,0.7256077608966083,1,8
omitted,10,stop,source_repair,-27.414999999999996,27.414999999999996,-93.0,0.35,-35.5,5.689367586682161,1.3461557081476367,1,0,0.0,0,0
omitted,10,fixed,mechanism_repair,-30.473498939859056,30.473498939859056,-93.0,0.35,-35.5,10.791153198276685,1.556078560504907,1,0,3.0584989398590605,2,0
omitted,10,random,source_repair,-29.303865533939817,29.303865533939817,-93.0,0.35,-35.5,12.843428903979536,1.6509662998482433,1,0,1.8888655339398206,2,0
omitted,10,entropy,general,-29.46972807011093,29.46972807011093,-93.0,0.35,-35.5,7.14474289632538,1.5957857737524006,0,0,2.054728070110934,2,0
omitted,10,myopic,general,-29.46972807011093,29.46972807011093,-93.0,0.35,-35.5,7.14474289632538,1.5957857737524006,0,0,2.054728070110934,2,2
omitted,10,sequential,general,-29.46972807011093,29.46972807011093,-93.0,0.35,-35.5,7.14474289632538,1.5957857737524006,0,0,2.054728070110934,2,8
omitted,11,stop,mechanism_repair,-27.414999999999996,27.414999999999996,-93.0,0.35,-35.5,5.6276395215942285,1.358333959337961,1,0,0.0,0,0
omitted,11,fixed,general,-29.35093107410408,29.35093107410408,-93.0,0.35,-35.5,7.217528505194006,1.697727352425579,1,0,1.935931074104082,2,0
omitted,11,random,general,-31.808241332856696,31.808241332856696,-93.0,0.35,-35.5,1.7054893386866476,1.5432582260671235,0,0,4.393241332856698,2,0
omitted,11,entropy,general,-29.35093107410408,29.35093107410408,-93.0,0.35,-35.5,7.217528505194006,1.697727352425579,1,0,1.935931074104082,2,0
omitted,11,myopic,general,-27.751983361765348,27.751983361765348,-93.0,0.35,-35.5,7.134647696538764,1.6098914764781251,0,0,0.33698336176535026,1,2
omitted,11,sequential,general,-27.751983361765348,27.751983361765348,-93.0,0.35,-35.5,7.134647696538764,1.6098914764781251,0,0,0.33698336176535026,1,8
omitted,12,stop,source_repair,-27.414999999999996,27.414999999999996,-93.0,0.35,-35.5,5.191413114254245,1.3790299861665913,1,0,0.0,0,0
omitted,12,fixed,mechanism_repair,-31.972577963077683,31.972577963077683,-93.0,0.35,-35.5,2.8940055406245477,1.4293558552041072,1,0,4.557577963077688,2,0
omitted,12,random,mechanism_repair,-32.79965075773402,32.79965075773402,-93.0,0.35,-35.5,7.173410338372796,1.6556969644816295,1,0,5.384650757734026,2,0
omitted,12,entropy,mechanism_repair,-32.79965075773402,32.79965075773402,-93.0,0.35,-35.5,7.173410338372794,1.6556969644816293,1,0,5.384650757734026,2,0
omitted,12,myopic,mechanism_repair,-32.79965075773402,32.79965075773402,-93.0,0.35,-35.5,7.173410338372794,1.6556969644816293,1,0,5.384650757734026,2,2
omitted,12,sequential,mechanism_repair,-32.79965075773402,32.79965075773402,-93.0,0.35,-35.5,7.173410338372794,1.6556969644816293,1,0,5.384650757734026,2,8
omitted,13,stop,source_repair,-27.414999999999996,27.414999999999996,-93.0,0.35,-35.5,7.460455706503612,1.4003654177230378,1,0,0.0,0,0
omitted,13,fixed,source_repair,-31.55168043898522,31.55168043898522,-93.0,0.35,-35.5,2.0562432511881363,1.525711107828303,1,0,4.136680438985224,2,0
omitted,13,random,source_repair,-31.217574127718784,31.217574127718784,-93.0,0.35,-35.5,10.315934430185767,1.6665438574364062,1,0,3.802574127718789,2,0
omitted,13,entropy,source_repair,-31.55168043898522,31.55168043898522,-93.0,0.35,-35.5,2.0562432511881363,1.525711107828303,1,0,4.136680438985224,2,0
omitted,13,myopic,general,-29.682320675394276,29.682320675394276,-93.0,0.35,-35.5,8.6710233850437,1.7273363259801522,0,0,2.267320675394282,1,2
omitted,13,sequential,general,-29.682320675394276,29.682320675394276,-93.0,0.35,-35.5,8.6710233850437,1.7273363259801522,0,0,2.267320675394282,1,8
omitted,14,stop,mechanism_repair,-27.414999999999996,27.414999999999996,-93.0,0.35,-35.5,10.459244659994543,1.4340306025728569,1,0,0.0,0,0
omitted,14,fixed,mechanism_repair,-30.538527447212463,30.538527447212463,-93.0,0.35,-35.5,5.006227109484028,1.4636816171557476,1,0,3.1235274472124686,2,0
omitted,14,random,source_repair,-29.300696379632676,29.300696379632676,-93.0,0.35,-35.5,8.624273174365115,1.4578379272767612,1,0,1.88569637963268,2,0
omitted,14,entropy,source_repair,-30.045748085714177,30.045748085714177,-93.0,0.35,-35.5,7.009362523871813,1.4369923037773513,1,0,2.630748085714181,2,0
omitted,14,myopic,source_repair,-30.045748085714177,30.045748085714177,-93.0,0.35,-35.5,7.009362523871813,1.4369923037773513,1,0,2.630748085714181,2,2
omitted,14,sequential,source_repair,-30.045748085714177,30.045748085714177,-93.0,0.35,-35.5,7.009362523871813,1.4369923037773513,1,0,2.630748085714181,2,8
omitted,15,stop,source_repair,-27.414999999999996,27.414999999999996,-93.0,0.35,-35.5,5.014280449133911,1.3574882093888936,1,0,0.0,0,0
omitted,15,fixed,source_repair,-30.99224431677237,30.99224431677237,-93.0,0.35,-35.5,13.789290897415231,1.8906871157522542,1,0,3.5772443167723758,2,0
omitted,15,random,source_repair,-29.970380087004305,29.970380087004305,-93.0,0.35,-35.5,14.532110945047467,1.8416340799529474,1,0,2.5553800870043095,2,0
omitted,15,entropy,source_repair,-30.99224431677237,30.99224431677237,-93.0,0.35,-35.5,13.789290897415231,1.8906871157522542,1,0,3.5772443167723758,2,0
omitted,15,myopic,source_repair,-28.20639745594371,28.20639745594371,-93.0,0.35,-35.5,15.754189060788878,1.8081535721609288,1,0,0.7913974559437136,1,2
omitted,15,sequential,source_repair,-28.20639745594371,28.20639745594371,-93.0,0.35,-35.5,15.754189060788878,1.8081535721609288,1,0,0.7913974559437136,1,8
omitted,16,stop,mechanism_repair,-27.414999999999996,27.414999999999996,-93.0,0.35,-35.5,6.629145703165365,1.4092201981463481,1,0,0.0,0,0
omitted,16,fixed,mechanism_repair,-30.846141816225302,30.846141816225302,-93.0,0.35,-35.5,8.359348876300508,1.62419972752589,1,0,3.431141816225307,2,0
omitted,16,random,mechanism_repair,-31.711114917784478,31.711114917784478,-93.0,0.35,-35.5,9.389285995012033,1.7667388605831094,1,0,4.296114917784484,2,0
omitted,16,entropy,mechanism_repair,-31.69679546012054,31.69679546012054,-93.0,0.35,-35.5,10.36627552575175,1.8776207324329264,1,0,4.281795460120545,2,0
omitted,16,myopic,mechanism_repair,-29.12341117928068,29.12341117928068,-93.0,0.35,-35.5,8.20785410536459,1.5247397941496788,1,0,1.708411179280684,1,2
omitted,16,sequential,mechanism_repair,-29.12341117928068,29.12341117928068,-93.0,0.35,-35.5,8.20785410536459,1.5247397941496788,1,0,1.708411179280684,1,8
omitted,17,stop,mechanism_repair,-27.414999999999996,27.414999999999996,-93.0,0.35,-35.5,2.817224974503761,1.3422798831776517,1,0,0.0,0,0
omitted,17,fixed,general,-30.571669216190195,30.571669216190195,-93.0,0.35,-35.5,2.03581703380231,1.5762670159272243,0,0,3.156669216190199,2,0
omitted,17,random,general,-28.96845618513695,28.96845618513695,-93.0,0.35,-35.5,2.8573963714314483,1.5290793877573075,0,0,1.5534561851369566,2,0
omitted,17,entropy,general,-28.96845618513695,28.96845618513695,-93.0,0.35,-35.5,2.8573963714314483,1.529079387757308,0,0,1.5534561851369566,2,0
omitted,17,myopic,mechanism_repair,-27.864603037486045,27.864603037486045,-93.0,0.35,-35.5,4.557032093326108,1.4547164125863223,1,0,0.4496030374860511,1,2
omitted,17,sequential,mechanism_repair,-27.864603037486045,27.864603037486045,-93.0,0.35,-35.5,4.557032093326108,1.4547164125863223,1,0,0.4496030374860511,1,8
omitted,18,stop,mechanism_repair,-27.414999999999996,27.414999999999996,-93.0,0.35,-35.5,5.46839968411761,1.3392719432783204,1,0,0.0,0,0
omitted,18,fixed,mechanism_repair,-29.83517377805318,29.83517377805318,-93.0,0.35,-35.5,11.344660498078467,1.570179238685403,1,0,2.4201737780531842,2,0
omitted,18,random,mechanism_repair,-29.663661308316843,29.663661308316843,-93.0,0.35,-35.5,13.602779768432914,1.681854729128875,1,0,2.2486613083168487,2,0
omitted,18,entropy,mechanism_repair,-29.663661308316843,29.663661308316843,-93.0,0.35,-35.5,13.602779768432914,1.681854729128875,1,0,2.2486613083168487,2,0
omitted,18,myopic,mechanism_repair,-29.663661308316843,29.663661308316843,-93.0,0.35,-35.5,13.602779768432914,1.681854729128875,1,0,2.2486613083168487,2,2
omitted,18,sequential,mechanism_repair,-29.663661308316843,29.663661308316843,-93.0,0.35,-35.5,13.602779768432914,1.681854729128875,1,0,2.2486613083168487,2,8
omitted,19,stop,mechanism_repair,-27.414999999999996,27.414999999999996,-93.0,0.35,-35.5,3.993077652173243,1.3393006871720536,1,0,0.0,0,0
omitted,19,fixed,mechanism_repair,-31.643105518051573,31.643105518051573,-93.0,0.35,-35.5,10.970364854498014,1.6487854865320344,1,0,4.228105518051578,2,0
omitted,19,random,mechanism_repair,-31.643105518051573,31.643105518051573,-93.0,0.35,-35.5,10.970364854498014,1.6487854865320344,1,0,4.228105518051578,2,0
omitted,19,entropy,source_repair,-29.098535174888198,29.098535174888198,-93.0,0.35,-35.5,9.675192882870618,1.5476515196772866,1,0,1.6835351748882035,2,0
omitted,19,myopic,source_repair,-29.098535174888198,29.098535174888198,-93.0,0.35,-35.5,9.675192882870618,1.5476515196772866,1,0,1.6835351748882035,2,2
omitted,19,sequential,source_repair,-29.098535174888198,29.098535174888198,-93.0,0.35,-35.5,9.675192882870618,1.5476515196772866,1,0,1.6835351748882035,2,8
omitted,20,stop,source_repair,-27.414999999999996,27.414999999999996,-93.0,0.35,-35.5,4.35881263107438,1.3547508600991471,1,0,0.0,0,0
omitted,20,fixed,general,-31.111312206482662,31.111312206482662,-93.0,0.35,-35.5,5.611976436678075,1.580104344700913,0,0,3.6963122064826663,2,0
omitted,20,random,general,-31.79079200597211,31.79079200597211,-93.0,0.35,-35.5,3.4727467711004483,1.5765116938447121,0,0,4.375792005972117,2,0
omitted,20,entropy,general,-31.111312206482662,31.111312206482662,-93.0,0.35,-35.5,5.611976436678075,1.580104344700913,0,0,3.6963122064826663,2,0
omitted,20,myopic,general,-32.327398908873334,32.327398908873334,-93.0,0.35,-35.5,2.678051903491407,1.5423280833471629,0,0,4.912398908873338,2,2
omitted,20,sequential,general,-31.111312206482662,31.111312206482662,-93.0,0.35,-35.5,5.611976436678077,1.580104344700913,0,0,3.6963122064826663,2,8
omitted,21,stop,source_repair,-27.414999999999996,27.414999999999996,-93.0,0.35,-35.5,3.4650508423073996,1.4568004980776093,1,0,0.0,0,0
omitted,21,fixed,mechanism_repair,-31.12970200105091,31.12970200105091,-93.0,0.35,-35.5,0.70328709141923,1.3533122206819617,1,0,3.714702001050914,2,0
omitted,21,random,general,-31.470152279696954,31.470152279696954,-93.0,0.35,-35.5,4.713078230315652,1.7446759659585762,1,0,4.055152279696959,2,0
omitted,21,entropy,mechanism_repair,-31.12970200105091,31.12970200105091,-93.0,0.35,-35.5,0.70328709141923,1.3533122206819617,1,0,3.714702001050914,2,0
omitted,21,myopic,source_repair,-29.034170956210275,29.034170956210275,-93.0,0.35,-35.5,4.535573545406359,1.4080034874741474,1,0,1.6191709562102803,1,2
omitted,21,sequential,source_repair,-29.034170956210275,29.034170956210275,-93.0,0.35,-35.5,4.535573545406359,1.4080034874741474,1,0,1.6191709562102803,1,8
omitted,22,stop,source_repair,-27.414999999999996,27.414999999999996,-93.0,0.35,-35.5,4.526423271129456,1.3368984156661445,1,0,0.0,0,0
omitted,22,fixed,source_repair,-30.050092821566086,30.050092821566086,-93.0,0.35,-35.5,8.918611464794111,1.5567792192180518,1,0,2.63509282156609,2,0
omitted,22,random,source_repair,-30.050092821566086,30.050092821566086,-93.0,0.35,-35.5,8.918611464794111,1.5567792192180518,1,0,2.63509282156609,2,0
omitted,22,entropy,source_repair,-29.351883709611812,29.351883709611812,-93.0,0.35,-35.5,12.72699708901013,1.6367257076581359,1,0,1.936883709611816,2,0
omitted,22,myopic,source_repair,-29.351883709611812,29.351883709611812,-93.0,0.35,-35.5,12.726997089010132,1.636725707658136,1,0,1.936883709611816,2,2
omitted,22,sequential,source_repair,-29.351883709611812,29.351883709611812,-93.0,0.35,-35.5,12.726997089010132,1.636725707658136,1,0,1.936883709611816,2,8
omitted,23,stop,mechanism_repair,-27.414999999999996,27.414999999999996,-93.0,0.35,-35.5,5.232555084635724,1.351677427922992,1,0,0.0,0,0
omitted,23,fixed,mechanism_repair,-31.80223535666584,31.80223535666584,-93.0,0.35,-35.5,5.319920798731649,1.5068658431371236,1,0,4.387235356665845,2,0
omitted,23,random,source_repair,-32.80653000389029,32.80653000389029,-93.0,0.35,-35.5,4.2940759445676715,1.5105953556064082,1,0,5.39153000389029,2,0
omitted,23,entropy,source_repair,-32.80653000389029,32.80653000389029,-93.0,0.35,-35.5,4.29407594456767,1.5105953556064082,1,0,5.39153000389029,2,0
omitted,23,myopic,source_repair,-32.80653000389029,32.80653000389029,-93.0,0.35,-35.5,4.29407594456767,1.5105953556064082,1,0,5.39153000389029,2,2
omitted,23,sequential,source_repair,-32.80653000389029,32.80653000389029,-93.0,0.35,-35.5,4.29407594456767,1.5105953556064082,1,0,5.39153000389029,2,8
omitted,24,stop,source_repair,-27.414999999999996,27.414999999999996,-93.0,0.35,-35.5,4.681294364828526,1.3543670328580157,1,0,0.0,0,0
omitted,24,fixed,mechanism_repair,-30.269340373231188,30.269340373231188,-93.0,0.35,-35.5,2.5597700780515678,1.366135077656768,1,0,2.8543403732311927,2,0
omitted,24,random,mechanism_repair,-30.546522568534513,30.546522568534513,-93.0,0.35,-35.5,3.2986437176352412,1.4495228458342364,1,0,3.1315225685345194,2,0
omitted,24,entropy,mechanism_repair,-30.15284462393902,30.15284462393902,-93.0,0.35,-35.5,5.597663009048296,1.4657326080211162,1,0,2.737844623939025,2,0
omitted,24,myopic,mechanism_repair,-30.269340373231188,30.269340373231188,-93.0,0.35,-35.5,2.5597700780515678,1.366135077656768,1,0,2.8543403732311927,2,2
omitted,24,sequential,mechanism_repair,-30.269340373231188,30.269340373231188,-93.0,0.35,-35.5,2.5597700780515678,1.366135077656768,1,0,2.8543403732311927,2,8
omitted,25,stop,mechanism_repair,-27.414999999999996,27.414999999999996,-93.0,0.35,-35.5,5.781638910171469,1.3527767996827622,1,0,0.0,0,0
omitted,25,fixed,mechanism_repair,-30.91764580052992,30.91764580052992,-93.0,0.35,-35.5,7.694042918475972,1.5323530174072082,1,0,3.502645800529926,2,0
omitted,25,random,mechanism_repair,-29.176547154830896,29.176547154830896,-93.0,0.35,-35.5,2.554875296607346,1.3972644338352822,1,0,1.7615471548308996,2,0
omitted,25,entropy,mechanism_repair,-29.176547154830896,29.176547154830896,-93.0,0.35,-35.5,2.554875296607346,1.3972644338352822,1,0,1.7615471548308996,2,0
omitted,25,myopic,mechanism_repair,-28.449471577082512,28.449471577082512,-93.0,0.35,-35.5,7.8791356050889005,1.4351446795619205,1,0,1.034471577082518,1,2
omitted,25,sequential,mechanism_repair,-29.176547154830896,29.176547154830896,-93.0,0.35,-35.5,2.554875296607346,1.3972644338352822,1,0,1.7615471548308996,2,8
omitted,26,stop,source_repair,-27.414999999999996,27.414999999999996,-93.0,0.35,-35.5,6.596866734251232,1.369246476013669,1,0,0.0,0,0
omitted,26,fixed,mechanism_repair,-28.66820458604462,28.66820458604462,-93.0,0.35,-35.5,5.5990727717262025,1.387320773299724,1,0,1.253204586044626,2,0
omitted,26,random,source_repair,-30.580799862037843,30.580799862037843,-93.0,0.35,-35.5,8.665978118911804,1.600738751768323,1,0,3.165799862037847,2,0
omitted,26,entropy,mechanism_repair,-28.66820458604462,28.66820458604462,-93.0,0.35,-35.5,5.5990727717262025,1.387320773299724,1,0,1.253204586044626,2,0
omitted,26,myopic,mechanism_repair,-28.66820458604462,28.66820458604462,-93.0,0.35,-35.5,5.599072771726204,1.3873207732997241,1,0,1.253204586044626,2,2
omitted,26,sequential,mechanism_repair,-28.66820458604462,28.66820458604462,-93.0,0.35,-35.5,5.599072771726204,1.3873207732997241,1,0,1.253204586044626,2,8
omitted,27,stop,source_repair,-27.414999999999996,27.414999999999996,-93.0,0.35,-35.5,6.2001368515330775,1.3595203809776009,1,0,0.0,0,0
omitted,27,fixed,source_repair,-31.05890217674623,31.05890217674623,-93.0,0.35,-35.5,2.636013484092089,1.5163082291587826,1,0,3.6439021767462347,2,0
omitted,27,random,source_repair,-32.049411775768625,32.049411775768625,-93.0,0.35,-35.5,6.7614280840703325,1.5213385931919197,1,0,4.634411775768631,2,0
omitted,27,entropy,source_repair,-31.05890217674623,31.05890217674623,-93.0,0.35,-35.5,2.636013484092089,1.5163082291587826,1,0,3.6439021767462347,2,0
omitted,27,myopic,general,-28.833146236746686,28.833146236746686,-93.0,0.35,-35.5,10.521377101030051,1.7401059048400511,1,0,1.4181462367466904,1,2
omitted,27,sequential,general,-28.833146236746686,28.833146236746686,-93.0,0.35,-35.5,10.521377101030051,1.7401059048400511,1,0,1.4181462367466904,1,8
omitted,28,stop,mechanism_repair,-27.414999999999996,27.414999999999996,-93.0,0.35,-35.5,3.3895181349676324,1.3416982309090186,1,0,0.0,0,0
omitted,28,fixed,mechanism_repair,-29.974484295209525,29.974484295209525,-93.0,0.35,-35.5,5.430776768533052,1.4935376155510605,1,0,2.5594842952095296,2,0
omitted,28,random,mechanism_repair,-31.10965684332468,31.10965684332468,-93.0,0.35,-35.5,6.347153173382608,1.6741358425408563,1,0,3.6946568433246836,2,0
omitted,28,entropy,mechanism_repair,-29.974484295209525,29.974484295209525,-93.0,0.35,-35.5,5.430776768533052,1.4935376155510605,1,0,2.5594842952095296,2,0
omitted,28,myopic,mechanism_repair,-29.974484295209525,29.974484295209525,-93.0,0.35,-35.5,5.430776768533052,1.4935376155510605,1,0,2.5594842952095296,2,2
omitted,28,sequential,mechanism_repair,-29.974484295209525,29.974484295209525,-93.0,0.35,-35.5,5.430776768533052,1.4935376155510605,1,0,2.5594842952095296,2,8
omitted,29,stop,source_repair,-27.414999999999996,27.414999999999996,-93.0,0.35,-35.5,7.976706102956101,1.434355199725486,1,0,0.0,0,0
omitted,29,fixed,general,-30.541104146186278,30.541104146186278,-93.0,0.35,-35.5,3.6810975880945502,1.5880491145171505,0,0,3.1261041461862815,2,0
omitted,29,random,source_repair,-29.698832851640596,29.698832851640596,-93.0,0.35,-35.5,3.7604239563236304,1.5204898204422754,1,0,2.2838328516406,2,0
omitted,29,entropy,source_repair,-28.903168738210333,28.903168738210333,-93.0,0.35,-35.5,4.574737615844594,1.4932928153246312,1,0,1.4881687382103366,2,0
omitted,29,myopic,source_repair,-27.414999999999996,27.414999999999996,-93.0,0.35,-35.5,7.976706102956101,1.434355199725486,1,0,0.0,0,1
omitted,29,sequential,source_repair,-27.737948721832325,27.737948721832325,-93.0,0.35,-35.5,9.080038195830493,1.5062948285667959,1,0,0.32294872183232765,1,8
omitted,30,stop,mechanism_repair,-27.414999999999996,27.414999999999996,-93.0,0.35,-35.5,3.446143026648193,1.3417174356085906,1,0,0.0,0,0
omitted,30,fixed,source_repair,-30.203913751128734,30.203913751128734,-93.0,0.35,-35.5,9.848163654467402,1.7316533275125812,1,0,2.788913751128738,2,0
omitted,30,random,source_repair,-29.456970861416735,29.456970861416735,-93.0,0.35,-35.5,10.475727569785715,1.6574070129929006,1,0,2.041970861416739,2,0
omitted,30,entropy,source_repair,-30.203913751128734,30.203913751128734,-93.0,0.35,-35.5,9.848163654467402,1.7316533275125812,1,0,2.788913751128738,2,0
omitted,30,myopic,source_repair,-28.5666616220175,28.5666616220175,-93.0,0.35,-35.5,10.06334476184872,1.586115617972994,1,0,1.1516616220175036,1,2
omitted,30,sequential,source_repair,-28.5666616220175,28.5666616220175,-93.0,0.35,-35.5,10.06334476184872,1.586115617972994,1,0,1.1516616220175036,1,8
omitted,31,stop,mechanism_repair,-27.414999999999996,27.414999999999996,-93.0,0.35,-35.5,4.120986039030578,1.3350176254946313,1,0,0.0,0,0
omitted,31,fixed,mechanism_repair,-28.835454393645684,28.835454393645684,-93.0,0.35,-35.5,14.011916534836926,1.5993532834964945,1,0,1.4204543936456862,2,0
omitted,31,random,mechanism_repair,-28.835454393645684,28.835454393645684,-93.0,0.35,-35.5,14.011916534836926,1.5993532834964945,1,0,1.4204543936456862,2,0
omitted,31,entropy,general,-28.28897565745887,28.28897565745887,-93.0,0.35,-35.5,10.860844476209035,1.6715973572563603,0,0,0.8739756574588753,2,0
omitted,31,myopic,general,-28.28897565745887,28.28897565745887,-93.0,0.35,-35.5,10.860844476209039,1.6715973572563607,0,0,0.8739756574588753,2,2
omitted,31,sequential,general,-28.28897565745887,28.28897565745887,-93.0,0.35,-35.5,10.860844476209039,1.6715973572563607,0,0,0.8739756574588753,2,8
omitted,32,stop,source_repair,-27.414999999999996,27.414999999999996,-93.0,0.35,-35.5,4.057842678122365,1.3509618597981587,1,0,0.0,0,0
omitted,32,fixed,general,-30.08996939734647,30.08996939734647,-93.0,0.35,-35.5,7.739272415795357,1.7573870957820086,1,0,2.674969397346473,2,0
omitted,32,random,general,-30.08996939734647,30.08996939734647,-93.0,0.35,-35.5,7.739272415795357,1.7573870957820086,1,0,2.674969397346473,2,0
omitted,32,entropy,general,-30.08996939734647,30.08996939734647,-93.0,0.35,-35.5,7.739272415795357,1.7573870957820086,1,0,2.674969397346473,2,0
omitted,32,myopic,mechanism_repair,-29.19634394577663,29.19634394577663,-93.0,0.35,-35.5,7.1512928053419245,1.4795870986482595,1,0,1.7813439457766322,1,2
omitted,32,sequential,mechanism_repair,-29.19634394577663,29.19634394577663,-93.0,0.35,-35.5,7.1512928053419245,1.4795870986482595,1,0,1.7813439457766322,1,8
omitted,33,stop,mechanism_repair,-27.414999999999996,27.414999999999996,-93.0,0.35,-35.5,5.354280859121735,1.367485829615914,1,0,0.0,0,0
omitted,33,fixed,source_repair,-29.90247752187982,29.90247752187982,-93.0,0.35,-35.5,9.557514199507253,1.6257819144869683,1,0,2.4874775218798257,2,0
omitted,33,random,source_repair,-28.373524527787435,28.373524527787435,-93.0,0.35,-35.5,9.265680003247997,1.5417153966802193,1,0,0.9585245277874384,2,0
omitted,33,entropy,source_repair,-28.373524527787435,28.373524527787435,-93.0,0.35,-35.5,9.265680003247997,1.5417153966802193,1,0,0.9585245277874384,2,0
omitted,33,myopic,source_repair,-28.373524527787435,28.373524527787435,-93.0,0.35,-35.5,9.265680003247997,1.5417153966802193,1,0,0.9585245277874384,2,2
omitted,33,sequential,source_repair,-28.373524527787435,28.373524527787435,-93.0,0.35,-35.5,9.265680003247997,1.5417153966802193,1,0,0.9585245277874384,2,8
omitted,34,stop,source_repair,-27.414999999999996,27.414999999999996,-93.0,0.35,-35.5,6.683158611107886,1.3787919254160508,1,0,0.0,0,0
omitted,34,fixed,mechanism_repair,-32.33296023858132,32.33296023858132,-93.0,0.35,-35.5,6.28431675380242,1.566485858443107,1,0,4.917960238581326,2,0
omitted,34,random,mechanism_repair,-32.33296023858132,32.33296023858132,-93.0,0.35,-35.5,6.28431675380242,1.566485858443107,1,0,4.917960238581326,2,0
omitted,34,entropy,mechanism_repair,-32.33296023858132,32.33296023858132,-93.0,0.35,-35.5,6.2843167538024165,1.566485858443107,1,0,4.917960238581326,2,0
omitted,34,myopic,mechanism_repair,-32.33296023858132,32.33296023858132,-93.0,0.35,-35.5,6.2843167538024165,1.566485858443107,1,0,4.917960238581326,2,2
omitted,34,sequential,mechanism_repair,-32.33296023858132,32.33296023858132,-93.0,0.35,-35.5,6.2843167538024165,1.566485858443107,1,0,4.917960238581326,2,8
omitted,35,stop,source_repair,-27.414999999999996,27.414999999999996,-93.0,0.35,-35.5,4.432890652345545,1.356550705927673,1,0,0.0,0,0
omitted,35,fixed,source_repair,-29.112978014899625,29.112978014899625,-93.0,0.35,-35.5,8.238781896425674,1.722937587518588,1,0,1.6979780148996284,2,0
omitted,35,random,source_repair,-30.017813657668018,30.017813657668018,-93.0,0.35,-35.5,5.080285013512697,1.523603226725454,1,0,2.6028136576680225,2,0
omitted,35,entropy,source_repair,-29.112978014899625,29.112978014899625,-93.0,0.35,-35.5,8.238781896425676,1.722937587518588,1,0,1.6979780148996284,2,0
omitted,35,myopic,source_repair,-28.30085769632808,28.30085769632808,-93.0,0.35,-35.5,8.15608150085654,1.606816664915166,1,0,0.8858576963280829,1,2
omitted,35,sequential,source_repair,-28.30085769632808,28.30085769632808,-93.0,0.35,-35.5,8.15608150085654,1.606816664915166,1,0,0.8858576963280829,1,8
omitted,36,stop,mechanism_repair,-27.414999999999996,27.414999999999996,-93.0,0.35,-35.5,5.64850715937321,1.3791578238214481,1,0,0.0,0,0
omitted,36,fixed,source_repair,-30.175070899560744,30.175070899560744,-93.0,0.35,-35.5,2.7952960877776776,1.3673410875448964,1,0,2.760070899560747,2,0
omitted,36,random,source_repair,-30.175070899560744,30.175070899560744,-93.0,0.35,-35.5,2.7952960877776776,1.3673410875448964,1,0,2.760070899560747,2,0
omitted,36,entropy,source_repair,-30.176555417459653,30.176555417459653,-93.0,0.35,-35.5,1.404480584636988,1.3828432827963044,1,0,2.7615554174596575,2,0
omitted,36,myopic,source_repair,-29.432578321581115,29.432578321581115,-93.0,0.35,-35.5,3.605732506180519,1.3668375441920526,1,0,2.017578321581118,1,2
omitted,36,sequential,source_repair,-29.432578321581115,29.432578321581115,-93.0,0.35,-35.5,3.605732506180519,1.3668375441920526,1,0,2.017578321581118,1,8
omitted,37,stop,mechanism_repair,-27.414999999999996,27.414999999999996,-93.0,0.35,-35.5,6.600840893984473,1.3556528183497352,1,0,0.0,0,0
omitted,37,fixed,general,-30.8061665623242,30.8061665623242,-93.0,0.35,-35.5,3.6139776964219417,1.505671792119516,0,0,3.391166562324207,2,0
omitted,37,random,mechanism_repair,-30.067793382847753,30.067793382847753,-93.0,0.35,-35.5,14.538633284406798,1.6860289798067458,1,0,2.6527933828477597,2,0
omitted,37,entropy,mechanism_repair,-30.212290091871417,30.212290091871417,-93.0,0.35,-35.5,10.761211168251657,1.5136202219498083,1,0,2.797290091871421,2,0
omitted,37,myopic,mechanism_repair,-28.44445845619748,28.44445845619748,-93.0,0.35,-35.5,15.224741753502679,1.6412145507023839,1,0,1.0294584561974869,1,2
omitted,37,sequential,mechanism_repair,-28.44445845619748,28.44445845619748,-93.0,0.35,-35.5,15.224741753502679,1.6412145507023839,1,0,1.0294584561974869,1,8
omitted,38,stop,source_repair,-27.414999999999996,27.414999999999996,-93.0,0.35,-35.5,6.1407861692587105,1.4075983755858203,1,0,0.0,0,0
omitted,38,fixed,mechanism_repair,-28.281184081276972,28.281184081276972,-93.0,0.35,-35.5,3.8617000470925937,1.3859446132020807,1,0,0.8661840812769752,2,0
omitted,38,random,mechanism_repair,-29.03683143143081,29.03683143143081,-93.0,0.35,-35.5,5.25941320845361,1.404907219382488,1,0,1.6218314314308133,2,0
omitted,38,entropy,mechanism_repair,-28.872598537092202,28.872598537092202,-93.0,0.35,-35.5,10.44654842858964,1.6477692382326716,1,0,1.457598537092207,2,0
omitted,38,myopic,mechanism_repair,-28.872598537092202,28.872598537092202,-93.0,0.35,-35.5,10.44654842858964,1.6477692382326716,1,0,1.457598537092207,2,2
omitted,38,sequential,mechanism_repair,-28.872598537092202,28.872598537092202,-93.0,0.35,-35.5,10.44654842858964,1.6477692382326716,1,0,1.457598537092207,2,8
omitted,39,stop,source_repair,-27.414999999999996,27.414999999999996,-93.0,0.35,-35.5,7.8154603949432015,1.3916408696241362,1,0,0.0,0,0
omitted,39,fixed,source_repair,-29.081732663259434,29.081732663259434,-93.0,0.35,-35.5,8.704527840755087,1.4526442557967767,1,0,1.6667326632594375,2,0
omitted,39,random,source_repair,-29.081732663259434,29.081732663259434,-93.0,0.35,-35.5,8.704527840755087,1.4526442557967767,1,0,1.6667326632594375,2,0
omitted,39,entropy,source_repair,-30.269986367298483,30.269986367298483,-93.0,0.35,-35.5,3.278872334540395,1.4214383166794444,1,0,2.854986367298488,2,0
omitted,39,myopic,source_repair,-30.269986367298483,30.269986367298483,-93.0,0.35,-35.5,3.278872334540398,1.4214383166794444,1,0,2.854986367298488,2,2
omitted,39,sequential,source_repair,-28.275881683038403,28.275881683038403,-93.0,0.35,-35.5,10.85672912603798,1.5315381096525336,1,0,0.8608816830384063,1,8
omitted,40,stop,source_repair,-27.414999999999996,27.414999999999996,-93.0,0.35,-35.5,6.639361880657767,1.3577848609876604,1,0,0.0,0,0
omitted,40,fixed,general,-30.63012679668986,30.63012679668986,-93.0,0.35,-35.5,10.174390419980067,1.7573574640805378,1,0,3.215126796689865,2,0
omitted,40,random,mechanism_repair,-31.870474353406262,31.870474353406262,-93.0,0.35,-35.5,7.399888019178972,1.4711730542435972,1,0,4.455474353406267,2,0
omitted,40,entropy,general,-30.63012679668986,30.63012679668986,-93.0,0.35,-35.5,10.174390419980067,1.7573574640805378,1,0,3.215126796689865,2,0
omitted,40,myopic,general,-30.63012679668986,30.63012679668986,-93.0,0.35,-35.5,10.174390419980067,1.7573574640805378,1,0,3.215126796689865,2,2
omitted,40,sequential,general,-30.63012679668986,30.63012679668986,-93.0,0.35,-35.5,10.174390419980067,1.7573574640805378,1,0,3.215126796689865,2,8
omitted,41,stop,source_repair,-27.414999999999996,27.414999999999996,-93.0,0.35,-35.5,3.132313212499761,1.3669402042572145,1,0,0.0,0,0
omitted,41,fixed,source_repair,-30.829719078929205,30.829719078929205,-93.0,0.35,-35.5,5.532320518577952,1.6482547797153828,1,0,3.4147190789292106,2,0
omitted,41,random,mechanism_repair,-30.317385242292996,30.317385242292996,-93.0,0.35,-35.5,2.362979561060289,1.379879611720135,1,0,2.9023852422930014,2,0
omitted,41,entropy,source_repair,-29.931898959688073,29.931898959688073,-93.0,0.35,-35.5,5.103307368122358,1.6059862643676763,1,0,2.516898959688077,2,0
omitted,41,myopic,source_repair,-28.92961639816214,28.92961639816214,-93.0,0.35,-35.5,8.231214715087505,1.7607876846021524,1,0,1.5146163981621428,1,2
omitted,41,sequential,source_repair,-28.92961639816214,28.92961639816214,-93.0,0.35,-35.5,8.231214715087505,1.7607876846021524,1,0,1.5146163981621428,1,8
omitted,42,stop,source_repair,-27.414999999999996,27.414999999999996,-93.0,0.35,-35.5,5.99902676725201,1.4244956735664949,1,0,0.0,0,0
omitted,42,fixed,source_repair,-30.387745593532212,30.387745593532212,-93.0,0.35,-35.5,5.874375696073651,1.5933747852339817,1,0,2.9727455935322165,2,0
omitted,42,random,source_repair,-29.546820059325498,29.546820059325498,-93.0,0.35,-35.5,3.1643151041422746,1.4774277783154517,1,0,2.131820059325503,2,0
omitted,42,entropy,source_repair,-29.546820059325498,29.546820059325498,-93.0,0.35,-35.5,3.1643151041422746,1.4774277783154517,1,0,2.131820059325503,2,0
omitted,42,myopic,source_repair,-28.530447766865745,28.530447766865745,-93.0,0.35,-35.5,7.1786976084690926,1.5463295785566145,1,0,1.1154477668657503,1,2
omitted,42,sequential,source_repair,-28.530447766865745,28.530447766865745,-93.0,0.35,-35.5,7.1786976084690926,1.5463295785566145,1,0,1.1154477668657503,1,8
omitted,43,stop,source_repair,-27.414999999999996,27.414999999999996,-93.0,0.35,-35.5,5.28408585089361,1.3681469308832441,1,0,0.0,0,0
omitted,43,fixed,mechanism_repair,-29.545486962640478,29.545486962640478,-93.0,0.35,-35.5,2.7232059729423295,1.3852584404467985,1,0,2.130486962640483,2,0
omitted,43,random,source_repair,-29.144004413804787,29.144004413804787,-93.0,0.35,-35.5,7.176968810040805,1.5186211072167242,1,0,1.7290044138047906,2,0
omitted,43,entropy,source_repair,-28.805044519885737,28.805044519885737,-93.0,0.35,-35.5,3.221317829656085,1.3540524120311184,1,0,1.39004451988574,2,0
omitted,43,myopic,source_repair,-27.90928098552502,27.90928098552502,-93.0,0.35,-35.5,7.0757672109701515,1.4257563267513131,1,0,0.4942809855250237,1,2
omitted,43,sequential,source_repair,-27.90928098552502,27.90928098552502,-93.0,0.35,-35.5,7.0757672109701515,1.4257563267513131,1,0,0.4942809855250237,1,8
omitted,44,stop,source_repair,-27.414999999999996,27.414999999999996,-93.0,0.35,-35.5,4.078131939156228,1.354504165050558,1,0,0.0,0,0
omitted,44,fixed,source_repair,-31.500683770639842,31.500683770639842,-93.0,0.35,-35.5,6.648068088653,1.5526941461550865,1,0,4.085683770639847,2,0
omitted,44,random,source_repair,-31.75495031587168,31.75495031587168,-93.0,0.35,-35.5,7.391492801183286,1.5694204432424568,1,0,4.339950315871684,2,0
omitted,44,entropy,source_repair,-31.75495031587168,31.75495031587168,-93.0,0.35,-35.5,7.391492801183286,1.5694204432424568,1,0,4.339950315871684,2,0
omitted,44,myopic,source_repair,-31.75495031587168,31.75495031587168,-93.0,0.35,-35.5,7.391492801183286,1.5694204432424568,1,0,4.339950315871684,2,2
omitted,44,sequential,source_repair,-31.75495031587168,31.75495031587168,-93.0,0.35,-35.5,7.391492801183286,1.5694204432424568,1,0,4.339950315871684,2,8
omitted,45,stop,source_repair,-27.414999999999996,27.414999999999996,-93.0,0.35,-35.5,2.8930127742880587,1.3432520096224483,1,0,0.0,0,0
omitted,45,fixed,mechanism_repair,-29.05837954163164,29.05837954163164,-93.0,0.35,-35.5,8.551010525782747,1.6411927156706434,1,0,1.6433795416316461,2,0
omitted,45,random,mechanism_repair,-29.05837954163164,29.05837954163164,-93.0,0.35,-35.5,8.551010525782749,1.6411927156706434,1,0,1.6433795416316461,2,0
omitted,45,entropy,mechanism_repair,-29.05837954163164,29.05837954163164,-93.0,0.35,-35.5,8.551010525782747,1.6411927156706434,1,0,1.6433795416316461,2,0
omitted,45,myopic,mechanism_repair,-29.05837954163164,29.05837954163164,-93.0,0.35,-35.5,8.551010525782749,1.6411927156706434,1,0,1.6433795416316461,2,2
omitted,45,sequential,mechanism_repair,-29.05837954163164,29.05837954163164,-93.0,0.35,-35.5,8.551010525782749,1.6411927156706434,1,0,1.6433795416316461,2,8
omitted,46,stop,mechanism_repair,-27.414999999999996,27.414999999999996,-93.0,0.35,-35.5,8.713679152922117,1.381963407515609,1,0,0.0,0,0
omitted,46,fixed,source_repair,-28.691527752384353,28.691527752384353,-93.0,0.35,-35.5,10.799273671214086,1.492919289576377,1,0,1.2765277523843557,2,0
omitted,46,random,source_repair,-31.118775011350557,31.118775011350557,-93.0,0.35,-35.5,14.349627021876389,1.8351470706903887,1,0,3.70377501135056,2,0
omitted,46,entropy,source_repair,-28.691527752384353,28.691527752384353,-93.0,0.35,-35.5,10.799273671214086,1.492919289576377,1,0,1.2765277523843557,2,0
omitted,46,myopic,source_repair,-28.381599667130747,28.381599667130747,-93.0,0.35,-35.5,13.40304164903732,1.648467399749351,1,0,0.96659966713075,1,2
omitted,46,sequential,source_repair,-31.118775011350557,31.118775011350557,-93.0,0.35,-35.5,14.349627021876389,1.8351470706903887,1,0,3.70377501135056,2,8
omitted,47,stop,source_repair,-27.414999999999996,27.414999999999996,-93.0,0.35,-35.5,2.446370318969089,1.3672739695000518,1,0,0.0,0,0
omitted,47,fixed,mechanism_repair,-32.349707299396684,32.349707299396684,-93.0,0.35,-35.5,-1.3751353172347978,1.343367342532744,1,0,4.934707299396692,2,0
omitted,47,random,mechanism_repair,-32.53216052241099,32.53216052241099,-93.0,0.35,-35.5,5.148634443216094,1.7647142842572632,1,0,5.117160522410991,2,0
omitted,47,entropy,mechanism_repair,-31.616505169240924,31.616505169240924,-93.0,0.35,-35.5,6.217563264503944,1.8055244105566188,1,0,4.201505169240928,2,0
omitted,47,myopic,mechanism_repair,-29.60697919612761,29.60697919612761,-93.0,0.35,-35.5,7.590782628107629,1.7193656746779924,1,0,2.1919791961276136,1,2
omitted,47,sequential,mechanism_repair,-29.60697919612761,29.60697919612761,-93.0,0.35,-35.5,7.590782628107629,1.7193656746779924,1,0,2.1919791961276136,1,8
omitted,48,stop,source_repair,-27.414999999999996,27.414999999999996,-93.0,0.35,-35.5,7.590582433834336,1.4096761807285896,1,0,0.0,0,0
omitted,48,fixed,source_repair,-29.490092426101036,29.490092426101036,-93.0,0.35,-35.5,12.410160224141332,1.7604868064284165,1,0,2.0750924261010413,2,0
omitted,48,random,source_repair,-29.490092426101036,29.490092426101036,-93.0,0.35,-35.5,12.410160224141332,1.7604868064284165,1,0,2.0750924261010413,2,0
omitted,48,entropy,source_repair,-29.86145100588041,29.86145100588041,-93.0,0.35,-35.5,13.065557783766184,1.8056982011024578,1,0,2.4464510058804163,2,0
omitted,48,myopic,source_repair,-28.999905293417875,28.999905293417875,-93.0,0.35,-35.5,10.621143216555957,1.631456778006618,1,0,1.5849052934178778,1,2
omitted,48,sequential,source_repair,-28.999905293417875,28.999905293417875,-93.0,0.35,-35.5,10.621143216555957,1.631456778006618,1,0,1.5849052934178778,1,8
omitted,49,stop,mechanism_repair,-27.414999999999996,27.414999999999996,-93.0,0.35,-35.5,5.557702237928085,1.4039856031738012,1,0,0.0,0,0
omitted,49,fixed,mechanism_repair,-31.671932291607515,31.671932291607515,-93.0,0.35,-35.5,4.721426824501201,1.5212300072862648,1,0,4.256932291607519,2,0
omitted,49,random,mechanism_repair,-32.04513106624214,32.04513106624214,-93.0,0.35,-35.5,8.521270551093595,1.8600702580227009,1,0,4.630131066242145,2,0
omitted,49,entropy,mechanism_repair,-32.89830492927956,32.89830492927956,-93.0,0.35,-35.5,7.460643769739278,1.8245605290698093,1,0,5.483304929279569,2,0
omitted,49,myopic,mechanism_repair,-30.343251851957092,30.343251851957092,-93.0,0.35,-35.5,9.637494719990539,1.792052080617408,1,0,2.9282518519570973,1,2
omitted,49,sequential,mechanism_repair,-30.343251851957092,30.343251851957092,-93.0,0.35,-35.5,9.637494719990539,1.792052080617408,1,0,2.9282518519570973,1,8
omitted,50,stop,source_repair,-27.414999999999996,27.414999999999996,-93.0,0.35,-35.5,2.60360261702073,1.3923569060428027,1,0,0.0,0,0
omitted,50,fixed,general,-30.19470025999646,30.19470025999646,-93.0,0.35,-35.5,8.373423754366216,1.9166092883051533,1,0,2.779700259996465,2,0
omitted,50,random,general,-30.19470025999646,30.19470025999646,-93.0,0.35,-35.5,8.373423754366216,1.9166092883051533,1,0,2.779700259996465,2,0
omitted,50,entropy,general,-30.19470025999646,30.19470025999646,-93.0,0.35,-35.5,8.373423754366216,1.9166092883051533,1,0,2.779700259996465,2,0
omitted,50,myopic,general,-28.00993830838658,28.00993830838658,-93.0,0.35,-35.5,9.560793146120611,1.8457874272579262,1,0,0.5949383083865833,1,2
omitted,50,sequential,general,-28.00993830838658,28.00993830838658,-93.0,0.35,-35.5,9.560793146120611,1.8457874272579262,1,0,0.5949383083865833,1,8
omitted,51,stop,source_repair,-27.414999999999996,27.414999999999996,-93.0,0.35,-35.5,2.5522026160489584,1.34152869096518,1,0,0.0,0,0
omitted,51,fixed,mechanism_repair,-31.66371222438648,31.66371222438648,-93.0,0.35,-35.5,5.600501413298603,1.5989540569514928,1,0,4.248712224386485,2,0
omitted,51,random,source_repair,-31.044517967056283,31.044517967056283,-93.0,0.35,-35.5,5.39465647838438,1.5875261837040664,1,0,3.6295179670562883,2,0
omitted,51,entropy,general,-30.129604505140552,30.129604505140552,-93.0,0.35,-35.5,5.8106611190144655,1.7447792554587878,1,0,2.714604505140557,2,0
omitted,51,myopic,general,-30.129604505140552,30.129604505140552,-93.0,0.35,-35.5,5.8106611190144655,1.7447792554587878,1,0,2.714604505140557,2,2
omitted,51,sequential,general,-30.129604505140552,30.129604505140552,-93.0,0.35,-35.5,5.810661119014467,1.7447792554587873,1,0,2.714604505140557,2,8
omitted,52,stop,source_repair,-27.414999999999996,27.414999999999996,-93.0,0.35,-35.5,4.473124531913843,1.36833270262441,1,0,0.0,0,0
omitted,52,fixed,mechanism_repair,-31.4123664478027,31.4123664478027,-93.0,0.35,-35.5,1.395283052730072,1.369311615022354,1,0,3.9973664478027047,2,0
omitted,52,random,mechanism_repair,-31.4123664478027,31.4123664478027,-93.0,0.35,-35.5,1.3952830527300693,1.369311615022354,1,0,3.9973664478027047,2,0
omitted,52,entropy,general,-29.789357074020636,29.789357074020636,-93.0,0.35,-35.5,5.016334182405897,1.5629636109434513,0,0,2.374357074020642,2,0
omitted,52,myopic,general,-29.789357074020636,29.789357074020636,-93.0,0.35,-35.5,5.016334182405897,1.5629636109434513,0,0,2.374357074020642,2,2
omitted,52,sequential,general,-29.789357074020636,29.789357074020636,-93.0,0.35,-35.5,5.016334182405897,1.5629636109434513,0,0,2.374357074020642,2,8
omitted,53,stop,source_repair,-27.414999999999996,27.414999999999996,-93.0,0.35,-35.5,4.388844435096233,1.369662098866236,1,0,0.0,0,0
omitted,53,fixed,mechanism_repair,-30.07744276659215,30.07744276659215,-93.0,0.35,-35.5,3.0093271991930575,1.4027934508365842,1,0,2.6624427665921537,2,0
omitted,53,random,general,-30.801488355588084,30.801488355588084,-93.0,0.35,-35.5,1.7147026322422154,1.575773034926351,0,0,3.3864883555880883,2,0
omitted,53,entropy,mechanism_repair,-30.07744276659215,30.07744276659215,-93.0,0.35,-35.5,3.0093271991930584,1.4027934508365845,1,0,2.6624427665921537,2,0
omitted,53,myopic,mechanism_repair,-30.07744276659215,30.07744276659215,-93.0,0.35,-35.5,3.0093271991930584,1.4027934508365845,1,0,2.6624427665921537,2,2
omitted,53,sequential,mechanism_repair,-30.07744276659215,30.07744276659215,-93.0,0.35,-35.5,3.0093271991930584,1.4027934508365845,1,0,2.6624427665921537,2,8
omitted,54,stop,source_repair,-27.414999999999996,27.414999999999996,-93.0,0.35,-35.5,3.809871967413423,1.3419212750027616,1,0,0.0,0,0
omitted,54,fixed,general,-30.878715386852818,30.878715386852818,-93.0,0.35,-35.5,7.67092197131696,1.7156701964751901,1,0,3.463715386852823,2,0
omitted,54,random,general,-32.10946878249081,32.10946878249081,-93.0,0.35,-35.5,5.7941542366433065,1.7069160580183196,0,0,4.694468782490812,2,0
omitted,54,entropy,general,-30.878715386852818,30.878715386852818,-93.0,0.35,-35.5,7.67092197131696,1.7156701964751901,1,0,3.463715386852823,2,0
omitted,54,myopic,general,-29.652929504886025,29.652929504886025,-93.0,0.35,-35.5,7.073654727458555,1.638770293071272,0,0,2.237929504886028,1,2
omitted,54,sequential,general,-30.878715386852818,30.878715386852818,-93.0,0.35,-35.5,7.670921971316962,1.7156701964751901,1,0,3.463715386852823,2,8
omitted,55,stop,mechanism_repair,-27.414999999999996,27.414999999999996,-93.0,0.35,-35.5,3.3065727828755223,1.3345349697659628,1,0,0.0,0,0
omitted,55,fixed,mechanism_repair,-28.520407453847422,28.520407453847422,-93.0,0.35,-35.5,10.472698979325353,1.643260273239802,1,0,1.1054074538474261,2,0
omitted,55,random,source_repair,-29.74709660876397,29.74709660876397,-93.0,0.35,-35.5,4.873953871594839,1.4882165169592754,1,0,2.332096608763977,2,0
omitted,55,entropy,mechanism_repair,-28.520407453847422,28.520407453847422,-93.0,0.35,-35.5,10.472698979325353,1.643260273239802,1,0,1.1054074538474261,2,0
omitted,55,myopic,mechanism_repair,-28.520407453847422,28.520407453847422,-93.0,0.35,-35.5,10.472698979325354,1.643260273239802,1,0,1.1054074538474261,2,2
omitted,55,sequential,mechanism_repair,-28.520407453847422,28.520407453847422,-93.0,0.35,-35.5,10.472698979325354,1.643260273239802,1,0,1.1054074538474261,2,8
omitted,56,stop,mechanism_repair,-27.414999999999996,27.414999999999996,-93.0,0.35,-35.5,4.976190854883195,1.354396847559948,1,0,0.0,0,0
omitted,56,fixed,general,-30.07172459624386,30.07172459624386,-93.0,0.35,-35.5,4.614635193664793,1.6256949355963939,0,0,2.6567245962438655,2,0
omitted,56,random,general,-30.554180702379163,30.554180702379163,-93.0,0.35,-35.5,8.088442729251572,1.8538815547269476,1,0,3.1391807023791674,2,0
omitted,56,entropy,general,-30.07172459624386,30.07172459624386,-93.0,0.35,-35.5,4.614635193664793,1.6256949355963939,0,0,2.6567245962438655,2,0
omitted,56,myopic,general,-27.716398430249335,27.716398430249335,-93.0,0.35,-35.5,9.870550631106415,1.7730399985079788,1,0,0.30139843024934054,1,2
omitted,56,sequential,general,-27.716398430249335,27.716398430249335,-93.0,0.35,-35.5,9.870550631106415,1.7730399985079788,1,0,0.30139843024934054,1,8
omitted,57,stop,mechanism_repair,-27.414999999999996,27.414999999999996,-93.0,0.35,-35.5,3.4617989502963664,1.3616086444986681,1,0,0.0,0,0
omitted,57,fixed,mechanism_repair,-30.261925266056224,30.261925266056224,-93.0,0.35,-35.5,7.3923195226788,1.6308651384330606,1,0,2.84692526605623,2,0
omitted,57,random,mechanism_repair,-31.47136471749693,31.47136471749693,-93.0,0.35,-35.5,6.36861355716512,1.6170436995346422,1,0,4.056364717496934,2,0
omitted,57,entropy,mechanism_repair,-30.261925266056224,30.261925266056224,-93.0,0.35,-35.5,7.3923195226788,1.6308651384330606,1,0,2.84692526605623,2,0
omitted,57,myopic,mechanism_repair,-29.35807771036196,29.35807771036196,-93.0,0.35,-35.5,5.976714831973568,1.4610237599431293,1,0,1.9430777103619665,1,2
omitted,57,sequential,mechanism_repair,-29.35807771036196,29.35807771036196,-93.0,0.35,-35.5,5.976714831973568,1.4610237599431293,1,0,1.9430777103619665,1,8
omitted,58,stop,mechanism_repair,-27.414999999999996,27.414999999999996,-93.0,0.35,-35.5,5.0461357712846615,1.3475669747567958,1,0,0.0,0,0
omitted,58,fixed,mechanism_repair,-31.056299054999386,31.056299054999386,-93.0,0.35,-35.5,7.6819709292872425,1.6450036137605655,1,0,3.6412990549993913,2,0
omitted,58,random,mechanism_repair,-33.08564786620113,33.08564786620113,-93.0,0.35,-35.5,5.7564187580817725,1.5940205753787058,1,0,5.670647866201134,2,0
omitted,58,entropy,mechanism_repair,-31.382941373115248,31.382941373115248,-93.0,0.35,-35.5,7.9843068534124555,1.6965198218180078,1,0,3.9679413731152535,2,0
omitted,58,myopic,mechanism_repair,-28.38429628095675,28.38429628095675,-93.0,0.35,-35.5,6.380354217435119,1.500387730364579,1,0,0.9692962809567556,1,2
omitted,58,sequential,mechanism_repair,-28.38429628095675,28.38429628095675,-93.0,0.35,-35.5,6.380354217435119,1.500387730364579,1,0,0.9692962809567556,1,8
omitted,59,stop,mechanism_repair,-27.414999999999996,27.414999999999996,-93.0,0.35,-35.5,4.198721003981114,1.3459146744795039,1,0,0.0,0,0
omitted,59,fixed,source_repair,-29.374125436830425,29.374125436830425,-93.0,0.35,-35.5,10.433331361451772,1.7801751148590768,1,0,1.9591254368304303,2,0
omitted,59,random,source_repair,-30.091129438555615,30.091129438555615,-93.0,0.35,-35.5,10.456563322213764,1.8029919888347228,1,0,2.676129438555621,2,0
omitted,59,entropy,source_repair,-30.091129438555615,30.091129438555615,-93.0,0.35,-35.5,10.456563322213764,1.8029919888347228,1,0,2.676129438555621,2,0
omitted,59,myopic,source_repair,-28.337723565780124,28.337723565780124,-93.0,0.35,-35.5,10.846283480282063,1.7051738413443083,1,0,0.9227235657801285,1,2
omitted,59,sequential,source_repair,-28.337723565780124,28.337723565780124,-93.0,0.35,-35.5,10.846283480282063,1.7051738413443083,1,0,0.9227235657801285,1,8
omitted,60,stop,source_repair,-27.414999999999996,27.414999999999996,-93.0,0.35,-35.5,5.165587113848685,1.3559964854802575,1,0,0.0,0,0
omitted,60,fixed,general,-30.943765205532117,30.943765205532117,-93.0,0.35,-35.5,6.294047778811838,1.6508959013173756,0,0,3.52876520553212,2,0
omitted,60,random,mechanism_repair,-29.55843966962944,29.55843966962944,-93.0,0.35,-35.5,13.549320531020554,1.7446554051486745,1,0,2.1434396696294455,2,0
omitted,60,entropy,mechanism_repair,-29.55843966962944,29.55843966962944,-93.0,0.35,-35.5,13.549320531020554,1.7446554051486745,1,0,2.1434396696294455,2,0
omitted,60,myopic,mechanism_repair,-28.07411395088876,28.07411395088876,-93.0,0.35,-35.5,12.95771886834496,1.6280505367915323,1,0,0.6591139508887647,1,2
omitted,60,sequential,mechanism_repair,-28.07411395088876,28.07411395088876,-93.0,0.35,-35.5,12.95771886834496,1.6280505367915323,1,0,0.6591139508887647,1,8
omitted,61,stop,source_repair,-27.414999999999996,27.414999999999996,-93.0,0.35,-35.5,7.921700521146457,1.4215701659289979,1,0,0.0,0,0
omitted,61,fixed,mechanism_repair,-32.74366608099017,32.74366608099017,-93.0,0.35,-35.5,-0.3156719391601923,1.4406782429408256,1,0,5.328666080990173,2,0
omitted,61,random,source_repair,-32.54031597013826,32.54031597013826,-93.0,0.35,-35.5,7.645185187863606,1.6001793671283147,1,0,5.1253159701382645,2,0
omitted,61,entropy,general,-33.01486081272274,33.01486081272274,-93.0,0.35,-35.5,7.284858491209729,1.8355761723178838,1,0,5.599860812722742,2,0
omitted,61,myopic,general,-33.01486081272274,33.01486081272274,-93.0,0.35,-35.5,7.284858491209729,1.8355761723178838,1,0,5.599860812722742,2,2
omitted,61,sequential,general,-33.01486081272274,33.01486081272274,-93.0,0.35,-35.5,7.284858491209729,1.8355761723178838,1,0,5.599860812722742,2,8
omitted,62,stop,source_repair,-27.414999999999996,27.414999999999996,-93.0,0.35,-35.5,3.509270557791553,1.44125930082994,1,0,0.0,0,0
omitted,62,fixed,mechanism_repair,-31.522384566581707,31.522384566581707,-93.0,0.35,-35.5,-1.086171336256848,1.4049204293767825,1,0,4.107384566581711,2,0
omitted,62,random,mechanism_repair,-32.93321922095131,32.93321922095131,-93.0,0.35,-35.5,-1.4843057021178483,1.4730323280696607,1,0,5.518219220951311,2,0
omitted,62,entropy,mechanism_repair,-31.522384566581707,31.522384566581707,-93.0,0.35,-35.5,-1.0861713362568484,1.4049204293767825,1,0,4.107384566581711,2,0
omitted,62,myopic,general,-29.966240844282073,29.966240844282073,-93.0,0.35,-35.5,3.8630301040796247,1.5974720785760925,0,0,2.5512408442820766,1,2
omitted,62,sequential,general,-29.966240844282073,29.966240844282073,-93.0,0.35,-35.5,3.8630301040796247,1.5974720785760925,0,0,2.5512408442820766,1,8
omitted,63,stop,source_repair,-27.414999999999996,27.414999999999996,-93.0,0.35,-35.5,3.1530440541229643,1.3873873581493432,1,0,0.0,0,0
omitted,63,fixed,general,-30.971220338551927,30.971220338551927,-93.0,0.35,-35.5,7.770875442438969,1.8652602582805464,1,0,3.5562203385519298,2,0
omitted,63,random,general,-32.08805539469208,32.08805539469208,-93.0,0.35,-35.5,2.2982083876516297,1.5928482125896017,0,0,4.673055394692084,2,0
omitted,63,entropy,general,-30.971220338551927,30.971220338551927,-93.0,0.35,-35.5,7.770875442438969,1.8652602582805464,1,0,3.5562203385519298,2,0
omitted,63,myopic,general,-30.971220338551927,30.971220338551927,-93.0,0.35,-35.5,7.770875442438969,1.8652602582805464,1,0,3.5562203385519298,2,2
omitted,63,sequential,general,-30.971220338551927,30.971220338551927,-93.0,0.35,-35.5,7.770875442438969,1.8652602582805464,1,0,3.5562203385519298,2,8
omitted,64,stop,mechanism_repair,-27.414999999999996,27.414999999999996,-93.0,0.35,-35.5,5.254605075062165,1.4088065784209842,1,0,0.0,0,0
omitted,64,fixed,mechanism_repair,-30.264864603063288,30.264864603063288,-93.0,0.35,-35.5,7.186656279107069,1.6216241484010179,1,0,2.849864603063292,2,0
omitted,64,random,mechanism_repair,-29.420089348732027,29.420089348732027,-93.0,0.35,-35.5,10.198559394249582,1.8516025538540912,1,0,2.00508934873203,2,0
omitted,64,entropy,mechanism_repair,-29.420089348732027,29.420089348732027,-93.0,0.35,-35.5,10.198559394249582,1.8516025538540912,1,0,2.00508934873203,2,0
omitted,64,myopic,mechanism_repair,-28.26677324211879,28.26677324211879,-93.0,0.35,-35.5,10.073098553948697,1.7025785466232528,1,0,0.8517732421187956,1,2
omitted,64,sequential,mechanism_repair,-28.26677324211879,28.26677324211879,-93.0,0.35,-35.5,10.073098553948697,1.7025785466232528,1,0,0.8517732421187956,1,8
omitted,65,stop,source_repair,-27.414999999999996,27.414999999999996,-93.0,0.35,-35.5,4.730306946835443,1.4147851772615945,1,0,0.0,0,0
omitted,65,fixed,mechanism_repair,-30.38626014086331,30.38626014086331,-93.0,0.35,-35.5,7.401638190648001,1.4884810699104412,1,0,2.971260140863315,2,0
omitted,65,random,mechanism_repair,-30.38626014086331,30.38626014086331,-93.0,0.35,-35.5,7.401638190648001,1.4884810699104412,1,0,2.971260140863315,2,0
omitted,65,entropy,mechanism_repair,-30.941222452403306,30.941222452403306,-93.0,0.35,-35.5,13.05113592828106,1.8964246333167982,1,0,3.526222452403311,2,0
omitted,65,myopic,mechanism_repair,-29.72674110688193,29.72674110688193,-93.0,0.35,-35.5,10.309968071729466,1.5941248589127421,1,0,2.3117411068819362,1,2
omitted,65,sequential,mechanism_repair,-29.72674110688193,29.72674110688193,-93.0,0.35,-35.5,10.309968071729466,1.5941248589127421,1,0,2.3117411068819362,1,8
omitted,66,stop,source_repair,-27.414999999999996,27.414999999999996,-93.0,0.35,-35.5,8.595330272944851,1.4321929711522805,1,0,0.0,0,0
omitted,66,fixed,source_repair,-29.448713093750044,29.448713093750044,-93.0,0.35,-35.5,14.009023674993418,1.7331616306853406,1,0,2.0337130937500487,2,0
omitted,66,random,source_repair,-29.448713093750044,29.448713093750044,-93.0,0.35,-35.5,14.009023674993418,1.7331616306853406,1,0,2.0337130937500487,2,0
omitted,66,entropy,source_repair,-29.448713093750044,29.448713093750044,-93.0,0.35,-35.5,14.009023674993418,1.7331616306853406,1,0,2.0337130937500487,2,0
omitted,66,myopic,source_repair,-28.195376354620162,28.195376354620162,-93.0,0.35,-35.5,16.78872104490682,1.8667689409179102,1,0,0.7803763546201676,1,2
omitted,66,sequential,source_repair,-28.195376354620162,28.195376354620162,-93.0,0.35,-35.5,16.78872104490682,1.8667689409179102,1,0,0.7803763546201676,1,8
omitted,67,stop,mechanism_repair,-27.414999999999996,27.414999999999996,-93.0,0.35,-35.5,4.335683467226422,1.3499539904383124,1,0,0.0,0,0
omitted,67,fixed,source_repair,-29.634498313011477,29.634498313011477,-93.0,0.35,-35.5,2.5722433281848245,1.4626085312748176,1,0,2.2194983130114796,2,0
omitted,67,random,mechanism_repair,-30.648580950124504,30.648580950124504,-93.0,0.35,-35.5,4.164915974315795,1.484843402647489,1,0,3.23358095012451,2,0
omitted,67,entropy,source_repair,-29.634498313011477,29.634498313011477,-93.0,0.35,-35.5,2.5722433281848245,1.4626085312748176,1,0,2.2194983130114796,2,0
omitted,67,myopic,source_repair,-28.00315791975508,28.00315791975508,-93.0,0.35,-35.5,8.371648864203681,1.535226911990907,1,0,0.5881579197550821,1,2
omitted,67,sequential,source_repair,-28.00315791975508,28.00315791975508,-93.0,0.35,-35.5,8.371648864203681,1.535226911990907,1,0,0.5881579197550821,1,8
omitted,68,stop,source_repair,-27.414999999999996,27.414999999999996,-93.0,0.35,-35.5,4.868877706866343,1.360024557087416,1,0,0.0,0,0
omitted,68,fixed,mechanism_repair,-31.90674245548017,31.90674245548017,-93.0,0.35,-35.5,6.198274172466025,1.4342058777261473,1,0,4.491742455480173,2,0
omitted,68,random,mechanism_repair,-31.90674245548017,31.90674245548017,-93.0,0.35,-35.5,6.198274172466025,1.4342058777261473,1,0,4.491742455480173,2,0
omitted,68,entropy,mechanism_repair,-32.16742360642764,32.16742360642764,-93.0,0.35,-35.5,11.319192131631839,1.6111562006283644,1,0,4.752423606427646,2,0
omitted,68,myopic,mechanism_repair,-32.16742360642764,32.16742360642764,-93.0,0.35,-35.5,11.319192131631839,1.6111562006283644,1,0,4.752423606427646,2,2
omitted,68,sequential,mechanism_repair,-32.16742360642764,32.16742360642764,-93.0,0.35,-35.5,11.319192131631839,1.6111562006283644,1,0,4.752423606427646,2,8
omitted,69,stop,mechanism_repair,-27.414999999999996,27.414999999999996,-93.0,0.35,-35.5,5.490514128431915,1.3485581319293765,1,0,0.0,0,0
omitted,69,fixed,mechanism_repair,-31.497498538195117,31.497498538195117,-93.0,0.35,-35.5,5.4513116703457545,1.462569528812951,1,0,4.08249853819512,2,0
omitted,69,random,general,-31.495392026925806,31.495392026925806,-93.0,0.35,-35.5,-0.826969246441128,1.432970718869667,0,0,4.080392026925811,2,0
omitted,69,entropy,general,-31.495392026925806,31.495392026925806,-93.0,0.35,-35.5,-0.826969246441128,1.432970718869667,0,0,4.080392026925811,2,0
omitted,69,myopic,source_repair,-30.079888494599935,30.079888494599935,-93.0,0.35,-35.5,2.5773359839642493,1.3805865348570214,1,0,2.66488849459994,1,2
omitted,69,sequential,mechanism_repair,-28.830503532325867,28.830503532325867,-93.0,0.35,-35.5,6.339221350541064,1.409185979428747,1,0,1.4155035323258707,1,8
omitted,70,stop,mechanism_repair,-27.414999999999996,27.414999999999996,-93.0,0.35,-35.5,3.1959936272620526,1.364077213678029,1,0,0.0,0,0
omitted,70,fixed,mechanism_repair,-31.70084565675146,31.70084565675146,-93.0,0.35,-35.5,3.0412128933638174,1.4543939129086159,1,0,4.285845656751464,2,0
omitted,70,random,source_repair,-31.298944635692564,31.298944635692564,-93.0,0.35,-35.5,5.7408905673515545,1.603058282299939,1,0,3.88394463569257,2,0
omitted,70,entropy,source_repair,-31.47307411731729,31.47307411731729,-93.0,0.35,-35.5,0.870434876136394,1.419346366733663,1,0,4.058074117317295,2,0
omitted,70,myopic,source_repair,-29.243086548129195,29.243086548129195,-93.0,0.35,-35.5,6.508406969194354,1.5061677273885223,1,0,1.828086548129201,1,2
omitted,70,sequential,source_repair,-29.243086548129195,29.243086548129195,-93.0,0.35,-35.5,6.508406969194354,1.5061677273885223,1,0,1.828086548129201,1,8
omitted,71,stop,mechanism_repair,-27.414999999999996,27.414999999999996,-93.0,0.35,-35.5,5.00243707982661,1.350001059840543,1,0,0.0,0,0
omitted,71,fixed,source_repair,-32.31797215465444,32.31797215465444,-93.0,0.35,-35.5,0.7853668691311242,1.4224689989122152,1,0,4.902972154654448,2,0
omitted,71,random,mechanism_repair,-31.25465543893992,31.25465543893992,-93.0,0.35,-35.5,1.6703514572365368,1.3901747433743272,1,0,3.839655438939924,2,0
omitted,71,entropy,mechanism_repair,-31.25465543893992,31.25465543893992,-93.0,0.35,-35.5,1.6703514572365368,1.3901747433743272,1,0,3.839655438939924,2,0
omitted,71,myopic,mechanism_repair,-28.324620024708263,28.324620024708263,-93.0,0.35,-35.5,8.002547077398217,1.4776923452435606,1,0,0.9096200247082662,1,2
omitted,71,sequential,mechanism_repair,-28.324620024708263,28.324620024708263,-93.0,0.35,-35.5,8.002547077398217,1.4776923452435606,1,0,0.9096200247082662,1,8
omitted,72,stop,source_repair,-27.414999999999996,27.414999999999996,-93.0,0.35,-35.5,4.550428222362591,1.373909456000335,1,0,0.0,0,0
omitted,72,fixed,general,-30.75877264043555,30.75877264043555,-93.0,0.35,-35.5,5.690885448570257,1.8334188496754078,1,0,3.343772640435554,2,0
omitted,72,random,source_repair,-32.070245866044196,32.070245866044196,-93.0,0.35,-35.5,-0.5637663869722713,1.5039435358523252,1,0,4.655245866044199,2,0
omitted,72,entropy,general,-30.557708432096184,30.557708432096184,-93.0,0.35,-35.5,5.270500274570951,1.804054705357545,1,0,3.142708432096187,2,0
omitted,72,myopic,general,-28.330617603243766,28.330617603243766,-93.0,0.35,-35.5,6.978694106413767,1.7537609369321512,1,0,0.9156176032437713,1,2
omitted,72,sequential,general,-28.330617603243766,28.330617603243766,-93.0,0.35,-35.5,6.978694106413767,1.7537609369321512,1,0,0.9156176032437713,1,8
omitted,73,stop,source_repair,-27.414999999999996,27.414999999999996,-93.0,0.35,-35.5,5.247489462740986,1.3686331176484066,1,0,0.0,0,0
omitted,73,fixed,general,-29.16807197398125,29.16807197398125,-93.0,0.35,-35.5,6.7117962684488415,1.6817722371772905,0,0,1.7530719739812537,2,0
omitted,73,random,general,-29.16807197398125,29.16807197398125,-93.0,0.35,-35.5,6.7117962684488415,1.6817722371772905,0,0,1.7530719739812537,2,0
omitted,73,entropy,general,-29.16807197398125,29.16807197398125,-93.0,0.35,-35.5,6.7117962684488415,1.6817722371772905,0,0,1.7530719739812537,2,0
omitted,73,myopic,general,-29.16807197398125,29.16807197398125,-93.0,0.35,-35.5,6.7117962684488415,1.6817722371772905,0,0,1.7530719739812537,2,2
omitted,73,sequential,general,-29.16807197398125,29.16807197398125,-93.0,0.35,-35.5,6.7117962684488415,1.6817722371772905,0,0,1.7530719739812537,2,8
omitted,74,stop,mechanism_repair,-27.414999999999996,27.414999999999996,-93.0,0.35,-35.5,8.025238069024741,1.38787311481757,1,0,0.0,0,0
omitted,74,fixed,mechanism_repair,-32.505348717681976,32.505348717681976,-93.0,0.35,-35.5,10.513545633119822,1.7451641627474708,1,0,5.090348717681978,2,0
omitted,74,random,general,-32.12380429858219,32.12380429858219,-93.0,0.35,-35.5,5.84129228807395,1.6877863678798435,1,0,4.708804298582198,2,0
omitted,74,entropy,general,-32.12380429858219,32.12380429858219,-93.0,0.35,-35.5,5.8412922880739515,1.6877863678798435,1,0,4.708804298582198,2,0
omitted,74,myopic,general,-32.12380429858219,32.12380429858219,-93.0,0.35,-35.5,5.8412922880739515,1.6877863678798435,1,0,4.708804298582198,2,2
omitted,74,sequential,general,-32.12380429858219,32.12380429858219,-93.0,0.35,-35.5,5.8412922880739515,1.6877863678798435,1,0,4.708804298582198,2,8
omitted,75,stop,mechanism_repair,-27.414999999999996,27.414999999999996,-93.0,0.35,-35.5,3.9644474640640293,1.3403504537213582,1,0,0.0,0,0
omitted,75,fixed,mechanism_repair,-29.30290958218079,29.30290958218079,-93.0,0.35,-35.5,8.865793137387975,1.5142519233320848,1,0,1.8879095821807919,2,0
omitted,75,random,mechanism_repair,-29.37397456348441,29.37397456348441,-93.0,0.35,-35.5,13.904221072938316,1.8405149169106174,1,0,1.9589745634844136,2,0
omitted,75,entropy,mechanism_repair,-29.37397456348441,29.37397456348441,-93.0,0.35,-35.5,13.904221072938316,1.8405149169106174,1,0,1.9589745634844136,2,0
omitted,75,myopic,mechanism_repair,-29.37397456348441,29.37397456348441,-93.0,0.35,-35.5,13.904221072938316,1.8405149169106174,1,0,1.9589745634844136,2,2
omitted,75,sequential,mechanism_repair,-29.37397456348441,29.37397456348441,-93.0,0.35,-35.5,13.904221072938316,1.8405149169106174,1,0,1.9589745634844136,2,8
omitted,76,stop,source_repair,-27.414999999999996,27.414999999999996,-93.0,0.35,-35.5,8.045895493158822,1.4266119436028444,1,0,0.0,0,0
omitted,76,fixed,source_repair,-31.706084778478804,31.706084778478804,-93.0,0.35,-35.5,9.280540968591435,1.801154344198917,1,0,4.291084778478808,2,0
omitted,76,random,source_repair,-31.706084778478804,31.706084778478804,-93.0,0.35,-35.5,9.280540968591435,1.801154344198917,1,0,4.291084778478808,2,0
omitted,76,entropy,source_repair,-30.434155392956217,30.434155392956217,-93.0,0.35,-35.5,7.063214945439076,1.5604201471442192,1,0,3.019155392956221,2,0
omitted,76,myopic,source_repair,-27.414999999999996,27.414999999999996,-93.0,0.35,-35.5,8.045895493158822,1.4266119436028444,1,0,0.0,0,1
omitted,76,sequential,source_repair,-30.434155392956217,30.434155392956217,-93.0,0.35,-35.5,7.063214945439076,1.5604201471442192,1,0,3.019155392956221,2,8
omitted,77,stop,mechanism_repair,-27.414999999999996,27.414999999999996,-93.0,0.35,-35.5,2.7462583295706122,1.397450358032197,1,0,0.0,0,0
omitted,77,fixed,mechanism_repair,-30.111989895661388,30.111989895661388,-93.0,0.35,-35.5,4.182972202605005,1.4383220765441762,1,0,2.6969898956613934,2,0
omitted,77,random,mechanism_repair,-30.111855043320833,30.111855043320833,-93.0,0.35,-35.5,7.975468219077304,1.6498151136303578,1,0,2.696855043320837,2,0
omitted,77,entropy,mechanism_repair,-28.283035966290267,28.283035966290267,-93.0,0.35,-35.5,10.329511685865189,1.7195743564110257,1,0,0.8680359662902734,2,0
omitted,77,myopic,mechanism_repair,-27.848950556974856,27.848950556974856,-93.0,0.35,-35.5,9.393704007178334,1.5881546153085582,1,0,0.4339505569748586,1,2
omitted,77,sequential,mechanism_repair,-27.848950556974856,27.848950556974856,-93.0,0.35,-35.5,9.393704007178334,1.5881546153085582,1,0,0.4339505569748586,1,8
omitted,78,stop,mechanism_repair,-27.414999999999996,27.414999999999996,-93.0,0.35,-35.5,4.73438047715136,1.349670259287783,1,0,0.0,0,0
omitted,78,fixed,mechanism_repair,-29.621506303854385,29.621506303854385,-93.0,0.35,-35.5,7.992303025869861,1.5443413019558345,1,0,2.2065063038543884,2,0
omitted,78,random,general,-31.420036755018714,31.420036755018714,-93.0,0.35,-35.5,3.5700908512280902,1.6215690078035132,0,0,4.005036755018718,2,0
omitted,78,entropy,mechanism_repair,-29.621506303854385,29.621506303854385,-93.0,0.35,-35.5,7.992303025869862,1.5443413019558347,1,0,2.2065063038543884,2,0
omitted,78,myopic,mechanism_repair,-28.80728202031784,28.80728202031784,-93.0,0.35,-35.5,6.158070083588704,1.470573192458272,1,0,1.3922820203178439,1,2
omitted,78,sequential,mechanism_repair,-28.80728202031784,28.80728202031784,-93.0,0.35,-35.5,6.158070083588704,1.470573192458272,1,0,1.3922820203178439,1,8
omitted,79,stop,source_repair,-27.414999999999996,27.414999999999996,-93.0,0.35,-35.5,4.084482579245625,1.341030035888324,1,0,0.0,0,0
omitted,79,fixed,source_repair,-28.56878886408299,28.56878886408299,-93.0,0.35,-35.5,11.561737561326648,1.7452171275197939,1,0,1.1537888640829954,2,0
omitted,79,random,source_repair,-28.56878886408299,28.56878886408299,-93.0,0.35,-35.5,11.561737561326648,1.7452171275197939,1,0,1.1537888640829954,2,0
omitted,79,entropy,source_repair,-28.56878886408299,28.56878886408299,-93.0,0.35,-35.5,11.561737561326648,1.7452171275197939,1,0,1.1537888640829954,2,0
omitted,79,myopic,source_repair,-27.963597566747477,27.963597566747477,-93.0,0.35,-35.5,10.478191368023579,1.5730281018034187,1,0,0.5485975667474832,1,2
omitted,79,sequential,source_repair,-27.963597566747477,27.963597566747477,-93.0,0.35,-35.5,10.478191368023579,1.5730281018034187,1,0,0.5485975667474832,1,8
omitted,80,stop,mechanism_repair,-27.414999999999996,27.414999999999996,-93.0,0.35,-35.5,4.482388992293872,1.3385910810612103,1,0,0.0,0,0
omitted,80,fixed,mechanism_repair,-32.596405951361405,32.596405951361405,-93.0,0.35,-35.5,5.156414882130759,1.5637482142490933,1,0,5.181405951361407,2,0
omitted,80,random,mechanism_repair,-29.969632539031526,29.969632539031526,-93.0,0.35,-35.5,9.641125339010111,1.5841210769509515,1,0,2.5546325390315303,2,0
omitted,80,entropy,mechanism_repair,-30.49633612842864,30.49633612842864,-93.0,0.35,-35.5,9.118548104415614,1.6568328881096632,1,0,3.0813361284286462,2,0
omitted,80,myopic,mechanism_repair,-27.64228135804938,27.64228135804938,-93.0,0.35,-35.5,10.161414135924943,1.5029238186335472,1,0,0.22728135804938443,1,2
omitted,80,sequential,mechanism_repair,-27.64228135804938,27.64228135804938,-93.0,0.35,-35.5,10.161414135924943,1.5029238186335472,1,0,0.22728135804938443,1,8
omitted,81,stop,mechanism_repair,-27.414999999999996,27.414999999999996,-93.0,0.35,-35.5,2.590621831087301,1.3435719243157147,1,0,0.0,0,0
omitted,81,fixed,mechanism_repair,-30.80215967735704,30.80215967735704,-93.0,0.35,-35.5,2.636400532255286,1.412460733626918,1,0,3.387159677357044,2,0
omitted,81,random,general,-31.500889917711877,31.500889917711877,-93.0,0.35,-35.5,-0.3864322189969198,1.4851112573344991,0,0,4.0858899177118815,2,0
omitted,81,entropy,mechanism_repair,-30.80215967735704,30.80215967735704,-93.0,0.35,-35.5,2.636400532255286,1.412460733626918,1,0,3.387159677357044,2,0
omitted,81,myopic,mechanism_repair,-27.414999999999996,27.414999999999996,-93.0,0.35,-35.5,2.590621831087301,1.3435719243157147,1,0,0.0,0,1
omitted,81,sequential,source_repair,-30.07751927359168,30.07751927359168,-93.0,0.35,-35.5,1.6146621500703464,1.360954860116419,1,0,2.662519273591685,2,8
omitted,82,stop,mechanism_repair,-27.414999999999996,27.414999999999996,-93.0,0.35,-35.5,7.119835569321711,1.386268815965672,1,0,0.0,0,0
omitted,82,fixed,mechanism_repair,-31.776797647782917,31.776797647782917,-93.0,0.35,-35.5,10.64714190037186,1.6752558823077963,1,0,4.361797647782922,2,0
omitted,82,random,mechanism_repair,-31.776797647782917,31.776797647782917,-93.0,0.35,-35.5,10.64714190037186,1.675255882307796,1,0,4.361797647782922,2,0
omitted,82,entropy,mechanism_repair,-31.776797647782917,31.776797647782917,-93.0,0.35,-35.5,10.64714190037186,1.6752558823077963,1,0,4.361797647782922,2,0
omitted,82,myopic,mechanism_repair,-29.49807830920829,29.49807830920829,-93.0,0.35,-35.5,9.642169825864908,1.5424335932626703,1,0,2.0830783092082923,1,2
omitted,82,sequential,mechanism_repair,-29.49807830920829,29.49807830920829,-93.0,0.35,-35.5,9.642169825864908,1.5424335932626703,1,0,2.0830783092082923,1,8
omitted,83,stop,source_repair,-27.414999999999996,27.414999999999996,-93.0,0.35,-35.5,6.4407459985676425,1.4031341049503812,1,0,0.0,0,0
omitted,83,fixed,mechanism_repair,-33.055032830818696,33.055032830818696,-93.0,0.35,-35.5,-0.6461559996764965,1.3746250252853534,1,0,5.640032830818702,2,0
omitted,83,random,mechanism_repair,-33.07405867050606,33.07405867050606,-93.0,0.35,-35.5,2.2942093726431185,1.530017388213134,1,0,5.659058670506069,2,0
omitted,83,entropy,mechanism_repair,-32.904178406774435,32.904178406774435,-93.0,0.35,-35.5,4.937807195414962,1.5910858063099869,1,0,5.489178406774437,2,0
omitted,83,myopic,source_repair,-27.414999999999996,27.414999999999996,-93.0,0.35,-35.5,6.4407459985676425,1.4031341049503812,1,0,0.0,0,1
omitted,83,sequential,source_repair,-27.414999999999996,27.414999999999996,-93.0,0.35,-35.5,6.4407459985676425,1.4031341049503812,1,0,0.0,0,7
omitted,84,stop,source_repair,-27.414999999999996,27.414999999999996,-93.0,0.35,-35.5,4.621612087526333,1.3961225745460975,1,0,0.0,0,0
omitted,84,fixed,mechanism_repair,-30.66853141763182,30.66853141763182,-93.0,0.35,-35.5,3.8390427371142066,1.4317933663979214,1,0,3.2535314176318244,2,0
omitted,84,random,general,-28.958680180369655,28.958680180369655,-93.0,0.35,-35.5,7.682982535293458,1.8044245993490162,1,0,1.5436801803696607,2,0
omitted,84,entropy,general,-28.958680180369655,28.958680180369655,-93.0,0.35,-35.5,7.682982535293458,1.8044245993490162,1,0,1.5436801803696607,2,0
omitted,84,myopic,general,-28.958680180369655,28.958680180369655,-93.0,0.35,-35.5,7.682982535293458,1.8044245993490162,1,0,1.5436801803696607,2,2
omitted,84,sequential,general,-28.958680180369655,28.958680180369655,-93.0,0.35,-35.5,7.682982535293458,1.8044245993490162,1,0,1.5436801803696607,2,8
omitted,85,stop,source_repair,-27.414999999999996,27.414999999999996,-93.0,0.35,-35.5,6.71882599260212,1.3728849018674447,1,0,0.0,0,0
omitted,85,fixed,general,-31.12732783124624,31.12732783124624,-93.0,0.35,-35.5,10.787021391891336,1.9002380070498366,1,0,3.712327831246247,2,0
omitted,85,random,general,-30.3777225744299,30.3777225744299,-93.0,0.35,-35.5,9.544849502390889,1.789563122897082,1,0,2.962722574429904,2,0
omitted,85,entropy,general,-31.12732783124624,31.12732783124624,-93.0,0.35,-35.5,10.787021391891336,1.9002380070498366,1,0,3.712327831246247,2,0
omitted,85,myopic,general,-28.505020568150993,28.505020568150993,-93.0,0.35,-35.5,12.009761510165836,1.827922700707139,1,0,1.090020568150996,1,2
omitted,85,sequential,general,-28.505020568150993,28.505020568150993,-93.0,0.35,-35.5,12.009761510165836,1.827922700707139,1,0,1.090020568150996,1,8
omitted,86,stop,mechanism_repair,-27.414999999999996,27.414999999999996,-93.0,0.35,-35.5,4.915640315895798,1.338117482420218,1,0,0.0,0,0
omitted,86,fixed,source_repair,-30.517063782633834,30.517063782633834,-93.0,0.35,-35.5,6.008770799706039,1.437499549319094,1,0,3.102063782633837,2,0
omitted,86,random,source_repair,-31.632431443603146,31.632431443603146,-93.0,0.35,-35.5,9.142009186903133,1.6463301328098967,1,0,4.217431443603148,2,0
omitted,86,entropy,source_repair,-31.632431443603146,31.632431443603146,-93.0,0.35,-35.5,9.142009186903133,1.6463301328098967,1,0,4.217431443603148,2,0
omitted,86,myopic,source_repair,-31.632431443603146,31.632431443603146,-93.0,0.35,-35.5,9.142009186903133,1.6463301328098967,1,0,4.217431443603148,2,2
omitted,86,sequential,source_repair,-31.632431443603146,31.632431443603146,-93.0,0.35,-35.5,9.142009186903133,1.6463301328098967,1,0,4.217431443603148,2,8
omitted,87,stop,source_repair,-27.414999999999996,27.414999999999996,-93.0,0.35,-35.5,4.7143326754869985,1.4150302279681348,1,0,0.0,0,0
omitted,87,fixed,mechanism_repair,-31.351684325811508,31.351684325811508,-93.0,0.35,-35.5,0.41222095815171933,1.3796171998878355,1,0,3.9366843258115116,2,0
omitted,87,random,mechanism_repair,-32.43338600100545,32.43338600100545,-93.0,0.35,-35.5,7.589574705775237,1.7278989259673556,1,0,5.018386001005456,2,0
omitted,87,entropy,mechanism_repair,-32.16835802603482,32.16835802603482,-93.0,0.35,-35.5,9.741294059186828,1.9032769229572573,1,0,4.75335802603482,2,0
omitted,87,myopic,mechanism_repair,-30.332529850614378,30.332529850614378,-93.0,0.35,-35.5,10.514615668098603,1.8184903699719865,1,0,2.917529850614382,1,2
omitted,87,sequential,mechanism_repair,-30.332529850614378,30.332529850614378,-93.0,0.35,-35.5,10.514615668098603,1.8184903699719865,1,0,2.917529850614382,1,8
omitted,88,stop,source_repair,-27.414999999999996,27.414999999999996,-93.0,0.35,-35.5,4.726695601781403,1.4067093336129695,1,0,0.0,0,0
omitted,88,fixed,general,-30.133915144255667,30.133915144255667,-93.0,0.35,-35.5,6.49858418315665,1.9012359555038532,1,0,2.7189151442556714,2,0
omitted,88,random,general,-30.133915144255667,30.133915144255667,-93.0,0.35,-35.5,6.498584183156648,1.9012359555038536,1,0,2.7189151442556714,2,0
omitted,88,entropy,general,-27.896317367918396,27.896317367918396,-93.0,0.35,-35.5,6.511162100323571,1.730820777793093,0,0,0.48131736791840096,2,0
omitted,88,myopic,general,-27.896317367918396,27.896317367918396,-93.0,0.35,-35.5,6.511162100323571,1.730820777793093,0,0,0.48131736791840096,2,2
omitted,88,sequential,general,-27.896317367918396,27.896317367918396,-93.0,0.35,-35.5,6.511162100323571,1.730820777793093,0,0,0.48131736791840096,2,8
omitted,89,stop,source_repair,-27.414999999999996,27.414999999999996,-93.0,0.35,-35.5,2.882217226813867,1.334676570985481,1,0,0.0,0,0
omitted,89,fixed,source_repair,-30.270818472074538,30.270818472074538,-93.0,0.35,-35.5,7.422299067541381,1.6370158254490854,1,0,2.855818472074541,2,0
omitted,89,random,mechanism_repair,-31.262848091333485,31.262848091333485,-93.0,0.35,-35.5,5.618856942714661,1.5583860973642731,1,0,3.8478480913334905,2,0
omitted,89,entropy,mechanism_repair,-31.262848091333485,31.262848091333485,-93.0,0.35,-35.5,5.618856942714661,1.5583860973642731,1,0,3.8478480913334905,2,0
omitted,89,myopic,source_repair,-28.351309396546608,28.351309396546608,-93.0,0.35,-35.5,8.346730647487476,1.5337976850777737,1,0,0.9363093965466112,1,2
omitted,89,sequential,source_repair,-28.351309396546608,28.351309396546608,-93.0,0.35,-35.5,8.346730647487476,1.5337976850777737,1,0,0.9363093965466112,1,8
omitted,90,stop,mechanism_repair,-27.414999999999996,27.414999999999996,-93.0,0.35,-35.5,7.2909240809741975,1.3851220563442714,1,0,0.0,0,0
omitted,90,fixed,general,-31.223934561520824,31.223934561520824,-93.0,0.35,-35.5,-0.7117667631538303,1.42979523508398,0,0,3.8089345615208274,2,0
omitted,90,random,general,-31.223934561520824,31.223934561520824,-93.0,0.35,-35.5,-0.7117667631538303,1.42979523508398,0,0,3.8089345615208274,2,0
omitted,90,entropy,general,-31.017536370216312,31.017536370216312,-93.0,0.35,-35.5,6.69482696964212,1.7301019959425765,0,0,3.6025363702163173,2,0
omitted,90,myopic,general,-31.017536370216312,31.017536370216312,-93.0,0.35,-35.5,6.69482696964212,1.7301019959425765,0,0,3.6025363702163173,2,2
omitted,90,sequential,general,-31.017536370216312,31.017536370216312,-93.0,0.35,-35.5,6.69482696964212,1.7301019959425765,0,0,3.6025363702163173,2,8
omitted,91,stop,source_repair,-27.414999999999996,27.414999999999996,-93.0,0.35,-35.5,5.922746550311223,1.3885778921217968,1,0,0.0,0,0
omitted,91,fixed,source_repair,-29.299355648656075,29.299355648656075,-93.0,0.35,-35.5,12.4869279845549,1.7288745929185363,1,0,1.8843556486560797,2,0
omitted,91,random,source_repair,-29.19012843895733,29.19012843895733,-93.0,0.35,-35.5,10.5305923215984,1.5400033206860138,1,0,1.7751284389573347,2,0
omitted,91,entropy,source_repair,-30.05550844899916,30.05550844899916,-93.0,0.35,-35.5,13.194583317638896,1.784150454923967,1,0,2.6405084489991637,2,0
omitted,91,myopic,source_repair,-30.05550844899916,30.05550844899916,-93.0,0.35,-35.5,13.194583317638896,1.784150454923967,1,0,2.6405084489991637,2,2
omitted,91,sequential,source_repair,-30.05550844899916,30.05550844899916,-93.0,0.35,-35.5,13.194583317638896,1.784150454923967,1,0,2.6405084489991637,2,8
omitted,92,stop,mechanism_repair,-27.414999999999996,27.414999999999996,-93.0,0.35,-35.5,3.657471808800522,1.3403430006991985,1,0,0.0,0,0
omitted,92,fixed,general,-32.6743749507006,32.6743749507006,-93.0,0.35,-35.5,3.5381739454772987,1.7200718172503011,1,0,5.259374950700607,2,0
omitted,92,random,mechanism_repair,-30.73616899554422,30.73616899554422,-93.0,0.35,-35.5,7.578649081172813,1.628878278498564,1,0,3.3211689955442227,2,0
omitted,92,entropy,mechanism_repair,-30.73616899554422,30.73616899554422,-93.0,0.35,-35.5,7.578649081172813,1.6288782784985638,1,0,3.3211689955442227,2,0
omitted,92,myopic,general,-32.6743749507006,32.6743749507006,-93.0,0.35,-35.5,3.5381739454773005,1.7200718172503011,1,0,5.259374950700607,2,2
omitted,92,sequential,general,-32.6743749507006,32.6743749507006,-93.0,0.35,-35.5,3.5381739454773005,1.7200718172503011,1,0,5.259374950700607,2,8
omitted,93,stop,mechanism_repair,-27.414999999999996,27.414999999999996,-93.0,0.35,-35.5,5.220269114526631,1.3595958905318102,1,0,0.0,0,0
omitted,93,fixed,source_repair,-30.806012604838436,30.806012604838436,-93.0,0.35,-35.5,0.8621535435367362,1.359313376331152,1,0,3.391012604838441,2,0
omitted,93,random,mechanism_repair,-32.12131082863982,32.12131082863982,-93.0,0.35,-35.5,2.5690396784035645,1.4608104804431683,1,0,4.7063108286398245,2,0
omitted,93,entropy,mechanism_repair,-29.89618638851836,29.89618638851836,-93.0,0.35,-35.5,5.40371047163851,1.4320826970398173,1,0,2.481186388518362,2,0
omitted,93,myopic,mechanism_repair,-29.313242306159868,29.313242306159868,-93.0,0.35,-35.5,8.726854164432336,1.5840089811011286,1,0,1.8982423061598728,1,2
omitted,93,sequential,mechanism_repair,-29.313242306159868,29.313242306159868,-93.0,0.35,-35.5,8.726854164432336,1.5840089811011286,1,0,1.8982423061598728,1,8
omitted,94,stop,mechanism_repair,-27.414999999999996,27.414999999999996,-93.0,0.35,-35.5,5.222097233665601,1.3849426817865116,1,0,0.0,0,0
omitted,94,fixed,source_repair,-28.392343502889606,28.392343502889606,-93.0,0.35,-35.5,4.047554135132538,1.4969091775868306,1,0,0.9773435028896104,2,0
omitted,94,random,source_repair,-30.97273188989279,30.97273188989279,-93.0,0.35,-35.5,3.9590717955019117,1.5347774725047252,1,0,3.5577318898927923,2,0
omitted,94,entropy,source_repair,-28.392343502889606,28.392343502889606,-93.0,0.35,-35.5,4.047554135132538,1.4969091775868306,1,0,0.9773435028896104,2,0
omitted,94,myopic,source_repair,-28.062883258835594,28.062883258835594,-93.0,0.35,-35.5,3.790764424874456,1.400457543255238,1,0,0.6478832588355986,1,2
omitted,94,sequential,source_repair,-28.062883258835594,28.062883258835594,-93.0,0.35,-35.5,3.790764424874456,1.400457543255238,1,0,0.6478832588355986,1,8
omitted,95,stop,mechanism_repair,-27.414999999999996,27.414999999999996,-93.0,0.35,-35.5,5.686953262891656,1.3812425235722348,1,0,0.0,0,0
omitted,95,fixed,mechanism_repair,-32.72984074816165,32.72984074816165,-93.0,0.35,-35.5,5.893466867642056,1.550858372894552,1,0,5.314840748161657,2,0
omitted,95,random,mechanism_repair,-31.66344878621745,31.66344878621745,-93.0,0.35,-35.5,6.351984805900796,1.5280090670123527,1,0,4.248448786217456,2,0
omitted,95,entropy,mechanism_repair,-32.72984074816165,32.72984074816165,-93.0,0.35,-35.5,5.893466867642056,1.550858372894552,1,0,5.314840748161657,2,0
omitted,95,myopic,mechanism_repair,-27.414999999999996,27.414999999999996,-93.0,0.35,-35.5,5.686953262891656,1.3812425235722348,1,0,0.0,0,1
omitted,95,sequential,mechanism_repair,-27.414999999999996,27.414999999999996,-93.0,0.35,-35.5,5.686953262891656,1.3812425235722348,1,0,0.0,0,7
omitted,96,stop,source_repair,-27.414999999999996,27.414999999999996,-93.0,0.35,-35.5,5.392957855997882,1.3955065196901448,1,0,0.0,0,0
omitted,96,fixed,source_repair,-29.976659104451226,29.976659104451226,-93.0,0.35,-35.5,3.3370311513824604,1.4518702600956033,1,0,2.561659104451231,2,0
omitted,96,random,mechanism_repair,-32.30886773654005,32.30886773654005,-93.0,0.35,-35.5,0.5857246093330062,1.44340405983978,1,0,4.893867736540054,2,0
omitted,96,entropy,mechanism_repair,-30.551811796103927,30.551811796103927,-93.0,0.35,-35.5,3.341198804746379,1.4243746226794132,1,0,3.136811796103932,2,0
omitted,96,myopic,source_repair,-27.414999999999996,27.414999999999996,-93.0,0.35,-35.5,5.392957855997882,1.3955065196901448,1,0,0.0,0,1
omitted,96,sequential,source_repair,-29.976659104451226,29.976659104451226,-93.0,0.35,-35.5,3.3370311513824604,1.4518702600956033,1,0,2.561659104451231,2,8
omitted,97,stop,mechanism_repair,-27.414999999999996,27.414999999999996,-93.0,0.35,-35.5,4.497673958408811,1.4075673112452283,1,0,0.0,0,0
omitted,97,fixed,mechanism_repair,-29.5943251284624,29.5943251284624,-93.0,0.35,-35.5,9.69770375484103,1.5037259657505577,1,0,2.1793251284624064,2,0
omitted,97,random,source_repair,-31.601347760709917,31.601347760709917,-93.0,0.35,-35.5,4.576649483611436,1.4539822338292625,1,0,4.18634776070992,2,0
omitted,97,entropy,general,-31.31034224445803,31.31034224445803,-93.0,0.35,-35.5,10.719656654883195,1.8796736092113742,1,0,3.895342244458037,2,0
omitted,97,myopic,general,-31.31034224445803,31.31034224445803,-93.0,0.35,-35.5,10.719656654883199,1.8796736092113746,1,0,3.895342244458037,2,2
omitted,97,sequential,general,-31.31034224445803,31.31034224445803,-93.0,0.35,-35.5,10.719656654883199,1.8796736092113746,1,0,3.895342244458037,2,8
omitted,98,stop,mechanism_repair,-27.414999999999996,27.414999999999996,-93.0,0.35,-35.5,7.749327186938346,1.400366225827817,1,0,0.0,0,0
omitted,98,fixed,general,-31.510507188998183,31.510507188998183,-93.0,0.35,-35.5,8.411380501683572,1.7543680688899772,1,0,4.095507188998189,2,0
omitted,98,random,general,-31.510507188998183,31.510507188998183,-93.0,0.35,-35.5,8.411380501683572,1.7543680688899768,1,0,4.095507188998189,2,0
omitted,98,entropy,general,-32.28550197464383,32.28550197464383,-93.0,0.35,-35.5,4.096634081481879,1.5973710387315383,0,0,4.870501974643831,2,0
omitted,98,myopic,general,-29.51820564212278,29.51820564212278,-93.0,0.35,-35.5,9.719930784132073,1.7223290582779422,1,0,2.103205642122784,1,2
omitted,98,sequential,general,-29.51820564212278,29.51820564212278,-93.0,0.35,-35.5,9.719930784132073,1.7223290582779422,1,0,2.103205642122784,1,8
omitted,99,stop,mechanism_repair,-27.414999999999996,27.414999999999996,-93.0,0.35,-35.5,6.7971460377730235,1.3595275929658976,1,0,0.0,0,0
omitted,99,fixed,general,-32.15485760512986,32.15485760512986,-93.0,0.35,-35.5,6.890836876807609,1.728460331995334,1,0,4.7398576051298695,2,0
omitted,99,random,general,-32.15485760512986,32.15485760512986,-93.0,0.35,-35.5,6.890836876807609,1.728460331995334,1,0,4.7398576051298695,2,0
omitted,99,entropy,general,-30.362443838681944,30.362443838681944,-93.0,0.35,-35.5,10.355343997974234,1.8417482183805323,1,0,2.94744383868195,2,0
omitted,99,myopic,general,-30.362443838681944,30.362443838681944,-93.0,0.35,-35.5,10.355343997974234,1.8417482183805323,1,0,2.94744383868195,2,2
omitted,99,sequential,general,-30.362443838681944,30.362443838681944,-93.0,0.35,-35.5,10.355343997974234,1.8417482183805323,1,0,2.94744383868195,2,8
omitted,100,stop,source_repair,-27.414999999999996,27.414999999999996,-93.0,0.35,-35.5,5.2069360023907,1.3615293182146386,1,0,0.0,0,0
omitted,100,fixed,source_repair,-31.83071122178098,31.83071122178098,-93.0,0.35,-35.5,7.219129842517967,1.7707796528744133,1,0,4.415711221780983,2,0
omitted,100,random,source_repair,-31.83071122178098,31.83071122178098,-93.0,0.35,-35.5,7.219129842517967,1.7707796528744135,1,0,4.415711221780983,2,0
omitted,100,entropy,mechanism_repair,-31.55990649781802,31.55990649781802,-93.0,0.35,-35.5,1.8860606124877277,1.457047198377601,1,0,4.144906497818022,2,0
omitted,100,myopic,mechanism_repair,-30.02954030999711,30.02954030999711,-93.0,0.35,-35.5,8.362238193347894,1.6319173443089707,1,0,2.614540309997116,1,2
omitted,100,sequential,mechanism_repair,-30.02954030999711,30.02954030999711,-93.0,0.35,-35.5,8.362238193347894,1.6319173443089707,1,0,2.614540309997116,1,8
omitted,101,stop,source_repair,-27.414999999999996,27.414999999999996,-93.0,0.35,-35.5,4.948449231092938,1.3601948957489898,1,0,0.0,0,0
omitted,101,fixed,mechanism_repair,-30.852153787194034,30.852153787194034,-93.0,0.35,-35.5,9.451964037707434,1.717061855543095,1,0,3.4371537871940374,2,0
omitted,101,random,mechanism_repair,-30.432922970947082,30.432922970947082,-93.0,0.35,-35.5,7.703441341049156,1.5490247535574801,1,0,3.017922970947086,2,0
omitted,101,entropy,mechanism_repair,-30.852153787194034,30.852153787194034,-93.0,0.35,-35.5,9.451964037707434,1.717061855543095,1,0,3.4371537871940374,2,0
omitted,101,myopic,mechanism_repair,-30.852153787194034,30.852153787194034,-93.0,0.35,-35.5,9.451964037707434,1.717061855543095,1,0,3.4371537871940374,2,2
omitted,101,sequential,mechanism_repair,-30.852153787194034,30.852153787194034,-93.0,0.35,-35.5,9.451964037707434,1.717061855543095,1,0,3.4371537871940374,2,8
omitted,102,stop,source_repair,-27.414999999999996,27.414999999999996,-93.0,0.35,-35.5,5.668842823124643,1.3820253219068799,1,0,0.0,0,0
omitted,102,fixed,mechanism_repair,-30.437140082156873,30.437140082156873,-93.0,0.35,-35.5,6.243987312093109,1.4412993903072886,1,0,3.022140082156876,2,0
omitted,102,random,source_repair,-30.661617880648,30.661617880648,-93.0,0.35,-35.5,8.727942731554041,1.5483601362486057,1,0,3.246617880648002,2,0
omitted,102,entropy,source_repair,-29.797446988560303,29.797446988560303,-93.0,0.35,-35.5,3.4730101105965163,1.346769999309429,1,0,2.3824469885603072,2,0
omitted,102,myopic,source_repair,-28.718462393525712,28.718462393525712,-93.0,0.35,-35.5,9.375914781199135,1.4640075570301825,1,0,1.3034623935257168,1,2
omitted,102,sequential,source_repair,-28.718462393525712,28.718462393525712,-93.0,0.35,-35.5,9.375914781199135,1.4640075570301825,1,0,1.3034623935257168,1,8
omitted,103,stop,mechanism_repair,-27.414999999999996,27.414999999999996,-93.0,0.35,-35.5,3.612720051513044,1.386852616701264,1,0,0.0,0,0
omitted,103,fixed,general,-28.730796073466013,28.730796073466013,-93.0,0.35,-35.5,4.116786336724126,1.5826049370501094,0,0,1.315796073466018,2,0
omitted,103,random,mechanism_repair,-29.63061619897607,29.63061619897607,-93.0,0.35,-35.5,3.667720307600866,1.4315114574523224,1,0,2.2156161989760768,2,0
omitted,103,entropy,mechanism_repair,-29.63061619897607,29.63061619897607,-93.0,0.35,-35.5,3.667720307600866,1.4315114574523224,1,0,2.2156161989760768,2,0
omitted,103,myopic,mechanism_repair,-28.981096694841913,28.981096694841913,-93.0,0.35,-35.5,7.705697013682205,1.6800103440611727,1,0,1.5660966948419184,1,2
omitted,103,sequential,mechanism_repair,-28.981096694841913,28.981096694841913,-93.0,0.35,-35.5,7.705697013682205,1.6800103440611727,1,0,1.5660966948419184,1,8
omitted,104,stop,source_repair,-27.414999999999996,27.414999999999996,-93.0,0.35,-35.5,6.329289974045962,1.39841244597481,1,0,0.0,0,0
omitted,104,fixed,mechanism_repair,-30.823465397890853,30.823465397890853,-93.0,0.35,-35.5,4.437100065323904,1.4204893548392503,1,0,3.4084653978908577,2,0
omitted,104,random,mechanism_repair,-30.823465397890853,30.823465397890853,-93.0,0.35,-35.5,4.437100065323904,1.4204893548392503,1,0,3.4084653978908577,2,0
omitted,104,entropy,mechanism_repair,-32.17611052912604,32.17611052912604,-93.0,0.35,-35.5,12.635272630763835,1.9181040099407514,1,0,4.761110529126048,2,0
omitted,104,myopic,mechanism_repair,-29.760773559150685,29.760773559150685,-93.0,0.35,-35.5,13.080987877800684,1.7855662572176265,1,0,2.3457735591506905,1,2
omitted,104,sequential,mechanism_repair,-29.760773559150685,29.760773559150685,-93.0,0.35,-35.5,13.080987877800684,1.7855662572176265,1,0,2.3457735591506905,1,8
omitted,105,stop,mechanism_repair,-27.414999999999996,27.414999999999996,-93.0,0.35,-35.5,4.7105787703111375,1.3400619769544155,1,0,0.0,0,0
omitted,105,fixed,general,-31.93366618069411,31.93366618069411,-93.0,0.35,-35.5,7.1379185429278325,1.8053055664264468,1,0,4.518666180694114,2,0
omitted,105,random,general,-31.17540367580981,31.17540367580981,-93.0,0.35,-35.5,5.310856546486338,1.658585714777815,0,0,3.760403675809817,2,0
omitted,105,entropy,general,-30.78665579767832,30.78665579767832,-93.0,0.35,-35.5,8.170945419008987,1.826038313404316,1,0,3.371655797678324,2,0
omitted,105,myopic,general,-30.78665579767832,30.78665579767832,-93.0,0.35,-35.5,8.170945419008987,1.826038313404316,1,0,3.371655797678324,2,2
omitted,105,sequential,general,-31.93366618069411,31.93366618069411,-93.0,0.35,-35.5,7.1379185429278325,1.8053055664264468,1,0,4.518666180694114,2,8
omitted,106,stop,source_repair,-27.414999999999996,27.414999999999996,-93.0,0.35,-35.5,3.2218629138244457,1.3361345558884403,1,0,0.0,0,0
omitted,106,fixed,source_repair,-29.224542575916082,29.224542575916082,-93.0,0.35,-35.5,3.623686125411256,1.3811675971771353,1,0,1.8095425759160866,2,0
omitted,106,random,source_repair,-29.224542575916082,29.224542575916082,-93.0,0.35,-35.5,3.623686125411256,1.3811675971771353,1,0,1.8095425759160866,2,0
omitted,106,entropy,source_repair,-29.224542575916082,29.224542575916082,-93.0,0.35,-35.5,3.623686125411256,1.3811675971771353,1,0,1.8095425759160866,2,0
omitted,106,myopic,source_repair,-28.448436506613167,28.448436506613167,-93.0,0.35,-35.5,5.560344396457928,1.428710689272955,1,0,1.0334365066131723,1,2
omitted,106,sequential,source_repair,-28.448436506613167,28.448436506613167,-93.0,0.35,-35.5,5.560344396457928,1.428710689272955,1,0,1.0334365066131723,1,8
omitted,107,stop,source_repair,-27.414999999999996,27.414999999999996,-93.0,0.35,-35.5,5.903387925644523,1.3613508872407543,1,0,0.0,0,0
omitted,107,fixed,general,-30.59677977279126,30.59677977279126,-93.0,0.35,-35.5,5.735162699913931,1.6109038596427694,0,0,3.181779772791262,2,0
omitted,107,random,mechanism_repair,-28.13527815581198,28.13527815581198,-93.0,0.35,-35.5,8.662051001789138,1.431346326548349,1,0,0.7202781558119844,2,0
omitted,107,entropy,mechanism_repair,-28.13527815581198,28.13527815581198,-93.0,0.35,-35.5,8.662051001789138,1.431346326548349,1,0,0.7202781558119844,2,0
omitted,107,myopic,mechanism_repair,-28.13527815581198,28.13527815581198,-93.0,0.35,-35.5,8.662051001789138,1.431346326548349,1,0,0.7202781558119844,2,2
omitted,107,sequential,mechanism_repair,-28.13527815581198,28.13527815581198,-93.0,0.35,-35.5,8.662051001789138,1.431346326548349,1,0,0.7202781558119844,2,8
omitted,108,stop,mechanism_repair,-27.414999999999996,27.414999999999996,-93.0,0.35,-35.5,4.6558723739239545,1.3431880310010134,1,0,0.0,0,0
omitted,108,fixed,mechanism_repair,-32.64896552855831,32.64896552855831,-93.0,0.35,-35.5,8.65639747514257,1.7567144487239017,1,0,5.233965528558313,2,0
omitted,108,random,mechanism_repair,-32.68846972465065,32.68846972465065,-93.0,0.35,-35.5,6.3296450579896515,1.5861451101102726,1,0,5.273469724650658,2,0
omitted,108,entropy,mechanism_repair,-32.64896552855831,32.64896552855831,-93.0,0.35,-35.5,8.65639747514257,1.7567144487239017,1,0,5.233965528558313,2,0
omitted,108,myopic,mechanism_repair,-32.64896552855831,32.64896552855831,-93.0,0.35,-35.5,8.65639747514257,1.7567144487239017,1,0,5.233965528558313,2,2
omitted,108,sequential,mechanism_repair,-32.64896552855831,32.64896552855831,-93.0,0.35,-35.5,8.65639747514257,1.7567144487239017,1,0,5.233965528558313,2,8
omitted,109,stop,source_repair,-27.414999999999996,27.414999999999996,-93.0,0.35,-35.5,3.262009972750623,1.3439493476235476,1,0,0.0,0,0
omitted,109,fixed,source_repair,-29.543488423889805,29.543488423889805,-93.0,0.35,-35.5,4.449808029679868,1.4925831443313562,1,0,2.1284884238898107,2,0
omitted,109,random,source_repair,-29.543488423889805,29.543488423889805,-93.0,0.35,-35.5,4.449808029679868,1.4925831443313562,1,0,2.1284884238898107,2,0
omitted,109,entropy,source_repair,-29.41918442593304,29.41918442593304,-93.0,0.35,-35.5,6.544369920687573,1.5562559987181386,1,0,2.004184425933045,2,0
omitted,109,myopic,source_repair,-28.80682451366178,28.80682451366178,-93.0,0.35,-35.5,4.930875664148309,1.4276807515650662,1,0,1.3918245136617842,1,2
omitted,109,sequential,source_repair,-28.80682451366178,28.80682451366178,-93.0,0.35,-35.5,4.930875664148309,1.4276807515650662,1,0,1.3918245136617842,1,8
omitted,110,stop,source_repair,-27.414999999999996,27.414999999999996,-93.0,0.35,-35.5,5.197310549302917,1.344049943023456,1,0,0.0,0,0
omitted,110,fixed,source_repair,-30.844275716493904,30.844275716493904,-93.0,0.35,-35.5,11.324958758173008,1.7737159973775976,1,0,3.429275716493909,2,0
omitted,110,random,source_repair,-32.545790506929805,32.545790506929805,-93.0,0.35,-35.5,10.243175276748563,1.7689978462089713,1,0,5.13079050692981,2,0
omitted,110,entropy,source_repair,-30.844275716493904,30.844275716493904,-93.0,0.35,-35.5,11.324958758173008,1.7737159973775976,1,0,3.429275716493909,2,0
omitted,110,myopic,source_repair,-29.754661262110474,29.754661262110474,-93.0,0.35,-35.5,11.48177753636575,1.6806983467825423,1,0,2.339661262110479,1,2
omitted,110,sequential,source_repair,-29.754661262110474,29.754661262110474,-93.0,0.35,-35.5,11.48177753636575,1.6806983467825423,1,0,2.339661262110479,1,8
omitted,111,stop,mechanism_repair,-27.414999999999996,27.414999999999996,-93.0,0.35,-35.5,4.542919086112685,1.3725611465547471,1,0,0.0,0,0
omitted,111,fixed,mechanism_repair,-30.28427921206514,30.28427921206514,-93.0,0.35,-35.5,0.5240737815518748,1.4510611151853299,1,0,2.8692792120651456,2,0
omitted,111,random,source_repair,-30.19438833954443,30.19438833954443,-93.0,0.35,-35.5,1.4109680850756345,1.365889081643141,1,0,2.7793883395444374,2,0
omitted,111,entropy,mechanism_repair,-30.28427921206514,30.28427921206514,-93.0,0.35,-35.5,0.5240737815518748,1.4510611151853299,1,0,2.8692792120651456,2,0
omitted,111,myopic,mechanism_repair,-27.414999999999996,27.414999999999996,-93.0,0.35,-35.5,4.542919086112685,1.3725611465547471,1,0,0.0,0,1
omitted,111,sequential,mechanism_repair,-27.414999999999996,27.414999999999996,-93.0,0.35,-35.5,4.542919086112685,1.3725611465547471,1,0,0.0,0,7
omitted,112,stop,mechanism_repair,-27.414999999999996,27.414999999999996,-93.0,0.35,-35.5,4.082355122495953,1.337577231853858,1,0,0.0,0,0
omitted,112,fixed,mechanism_repair,-29.075523899218016,29.075523899218016,-93.0,0.35,-35.5,8.941418346054384,1.522632362635473,1,0,1.6605238992180216,2,0
omitted,112,random,mechanism_repair,-29.70603420791098,29.70603420791098,-93.0,0.35,-35.5,13.765384275547543,1.7584204070063456,1,0,2.291034207910985,2,0
omitted,112,entropy,mechanism_repair,-29.70603420791098,29.70603420791098,-93.0,0.35,-35.5,13.765384275547543,1.7584204070063456,1,0,2.291034207910985,2,0
omitted,112,myopic,mechanism_repair,-28.538881630558368,28.538881630558368,-93.0,0.35,-35.5,13.558357715262153,1.6439974110533624,1,0,1.123881630558373,1,2
omitted,112,sequential,mechanism_repair,-28.538881630558368,28.538881630558368,-93.0,0.35,-35.5,13.558357715262153,1.6439974110533624,1,0,1.123881630558373,1,8
omitted,113,stop,mechanism_repair,-27.414999999999996,27.414999999999996,-93.0,0.35,-35.5,6.027013366818144,1.3500235438721284,1,0,0.0,0,0
omitted,113,fixed,source_repair,-29.44472342374431,29.44472342374431,-93.0,0.35,-35.5,7.798565845153978,1.4761038572348562,1,0,2.029723423744316,2,0
omitted,113,random,source_repair,-29.44472342374431,29.44472342374431,-93.0,0.35,-35.5,7.798565845153978,1.4761038572348562,1,0,2.029723423744316,2,0
omitted,113,entropy,source_repair,-29.44472342374431,29.44472342374431,-93.0,0.35,-35.5,7.798565845153978,1.4761038572348562,1,0,2.029723423744316,2,0
omitted,113,myopic,source_repair,-28.475211795839606,28.475211795839606,-93.0,0.35,-35.5,7.825654246418503,1.4141646430748813,1,0,1.0602117958396093,1,2
omitted,113,sequential,source_repair,-28.475211795839606,28.475211795839606,-93.0,0.35,-35.5,7.825654246418503,1.4141646430748813,1,0,1.0602117958396093,1,8
omitted,114,stop,source_repair,-27.414999999999996,27.414999999999996,-93.0,0.35,-35.5,3.21636865057985,1.3340234047693726,1,0,0.0,0,0
omitted,114,fixed,mechanism_repair,-31.005058070353588,31.005058070353588,-93.0,0.35,-35.5,5.280623169625328,1.4543992241400445,1,0,3.590058070353593,2,0
omitted,114,random,general,-30.9631406513855,30.9631406513855,-93.0,0.35,-35.5,0.7703853791654591,1.4718392076704871,0,0,3.5481406513855065,2,0
omitted,114,entropy,mechanism_repair,-31.005058070353588,31.005058070353588,-93.0,0.35,-35.5,5.2806231696253265,1.4543992241400443,1,0,3.590058070353593,2,0
omitted,114,myopic,mechanism_repair,-28.086937358311186,28.086937358311186,-93.0,0.35,-35.5,5.851940633029647,1.431729542877763,1,0,0.6719373583111914,1,2
omitted,114,sequential,mechanism_repair,-28.086937358311186,28.086937358311186,-93.0,0.35,-35.5,5.851940633029647,1.431729542877763,1,0,0.6719373583111914,1,8
omitted,115,stop,mechanism_repair,-27.414999999999996,27.414999999999996,-93.0,0.35,-35.5,4.0795023794576135,1.3651355006501613,1,0,0.0,0,0
omitted,115,fixed,mechanism_repair,-30.583180423667176,30.583180423667176,-93.0,0.35,-35.5,3.756727035123752,1.4648754736500367,1,0,3.168180423667182,2,0
omitted,115,random,mechanism_repair,-31.067709721042707,31.067709721042707,-93.0,0.35,-35.5,7.168076198305118,1.8061019672518928,1,0,3.6527097210427124,2,0
omitted,115,entropy,mechanism_repair,-29.756372896868307,29.756372896868307,-93.0,0.35,-35.5,8.602236178206532,1.8380538244765565,1,0,2.3413728968683096,2,0
omitted,115,myopic,mechanism_repair,-28.827951097121915,28.827951097121915,-93.0,0.35,-35.5,9.012780249255488,1.7674780212943706,1,0,1.41295109712192,1,2
omitted,115,sequential,mechanism_repair,-28.827951097121915,28.827951097121915,-93.0,0.35,-35.5,9.012780249255488,1.7674780212943706,1,0,1.41295109712192,1,8
omitted,116,stop,source_repair,-27.414999999999996,27.414999999999996,-93.0,0.35,-35.5,4.369245785891845,1.3658095084546857,1,0,0.0,0,0
omitted,116,fixed,source_repair,-30.31912751725602,30.31912751725602,-93.0,0.35,-35.5,10.19624526187108,1.9000318127070348,1,0,2.904127517256027,2,0
omitted,116,random,source_repair,-30.34369593816494,30.34369593816494,-93.0,0.35,-35.5,9.78881973636379,1.8134147347173564,1,0,2.9286959381649456,2,0
omitted,116,entropy,source_repair,-30.31912751725602,30.31912751725602,-93.0,0.35,-35.5,10.196245261871079,1.9000318127070346,1,0,2.904127517256027,2,0
omitted,116,myopic,source_repair,-28.1305208769819,28.1305208769819,-93.0,0.35,-35.5,11.29924519819097,1.7577350699924288,1,0,0.715520876981905,1,2
omitted,116,sequential,source_repair,-28.1305208769819,28.1305208769819,-93.0,0.35,-35.5,11.29924519819097,1.7577350699924288,1,0,0.715520876981905,1,8
omitted,117,stop,mechanism_repair,-27.414999999999996,27.414999999999996,-93.0,0.35,-35.5,4.598044741267516,1.3925179194410535,1,0,0.0,0,0
omitted,117,fixed,mechanism_repair,-31.164679652257906,31.164679652257906,-93.0,0.35,-35.5,8.644699289631898,1.5975298395195743,1,0,3.7496796522579112,2,0
omitted,117,random,mechanism_repair,-31.164679652257906,31.164679652257906,-93.0,0.35,-35.5,8.644699289631898,1.5975298395195743,1,0,3.7496796522579112,2,0
omitted,117,entropy,mechanism_repair,-30.503570874525668,30.503570874525668,-93.0,0.35,-35.5,12.53313201865096,1.8427633200723776,1,0,3.088570874525673,2,0
omitted,117,myopic,mechanism_repair,-27.988148813745035,27.988148813745035,-93.0,0.35,-35.5,12.755205769780405,1.6425039277798994,1,0,0.5731488137450373,1,2
omitted,117,sequential,mechanism_repair,-27.988148813745035,27.988148813745035,-93.0,0.35,-35.5,12.755205769780405,1.6425039277798994,1,0,0.5731488137450373,1,8
omitted,118,stop,source_repair,-27.414999999999996,27.414999999999996,-93.0,0.35,-35.5,4.1591263390760345,1.3472744158163499,1,0,0.0,0,0
omitted,118,fixed,source_repair,-29.99152316139854,29.99152316139854,-93.0,0.35,-35.5,12.240947716561626,1.7939467237539448,1,0,2.576523161398546,2,0
omitted,118,random,source_repair,-29.99152316139854,29.99152316139854,-93.0,0.35,-35.5,12.240947716561626,1.7939467237539448,1,0,2.576523161398546,2,0
omitted,118,entropy,source_repair,-30.553244089962153,30.553244089962153,-93.0,0.35,-35.5,13.205927624201808,1.8715093832165706,1,0,3.1382440899621558,2,0
omitted,118,myopic,source_repair,-30.553244089962153,30.553244089962153,-93.0,0.35,-35.5,13.205927624201808,1.8715093832165706,1,0,3.1382440899621558,2,2
omitted,118,sequential,source_repair,-30.553244089962153,30.553244089962153,-93.0,0.35,-35.5,13.205927624201808,1.8715093832165706,1,0,3.1382440899621558,2,8
omitted,119,stop,mechanism_repair,-27.414999999999996,27.414999999999996,-93.0,0.35,-35.5,5.050159917439386,1.3896861253488324,1,0,0.0,0,0
omitted,119,fixed,mechanism_repair,-29.016225334738934,29.016225334738934,-93.0,0.35,-35.5,6.8541688016831195,1.5517231120755293,1,0,1.6012253347389365,2,0
omitted,119,random,mechanism_repair,-31.596930254671676,31.596930254671676,-93.0,0.35,-35.5,5.92566562451767,1.7156143148624519,1,0,4.181930254671681,2,0
omitted,119,entropy,mechanism_repair,-29.016225334738934,29.016225334738934,-93.0,0.35,-35.5,6.8541688016831195,1.5517231120755293,1,0,1.6012253347389365,2,0
omitted,119,myopic,mechanism_repair,-27.414999999999996,27.414999999999996,-93.0,0.35,-35.5,5.050159917439386,1.3896861253488324,1,0,0.0,0,1
omitted,119,sequential,mechanism_repair,-27.414999999999996,27.414999999999996,-93.0,0.35,-35.5,5.050159917439386,1.3896861253488324,1,0,0.0,0,7
