roots,max_family_size,citation_completeness,paraphrase_rate,topic_contamination,cases,method,tp,fp,tn,fn,precision,recall,f1,false_independence,false_dependence,source_count_error,brier,brier_mcse,log_loss,accuracy,confidently_wrong,sharpness
4,2,0.0,0.0,0.1,160,oracle,316,0,2144,0,1.0,1.0,1.0,0.0,0.0,0.0,0.07811952055950505,0.01268491712712276,0.25600057421848277,0.8875,0.0125,0.3644581287115707
4,2,0.0,0.0,0.1,160,all_independent,0,0,2144,316,1.0,0.0,0.0,1.0,0.0,0.49375,0.07784059946995128,0.014886919014181233,0.28596934699283316,0.9,0.025,0.3974267458585295
4,2,0.0,0.0,0.1,160,all_one,316,2144,0,0,0.12845528455284552,1.0,0.2276657060518732,0.0,1.0,0.75,0.13675579288971124,0.007070992126502019,0.44910708870728755,0.9,0.0,0.1621440355924214
4,2,0.0,0.0,0.1,160,citation,0,0,2144,316,1.0,0.0,0.0,1.0,0.0,0.49375,0.07784059946995128,0.014886919014181233,0.28596934699283316,0.9,0.025,0.3974267458585295
4,2,0.0,0.0,0.1,160,text,316,0,2144,0,1.0,1.0,1.0,0.0,0.0,0.0,0.07811952055950505,0.01268491712712276,0.25600057421848277,0.8875,0.0125,0.3644581287115707
4,2,0.0,0.0,0.1,160,hybrid,316,0,2144,0,1.0,1.0,1.0,0.0,0.0,0.0,0.07811952055950505,0.01268491712712276,0.25600057421848277,0.8875,0.0125,0.3644581287115707
4,2,0.0,0.0,0.5,160,oracle,320,0,2156,0,1.0,1.0,1.0,0.0,0.0,0.0,0.10078608402392257,0.015517707488047969,0.3122138951417298,0.8625,0.01875,0.3620868440071109
4,2,0.0,0.0,0.5,160,all_independent,0,0,2156,320,1.0,0.0,0.0,1.0,0.0,0.5,0.1007369757146442,0.017168006371788606,0.3200752503921301,0.85,0.0375,0.3978100115113842
4,2,0.0,0.0,0.5,160,all_one,320,2156,0,0,0.12924071082390953,1.0,0.22889842632331903,0.0,1.0,0.75,0.14328249369263457,0.007446672674963128,0.4637330242739438,0.85,0.0,0.15844570856168017
4,2,0.0,0.0,0.5,160,citation,0,0,2156,320,1.0,0.0,0.0,1.0,0.0,0.5,0.1007369757146442,0.017168006371788606,0.3200752503921301,0.85,0.0375,0.3978100115113842
4,2,0.0,0.0,0.5,160,text,320,437,1719,0,0.4227212681638045,1.0,0.5942432683379758,0.0,0.20269016697588127,0.1953125,0.10296318094495427,0.01453135650683656,0.33353122592136775,0.86875,0.01875,0.3306908963100453
4,2,0.0,0.0,0.5,160,hybrid,320,437,1719,0,0.4227212681638045,1.0,0.5942432683379758,0.0,0.20269016697588127,0.1953125,0.10296318094495427,0.01453135650683656,0.33353122592136775,0.86875,0.01875,0.3306908963100453
4,2,0.0,0.4,0.1,160,oracle,338,0,2255,0,1.0,1.0,1.0,0.0,0.0,0.0,0.09705121950365278,0.015859226310577127,0.30787757277827027,0.8625,0.0125,0.37302956357059813
4,2,0.0,0.4,0.1,160,all_independent,0,0,2255,338,1.0,0.0,0.0,1.0,0.0,0.528125,0.10424829495451719,0.01990179323310903,0.35378354991421507,0.88125,0.05625,0.4240821304422527
4,2,0.0,0.4,0.1,160,all_one,338,2255,0,0,0.13035094485152332,1.0,0.23063800750597066,0.0,1.0,0.75,0.1431922094198645,0.007753405882380133,0.4641235772035741,0.88125,0.0,0.16397234333265606
4,2,0.0,0.4,0.1,160,citation,0,0,2255,338,1.0,0.0,0.0,1.0,0.0,0.528125,0.10424829495451719,0.01990179323310903,0.35378354991421507,0.88125,0.05625,0.4240821304422527
4,2,0.0,0.4,0.1,160,text,323,0,2255,15,1.0,0.9556213017751479,0.9773071104387292,0.04437869822485207,0.0,0.0234375,0.09610098980878201,0.01586590617795044,0.30433531527873614,0.8625,0.0125,0.3759170037574536
4,2,0.0,0.4,0.1,160,hybrid,323,0,2255,15,1.0,0.9556213017751479,0.9773071104387292,0.04437869822485207,0.0,0.0234375,0.09610098980878201,0.01586590617795044,0.30433531527873614,0.8625,0.0125,0.3759170037574536
4,2,0.0,0.4,0.5,160,oracle,309,0,2113,0,1.0,1.0,1.0,0.0,0.0,0.0,0.07716457775735322,0.01263822787357037,0.2534386514753025,0.8875,0.00625,0.3676936192558359
4,2,0.0,0.4,0.5,160,all_independent,0,0,2113,309,1.0,0.0,0.0,1.0,0.0,0.4828125,0.08797043165082528,0.016504186995358282,0.29641058688101574,0.875,0.025,0.4054981724496269
4,2,0.0,0.4,0.5,160,all_one,309,2113,0,0,0.12758051197357556,1.0,0.22629073599414135,0.0,1.0,0.75,0.13932981622100363,0.007279103301910928,0.4557786882237199,0.875,0.0,0.1617518576906553
4,2,0.0,0.4,0.5,160,citation,0,0,2113,309,1.0,0.0,0.0,1.0,0.0,0.4828125,0.08797043165082528,0.016504186995358282,0.29641058688101574,0.875,0.025,0.4054981724496269
4,2,0.0,0.4,0.5,160,text,307,415,1698,2,0.425207756232687,0.9935275080906149,0.5955383123181378,0.006472491909385114,0.19640321817321343,0.1828125,0.09169705052349783,0.012487716314520409,0.3006082822272624,0.86875,0.00625,0.32921320986360153
4,2,0.0,0.4,0.5,160,hybrid,307,415,1698,2,0.425207756232687,0.9935275080906149,0.5955383123181378,0.006472491909385114,0.19640321817321343,0.1828125,0.09169705052349783,0.012487716314520409,0.3006082822272624,0.86875,0.00625,0.32921320986360153
4,2,0.0,0.8,0.1,160,oracle,317,0,2130,0,1.0,1.0,1.0,0.0,0.0,0.0,0.08053867217733622,0.013724340283313588,0.2839673945825924,0.90625,0.01875,0.36066369831852557
4,2,0.0,0.8,0.1,160,all_independent,0,0,2130,317,1.0,0.0,0.0,1.0,0.0,0.4953125,0.09555860568686537,0.018445978079845566,0.35975489219528456,0.8875,0.04375,0.41377700445034193
4,2,0.0,0.8,0.1,160,all_one,317,2130,0,0,0.12954638332652227,1.0,0.22937771345875543,0.0,1.0,0.75,0.1477226401184792,0.007971685563236585,0.4759167159848022,0.8875,0.0,0.15698533902488696
4,2,0.0,0.8,0.1,160,citation,0,0,2130,317,1.0,0.0,0.0,1.0,0.0,0.4953125,0.09555860568686537,0.018445978079845566,0.35975489219528456,0.8875,0.04375,0.41377700445034193
4,2,0.0,0.8,0.1,160,text,21,0,2130,296,1.0,0.06624605678233439,0.12426035502958581,0.9337539432176656,0.0,0.4625,0.0987389426736979,0.018472401870158896,0.3684671761515999,0.8875,0.04375,0.4081140495861857
4,2,0.0,0.8,0.1,160,hybrid,21,0,2130,296,1.0,0.06624605678233439,0.12426035502958581,0.9337539432176656,0.0,0.4625,0.0987389426736979,0.018472401870158896,0.3684671761515999,0.8875,0.04375,0.4081140495861857
4,2,0.0,0.8,0.5,160,oracle,311,0,2105,0,1.0,1.0,1.0,0.0,0.0,0.0,0.09132941869480159,0.014120834505034669,0.30065606469434647,0.86875,0.01875,0.35523537802120203
4,2,0.0,0.8,0.5,160,all_independent,0,0,2105,311,1.0,0.0,0.0,1.0,0.0,0.4859375,0.09824730907313485,0.01643487557386265,0.3476196400149637,0.86875,0.025,0.38409188824030693
4,2,0.0,0.8,0.5,160,all_one,311,2105,0,0,0.1287251655629139,1.0,0.22808947561422813,0.0,1.0,0.75,0.14768145896941295,0.007512227056661312,0.4729228801544255,0.86875,0.0,0.1521667555145373
4,2,0.0,0.8,0.5,160,citation,0,0,2105,311,1.0,0.0,0.0,1.0,0.0,0.4859375,0.09824730907313485,0.01643487557386265,0.3476196400149637,0.86875,0.025,0.38409188824030693
4,2,0.0,0.8,0.5,160,text,165,330,1775,146,0.3333333333333333,0.5305466237942122,0.40942928039702237,0.4694533762057878,0.15676959619952494,0.23125,0.10887819852683919,0.015490982182642065,0.36579018448839806,0.825,0.025,0.34654866181697874
4,2,0.0,0.8,0.5,160,hybrid,165,330,1775,146,0.3333333333333333,0.5305466237942122,0.40942928039702237,0.4694533762057878,0.15676959619952494,0.23125,0.10887819852683919,0.015490982182642065,0.36579018448839806,0.825,0.025,0.34654866181697874
4,2,0.5,0.0,0.1,160,oracle,319,0,2159,0,1.0,1.0,1.0,0.0,0.0,0.0,0.08214356591869734,0.013208796871309344,0.2624470601462018,0.88125,0.0125,0.3647592332817493
4,2,0.5,0.0,0.1,160,all_independent,0,0,2159,319,1.0,0.0,0.0,1.0,0.0,0.4984375,0.09545762661486154,0.017014057966877192,0.30356738544665784,0.85625,0.025,0.4072071323136354
4,2,0.5,0.0,0.1,160,all_one,319,2159,0,0,0.12873284907183213,1.0,0.2281015373614587,0.0,1.0,0.75,0.13958479540803995,0.007325858438702815,0.45587908041722275,0.85625,0.0,0.16254450781356705
4,2,0.5,0.0,0.1,160,citation,159,0,2159,160,1.0,0.49843260188087773,0.6652719665271967,0.5015673981191222,0.0,0.25,0.09473564123860365,0.016652731637666764,0.30186830164783707,0.8625,0.025,0.3936381357947581
4,2,0.5,0.0,0.1,160,text,319,0,2159,0,1.0,1.0,1.0,0.0,0.0,0.0,0.08214356591869734,0.013208796871309344,0.2624470601462018,0.88125,0.0125,0.3647592332817493
4,2,0.5,0.0,0.1,160,hybrid,319,0,2159,0,1.0,1.0,1.0,0.0,0.0,0.0,0.08214356591869734,0.013208796871309344,0.2624470601462018,0.88125,0.0125,0.3647592332817493
4,2,0.5,0.0,0.5,160,oracle,291,0,2025,0,1.0,1.0,1.0,0.0,0.0,0.0,0.07783005315899252,0.01273113577121716,0.25161019358347836,0.9,0.00625,0.3663177353094151
4,2,0.5,0.0,0.5,160,all_independent,0,0,2025,291,1.0,0.0,0.0,1.0,0.0,0.4546875,0.07733001785330423,0.01492554224353089,0.2596808235559443,0.89375,0.0125,0.4067935683168994
4,2,0.5,0.0,0.5,160,all_one,291,2025,0,0,0.12564766839378239,1.0,0.2232451093210587,0.0,1.0,0.75,0.1347551345178844,0.0069290372134015055,0.4458900632924901,0.89375,0.0,0.16386152339669582
4,2,0.5,0.0,0.5,160,citation,144,0,2025,147,1.0,0.4948453608247423,0.6620689655172414,0.5051546391752577,0.0,0.2296875,0.08082038444478795,0.01465869021997367,0.257295802388573,0.875,0.0125,0.39435155697027796
4,2,0.5,0.0,0.5,160,text,291,384,1641,0,0.4311111111111111,1.0,0.6024844720496895,0.0,0.18962962962962962,0.178125,0.08769922884351451,0.012367722437894071,0.2932400909379394,0.90625,0.00625,0.32904147766274555
4,2,0.5,0.0,0.5,160,hybrid,291,384,1641,0,0.4311111111111111,1.0,0.6024844720496895,0.0,0.18962962962962962,0.178125,0.08769922884351451,0.012367722437894071,0.2932400909379394,0.90625,0.00625,0.32904147766274555
4,2,0.5,0.4,0.1,160,oracle,324,0,2171,0,1.0,1.0,1.0,0.0,0.0,0.0,0.11676078008644955,0.016335007290824263,0.35225647014001954,0.83125,0.0125,0.34987657304715947
4,2,0.5,0.4,0.1,160,all_independent,0,0,2171,324,1.0,0.0,0.0,1.0,0.0,0.50625,0.12969517106033027,0.020838529371579963,0.4308482134865715,0.83125,0.05625,0.3970459017122562
4,2,0.5,0.4,0.1,160,all_one,324,2171,0,0,0.12985971943887775,1.0,0.22986874778290173,0.0,1.0,0.75,0.15668368452401896,0.00806118316283433,0.4925894538083111,0.83125,0.0,0.15048385872280462
4,2,0.5,0.4,0.1,160,citation,170,0,2171,154,1.0,0.5246913580246914,0.6882591093117408,0.47530864197530864,0.0,0.240625,0.11755876074849499,0.017695449355790885,0.36201229611625707,0.81875,0.01875,0.37815626716940354
4,2,0.5,0.4,0.1,160,text,302,0,2171,22,1.0,0.9320987654320988,0.9648562300319489,0.06790123456790123,0.0,0.034375,0.1165677714552785,0.016915174640634602,0.3568906312373924,0.83125,0.01875,0.3565720637305012
4,2,0.5,0.4,0.1,160,hybrid,314,0,2171,10,1.0,0.9691358024691358,0.9843260188087775,0.030864197530864196,0.0,0.015625,0.11592021546172515,0.016381512810145354,0.3500208377753764,0.83125,0.0125,0.3522325548230127
4,2,0.5,0.4,0.5,160,oracle,299,0,2068,0,1.0,1.0,1.0,0.0,0.0,0.0,0.09202149052729011,0.013669093434808367,0.2933408174175848,0.85625,0.00625,0.35065188966704713
4,2,0.5,0.4,0.5,160,all_independent,0,0,2068,299,1.0,0.0,0.0,1.0,0.0,0.4671875,0.10770105049927951,0.018519076492557292,0.3581520872670515,0.85625,0.05,0.3953054653943481
4,2,0.5,0.4,0.5,160,all_one,299,2068,0,0,0.1263202365863963,1.0,0.22430607651912982,0.0,1.0,0.75,0.1496699306015638,0.007458820501652435,0.47852185402639097,0.85625,0.0,0.15094259875455324
4,2,0.5,0.4,0.5,160,citation,144,0,2068,155,1.0,0.4816053511705686,0.6501128668171557,0.5183946488294314,0.0,0.2421875,0.1043844965652249,0.016814438322992557,0.3304839080097758,0.84375,0.025,0.3764210966735745
4,2,0.5,0.4,0.5,160,text,298,413,1655,1,0.4191279887482419,0.9966555183946488,0.5900990099009901,0.0033444816053511705,0.1997098646034816,0.16875,0.09477892481418504,0.012443149052967941,0.309250471706758,0.875,0.00625,0.32031819129535044
4,2,0.5,0.4,0.5,160,hybrid,298,413,1655,1,0.4191279887482419,0.9966555183946488,0.5900990099009901,0.0033444816053511705,0.1997098646034816,0.16875,0.09477892481418504,0.012443149052967941,0.309250471706758,0.875,0.00625,0.32031819129535044
4,2,0.5,0.8,0.1,160,oracle,343,0,2271,0,1.0,1.0,1.0,0.0,0.0,0.0,0.08014324182781678,0.01441405812588128,0.26884957648624674,0.9125,0.01875,0.37583013777639024
4,2,0.5,0.8,0.1,160,all_independent,0,0,2271,343,1.0,0.0,0.0,1.0,0.0,0.5359375,0.0816458449216661,0.017284913352585564,0.2969082690017796,0.9,0.04375,0.42443047657871275
4,2,0.5,0.8,0.1,160,all_one,343,2271,0,0,0.13121652639632747,1.0,0.23199188366587759,0.0,1.0,0.75,0.13514502387717714,0.007447724288324874,0.4461471646259361,0.9,0.0,0.16957426524973424
4,2,0.5,0.8,0.1,160,citation,161,0,2271,182,1.0,0.46938775510204084,0.6388888888888888,0.5306122448979592,0.0,0.284375,0.08668323326213334,0.016110127460007787,0.2996522315045002,0.9125,0.0375,0.3886295701176679
4,2,0.5,0.8,0.1,160,text,22,0,2271,321,1.0,0.0641399416909621,0.12054794520547946,0.9358600583090378,0.0,0.5015625,0.08235134073220753,0.01719909032804615,0.2973053147201131,0.9,0.0375,0.4226647782080592
4,2,0.5,0.8,0.1,160,hybrid,171,0,2271,172,1.0,0.49854227405247814,0.6653696498054475,0.5014577259475219,0.0,0.26875,0.08711577505273646,0.015983702657629197,0.29885693187407664,0.9,0.03125,0.38755940052434623
4,2,0.5,0.8,0.5,160,oracle,314,0,2134,0,1.0,1.0,1.0,0.0,0.0,0.0,0.05899448979141305,0.011638693128106803,0.20374932173549065,0.93125,0.0125,0.3888859574017635
4,2,0.5,0.8,0.5,160,all_independent,0,0,2134,314,1.0,0.0,0.0,1.0,0.0,0.490625,0.06091985990363782,0.014111188568109933,0.21235566769308062,0.925,0.01875,0.42343621715862295
4,2,0.5,0.8,0.5,160,all_one,314,2134,0,0,0.12826797385620914,1.0,0.22737146994931207,0.0,1.0,0.75,0.1260120896679996,0.006481455241941337,0.4261265376607774,0.925,0.0,0.17331526837731617
4,2,0.5,0.8,0.5,160,citation,159,0,2134,155,1.0,0.5063694267515924,0.6723044397463002,0.49363057324840764,0.0,0.2421875,0.06094951255196181,0.013069429156271474,0.2100024926113228,0.93125,0.01875,0.403943560890936
4,2,0.5,0.8,0.5,160,text,161,313,1821,153,0.339662447257384,0.5127388535031847,0.40862944162436554,0.4872611464968153,0.14667291471415184,0.221875,0.06473853370518529,0.012390187410789393,0.22584764219503012,0.91875,0.00625,0.38584909315186405
4,2,0.5,0.8,0.5,160,hybrid,242,399,1735,72,0.37753510140405616,0.7707006369426752,0.506806282722513,0.22929936305732485,0.18697282099343954,0.2109375,0.06857245892258922,0.012083214102629766,0.24602048494860349,0.925,0.0125,0.3656320918687722
4,2,0.9,0.0,0.1,160,oracle,297,0,2052,0,1.0,1.0,1.0,0.0,0.0,0.0,0.11459151424610767,0.016845147538172574,0.37699459408972935,0.83125,0.01875,0.35204143665689014
4,2,0.9,0.0,0.1,160,all_independent,0,0,2052,297,1.0,0.0,0.0,1.0,0.0,0.4640625,0.1221936489677373,0.019838925922640794,0.43827223766828,0.81875,0.05625,0.38998773652278584
4,2,0.9,0.0,0.1,160,all_one,297,2052,0,0,0.12643678160919541,1.0,0.22448979591836737,0.0,1.0,0.75,0.15768451676706768,0.008436479010348639,0.4954927887762265,0.81875,0.0,0.15056031296104197
4,2,0.9,0.0,0.1,160,citation,263,0,2052,34,1.0,0.8855218855218855,0.9392857142857143,0.11447811447811448,0.0,0.053125,0.11756920950374317,0.01756055913847285,0.3838268867542664,0.8375,0.025,0.3600417522129852
4,2,0.9,0.0,0.1,160,text,297,0,2052,0,1.0,1.0,1.0,0.0,0.0,0.0,0.11459151424610767,0.016845147538172574,0.37699459408972935,0.83125,0.01875,0.35204143665689014
4,2,0.9,0.0,0.1,160,hybrid,297,0,2052,0,1.0,1.0,1.0,0.0,0.0,0.0,0.11459151424610767,0.016845147538172574,0.37699459408972935,0.83125,0.01875,0.35204143665689014
4,2,0.9,0.0,0.5,160,oracle,291,0,2025,0,1.0,1.0,1.0,0.0,0.0,0.0,0.09471568018647394,0.014574489255671104,0.30581794979988647,0.8625,0.01875,0.35526225684004764
4,2,0.9,0.0,0.5,160,all_independent,0,0,2025,291,1.0,0.0,0.0,1.0,0.0,0.4546875,0.10739395719345082,0.018427921969986754,0.38171204408990456,0.84375,0.03125,0.40125393528324993
4,2,0.9,0.0,0.5,160,all_one,291,2025,0,0,0.12564766839378239,1.0,0.2232451093210587,0.0,1.0,0.75,0.14918673517574801,0.007823905506778273,0.47660951922137745,0.84375,0.0,0.15576565775361562
4,2,0.9,0.0,0.5,160,citation,268,0,2025,23,1.0,0.9209621993127147,0.9588550983899822,0.07903780068728522,0.0,0.0359375,0.1010029450246179,0.01537862513141078,0.317940319500573,0.84375,0.01875,0.3612106318095993
4,2,0.9,0.0,0.5,160,text,291,378,1647,0,0.4349775784753363,1.0,0.60625,0.0,0.18666666666666668,0.1796875,0.11119778311509412,0.01438970978594473,0.34475190015519025,0.84375,0.00625,0.325460900086969
4,2,0.9,0.0,0.5,160,hybrid,291,378,1647,0,0.4349775784753363,1.0,0.60625,0.0,0.18666666666666668,0.1796875,0.11119778311509412,0.01438970978594473,0.34475190015519025,0.84375,0.00625,0.325460900086969
4,2,0.9,0.4,0.1,160,oracle,326,0,2191,0,1.0,1.0,1.0,0.0,0.0,0.0,0.09365612666057699,0.014951556073179295,0.3106962805352187,0.89375,0.025,0.3545361705577855
4,2,0.9,0.4,0.1,160,all_independent,0,0,2191,326,1.0,0.0,0.0,1.0,0.0,0.509375,0.1175938715809652,0.019023856651446992,0.3973005746551036,0.84375,0.03125,0.39448789767193226
4,2,0.9,0.4,0.1,160,all_one,326,2191,0,0,0.12951926897099722,1.0,0.22933520928596554,0.0,1.0,0.75,0.1535209336701051,0.007871669566597317,0.4855516433063169,0.84375,0.0,0.15118757008779868
4,2,0.9,0.4,0.1,160,citation,289,0,2191,37,1.0,0.8865030674846626,0.9398373983739837,0.11349693251533742,0.0,0.0578125,0.09419773198390073,0.015767271991040433,0.3153247088553302,0.89375,0.03125,0.36438552945023256
4,2,0.9,0.4,0.1,160,text,313,0,2191,13,1.0,0.9601226993865031,0.9796557120500783,0.03987730061349693,0.0,0.0203125,0.09548478351203482,0.014941067999213879,0.3145984179771587,0.89375,0.025,0.3514620716690434
4,2,0.9,0.4,0.1,160,hybrid,325,0,2191,1,1.0,0.9969325153374233,0.9984639016897081,0.003067484662576687,0.0,0.0015625,0.09387044681426192,0.01495070525632179,0.3112182375384225,0.89375,0.025,0.35416520636148185
4,2,0.9,0.4,0.5,160,oracle,337,0,2232,0,1.0,1.0,1.0,0.0,0.0,0.0,0.1225102493169754,0.017649163372115972,0.3745498993181623,0.825,0.0375,0.35745693603187856
4,2,0.9,0.4,0.5,160,all_independent,0,0,2232,337,1.0,0.0,0.0,1.0,0.0,0.5265625,0.13884076155091132,0.02213338484393111,0.4687186103470743,0.81875,0.08125,0.40605217774616564
4,2,0.9,0.4,0.5,160,all_one,337,2232,0,0,0.13117944725574154,1.0,0.23193392980041297,0.0,1.0,0.75,0.15783293063125986,0.00822207532505293,0.4947220130221156,0.81875,0.0,0.15265084331223802
4,2,0.9,0.4,0.5,160,citation,309,0,2232,28,1.0,0.9169139465875371,0.9566563467492261,0.0830860534124629,0.0,0.04375,0.12681375548994692,0.01838564069966395,0.38651334579384006,0.81875,0.04375,0.36224231687295483
4,2,0.9,0.4,0.5,160,text,336,540,1692,1,0.3835616438356164,0.9970326409495549,0.5539983511953833,0.002967359050445104,0.24193548387096775,0.2046875,0.13405989242740868,0.016715962931953356,0.4111580631050022,0.80625,0.025,0.3182263242702518
4,2,0.9,0.4,0.5,160,hybrid,336,540,1692,1,0.3835616438356164,0.9970326409495549,0.5539983511953833,0.002967359050445104,0.24193548387096775,0.2046875,0.13405989242740868,0.016715962931953356,0.4111580631050022,0.80625,0.025,0.3182263242702518
4,2,0.9,0.8,0.1,160,oracle,309,0,2104,0,1.0,1.0,1.0,0.0,0.0,0.0,0.10427830939065334,0.015284117096837748,0.32594068864003345,0.84375,0.0125,0.35509622358005183
4,2,0.9,0.8,0.1,160,all_independent,0,0,2104,309,1.0,0.0,0.0,1.0,0.0,0.4828125,0.11714369746175171,0.01861358036101971,0.36674752747564343,0.825,0.0375,0.39082683723700967
4,2,0.9,0.8,0.1,160,all_one,309,2104,0,0,0.12805636137588064,1.0,0.22703894195444524,0.0,1.0,0.75,0.149385745146076,0.007573748499631905,0.4759528336902508,0.825,0.0,0.15351831050014314
4,2,0.9,0.8,0.1,160,citation,284,0,2104,25,1.0,0.919093851132686,0.9578414839797639,0.08090614886731391,0.0,0.0390625,0.10507969287750007,0.015644895351978407,0.3340704508903526,0.84375,0.01875,0.3574311666384314
4,2,0.9,0.8,0.1,160,text,30,0,2104,279,1.0,0.0970873786407767,0.17699115044247787,0.9029126213592233,0.0,0.4359375,0.11598495336093102,0.018469133204253113,0.3549715861749352,0.8375,0.0375,0.3912740863027421
4,2,0.9,0.8,0.1,160,hybrid,288,0,2104,21,1.0,0.9320388349514563,0.9648241206030151,0.06796116504854369,0.0,0.0328125,0.10423909433111293,0.015233461536900332,0.32517490595690207,0.84375,0.0125,0.3549343226447928
4,2,0.9,0.8,0.5,160,oracle,321,0,2165,0,1.0,1.0,1.0,0.0,0.0,0.0,0.07400709546922433,0.012892578350761618,0.2618132597206037,0.90625,0.0125,0.36478357636228803
4,2,0.9,0.8,0.5,160,all_independent,0,0,2165,321,1.0,0.0,0.0,1.0,0.0,0.5015625,0.07867717285374778,0.01628467440875455,0.2817647170070924,0.91875,0.0375,0.4113651259774418
4,2,0.9,0.8,0.5,160,all_one,321,2165,0,0,0.12912308930008046,1.0,0.22871392946205912,0.0,1.0,0.75,0.14002047806594795,0.007188111194828189,0.4580889307123324,0.91875,0.0,0.15944122551188375
4,2,0.9,0.8,0.5,160,citation,285,0,2165,36,1.0,0.8878504672897196,0.9405940594059405,0.11214953271028037,0.0,0.05625,0.07584468198599731,0.013699648594772552,0.2692534481358414,0.90625,0.01875,0.3684840984094414
4,2,0.9,0.8,0.5,160,text,174,315,1850,147,0.3558282208588957,0.5420560747663551,0.4296296296296296,0.45794392523364486,0.14549653579676675,0.2265625,0.09362566486504564,0.015150640654205544,0.3115707702719843,0.875,0.025,0.3600550802289407
4,2,0.9,0.8,0.5,160,hybrid,308,446,1719,13,0.40848806366047746,0.9595015576323987,0.5730232558139535,0.040498442367601244,0.20600461893764435,0.1890625,0.09135175659872144,0.012895730898763436,0.30794317682236183,0.875,0.0125,0.3292580549320661
4,5,0.0,0.0,0.1,160,oracle,2482,0,8366,0,1.0,1.0,1.0,0.0,0.0,0.0,0.09222424461775282,0.015246921314587705,0.2957101136745087,0.88125,0.00625,0.37182111930938344
4,5,0.0,0.0,0.1,160,all_independent,0,0,8366,2482,1.0,0.0,0.0,1.0,0.0,1.959375,0.11536980537358676,0.02184409165274235,0.5016819509443016,0.84375,0.075,0.4443549796269277
4,5,0.0,0.0,0.1,160,all_one,2482,8366,0,0,0.22879793510324484,1.0,0.3723930982745687,0.0,1.0,0.75,0.14571991216276833,0.007615281686634387,0.4678507566715514,0.84375,0.0,0.15836131942234036
4,5,0.0,0.0,0.1,160,citation,0,0,8366,2482,1.0,0.0,0.0,1.0,0.0,1.959375,0.11536980537358676,0.02184409165274235,0.5016819509443016,0.84375,0.075,0.4443549796269277
4,5,0.0,0.0,0.1,160,text,2482,0,8366,0,1.0,1.0,1.0,0.0,0.0,0.0,0.09222424461775282,0.015246921314587705,0.2957101136745087,0.88125,0.00625,0.37182111930938344
4,5,0.0,0.0,0.1,160,hybrid,2482,0,8366,0,1.0,1.0,1.0,0.0,0.0,0.0,0.09222424461775282,0.015246921314587705,0.2957101136745087,0.88125,0.00625,0.37182111930938344
4,5,0.0,0.0,0.5,160,oracle,2637,0,8874,0,1.0,1.0,1.0,0.0,0.0,0.0,0.09367865075587264,0.0161359113937508,0.32186143186520155,0.88125,0.01875,0.3723476661857198
4,5,0.0,0.0,0.5,160,all_independent,0,0,8874,2637,1.0,0.0,0.0,1.0,0.0,2.0265625,0.12321450533632106,0.022828992222650613,0.7698889473227711,0.8375,0.06875,0.4512118471010161
4,5,0.0,0.0,0.5,160,all_one,2637,8874,0,0,0.2290852228303362,1.0,0.3727735368956743,0.0,1.0,0.75,0.15131255690693896,0.008636932408459256,0.48081140140822737,0.8375,0.0,0.1615275119017588
4,5,0.0,0.0,0.5,160,citation,0,0,8874,2637,1.0,0.0,0.0,1.0,0.0,2.0265625,0.12321450533632106,0.022828992222650613,0.7698889473227711,0.8375,0.06875,0.4512118471010161
4,5,0.0,0.0,0.5,160,text,2637,5310,3564,0,0.3318233295583239,1.0,0.4982993197278911,0.0,0.5983772819472617,0.4328125,0.13096255579481167,0.013802120646655895,0.4158178173069258,0.83125,0.0125,0.26247586789711613
4,5,0.0,0.0,0.5,160,hybrid,2637,5310,3564,0,0.3318233295583239,1.0,0.4982993197278911,0.0,0.5983772819472617,0.4328125,0.13096255579481167,0.013802120646655895,0.4158178173069258,0.83125,0.0125,0.26247586789711613
4,5,0.0,0.4,0.1,160,oracle,2737,0,9161,0,1.0,1.0,1.0,0.0,0.0,0.0,0.07798569080845066,0.01349993348698537,0.26529993893386694,0.9,0.0125,0.36672336247543763
4,5,0.0,0.4,0.1,160,all_independent,0,0,9161,2737,1.0,0.0,0.0,1.0,0.0,2.090625,0.11133141277920547,0.02173103026324984,0.5583909970342826,0.86875,0.0625,0.4566312666520325
4,5,0.0,0.4,0.1,160,all_one,2737,9161,0,0,0.23003866195999328,1.0,0.37403484796720193,0.0,1.0,0.75,0.14614979450501686,0.007845047458565934,0.47013606723552054,0.86875,0.0,0.15985618013986325
4,5,0.0,0.4,0.1,160,citation,0,0,9161,2737,1.0,0.0,0.0,1.0,0.0,2.090625,0.11133141277920547,0.02173103026324984,0.5583909970342826,0.86875,0.0625,0.4566312666520325
4,5,0.0,0.4,0.1,160,text,2505,0,9161,232,1.0,0.9152356594811838,0.9557420831743609,0.08476434051881622,0.0,0.11875,0.07712309401614428,0.01362671734258556,0.25942998879059054,0.9125,0.0125,0.37222682235913773
4,5,0.0,0.4,0.1,160,hybrid,2505,0,9161,232,1.0,0.9152356594811838,0.9557420831743609,0.08476434051881622,0.0,0.11875,0.07712309401614428,0.01362671734258556,0.25942998879059054,0.9125,0.0125,0.37222682235913773
4,5,0.0,0.4,0.5,160,oracle,2522,0,8491,0,1.0,1.0,1.0,0.0,0.0,0.0,0.13306808437833426,0.017888837851377005,0.4069422004605463,0.7875,0.025,0.34861107807149194
4,5,0.0,0.4,0.5,160,all_independent,0,0,8491,2522,1.0,0.0,0.0,1.0,0.0,1.9765625,0.17101510767099154,0.02602390872478369,0.7531591776585926,0.7875,0.11875,0.43842696699628964
4,5,0.0,0.4,0.5,160,all_one,2522,8491,0,0,0.22900208844093345,1.0,0.37266346509050613,0.0,1.0,0.75,0.16314789792008053,0.008092815587223169,0.5064130739822847,0.7875,0.0,0.1439980297960707
4,5,0.0,0.4,0.5,160,citation,0,0,8491,2522,1.0,0.0,0.0,1.0,0.0,1.9765625,0.17101510767099154,0.02602390872478369,0.7531591776585926,0.7875,0.11875,0.43842696699628964
4,5,0.0,0.4,0.5,160,text,2514,4975,3516,8,0.335692348778208,0.9968279143536876,0.5022475277195085,0.0031720856463124504,0.5859144977034507,0.4265625,0.14217425723811036,0.014314819770938306,0.4384792281826429,0.775,0.00625,0.2595847350741908
4,5,0.0,0.4,0.5,160,hybrid,2514,4975,3516,8,0.335692348778208,0.9968279143536876,0.5022475277195085,0.0031720856463124504,0.5859144977034507,0.4265625,0.14217425723811036,0.014314819770938306,0.4384792281826429,0.775,0.00625,0.2595847350741908
4,5,0.0,0.8,0.1,160,oracle,2711,0,9047,0,1.0,1.0,1.0,0.0,0.0,0.0,0.08808228227109081,0.014970195620532856,0.28404228051608227,0.86875,0.01875,0.3780002040805146
4,5,0.0,0.8,0.1,160,all_independent,0,0,9047,2711,1.0,0.0,0.0,1.0,0.0,2.06875,0.13661408311924875,0.024291933436098027,0.6473387827899547,0.825,0.09375,0.4603431595126978
4,5,0.0,0.8,0.1,160,all_one,2711,9047,0,0,0.2305664228610308,1.0,0.37473218605294084,0.0,1.0,0.75,0.14164333191252979,0.008517718128743346,0.4577375337398514,0.825,0.0,0.17565576852055972
4,5,0.0,0.8,0.1,160,citation,0,0,9047,2711,1.0,0.0,0.0,1.0,0.0,2.06875,0.13661408311924875,0.024291933436098027,0.6473387827899547,0.825,0.09375,0.4603431595126978
4,5,0.0,0.8,0.1,160,text,109,0,9047,2602,1.0,0.04020656584286241,0.07730496453900709,0.9597934341571376,0.0,1.915625,0.13216555891550355,0.023738400287315824,0.6465793509328941,0.83125,0.0875,0.4576473246163545
4,5,0.0,0.8,0.1,160,hybrid,109,0,9047,2602,1.0,0.04020656584286241,0.07730496453900709,0.9597934341571376,0.0,1.915625,0.13216555891550355,0.023738400287315824,0.6465793509328941,0.83125,0.0875,0.4576473246163545
4,5,0.0,0.8,0.5,160,oracle,2577,0,8622,0,1.0,1.0,1.0,0.0,0.0,0.0,0.08370442155233673,0.013950636323603152,0.26930753820129893,0.89375,0.00625,0.3700366382668254
4,5,0.0,0.8,0.5,160,all_independent,0,0,8622,2577,1.0,0.0,0.0,1.0,0.0,2.01875,0.11210176020597773,0.022498942594280962,0.5163459776708762,0.8625,0.075,0.4658367022250716
4,5,0.0,0.8,0.5,160,all_one,2577,8622,0,0,0.2301098312349317,1.0,0.3741289198606272,0.0,1.0,0.75,0.13709272110101117,0.008009566479624306,0.4488565570082816,0.8625,0.0,0.17379313839086
4,5,0.0,0.8,0.5,160,citation,0,0,8622,2577,1.0,0.0,0.0,1.0,0.0,2.01875,0.11210176020597773,0.022498942594280962,0.5163459776708762,0.8625,0.075,0.4658367022250716
4,5,0.0,0.8,0.5,160,text,1417,3292,5330,1160,0.3009131450414101,0.5498641831587117,0.3889651386220148,0.45013581684128834,0.3818139642774298,0.45625,0.1228970826349115,0.020311584887258906,0.43310959525888987,0.85625,0.0625,0.39495281369933455
4,5,0.0,0.8,0.5,160,hybrid,1417,3292,5330,1160,0.3009131450414101,0.5498641831587117,0.3889651386220148,0.45013581684128834,0.3818139642774298,0.45625,0.1228970826349115,0.020311584887258906,0.43310959525888987,0.85625,0.0625,0.39495281369933455
4,5,0.5,0.0,0.1,160,oracle,2492,0,8526,0,1.0,1.0,1.0,0.0,0.0,0.0,0.1112256762942749,0.017794610597779953,0.35558639898425193,0.85625,0.01875,0.3764567384250055
4,5,0.5,0.0,0.1,160,all_independent,0,0,8526,2492,1.0,0.0,0.0,1.0,0.0,1.9640625,0.14824447384518022,0.025635603538333857,0.7996544275459514,0.83125,0.1125,0.4540758401574191
4,5,0.5,0.0,0.1,160,all_one,2492,8526,0,0,0.22617534942820838,1.0,0.3689119170984456,0.0,1.0,0.75,0.15645229929879112,0.008577167279086062,0.4914427507397706,0.83125,0.0,0.15795628976007783
4,5,0.5,0.0,0.1,160,citation,783,0,8526,1709,1.0,0.31420545746388445,0.4781679389312978,0.6857945425361156,0.0,1.04375,0.14227661266475286,0.023528372564661153,0.5914066466095067,0.83125,0.075,0.43036861389097236
4,5,0.5,0.0,0.1,160,text,2492,0,8526,0,1.0,1.0,1.0,0.0,0.0,0.0,0.1112256762942749,0.017794610597779953,0.35558639898425193,0.85625,0.01875,0.3764567384250055
4,5,0.5,0.0,0.1,160,hybrid,2492,0,8526,0,1.0,1.0,1.0,0.0,0.0,0.0,0.1112256762942749,0.017794610597779953,0.35558639898425193,0.85625,0.01875,0.3764567384250055
4,5,0.5,0.0,0.5,160,oracle,2637,0,8891,0,1.0,1.0,1.0,0.0,0.0,0.0,0.06891806000266486,0.01143896451449801,0.22842699702083688,0.9,0.0,0.36716084964343587
4,5,0.5,0.0,0.5,160,all_independent,0,0,8891,2637,1.0,0.0,0.0,1.0,0.0,2.0421875,0.12502084130024374,0.023269845475820467,0.5060395577304845,0.84375,0.09375,0.4632652310513305
4,5,0.5,0.0,0.5,160,all_one,2637,8891,0,0,0.2287473976405274,1.0,0.37232615601835506,0.0,1.0,0.75,0.14006595802494007,0.00764285176949428,0.45634638636575453,0.84375,0.0,0.1672927870318714
4,5,0.5,0.0,0.5,160,citation,915,0,8891,1722,1.0,0.34698521046643915,0.5152027027027027,0.6530147895335608,0.0,1.03125,0.07987953283782712,0.015890860181911038,0.2670112780959628,0.89375,0.0125,0.4252986860722112
4,5,0.5,0.0,0.5,160,text,2637,5576,3315,0,0.3210763423840253,1.0,0.4860829493087558,0.0,0.627151051625239,0.4140625,0.1017978616960686,0.011046267023511434,0.3375042982484249,0.86875,0.0,0.28059393249075376
4,5,0.5,0.0,0.5,160,hybrid,2637,5576,3315,0,0.3210763423840253,1.0,0.4860829493087558,0.0,0.627151051625239,0.4140625,0.1017978616960686,0.011046267023511434,0.3375042982484249,0.86875,0.0,0.28059393249075376
4,5,0.5,0.4,0.1,160,oracle,2589,0,8803,0,1.0,1.0,1.0,0.0,0.0,0.0,0.10543829069889774,0.015191147221331809,0.32246078710547743,0.84375,0.01875,0.3536233910005724
4,5,0.5,0.4,0.1,160,all_independent,0,0,8803,2589,1.0,0.0,0.0,1.0,0.0,2.0296875,0.1542626240202967,0.024418455120336458,0.6200502270785385,0.7875,0.0875,0.4373685292788088
4,5,0.5,0.4,0.1,160,all_one,2589,8803,0,0,0.22726474719101122,1.0,0.37035977397897146,0.0,1.0,0.75,0.15444604417290644,0.008149029113113713,0.4861073318371624,0.7875,0.0,0.15438548810346553
4,5,0.5,0.4,0.1,160,citation,914,0,8803,1675,1.0,0.3530320587099266,0.5218384242078219,0.6469679412900734,0.0,1.0328125,0.14870840692993378,0.02331529429056786,0.5399929731954968,0.8,0.08125,0.425842452666411
4,5,0.5,0.4,0.1,160,text,2406,0,8803,183,1.0,0.929316338354577,0.9633633633633634,0.07068366164542295,0.0,0.0953125,0.10827804493765895,0.015857904998783846,0.33035301980910525,0.83125,0.025,0.35961518745407445
4,5,0.5,0.4,0.1,160,hybrid,2513,0,8803,76,1.0,0.9706450366937042,0.9851038808310466,0.02935496330629587,0.0,0.0390625,0.10798213476057941,0.015313375912984257,0.3254842618017672,0.83125,0.01875,0.35459830288669464
4,5,0.5,0.4,0.5,160,oracle,2464,0,8238,0,1.0,1.0,1.0,0.0,0.0,0.0,0.1287989632839046,0.017616331035259628,0.4055260536433713,0.825,0.01875,0.342879625992383
4,5,0.5,0.4,0.5,160,all_independent,0,0,8238,2464,1.0,0.0,0.0,1.0,0.0,1.9359375,0.17309573869224912,0.027323003212551388,0.9652360331054652,0.79375,0.1375,0.45384915770221496
4,5,0.5,0.4,0.5,160,all_one,2464,8238,0,0,0.23023733881517475,1.0,0.37429743278140665,0.0,1.0,0.75,0.16370265611621276,0.009082035971064445,0.5069034140114217,0.79375,0.0,0.15527083375310116
4,5,0.5,0.4,0.5,160,citation,829,0,8238,1635,1.0,0.3364448051948052,0.5034922563012451,0.6635551948051948,0.0,0.990625,0.16854437228472546,0.025852943004672002,0.7788140144817827,0.8,0.10625,0.4277599121883079
4,5,0.5,0.4,0.5,160,text,2454,4879,3359,10,0.33465157507159415,0.9959415584415584,0.5009696845973257,0.004058441558441558,0.5922554017965526,0.4,0.1444858809884673,0.014578881611093806,0.45767429524821085,0.8,0.0125,0.256272308067559
4,5,0.5,0.4,0.5,160,hybrid,2461,4887,3351,3,0.3349210669569951,0.9987824675324676,0.5016306563391765,0.0012175324675324675,0.5932265112891478,0.403125,0.1440899701074455,0.014340174912051223,0.4542934477793952,0.8,0.00625,0.25507073033070315
4,5,0.5,0.8,0.1,160,oracle,2650,0,9111,0,1.0,1.0,1.0,0.0,0.0,0.0,0.08194028069630271,0.014036237875767108,0.2720541088151126,0.89375,0.01875,0.37135908164152076
4,5,0.5,0.8,0.1,160,all_independent,0,0,9111,2650,1.0,0.0,0.0,1.0,0.0,2.0625,0.13403038089078123,0.024053037462447562,0.5915684630333805,0.84375,0.09375,0.45449864654146654
4,5,0.5,0.8,0.1,160,all_one,2650,9111,0,0,0.22532097610747384,1.0,0.36777461661231,0.0,1.0,0.75,0.14826707318944804,0.007671342268921749,0.4742959975152011,0.84375,0.0,0.15720827024035242
4,5,0.5,0.8,0.1,160,citation,921,0,9111,1729,1.0,0.3475471698113208,0.5158218986278353,0.6524528301886793,0.0,1.05625,0.11081133985586109,0.020483787564578776,0.4039849454193331,0.875,0.06875,0.4282896340879068
4,5,0.5,0.8,0.1,160,text,101,0,9111,2549,1.0,0.03811320754716981,0.07342784442021084,0.9618867924528302,0.0,1.9125,0.13269932842291277,0.023186191129980403,0.5602332164592522,0.825,0.075,0.44905974350368016
4,5,0.5,0.8,0.1,160,hybrid,1048,0,9111,1602,1.0,0.39547169811320754,0.5667928610059492,0.6045283018867924,0.0,0.9625,0.11244032713895273,0.020253863147054126,0.39739610691513744,0.85625,0.05,0.4289109598415955
4,5,0.5,0.8,0.5,160,oracle,2582,0,8507,0,1.0,1.0,1.0,0.0,0.0,0.0,0.09236364732127889,0.015428563815753511,0.3018287296666482,0.88125,0.0125,0.36753129663935385
4,5,0.5,0.8,0.5,160,all_independent,0,0,8507,2582,1.0,0.0,0.0,1.0,0.0,1.99375,0.13955071404469113,0.024534863177804313,0.6771098786375561,0.83125,0.1,0.4523805485235176
4,5,0.5,0.8,0.5,160,all_one,2582,8507,0,0,0.23284335828298314,1.0,0.3777338892546266,0.0,1.0,0.75,0.15065358933619719,0.008487342237595156,0.48041862374395733,0.83125,0.0,0.16150096757410137
4,5,0.5,0.8,0.5,160,citation,1000,0,8507,1582,1.0,0.3872966692486445,0.5583472920156337,0.6127033307513555,0.0,0.934375,0.12419393365699678,0.02113018231942245,0.4300364331185665,0.85,0.06875,0.416705671610787
4,5,0.5,0.8,0.5,160,text,1449,3271,5236,1133,0.3069915254237288,0.5611928737412858,0.3968775677896466,0.43880712625871415,0.3845068766897849,0.4671875,0.12966109900223036,0.019618165964362416,0.4071285312987313,0.8375,0.05,0.37641253498265576
4,5,0.5,0.8,0.5,160,hybrid,2054,4344,4163,528,0.32103782432010003,0.7955073586367157,0.4574610244988864,0.20449264136328427,0.5106382978723404,0.36875,0.13122971581164028,0.01673364879010408,0.40577865778546957,0.8125,0.01875,0.3199780124355772
4,5,0.9,0.0,0.1,160,oracle,2469,0,8414,0,1.0,1.0,1.0,0.0,0.0,0.0,0.10866869567200892,0.015476191051614251,0.3405947845966709,0.84375,0.0125,0.34389845068399155
4,5,0.9,0.0,0.1,160,all_independent,0,0,8414,2469,1.0,0.0,0.0,1.0,0.0,1.9390625,0.13541764023131636,0.02273861082935347,0.6032215961548659,0.83125,0.075,0.43159748009561455
4,5,0.9,0.0,0.1,160,all_one,2469,8414,0,0,0.2268675916567123,1.0,0.3698322348711804,0.0,1.0,0.75,0.15599741803585873,0.008052686977587521,0.4914421882723853,0.83125,0.0,0.14872469854796277
4,5,0.9,0.0,0.1,160,citation,2088,0,8414,381,1.0,0.8456865127582017,0.9163923633969716,0.1543134872417983,0.0,0.1828125,0.10763324560008587,0.01621172942696801,0.33582857260146803,0.84375,0.01875,0.3615031901245296
4,5,0.9,0.0,0.1,160,text,2469,0,8414,0,1.0,1.0,1.0,0.0,0.0,0.0,0.10866869567200892,0.015476191051614251,0.3405947845966709,0.84375,0.0125,0.34389845068399155
4,5,0.9,0.0,0.1,160,hybrid,2469,0,8414,0,1.0,1.0,1.0,0.0,0.0,0.0,0.10866869567200892,0.015476191051614251,0.3405947845966709,0.84375,0.0125,0.34389845068399155
4,5,0.9,0.0,0.5,160,oracle,2643,0,8905,0,1.0,1.0,1.0,0.0,0.0,0.0,0.11479486382223122,0.017576141523356095,0.36319559931253986,0.8375,0.01875,0.3653797276228973
4,5,0.9,0.0,0.5,160,all_independent,0,0,8905,2643,1.0,0.0,0.0,1.0,0.0,2.0390625,0.14738632836906973,0.025365163755789635,0.8114922065230067,0.825,0.11875,0.4530934554165801
4,5,0.9,0.0,0.5,160,all_one,2643,8905,0,0,0.22887080013855213,1.0,0.37248960608836584,0.0,1.0,0.75,0.15554099886044145,0.008588310044157854,0.48949665250494867,0.825,0.0,0.15810867271576293
4,5,0.9,0.0,0.5,160,citation,2265,0,8905,378,1.0,0.8569807037457434,0.9229828850855745,0.14301929625425652,0.0,0.18125,0.12419216077243903,0.019968957775686465,0.4192586210563105,0.85,0.05625,0.3840387824530163
4,5,0.9,0.0,0.5,160,text,2643,5548,3357,0,0.32267122451471125,1.0,0.4879084364039136,0.0,0.6230207748455924,0.4609375,0.14706031003257555,0.014466267640435631,0.459238043553336,0.825,0.0125,0.24729254434647535
4,5,0.9,0.0,0.5,160,hybrid,2643,5548,3357,0,0.32267122451471125,1.0,0.4879084364039136,0.0,0.6230207748455924,0.4609375,0.14706031003257555,0.014466267640435631,0.459238043553336,0.825,0.0125,0.24729254434647535
4,5,0.9,0.4,0.1,160,oracle,2409,0,8262,0,1.0,1.0,1.0,0.0,0.0,0.0,0.08607869853168586,0.015114119798365681,0.2847113437227832,0.88125,0.03125,0.37876008445969755
4,5,0.9,0.4,0.1,160,all_independent,0,0,8262,2409,1.0,0.0,0.0,1.0,0.0,1.9296875,0.11425097153266424,0.021401112733086276,0.5289284774564991,0.8625,0.06875,0.44095189394776335
4,5,0.9,0.4,0.1,160,all_one,2409,8262,0,0,0.22575203823446724,1.0,0.368348623853211,0.0,1.0,0.75,0.14574660699895609,0.007905057859258848,0.4695763276276302,0.8625,0.0,0.15946042436816307
4,5,0.9,0.4,0.1,160,citation,2014,0,8262,395,1.0,0.8360315483603155,0.9106940990278091,0.16396845163968451,0.0,0.196875,0.09308317485630077,0.017068513158685714,0.3347571853047533,0.875,0.0375,0.3927242015902182
4,5,0.9,0.4,0.1,160,text,2278,0,8262,131,1.0,0.9456205894562059,0.9720503520375506,0.0543794105437941,0.0,0.075,0.09280265651660902,0.016465790488731827,0.31521633460169723,0.875,0.04375,0.38338869138234
4,5,0.9,0.4,0.1,160,hybrid,2403,0,8262,6,1.0,0.9975093399750934,0.9987531172069826,0.0024906600249066002,0.0,0.003125,0.08538904206225437,0.015031374015407245,0.28305381764731186,0.88125,0.03125,0.37848840865087763
4,5,0.9,0.4,0.5,160,oracle,2477,0,8339,0,1.0,1.0,1.0,0.0,0.0,0.0,0.11332686584968081,0.017498564074901513,0.3632466498261358,0.85,0.01875,0.3707976228524623
4,5,0.9,0.4,0.5,160,all_independent,0,0,8339,2477,1.0,0.0,0.0,1.0,0.0,1.95,0.15223905287532083,0.02514634782372268,0.7760802374957451,0.825,0.09375,0.4407427298558795
4,5,0.9,0.4,0.5,160,all_one,2477,8339,0,0,0.22901257396449703,1.0,0.3726773489806665,0.0,1.0,0.75,0.1570826092858663,0.009054194744594532,0.49222833444148656,0.825,0.0,0.16147284090612213
4,5,0.9,0.4,0.5,160,citation,2066,0,8339,411,1.0,0.8340734759790068,0.9095311468192824,0.16592652402099314,0.0,0.209375,0.1264549965660337,0.020078709898825035,0.4075658793595772,0.8375,0.04375,0.39001607887692774
4,5,0.9,0.4,0.5,160,text,2469,5112,3227,8,0.3256826276216858,0.9967702866370609,0.49095247564128064,0.003229713362939039,0.6130231442619019,0.41875,0.13486995175886168,0.014530715909127398,0.42136208213263393,0.8375,0.00625,0.27214067273467
4,5,0.9,0.4,0.5,160,hybrid,2477,5135,3204,0,0.32540725170782975,1.0,0.49102983447318865,0.0,0.6157812687372587,0.425,0.13664671973657785,0.014493635279686981,0.426794837330171,0.8375,0.00625,0.26796128903226
4,5,0.9,0.8,0.1,160,oracle,2626,0,8831,0,1.0,1.0,1.0,0.0,0.0,0.0,0.10446980189225488,0.016418844973007746,0.3188490674245352,0.85625,0.01875,0.37457742041867204
4,5,0.9,0.8,0.1,160,all_independent,0,0,8831,2626,1.0,0.0,0.0,1.0,0.0,2.028125,0.12393526519340423,0.02344303918128523,0.5993844954395777,0.8625,0.075,0.46031393371336904
4,5,0.9,0.8,0.1,160,all_one,2626,8831,0,0,0.22920485292834075,1.0,0.37293190371369733,0.0,1.0,0.75,0.14112309267621972,0.008038935254399493,0.45709915429190884,0.8625,0.0,0.1703572032024791
4,5,0.9,0.8,0.1,160,citation,2204,0,8831,422,1.0,0.8392993145468393,0.9126293995859213,0.1607006854531607,0.0,0.209375,0.10254209793041488,0.017375522989183028,0.32928113819624516,0.85,0.0375,0.3932956735870908
4,5,0.9,0.8,0.1,160,text,97,0,8831,2529,1.0,0.03693830921553694,0.07124495042232831,0.963061690784463,0.0,1.8859375,0.11718275627194426,0.02263929341970384,0.5656375100623645,0.85625,0.08125,0.4550231971455787
4,5,0.9,0.8,0.1,160,hybrid,2236,0,8831,390,1.0,0.8514851485148515,0.9197860962566845,0.1485148514851485,0.0,0.19375,0.10292553396229893,0.01725212738883134,0.3232594771688523,0.85,0.03125,0.39341791397502696
4,5,0.9,0.8,0.5,160,oracle,2480,0,8450,0,1.0,1.0,1.0,0.0,0.0,0.0,0.08929462094269132,0.014909654220042342,0.2814960140377331,0.85625,0.01875,0.37687465339118065
4,5,0.9,0.8,0.5,160,all_independent,0,0,8450,2480,1.0,0.0,0.0,1.0,0.0,1.953125,0.14366189870757134,0.02503316918538692,0.701484024140935,0.825,0.1125,0.46021002165540315
4,5,0.9,0.8,0.5,160,all_one,2480,8450,0,0,0.22689844464775846,1.0,0.3698732289336316,0.0,1.0,0.75,0.1456725935424963,0.008345157975191878,0.46750570439899797,0.825,0.0,0.16837478617836216
4,5,0.9,0.8,0.5,160,citation,2104,0,8450,376,1.0,0.8483870967741935,0.9179755671902269,0.15161290322580645,0.0,0.196875,0.10274319864117828,0.017733895012841155,0.3421650806502782,0.85625,0.0375,0.39508822516540054
4,5,0.9,0.8,0.5,160,text,1259,2795,5655,1221,0.3105574740996547,0.5076612903225807,0.38536883991429444,0.49233870967741933,0.33076923076923076,0.503125,0.11631508412760012,0.018717568588476265,0.4142262323702539,0.84375,0.0375,0.3859373778704148
4,5,0.9,0.8,0.5,160,hybrid,2371,4901,3549,109,0.32604510451045104,0.9560483870967742,0.486259228876128,0.04395161290322581,0.58,0.384375,0.11511318923433163,0.013913306472562047,0.37518554723639613,0.86875,0.0125,0.2953951806855865
4,10,0.0,0.0,0.1,160,oracle,10146,0,27787,0,1.0,1.0,1.0,0.0,0.0,0.0,0.10527505750644064,0.015215536244103777,0.3296769600366267,0.81875,0.01875,0.3524782781201424
4,10,0.0,0.0,0.1,160,all_independent,0,0,27787,10146,1.0,0.0,0.0,1.0,0.0,4.359375,0.12942746698162894,0.02404433846581056,0.9427567519560371,0.85,0.1,0.45448852162572456
4,10,0.0,0.0,0.1,160,all_one,10146,27787,0,0,0.2674715946537316,1.0,0.42205536720813663,0.0,1.0,0.75,0.14969690638670852,0.007796267079480531,0.4762010654252714,0.85,0.0,0.15428161759761025
4,10,0.0,0.0,0.1,160,citation,0,0,27787,10146,1.0,0.0,0.0,1.0,0.0,4.359375,0.12942746698162894,0.02404433846581056,0.9427567519560371,0.85,0.1,0.45448852162572456
4,10,0.0,0.0,0.1,160,text,10146,0,27787,0,1.0,1.0,1.0,0.0,0.0,0.0,0.10527505750644064,0.015215536244103777,0.3296769600366267,0.81875,0.01875,0.3524782781201424
4,10,0.0,0.0,0.1,160,hybrid,10146,0,27787,0,1.0,1.0,1.0,0.0,0.0,0.0,0.10527505750644064,0.015215536244103777,0.3296769600366267,0.81875,0.01875,0.3524782781201424
4,10,0.0,0.0,0.5,160,oracle,10916,0,30320,0,1.0,1.0,1.0,0.0,0.0,0.0,0.07849403165444564,0.01277629336022288,0.2551037944950631,0.89375,0.00625,0.3657450649927493
4,10,0.0,0.0,0.5,160,all_independent,0,0,30320,10916,1.0,0.0,0.0,1.0,0.0,4.578125,0.13971887671986058,0.026021127178445964,0.970883311908168,0.84375,0.11875,0.4777219385039369
4,10,0.0,0.0,0.5,160,all_one,10916,30320,0,0,0.264720147443981,1.0,0.4186224881116735,0.0,1.0,0.75,0.14614600667006733,0.00785225052944121,0.4684455706347916,0.84375,0.0,0.16162539905313583
4,10,0.0,0.0,0.5,160,citation,0,0,30320,10916,1.0,0.0,0.0,1.0,0.0,4.578125,0.13971887671986058,0.026021127178445964,0.970883311908168,0.84375,0.11875,0.4777219385039369
4,10,0.0,0.0,0.5,160,text,10916,28531,1789,0,0.276725733262352,1.0,0.43349284196731724,0.0,0.9409960422163588,0.6546875,0.133813364393968,0.009711791266839909,0.43361883193163475,0.875,0.0,0.20178081217048752
4,10,0.0,0.0,0.5,160,hybrid,10916,28531,1789,0,0.276725733262352,1.0,0.43349284196731724,0.0,0.9409960422163588,0.6546875,0.133813364393968,0.009711791266839909,0.43361883193163475,0.875,0.0,0.20178081217048752
4,10,0.0,0.4,0.1,160,oracle,11743,0,32568,0,1.0,1.0,1.0,0.0,0.0,0.0,0.10627583908922611,0.015782233820343775,0.34350568144791216,0.85,0.01875,0.35290773784037316
4,10,0.0,0.4,0.1,160,all_independent,0,0,32568,11743,1.0,0.0,0.0,1.0,0.0,4.8296875,0.12216915399612985,0.024122826487648002,0.889002168032456,0.85625,0.1,0.4702590106932522
4,10,0.0,0.4,0.1,160,all_one,11743,32568,0,0,0.26501320213942364,1.0,0.41898883219752386,0.0,1.0,0.75,0.15399596251575487,0.007747125865637081,0.48725782448358396,0.85625,0.0,0.1475563713432563
4,10,0.0,0.4,0.1,160,citation,0,0,32568,11743,1.0,0.0,0.0,1.0,0.0,4.8296875,0.12216915399612985,0.024122826487648002,0.889002168032456,0.85625,0.1,0.4702590106932522
4,10,0.0,0.4,0.1,160,text,10964,0,32568,779,1.0,0.9336626075108575,0.9656933985114722,0.06633739248914247,0.0,0.1875,0.11845361905172333,0.017740771499240308,0.3740984159496196,0.81875,0.025,0.3671069364040306
4,10,0.0,0.4,0.1,160,hybrid,10964,0,32568,779,1.0,0.9336626075108575,0.9656933985114722,0.06633739248914247,0.0,0.1875,0.11845361905172333,0.017740771499240308,0.3740984159496196,0.81875,0.025,0.3671069364040306
4,10,0.0,0.4,0.5,160,oracle,9889,0,26879,0,1.0,1.0,1.0,0.0,0.0,0.0,0.08707563700260629,0.013884031698495704,0.285761785215345,0.8875,0.0125,0.35845109658112917
4,10,0.0,0.4,0.5,160,all_independent,0,0,26879,9889,1.0,0.0,0.0,1.0,0.0,4.2890625,0.13645864129778343,0.024365850208864934,0.8595080435448089,0.825,0.09375,0.4675926063563248
4,10,0.0,0.4,0.5,160,all_one,9889,26879,0,0,0.2689567014795474,1.0,0.42390209400518675,0.0,1.0,0.75,0.14654699618053382,0.007692541827928222,0.47126160860687766,0.825,0.0,0.15672507785918202
4,10,0.0,0.4,0.5,160,citation,0,0,26879,9889,1.0,0.0,0.0,1.0,0.0,4.2890625,0.13645864129778343,0.024365850208864934,0.8595080435448089,0.825,0.09375,0.4675926063563248
4,10,0.0,0.4,0.5,160,text,9874,24532,2347,15,0.2869848282276347,0.9984831631105269,0.4458291003499267,0.001516836889473152,0.9126827634956658,0.6203125,0.125370591417786,0.00961801604904588,0.41586965204422705,0.86875,0.0,0.20717081502715368
4,10,0.0,0.4,0.5,160,hybrid,9874,24532,2347,15,0.2869848282276347,0.9984831631105269,0.4458291003499267,0.001516836889473152,0.9126827634956658,0.6203125,0.125370591417786,0.00961801604904588,0.41586965204422705,0.86875,0.0,0.20717081502715368
4,10,0.0,0.8,0.1,160,oracle,10685,0,29051,0,1.0,1.0,1.0,0.0,0.0,0.0,0.09679411766231208,0.015121786559855115,0.2961407489419778,0.85,0.00625,0.3696478041655549
4,10,0.0,0.8,0.1,160,all_independent,0,0,29051,10685,1.0,0.0,0.0,1.0,0.0,4.51875,0.1326852062394427,0.025107825444417534,1.047717385855204,0.84375,0.10625,0.47499739482398323
4,10,0.0,0.8,0.1,160,all_one,10685,29051,0,0,0.26889973827259916,1.0,0.42383134011622137,0.0,1.0,0.75,0.1401215326321263,0.008299528311368591,0.45275828441017285,0.84375,0.0,0.17483163533343474
4,10,0.0,0.8,0.1,160,citation,0,0,29051,10685,1.0,0.0,0.0,1.0,0.0,4.51875,0.1326852062394427,0.025107825444417534,1.047717385855204,0.84375,0.10625,0.47499739482398323
4,10,0.0,0.8,0.1,160,text,277,0,29051,10408,1.0,0.025924192793635937,0.05053822295201605,0.9740758072063641,0.0,4.1578125,0.13430786313118187,0.025334532576797738,1.022491730227125,0.84375,0.10625,0.4755496816381285
4,10,0.0,0.8,0.1,160,hybrid,277,0,29051,10408,1.0,0.025924192793635937,0.05053822295201605,0.9740758072063641,0.0,4.1578125,0.13430786313118187,0.025334532576797738,1.022491730227125,0.84375,0.10625,0.4755496816381285
4,10,0.0,0.8,0.5,160,oracle,10495,0,29241,0,1.0,1.0,1.0,0.0,0.0,0.0,0.07663169625332086,0.01129778713001375,0.24983770727101323,0.90625,0.0,0.3505573947268553
4,10,0.0,0.8,0.5,160,all_independent,0,0,29241,10495,1.0,0.0,0.0,1.0,0.0,4.5140625,0.11739402452638528,0.0231042603128523,0.6775985951748956,0.8625,0.0875,0.46394688737823014
4,10,0.0,0.8,0.5,160,all_one,10495,29241,0,0,0.26411817998792025,1.0,0.4178694431725428,0.0,1.0,0.75,0.14533012636198692,0.007427979494518962,0.4664460023683933,0.8625,0.0,0.15631898784439507
4,10,0.0,0.8,0.5,160,citation,0,0,29241,10495,1.0,0.0,0.0,1.0,0.0,4.5140625,0.11739402452638528,0.0231042603128523,0.6775985951748956,0.8625,0.0875,0.46394688737823014
4,10,0.0,0.8,0.5,160,text,6452,16242,12999,4043,0.2843042213801005,0.6147689375893283,0.38880351923830186,0.38523106241067173,0.5554529598850928,0.64375,0.12404097476892353,0.018580165454559507,0.3796936015101658,0.8375,0.025,0.3830499906418211
4,10,0.0,0.8,0.5,160,hybrid,6452,16242,12999,4043,0.2843042213801005,0.6147689375893283,0.38880351923830186,0.38523106241067173,0.5554529598850928,0.64375,0.12404097476892353,0.018580165454559507,0.3796936015101658,0.8375,0.025,0.3830499906418211
4,10,0.5,0.0,0.1,160,oracle,10510,0,29175,0,1.0,1.0,1.0,0.0,0.0,0.0,0.10765227140983516,0.014545199610420428,0.34286325928558814,0.83125,0.00625,0.3325436556662281
4,10,0.5,0.0,0.1,160,all_independent,0,0,29175,10510,1.0,0.0,0.0,1.0,0.0,4.5015625,0.1856505172144429,0.027742015126128065,1.2501293856026463,0.76875,0.14375,0.45198725415437097
4,10,0.5,0.0,0.1,160,all_one,10510,29175,0,0,0.264835580194028,1.0,0.4187668094431716,0.0,1.0,0.75,0.1720058284809541,0.008011163846566922,0.5278142186974135,0.76875,0.0,0.13033518950469675
4,10,0.5,0.0,0.1,160,citation,2506,0,29175,8004,1.0,0.2384395813510942,0.38506453595574675,0.7615604186489058,0.0,2.325,0.16697001134795603,0.026113192642096487,0.8034419759757292,0.7875,0.1,0.4478662841802398
4,10,0.5,0.0,0.1,160,text,10510,0,29175,0,1.0,1.0,1.0,0.0,0.0,0.0,0.10765227140983516,0.014545199610420428,0.34286325928558814,0.83125,0.00625,0.3325436556662281
4,10,0.5,0.0,0.1,160,hybrid,10510,0,29175,0,1.0,1.0,1.0,0.0,0.0,0.0,0.10765227140983516,0.014545199610420428,0.34286325928558814,0.83125,0.00625,0.3325436556662281
4,10,0.5,0.0,0.5,160,oracle,10726,0,30400,0,1.0,1.0,1.0,0.0,0.0,0.0,0.08814878744109549,0.015752511478783114,0.3056346882669788,0.88125,0.03125,0.37565199781886516
4,10,0.5,0.0,0.5,160,all_independent,0,0,30400,10726,1.0,0.0,0.0,1.0,0.0,4.6140625,0.09787577355793668,0.02282106178833462,1.1079152307263926,0.9,0.09375,0.48533112031873554
4,10,0.5,0.0,0.5,160,all_one,10726,30400,0,0,0.2608082478237611,1.0,0.41371596081154055,0.0,1.0,0.75,0.14421911019378125,0.008314538752360915,0.467551226189309,0.9,0.0,0.16509746298245698
4,10,0.5,0.0,0.5,160,citation,2795,0,30400,7931,1.0,0.26058176393809435,0.4134309592485763,0.7394182360619056,0.0,2.2484375,0.09814373878668786,0.021454457869246886,0.6973329948176799,0.89375,0.075,0.4673387778789409
4,10,0.5,0.0,0.5,160,text,10726,27844,2556,0,0.2780917811770806,1.0,0.43516715352158386,0.0,0.915921052631579,0.6390625,0.14110011586959398,0.011116518609592556,0.45501920711659893,0.8625,0.0125,0.20232268587236762
4,10,0.5,0.0,0.5,160,hybrid,10726,27844,2556,0,0.2780917811770806,1.0,0.43516715352158386,0.0,0.915921052631579,0.6390625,0.14110011586959398,0.011116518609592556,0.45501920711659893,0.8625,0.0125,0.20232268587236762
4,10,0.5,0.4,0.1,160,oracle,10373,0,28630,0,1.0,1.0,1.0,0.0,0.0,0.0,0.10670004884488744,0.017187801564643487,0.34064825153368294,0.85625,0.025,0.3739389429377258
4,10,0.5,0.4,0.1,160,all_independent,0,0,28630,10373,1.0,0.0,0.0,1.0,0.0,4.45625,0.17124028302913144,0.02811401244177799,1.5424405975499367,0.8125,0.14375,0.47388528781363276
4,10,0.5,0.4,0.1,160,all_one,10373,28630,0,0,0.26595390098197574,1.0,0.4201636422553467,0.0,1.0,0.75,0.15633560754215367,0.009278479403424475,0.49111759331787513,0.8125,0.0,0.16476912890771897
4,10,0.5,0.4,0.1,160,citation,2681,0,28630,7692,1.0,0.2584594620649764,0.41075532403860887,0.7415405379350236,0.0,2.20625,0.14484313378331298,0.025689098242256604,0.8988554045187808,0.85,0.125,0.45742990377316
4,10,0.5,0.4,0.1,160,text,9637,0,28630,736,1.0,0.9290465631929047,0.9632183908045977,0.07095343680709534,0.0,0.190625,0.1141975674567213,0.019249826605702278,0.3977644601023706,0.85,0.05,0.3911207461009111
4,10,0.5,0.4,0.1,160,hybrid,10123,0,28630,250,1.0,0.9758989684758508,0.9878024980483997,0.024101031524149233,0.0,0.0640625,0.10797983036065664,0.01789946059156101,0.3537914916687258,0.86875,0.0375,0.3807218896758711
4,10,0.5,0.4,0.5,160,oracle,10801,0,29671,0,1.0,1.0,1.0,0.0,0.0,0.0,0.10446229637594968,0.015844866795394458,0.35241937480954955,0.8625,0.025,0.3497000558826205
4,10,0.5,0.4,0.5,160,all_independent,0,0,29671,10801,1.0,0.0,0.0,1.0,0.0,4.546875,0.17128081331268588,0.02817910391676239,1.3265407573964403,0.825,0.15625,0.46808905547677593
4,10,0.5,0.4,0.5,160,all_one,10801,29671,0,0,0.2668758647954141,1.0,0.4213133618083591,0.0,1.0,0.75,0.16240289032231145,0.008587194218205552,0.5061066832990557,0.825,0.0,0.14850311304385977
4,10,0.5,0.4,0.5,160,citation,2722,0,29671,8079,1.0,0.25201370243495974,0.4025733934777786,0.7479862975650403,0.0,2.2703125,0.1585149172131807,0.02572611396357805,0.8227414608717286,0.80625,0.11875,0.4475823819071844
4,10,0.5,0.4,0.5,160,text,10787,26753,2918,14,0.28734683004794886,0.998703823720026,0.44628783020624313,0.0012961762799740765,0.9016548144653028,0.6125,0.1550222233969071,0.01248431100656073,0.49985969978054207,0.7875,0.0125,0.20250202980565457
4,10,0.5,0.4,0.5,160,hybrid,10795,26781,2890,6,0.2872844368746008,0.9994444958800112,0.44628645844099474,0.0005555041199888899,0.9025984968487749,0.6171875,0.1553577399606742,0.012461037545772326,0.5015526106232773,0.7875,0.0125,0.20100161602058875
4,10,0.5,0.8,0.1,160,oracle,10489,0,29177,0,1.0,1.0,1.0,0.0,0.0,0.0,0.0850669583429533,0.014312702512773341,0.2711331976135251,0.875,0.00625,0.37418374987370906
4,10,0.5,0.8,0.1,160,all_independent,0,0,29177,10489,1.0,0.0,0.0,1.0,0.0,4.4921875,0.10616975978306971,0.02266983418715715,0.772702739647512,0.8875,0.08125,0.47202111742754865
4,10,0.5,0.8,0.1,160,all_one,10489,29177,0,0,0.2644330156809358,1.0,0.4182633835111155,0.0,1.0,0.75,0.13948761827229572,0.007465933173080143,0.4542581192892524,0.8875,0.0,0.1652992555949951
4,10,0.5,0.8,0.1,160,citation,2693,0,29177,7796,1.0,0.2567451615978644,0.4085874677590654,0.7432548384021356,0.0,2.221875,0.11310748547804565,0.021959514703608424,0.5559542154012971,0.8625,0.075,0.4547110158581069
4,10,0.5,0.8,0.1,160,text,241,0,29177,10248,1.0,0.02297645152064067,0.04492078285181733,0.9770235484793593,0.0,4.175,0.10131242808674731,0.02232141906674952,0.7281184127291711,0.89375,0.0875,0.47449278301018244
4,10,0.5,0.8,0.1,160,hybrid,3275,0,29177,7214,1.0,0.3122318619506149,0.4758791049113629,0.6877681380493851,0.0,1.9953125,0.10478213527079128,0.021131521871775947,0.5099183941077341,0.86875,0.05625,0.45445628945719846
4,10,0.5,0.8,0.5,160,oracle,10712,0,29276,0,1.0,1.0,1.0,0.0,0.0,0.0,0.10061506162905691,0.016811658329687878,0.3243138300884638,0.86875,0.025,0.3775733472890033
4,10,0.5,0.8,0.5,160,all_independent,0,0,29276,10712,1.0,0.0,0.0,1.0,0.0,4.540625,0.14705642603029453,0.0264191308266068,1.2261538440392783,0.84375,0.125,0.47061586822797974
4,10,0.5,0.8,0.5,160,all_one,10712,29276,0,0,0.26788036410923277,1.0,0.42256410256410254,0.0,1.0,0.75,0.1490846129619671,0.00854653417351156,0.47519426849472557,0.84375,0.0,0.16488642910567183
4,10,0.5,0.8,0.5,160,citation,2985,0,29276,7727,1.0,0.27865944734876774,0.4358618675622399,0.7213405526512323,0.0,2.1109375,0.14155312181227891,0.0250960785308071,0.6664651992760962,0.8375,0.1125,0.4637399702051188
4,10,0.5,0.8,0.5,160,text,6667,16493,12783,4045,0.28786701208981,0.6223861090365945,0.39365847897968825,0.37761389096340553,0.5633624812132805,0.65625,0.1278430583457193,0.020857659986351473,0.45656342271193334,0.83125,0.0625,0.3988175407877673
4,10,0.5,0.8,0.5,160,hybrid,9150,22506,6770,1562,0.2890447308567096,0.8541822255414488,0.4319297583081571,0.14581777445855115,0.768752561825386,0.3875,0.12666590728416294,0.016749864181471834,0.40503226805215364,0.83125,0.025,0.32480638168561626
4,10,0.9,0.0,0.1,160,oracle,10605,0,28920,0,1.0,1.0,1.0,0.0,0.0,0.0,0.11080441406885914,0.015793186442233622,0.3493344713557948,0.83125,0.025,0.3442243078447977
4,10,0.9,0.0,0.1,160,all_independent,0,0,28920,10605,1.0,0.0,0.0,1.0,0.0,4.484375,0.1674052553409119,0.027892391581398692,1.4365608613298755,0.8125,0.14375,0.4736887887559632
4,10,0.9,0.0,0.1,160,all_one,10605,28920,0,0,0.2683111954459203,1.0,0.42309994015559543,0.0,1.0,0.75,0.16462897030086757,0.008946760381133434,0.5092580805155655,0.8125,0.0,0.15186244967697765
4,10,0.9,0.0,0.1,160,citation,8397,0,28920,2208,1.0,0.7917963224893918,0.8838017050836754,0.2082036775106082,0.0,0.4109375,0.11727926769880573,0.018645982384382538,0.38227696543722384,0.83125,0.03125,0.38056220190118206
4,10,0.9,0.0,0.1,160,text,10605,0,28920,0,1.0,1.0,1.0,0.0,0.0,0.0,0.11080441406885914,0.015793186442233622,0.3493344713557948,0.83125,0.025,0.3442243078447977
4,10,0.9,0.0,0.1,160,hybrid,10605,0,28920,0,1.0,1.0,1.0,0.0,0.0,0.0,0.11080441406885914,0.015793186442233622,0.3493344713557948,0.83125,0.025,0.3442243078447977
4,10,0.9,0.0,0.5,160,oracle,10623,0,29566,0,1.0,1.0,1.0,0.0,0.0,0.0,0.10171959265752233,0.01631152745846405,0.32763289028353987,0.875,0.025,0.36718273827708126
4,10,0.9,0.0,0.5,160,all_independent,0,0,29566,10623,1.0,0.0,0.0,1.0,0.0,4.521875,0.13571204507723394,0.025694204011403283,1.310541506640879,0.85625,0.125,0.4668213623729649
4,10,0.9,0.0,0.5,160,all_one,10623,29566,0,0,0.2643260593694792,1.0,0.41812957569078174,0.0,1.0,0.75,0.1521110022427407,0.00860576608133712,0.4808842773453737,0.85625,0.0,0.16131420812091385
4,10,0.9,0.0,0.5,160,citation,8321,0,29566,2302,1.0,0.7833003859550033,0.8784839527027027,0.2166996140449967,0.0,0.4515625,0.12926246071987035,0.020812295684623366,0.44411739781542214,0.8125,0.05625,0.4050057366564828
4,10,0.9,0.0,0.5,160,text,10623,27289,2277,0,0.28020151930787085,1.0,0.43774595652621817,0.0,0.9229858621389434,0.6328125,0.1448300434862963,0.010786472958941678,0.45464429944251644,0.8375,0.0,0.20071537309940402
4,10,0.9,0.0,0.5,160,hybrid,10623,27289,2277,0,0.28020151930787085,1.0,0.43774595652621817,0.0,0.9229858621389434,0.6328125,0.1448300434862963,0.010786472958941678,0.45464429944251644,0.8375,0.0,0.20071537309940402
4,10,0.9,0.4,0.1,160,oracle,11052,0,30169,0,1.0,1.0,1.0,0.0,0.0,0.0,0.07572557451051073,0.012739445864617463,0.25776112169755233,0.89375,0.0125,0.3631057529312773
4,10,0.9,0.4,0.1,160,all_independent,0,0,30169,11052,1.0,0.0,0.0,1.0,0.0,4.60625,0.11865878837835646,0.024017423403446463,1.008708081922325,0.86875,0.1,0.4726728367411221
4,10,0.9,0.4,0.1,160,all_one,11052,30169,0,0,0.2681157662356566,1.0,0.4228569242247432,0.0,1.0,0.75,0.14455667155136215,0.008439425907825945,0.4652389167170144,0.86875,0.0,0.16759800075065473
4,10,0.9,0.4,0.1,160,citation,8560,0,30169,2492,1.0,0.7745204487875498,0.8729349377931879,0.22547955121245022,0.0,0.484375,0.09766590950602802,0.018374781246300858,0.3780675113618397,0.875,0.05,0.4022076772600431
4,10,0.9,0.4,0.1,160,text,10337,0,30169,715,1.0,0.935305826999638,0.9665716022254429,0.06469417300036193,0.0,0.190625,0.09209505526535205,0.015464680159524626,0.30718163829657924,0.85625,0.0125,0.38186899389455514
4,10,0.9,0.4,0.1,160,hybrid,10967,0,30169,85,1.0,0.9923090843286283,0.996139697533948,0.007690915671371697,0.0,0.021875,0.07922576763347965,0.013084139775549444,0.27018703573170816,0.8875,0.0125,0.362452390280945
4,10,0.9,0.4,0.5,160,oracle,10421,0,28698,0,1.0,1.0,1.0,0.0,0.0,0.0,0.11348745901349985,0.016366314712266725,0.3559577053573421,0.8125,0.025,0.35512323818116875
4,10,0.9,0.4,0.5,160,all_independent,0,0,28698,10421,1.0,0.0,0.0,1.0,0.0,4.434375,0.14168900669574722,0.026033161658735246,1.2263169124933602,0.85,0.11875,0.4711370377387297
4,10,0.9,0.4,0.5,160,all_one,10421,28698,0,0,0.26639229019146704,1.0,0.42071053693984656,0.0,1.0,0.75,0.1543760932038677,0.008691848561605871,0.486432381987025,0.85,0.0,0.15897412809327793
4,10,0.9,0.4,0.5,160,citation,8095,0,28698,2326,1.0,0.7767968525093562,0.8743789155325125,0.2232031474906439,0.0,0.4734375,0.12213217258211999,0.019368239192949124,0.44072348401132144,0.8125,0.04375,0.3915538817111407
4,10,0.9,0.4,0.5,160,text,10414,26641,2057,7,0.28104169477803265,0.9993282794357548,0.4387058724408122,0.000671720564245274,0.9283225311868423,0.6265625,0.1429322097534481,0.009629538508342906,0.44557554614986206,0.8375,0.0,0.19555951290317455
4,10,0.9,0.4,0.5,160,hybrid,10420,26669,2029,1,0.28094583299630616,0.9999040399193936,0.4386444958956009,9.59600806064677e-05,0.9292982089344205,0.6296875,0.14323607956522347,0.009598982587518321,0.4469839642887222,0.84375,0.0,0.19428361467080074
4,10,0.9,0.8,0.1,160,oracle,10607,0,29114,0,1.0,1.0,1.0,0.0,0.0,0.0,0.0929702601999099,0.014188267201105902,0.28758979200403134,0.8625,0.0,0.3604431245025905
4,10,0.9,0.8,0.1,160,all_independent,0,0,29114,10607,1.0,0.0,0.0,1.0,0.0,4.55,0.1419951831279542,0.026500812000416287,1.0031654808579042,0.84375,0.11875,0.4818782419090642
4,10,0.9,0.8,0.1,160,all_one,10607,29114,0,0,0.26703758717051435,1.0,0.42151486250198694,0.0,1.0,0.75,0.1472619114906127,0.007859668760414502,0.4725902690157521,0.84375,0.0,0.160624828035893
4,10,0.9,0.8,0.1,160,citation,8531,0,29114,2076,1.0,0.8042801923258226,0.8915247152262514,0.19571980767417743,0.0,0.4078125,0.11386950799504869,0.018473502765090462,0.3378298857966956,0.83125,0.03125,0.4017979501050858
4,10,0.9,0.8,0.1,160,text,291,0,29114,10316,1.0,0.027434712925426603,0.0534042943659387,0.9725652870745733,0.0,4.178125,0.1489558178875448,0.026856849097611275,1.0096044650908769,0.8375,0.125,0.47761497722938745
4,10,0.9,0.8,0.1,160,hybrid,8930,0,29114,1677,1.0,0.8418968605637787,0.9141628704509392,0.15810313943622137,0.0,0.3453125,0.1143393453395209,0.018298734902066776,0.3396090052169692,0.83125,0.025,0.3961310558986695
4,10,0.9,0.8,0.5,160,oracle,10417,0,27800,0,1.0,1.0,1.0,0.0,0.0,0.0,0.0942320537763989,0.015051171914106935,0.3092827458567028,0.86875,0.025,0.3573417131541366
4,10,0.9,0.8,0.5,160,all_independent,0,0,27800,10417,1.0,0.0,0.0,1.0,0.0,4.3828125,0.14406611213294843,0.025724975571298395,0.9709806088622364,0.825,0.11875,0.4674964304313928
4,10,0.9,0.8,0.5,160,all_one,10417,27800,0,0,0.27257503205379807,1.0,0.42838343545667645,0.0,1.0,0.75,0.1478885342976231,0.008021403992302074,0.47240942903899513,0.825,0.0,0.16116658039744022
4,10,0.9,0.8,0.5,160,citation,8397,0,27800,2020,1.0,0.8060862052414323,0.8926331455299245,0.19391379475856774,0.0,0.39375,0.1125346075034035,0.018359197135361147,0.3679680228243403,0.85,0.04375,0.38273270461618886
4,10,0.9,0.8,0.5,160,text,6351,15516,12284,4066,0.290437645767595,0.6096764903523088,0.393445669681576,0.39032350964769125,0.5581294964028777,0.640625,0.11839629082343854,0.019953904562934457,0.3904992817665853,0.85,0.05,0.41016718248276646
4,10,0.9,0.8,0.5,160,hybrid,10086,24508,3292,331,0.2915534485748974,0.9682250167994624,0.44815711714914136,0.031774983200537586,0.8815827338129496,0.5390625,0.14140931219838576,0.012713166579438873,0.44333563649092006,0.8125,0.0125,0.2340205824675198
10,2,0.0,0.0,0.1,160,oracle,813,0,16387,0,1.0,1.0,1.0,0.0,0.0,0.0,0.029748254217739356,0.010187815626126653,0.0990803988307716,0.95625,0.00625,0.46661540682424685
10,2,0.0,0.0,0.1,160,all_independent,0,0,16387,813,1.0,0.0,0.0,1.0,0.0,0.5081249999999999,0.044160030120731615,0.014504157213543884,0.15010689262403565,0.94375,0.03125,0.48393784621022534
10,2,0.0,0.0,0.1,160,all_one,813,16387,0,0,0.047267441860465116,1.0,0.09026813967690002,0.0,1.0,0.9,0.13252586279633344,0.004657298742277465,0.44718880039184644,0.94375,0.0,0.14887490910283502
10,2,0.0,0.0,0.1,160,citation,0,0,16387,813,1.0,0.0,0.0,1.0,0.0,0.5081249999999999,0.044160030120731615,0.014504157213543884,0.15010689262403565,0.94375,0.03125,0.48393784621022534
10,2,0.0,0.0,0.1,160,text,813,0,16387,0,1.0,1.0,1.0,0.0,0.0,0.0,0.029748254217739356,0.010187815626126653,0.0990803988307716,0.95625,0.00625,0.46661540682424685
10,2,0.0,0.0,0.1,160,hybrid,813,0,16387,0,1.0,1.0,1.0,0.0,0.0,0.0,0.029748254217739356,0.010187815626126653,0.0990803988307716,0.95625,0.00625,0.46661540682424685
10,2,0.0,0.0,0.5,160,oracle,823,0,16530,0,1.0,1.0,1.0,0.0,0.0,0.0,0.014889303077245241,0.006158218487532208,0.05383067863715858,0.9875,0.0,0.46853686319358323
10,2,0.0,0.0,0.5,160,all_independent,0,0,16530,823,1.0,0.0,0.0,1.0,0.0,0.514375,0.01648827471077298,0.006908104148356099,0.05177663550207916,0.975,0.0,0.4764575969700915
10,2,0.0,0.0,0.5,160,all_one,823,16530,0,0,0.04742695787471907,1.0,0.09055897887323944,0.0,1.0,0.9,0.12614362704421728,0.004222607873667829,0.4330807461767267,0.975,0.0,0.15380562983385007
10,2,0.0,0.0,0.5,160,citation,0,0,16530,823,1.0,0.0,0.0,1.0,0.0,0.514375,0.01648827471077298,0.006908104148356099,0.05177663550207916,0.975,0.0,0.4764575969700915
10,2,0.0,0.0,0.5,160,text,823,5589,10941,0,0.12835308796007486,1.0,0.2275051831375259,0.0,0.33811252268602543,0.43937499999999996,0.050919333486397086,0.009742767806489736,0.17522888390400873,0.925,0.00625,0.3944450862994041
10,2,0.0,0.0,0.5,160,hybrid,823,5589,10941,0,0.12835308796007486,1.0,0.2275051831375259,0.0,0.33811252268602543,0.43937499999999996,0.050919333486397086,0.009742767806489736,0.17522888390400873,0.925,0.00625,0.3944450862994041
10,2,0.0,0.4,0.1,160,oracle,766,0,15791,0,1.0,1.0,1.0,0.0,0.0,0.0,0.05105835538059981,0.013338763957693605,0.1774063183456041,0.9375,0.01875,0.44505887229019725
10,2,0.0,0.4,0.1,160,all_independent,0,0,15791,766,1.0,0.0,0.0,1.0,0.0,0.47874999999999995,0.06113168671207172,0.016408447559905857,0.22692094978743843,0.925,0.03125,0.4658872743592052
10,2,0.0,0.4,0.1,160,all_one,766,15791,0,0,0.04626441988282901,1.0,0.08843733764359521,0.0,1.0,0.9,0.14380547725347195,0.005272296127151655,0.47086494305460197,0.925,0.0,0.13700059655785354
10,2,0.0,0.4,0.1,160,citation,0,0,15791,766,1.0,0.0,0.0,1.0,0.0,0.47874999999999995,0.06113168671207172,0.016408447559905857,0.22692094978743843,0.925,0.03125,0.4658872743592052
10,2,0.0,0.4,0.1,160,text,730,0,15791,36,1.0,0.9530026109660574,0.9759358288770054,0.04699738903394256,0.0,0.0225,0.05153981201840683,0.013554835159856107,0.1785258412241118,0.9375,0.01875,0.4467239565284079
10,2,0.0,0.4,0.1,160,hybrid,730,0,15791,36,1.0,0.9530026109660574,0.9759358288770054,0.04699738903394256,0.0,0.0225,0.05153981201840683,0.013554835159856107,0.1785258412241118,0.9375,0.01875,0.4467239565284079
10,2,0.0,0.4,0.5,160,oracle,811,0,16372,0,1.0,1.0,1.0,0.0,0.0,0.0,0.04386446791263278,0.011389097800711763,0.14512994836491475,0.95,0.01875,0.438045624248547
10,2,0.0,0.4,0.5,160,all_independent,0,0,16372,811,1.0,0.0,0.0,1.0,0.0,0.506875,0.05456195609010235,0.015013795634646988,0.195337774492093,0.925,0.03125,0.46284095152729315
10,2,0.0,0.4,0.5,160,all_one,811,16372,0,0,0.04719781179072339,1.0,0.09014115816383238,0.0,1.0,0.9,0.14327043417201996,0.005239502484045881,0.46913325924774807,0.925,0.0,0.1368806214432368
10,2,0.0,0.4,0.5,160,citation,0,0,16372,811,1.0,0.0,0.0,1.0,0.0,0.506875,0.05456195609010235,0.015013795634646988,0.195337774492093,0.925,0.03125,0.46284095152729315
10,2,0.0,0.4,0.5,160,text,803,5643,10729,8,0.12457337883959044,0.9901356350184957,0.22130356896789302,0.009864364981504316,0.3446738333740533,0.445625,0.08058515149802856,0.014053619906717838,0.26454501895770877,0.88125,0.01875,0.3799826845379259
10,2,0.0,0.4,0.5,160,hybrid,803,5643,10729,8,0.12457337883959044,0.9901356350184957,0.22130356896789302,0.009864364981504316,0.3446738333740533,0.445625,0.08058515149802856,0.014053619906717838,0.26454501895770877,0.88125,0.01875,0.3799826845379259
10,2,0.0,0.8,0.1,160,oracle,798,0,16180,0,1.0,1.0,1.0,0.0,0.0,0.0,0.01966027807317549,0.00769799379484028,0.07346639081546272,0.9875,0.00625,0.4629701461641747
10,2,0.0,0.8,0.1,160,all_independent,0,0,16180,798,1.0,0.0,0.0,1.0,0.0,0.49874999999999997,0.02755291345466826,0.010566594285219484,0.09984506817860808,0.96875,0.0125,0.474950621890077
10,2,0.0,0.8,0.1,160,all_one,798,16180,0,0,0.04700200259158911,1.0,0.08978397839783978,0.0,1.0,0.9,0.13041737998806244,0.004690126166749339,0.4417229228972534,0.96875,0.0,0.15060178037470312
10,2,0.0,0.8,0.1,160,citation,0,0,16180,798,1.0,0.0,0.0,1.0,0.0,0.49874999999999997,0.02755291345466826,0.010566594285219484,0.09984506817860808,0.96875,0.0125,0.474950621890077
10,2,0.0,0.8,0.1,160,text,66,0,16180,732,1.0,0.08270676691729323,0.1527777777777778,0.9172932330827067,0.0,0.4575,0.02413229071807232,0.00952004740578428,0.09310232675395103,0.975,0.0125,0.4710048562280068
10,2,0.0,0.8,0.1,160,hybrid,66,0,16180,732,1.0,0.08270676691729323,0.1527777777777778,0.9172932330827067,0.0,0.4575,0.02413229071807232,0.00952004740578428,0.09310232675395103,0.975,0.0125,0.4710048562280068
10,2,0.0,0.8,0.5,160,oracle,787,0,16027,0,1.0,1.0,1.0,0.0,0.0,0.0,0.028758235265600635,0.00989185259003014,0.0944859299541749,0.9625,0.00625,0.4658488752885684
10,2,0.0,0.8,0.5,160,all_independent,0,0,16027,787,1.0,0.0,0.0,1.0,0.0,0.491875,0.04254448244427804,0.01356799337828354,0.13527697266259703,0.94375,0.0125,0.47929893206778
10,2,0.0,0.8,0.5,160,all_one,787,16027,0,0,0.0468062329011538,1.0,0.08942673711720925,0.0,1.0,0.9,0.1313220749282285,0.004789042280139546,0.44385119915583066,0.94375,0.0,0.15075832977762813
10,2,0.0,0.8,0.5,160,citation,0,0,16027,787,1.0,0.0,0.0,1.0,0.0,0.491875,0.04254448244427804,0.01356799337828354,0.13527697266259703,0.94375,0.0125,0.47929893206778
10,2,0.0,0.8,0.5,160,text,446,4370,11657,341,0.0926079734219269,0.5667090216010165,0.15920042834195963,0.4332909783989835,0.27266487801834405,0.29812500000000003,0.04464484805590099,0.011837406224106044,0.16132829890977146,0.94375,0.0125,0.4323120013633262
10,2,0.0,0.8,0.5,160,hybrid,446,4370,11657,341,0.0926079734219269,0.5667090216010165,0.15920042834195963,0.4332909783989835,0.27266487801834405,0.29812500000000003,0.04464484805590099,0.011837406224106044,0.16132829890977146,0.94375,0.0125,0.4323120013633262
10,2,0.5,0.0,0.1,160,oracle,748,0,15522,0,1.0,1.0,1.0,0.0,0.0,0.0,0.027651491049760037,0.010563803643733232,0.10422991478365842,0.96875,0.0125,0.4687725788941319
10,2,0.5,0.0,0.1,160,all_independent,0,0,15522,748,1.0,0.0,0.0,1.0,0.0,0.46749999999999997,0.030687242072141026,0.012171655678338654,0.15287933762276742,0.96875,0.025,0.4824493003381298
10,2,0.5,0.0,0.1,160,all_one,748,15522,0,0,0.045974185617701294,1.0,0.08790692208250088,0.0,1.0,0.9,0.13048312040153257,0.004606494712372984,0.4429753776688755,0.96875,0.0,0.15122416830763813
10,2,0.5,0.0,0.1,160,citation,395,0,15522,353,1.0,0.5280748663101604,0.6911636045494314,0.47192513368983957,0.0,0.22062500000000002,0.03061625708648143,0.011378228212002833,0.1274927594193456,0.95625,0.0125,0.4757710765421811
10,2,0.5,0.0,0.1,160,text,748,0,15522,0,1.0,1.0,1.0,0.0,0.0,0.0,0.027651491049760037,0.010563803643733232,0.10422991478365842,0.96875,0.0125,0.4687725788941319
10,2,0.5,0.0,0.1,160,hybrid,748,0,15522,0,1.0,1.0,1.0,0.0,0.0,0.0,0.027651491049760037,0.010563803643733232,0.10422991478365842,0.96875,0.0125,0.4687725788941319
10,2,0.5,0.0,0.5,160,oracle,804,0,16227,0,1.0,1.0,1.0,0.0,0.0,0.0,0.018952626630573885,0.006719033916219678,0.06482110350865761,0.9625,0.0,0.4630998423985105
10,2,0.5,0.0,0.5,160,all_independent,0,0,16227,804,1.0,0.0,0.0,1.0,0.0,0.5025000000000001,0.026680603463602175,0.008360298904907224,0.0772937467109098,0.95625,0.0,0.4664243557160951
10,2,0.5,0.0,0.5,160,all_one,804,16227,0,0,0.04720803241148494,1.0,0.09015979814970564,0.0,1.0,0.9,0.13102973086244774,0.004361388608197754,0.4438730059551005,0.95625,0.0,0.14733686916263505
10,2,0.5,0.0,0.5,160,citation,408,0,16227,396,1.0,0.5074626865671642,0.6732673267326732,0.4925373134328358,0.0,0.2475,0.018031459681823795,0.007115998695837116,0.058951609893144984,0.975,0.0,0.4716374104601509
10,2,0.5,0.0,0.5,160,text,804,5722,10505,0,0.12319950965369292,1.0,0.21937244201909958,0.0,0.35262217292167375,0.448125,0.04055558563808226,0.0073985226070879834,0.14849588232823596,0.95,0.0,0.39456994331906925
10,2,0.5,0.0,0.5,160,hybrid,804,5722,10505,0,0.12319950965369292,1.0,0.21937244201909958,0.0,0.35262217292167375,0.448125,0.04055558563808226,0.0073985226070879834,0.14849588232823596,0.95,0.0,0.39456994331906925
10,2,0.5,0.4,0.1,160,oracle,790,0,16062,0,1.0,1.0,1.0,0.0,0.0,0.0,0.033933014680866326,0.01098500925933366,0.12675680517065419,0.96875,0.01875,0.45161442914544087
10,2,0.5,0.4,0.1,160,all_independent,0,0,16062,790,1.0,0.0,0.0,1.0,0.0,0.49375,0.03763143239970587,0.011366450425023752,0.14235627074287002,0.9375,0.01875,0.4567622772497466
10,2,0.5,0.4,0.1,160,all_one,790,16062,0,0,0.04687870875860432,1.0,0.08955900691531574,0.0,1.0,0.9,0.13743015506511214,0.005156278021014192,0.4558920359320468,0.9375,0.0,0.14351167248476424
10,2,0.5,0.4,0.1,160,citation,418,0,16062,372,1.0,0.529113924050633,0.6920529801324503,0.4708860759493671,0.0,0.2325,0.037185829046970216,0.012052304568219986,0.13398575362214274,0.95,0.01875,0.46277076320718213
10,2,0.5,0.4,0.1,160,text,752,0,16062,38,1.0,0.9518987341772152,0.9753566796368353,0.04810126582278481,0.0,0.02375,0.03295309103261717,0.010752932669066,0.12387075315140705,0.96875,0.01875,0.45201236382645904
10,2,0.5,0.4,0.1,160,hybrid,769,0,16062,21,1.0,0.9734177215189873,0.986529826812059,0.026582278481012658,0.0,0.013125000000000001,0.03250701518128317,0.010745842363906388,0.12282300125768982,0.96875,0.01875,0.4527653564189512
10,2,0.5,0.4,0.5,160,oracle,784,0,15997,0,1.0,1.0,1.0,0.0,0.0,0.0,0.022714477853860403,0.009200256606928603,0.08676884115240027,0.975,0.00625,0.4661105382571839
10,2,0.5,0.4,0.5,160,all_independent,0,0,15997,784,1.0,0.0,0.0,1.0,0.0,0.49000000000000005,0.028264864501157855,0.009651632597101879,0.10535765211240318,0.9625,0.0125,0.46568375247087673
10,2,0.5,0.4,0.5,160,all_one,784,15997,0,0,0.04671950420117991,1.0,0.08926843153999431,0.0,1.0,0.9,0.12935141670385275,0.0047349713928566675,0.4392289696373101,0.9625,0.0,0.15191956324180345
10,2,0.5,0.4,0.5,160,citation,384,0,15997,400,1.0,0.4897959183673469,0.6575342465753424,0.5102040816326531,0.0,0.25,0.029488740748334397,0.010440883792353717,0.13214081109445194,0.9625,0.0125,0.4647652264482541
10,2,0.5,0.4,0.5,160,text,772,5008,10989,12,0.13356401384083044,0.9846938775510204,0.23522242535039609,0.015306122448979591,0.31305869850596985,0.39249999999999996,0.052800405253853225,0.010692498886274097,0.18386286376946748,0.925,0.00625,0.39998398125609747
10,2,0.5,0.4,0.5,160,hybrid,780,5014,10983,4,0.13462202278218846,0.9948979591836735,0.23715415019762848,0.00510204081632653,0.3134337688316559,0.39625,0.0529903807453266,0.010669303670956231,0.18497698066492116,0.925,0.00625,0.3987409443716915
10,2,0.5,0.8,0.1,160,oracle,790,0,16042,0,1.0,1.0,1.0,0.0,0.0,0.0,0.029743539351161048,0.008691766319545961,0.09330369445865835,0.95,0.0,0.4534828685621539
10,2,0.5,0.8,0.1,160,all_independent,0,0,16042,790,1.0,0.0,0.0,1.0,0.0,0.49375,0.03179407987777148,0.010436441480568659,0.09415122003258479,0.95,0.00625,0.4705710054237854
10,2,0.5,0.8,0.1,160,all_one,790,16042,0,0,0.046934410646387835,1.0,0.08966065145840427,0.0,1.0,0.9,0.13316436549239305,0.004527857725913713,0.44862164482456246,0.95,0.0,0.1454067634618934
10,2,0.5,0.8,0.1,160,citation,385,0,16042,405,1.0,0.4873417721518987,0.6553191489361703,0.5126582278481012,0.0,0.253125,0.035133992493209296,0.010787754413631797,0.10636237756406615,0.95625,0.00625,0.46352867897695466
10,2,0.5,0.8,0.1,160,text,68,0,16042,722,1.0,0.08607594936708861,0.1585081585081585,0.9139240506329114,0.0,0.45125000000000004,0.03118169900660866,0.010227386436893533,0.09411126962858841,0.95,0.00625,0.4683196526348006
10,2,0.5,0.8,0.1,160,hybrid,425,0,16042,365,1.0,0.5379746835443038,0.6995884773662552,0.4620253164556962,0.0,0.228125,0.03534964926466065,0.010786321370291644,0.10747679933915213,0.95625,0.00625,0.46254102397337993
10,2,0.5,0.8,0.5,160,oracle,789,0,16017,0,1.0,1.0,1.0,0.0,0.0,0.0,0.03547177711433131,0.010994283308082484,0.12096476766074675,0.95,0.0125,0.45835499221630716
10,2,0.5,0.8,0.5,160,all_independent,0,0,16017,789,1.0,0.0,0.0,1.0,0.0,0.49312500000000004,0.04235257510709243,0.014200109624369432,0.18279010534999837,0.95,0.0375,0.4775650040281967
10,2,0.5,0.8,0.5,160,all_one,789,16017,0,0,0.04694751874330596,1.0,0.08968456947996589,0.0,1.0,0.9,0.13640612239421873,0.004875352326403171,0.4556960680161356,0.95,0.0,0.14464783946997556
10,2,0.5,0.8,0.5,160,citation,392,0,16017,397,1.0,0.4968314321926489,0.6638441998306519,0.5031685678073511,0.0,0.248125,0.03833120398194335,0.01331781801970525,0.1487419384689739,0.95625,0.025,0.47574101212471903
10,2,0.5,0.8,0.5,160,text,464,4508,11509,325,0.09332260659694289,0.5880861850443599,0.16108314528727652,0.41191381495564006,0.28145095835674594,0.285625,0.05000831164604793,0.011868326467887094,0.170176997322554,0.93125,0.0125,0.42634905472923135
10,2,0.5,0.8,0.5,160,hybrid,625,5260,10757,164,0.10620220900594732,0.7921419518377694,0.1872939766257117,0.20785804816223066,0.3284010738590248,0.35625,0.04804435207553268,0.011645096233496266,0.1714173892187909,0.93125,0.0125,0.42111517993647746
10,2,0.9,0.0,0.1,160,oracle,824,0,16501,0,1.0,1.0,1.0,0.0,0.0,0.0,0.021803433889172674,0.007877665607081828,0.08306915415858218,0.96875,0.00625,0.4575837329632269
10,2,0.9,0.0,0.1,160,all_independent,0,0,16501,824,1.0,0.0,0.0,1.0,0.0,0.515,0.02451166651123032,0.009703214599794204,0.09733939720292746,0.96875,0.0125,0.473022384909478
10,2,0.9,0.0,0.1,160,all_one,824,16501,0,0,0.04756132756132756,1.0,0.09080390104137968,0.0,1.0,0.9,0.12839918288122337,0.004721115175440401,0.4370909182489571,0.96875,0.0,0.1534859200909828
10,2,0.9,0.0,0.1,160,citation,738,0,16501,86,1.0,0.8956310679611651,0.9449423815621,0.10436893203883495,0.0,0.05375,0.027009346190872602,0.009537556895635048,0.09714497292444865,0.96875,0.00625,0.45949927230052506
10,2,0.9,0.0,0.1,160,text,824,0,16501,0,1.0,1.0,1.0,0.0,0.0,0.0,0.021803433889172674,0.007877665607081828,0.08306915415858218,0.96875,0.00625,0.4575837329632269
10,2,0.9,0.0,0.1,160,hybrid,824,0,16501,0,1.0,1.0,1.0,0.0,0.0,0.0,0.021803433889172674,0.007877665607081828,0.08306915415858218,0.96875,0.00625,0.4575837329632269
10,2,0.9,0.0,0.5,160,oracle,812,0,16359,0,1.0,1.0,1.0,0.0,0.0,0.0,0.014988690647888336,0.005827767691516287,0.057360930214382135,0.98125,0.0,0.4637702003656088
10,2,0.9,0.0,0.5,160,all_independent,0,0,16359,812,1.0,0.0,0.0,1.0,0.0,0.5075000000000001,0.023213663449820694,0.009697356492688032,0.07922751796697372,0.975,0.00625,0.4785194392150364
10,2,0.9,0.0,0.5,160,all_one,812,16359,0,0,0.047289033836119036,1.0,0.0903075126508369,0.0,1.0,0.9,0.13112431515557282,0.004365202185274207,0.44406562670731714,0.975,0.0,0.14783363125423848
10,2,0.9,0.0,0.5,160,citation,720,0,16359,92,1.0,0.8866995073891626,0.9399477806788512,0.11330049261083744,0.0,0.05750000000000001,0.016729853416532308,0.0068457006664787825,0.059388751144404416,0.98125,0.0,0.4687987869369284
10,2,0.9,0.0,0.5,160,text,812,5758,10601,0,0.12359208523592086,1.0,0.21999458141425088,0.0,0.3519775047374534,0.45375,0.04823562638264923,0.008909115113346066,0.1689588161905518,0.9375,0.0,0.3900654163954119
10,2,0.9,0.0,0.5,160,hybrid,812,5758,10601,0,0.12359208523592086,1.0,0.21999458141425088,0.0,0.3519775047374534,0.45375,0.04823562638264923,0.008909115113346066,0.1689588161905518,0.9375,0.0,0.3900654163954119
10,2,0.9,0.4,0.1,160,oracle,789,0,16054,0,1.0,1.0,1.0,0.0,0.0,0.0,0.03315592001015537,0.011826609013391541,0.14643879938505217,0.96875,0.025,0.4610870157531791
10,2,0.9,0.4,0.1,160,all_independent,0,0,16054,789,1.0,0.0,0.0,1.0,0.0,0.49312500000000004,0.041014234676490596,0.013130936982666758,0.18524708171665347,0.95,0.025,0.4665770458612452
10,2,0.9,0.4,0.1,160,all_one,789,16054,0,0,0.04684438639197293,1.0,0.08949637023593467,0.0,1.0,0.9,0.14004452763128222,0.0050432697435719145,0.46299696668552287,0.95,0.0,0.14014368561573654
10,2,0.9,0.4,0.1,160,citation,706,0,16054,83,1.0,0.8948035487959443,0.9444816053511705,0.10519645120405577,0.0,0.051875000000000004,0.03200710926006802,0.011772275746381422,0.14526673224019232,0.96875,0.025,0.4633709744893129
10,2,0.9,0.4,0.1,160,text,751,0,16054,38,1.0,0.9518377693282636,0.9753246753246753,0.048162230671736375,0.0,0.02375,0.032952961176664054,0.011824413182225282,0.1452832762612537,0.96875,0.025,0.4621130097224901
10,2,0.9,0.4,0.1,160,hybrid,785,0,16054,4,1.0,0.9949302915082383,0.9974587039390089,0.005069708491761723,0.0,0.0025,0.033156824693265544,0.011826593091608458,0.14649988804378658,0.96875,0.025,0.4610263829442375
10,2,0.9,0.4,0.5,160,oracle,786,0,15980,0,1.0,1.0,1.0,0.0,0.0,0.0,0.037575615596681045,0.01163920716248326,0.13554961445377267,0.9625,0.01875,0.4522321615213697
10,2,0.9,0.4,0.5,160,all_independent,0,0,15980,786,1.0,0.0,0.0,1.0,0.0,0.49124999999999996,0.049577741436556404,0.014508422768789471,0.2249606033977956,0.9375,0.03125,0.46341810121981214
10,2,0.9,0.4,0.5,160,all_one,786,15980,0,0,0.046880591673625197,1.0,0.08956244302643573,0.0,1.0,0.9,0.14301936863755663,0.005237306176490762,0.4693143039707922,0.9375,0.0,0.13739737165316654
10,2,0.9,0.4,0.5,160,citation,690,0,15980,96,1.0,0.8778625954198473,0.9349593495934959,0.12213740458015267,0.0,0.06,0.03909868672157002,0.011951032835042117,0.13556776941810617,0.9625,0.01875,0.45306011338436847
10,2,0.9,0.4,0.5,160,text,777,5503,10477,9,0.12372611464968153,0.9885496183206107,0.2199264081517124,0.011450381679389313,0.3443679599499374,0.4375,0.0627751170127971,0.012028634794658672,0.20829673426313616,0.91875,0.00625,0.3924070194920247
10,2,0.9,0.4,0.5,160,hybrid,785,5553,10427,1,0.1238561060271379,0.9987277353689568,0.22038180797304885,0.001272264631043257,0.34749687108886107,0.4425,0.06238803342215753,0.0119463077091658,0.2087888841581545,0.925,0.00625,0.39102298706029104
10,2,0.9,0.8,0.1,160,oracle,807,0,16272,0,1.0,1.0,1.0,0.0,0.0,0.0,0.02845073670376614,0.0077582943545238285,0.0925771863747093,0.94375,0.0,0.44788356206681135
10,2,0.9,0.8,0.1,160,all_independent,0,0,16272,807,1.0,0.0,0.0,1.0,0.0,0.504375,0.0376730660765167,0.01185159620492429,0.1204906566155104,0.95625,0.0125,0.4680283405151074
10,2,0.9,0.8,0.1,160,all_one,807,16272,0,0,0.0472510100122958,1.0,0.09023817510902381,0.0,1.0,0.9,0.13811810254152357,0.004728299614401227,0.4588172920553837,0.95625,0.0,0.1400248438456462
10,2,0.9,0.8,0.1,160,citation,727,0,16272,80,1.0,0.9008674101610905,0.9478487614080835,0.09913258983890955,0.0,0.05,0.02754907813879326,0.0074178653138098835,0.08873117646967293,0.94375,0.0,0.44785021321561275
10,2,0.9,0.8,0.1,160,text,69,0,16272,738,1.0,0.08550185873605948,0.15753424657534246,0.9144981412639405,0.0,0.46125,0.039365792355750176,0.011958987104738196,0.12516401463446372,0.95625,0.0125,0.46517663921326696
10,2,0.9,0.8,0.1,160,hybrid,729,0,16272,78,1.0,0.9033457249070632,0.9492187500000001,0.09665427509293681,0.0,0.04875,0.02754907881984982,0.007417865297902005,0.08873228238357679,0.94375,0.0,0.4478491076423542
10,2,0.9,0.8,0.5,160,oracle,762,0,15679,0,1.0,1.0,1.0,0.0,0.0,0.0,0.022708500916616983,0.009221993290371122,0.07857794284177276,0.96875,0.0125,0.47130198853758687
10,2,0.9,0.8,0.5,160,all_independent,0,0,15679,762,1.0,0.0,0.0,1.0,0.0,0.47625,0.03449956962368666,0.01312120844632413,0.1451295561841804,0.9625,0.025,0.4841224341277517
10,2,0.9,0.8,0.5,160,all_one,762,15679,0,0,0.04634754576972203,1.0,0.08858919955821659,0.0,1.0,0.9,0.12978893723257948,0.0045695415917843185,0.4412886865175406,0.9625,0.0,0.15215988180807288
10,2,0.9,0.8,0.5,160,citation,691,0,15679,71,1.0,0.9068241469816273,0.9511355815554027,0.09317585301837271,0.0,0.044375000000000005,0.024805733158209158,0.009491426582321383,0.08150223199795052,0.9625,0.0125,0.4717910265268075
10,2,0.9,0.8,0.5,160,text,411,4125,11554,351,0.09060846560846561,0.5393700787401575,0.15515288788221973,0.46062992125984253,0.2630907583391798,0.29625,0.05235633790468901,0.013284138647200579,0.17754831536320498,0.9375,0.025,0.43644684464804423
10,2,0.9,0.8,0.5,160,hybrid,732,5295,10384,30,0.1214534594325535,0.9606299212598425,0.21564295183384888,0.03937007874015748,0.3377128643408381,0.421875,0.04782193504992999,0.011458689910824854,0.1728981739579567,0.9375,0.0125,0.4167754331749386
10,5,0.0,0.0,0.1,160,oracle,6530,0,65354,0,1.0,1.0,1.0,0.0,0.0,0.0,0.0126261131032928,0.0037243354555447023,0.05061569692186163,0.9875,0.0,0.460351160723139
10,5,0.0,0.0,0.1,160,all_independent,0,0,65354,6530,1.0,0.0,0.0,1.0,0.0,2.02,0.012429118894323054,0.00748537562849087,0.04076883179592715,0.98125,0.00625,0.4932583345094789
10,5,0.0,0.0,0.1,160,all_one,6530,65354,0,0,0.09084079906516053,1.0,0.1665518912439105,0.0,1.0,0.9,0.12576263549067518,0.004079620074742219,0.432629010513351,0.98125,0.0,0.15342757737464155
10,5,0.0,0.0,0.1,160,citation,0,0,65354,6530,1.0,0.0,0.0,1.0,0.0,2.02,0.012429118894323054,0.00748537562849087,0.04076883179592715,0.98125,0.00625,0.4932583345094789
10,5,0.0,0.0,0.1,160,text,6530,0,65354,0,1.0,1.0,1.0,0.0,0.0,0.0,0.0126261131032928,0.0037243354555447023,0.05061569692186163,0.9875,0.0,0.460351160723139
10,5,0.0,0.0,0.1,160,hybrid,6530,0,65354,0,1.0,1.0,1.0,0.0,0.0,0.0,0.0126261131032928,0.0037243354555447023,0.05061569692186163,0.9875,0.0,0.460351160723139
10,5,0.0,0.0,0.5,160,oracle,6252,0,62966,0,1.0,1.0,1.0,0.0,0.0,0.0,0.020186281241006805,0.008277666462543862,0.06359833567216505,0.9625,0.0,0.4759137193022053
10,5,0.0,0.0,0.5,160,all_independent,0,0,62966,6252,1.0,0.0,0.0,1.0,0.0,1.9606249999999998,0.033819414347662786,0.012468335912682515,0.12196648046843157,0.9625,0.01875,0.48674078018195044
10,5,0.0,0.0,0.5,160,all_one,6252,62966,0,0,0.09032332630240689,1.0,0.16568172783887639,0.0,1.0,0.9,0.12144594387535998,0.004462199120336789,0.42211933094818405,0.9625,0.0,0.16249306080958326
10,5,0.0,0.0,0.5,160,citation,0,0,62966,6252,1.0,0.0,0.0,1.0,0.0,1.9606249999999998,0.033819414347662786,0.012468335912682515,0.12196648046843157,0.9625,0.01875,0.48674078018195044
10,5,0.0,0.0,0.5,160,text,6252,52757,10209,0,0.10594993983968547,1.0,0.19159988354453655,0.0,0.8378648794587555,0.7462500000000001,0.09614717777943099,0.010170203299368795,0.3266189347024628,0.925,0.0,0.2783691780816408
10,5,0.0,0.0,0.5,160,hybrid,6252,52757,10209,0,0.10594993983968547,1.0,0.19159988354453655,0.0,0.8378648794587555,0.7462500000000001,0.09614717777943099,0.010170203299368795,0.3266189347024628,0.925,0.0,0.2783691780816408
10,5,0.0,0.4,0.1,160,oracle,6195,0,62560,0,1.0,1.0,1.0,0.0,0.0,0.0,0.02719034299028391,0.008916637076840263,0.09240959210071939,0.95625,0.00625,0.45912135033983875
10,5,0.0,0.4,0.1,160,all_independent,0,0,62560,6195,1.0,0.0,0.0,1.0,0.0,1.9493749999999999,0.03862694936014875,0.013342841418839846,0.15769995726145694,0.95625,0.025,0.48122289615852376
10,5,0.0,0.4,0.1,160,all_one,6195,62560,0,0,0.09010253799723657,1.0,0.16531020680453634,0.0,1.0,0.9,0.12348990275966062,0.004948083459309201,0.42529953972322926,0.95625,0.0,0.1618993811770518
10,5,0.0,0.4,0.1,160,citation,0,0,62560,6195,1.0,0.0,0.0,1.0,0.0,1.9493749999999999,0.03862694936014875,0.013342841418839846,0.15769995726145694,0.95625,0.025,0.48122289615852376
10,5,0.0,0.4,0.1,160,text,5746,0,62560,449,1.0,0.9275221953188055,0.9623984590905285,0.07247780468119451,0.0,0.094375,0.02952484976911095,0.01006461978084256,0.10675167312179441,0.9625,0.0125,0.4584296726282412
10,5,0.0,0.4,0.1,160,hybrid,5746,0,62560,449,1.0,0.9275221953188055,0.9623984590905285,0.07247780468119451,0.0,0.094375,0.02952484976911095,0.01006461978084256,0.10675167312179441,0.9625,0.0125,0.4584296726282412
10,5,0.0,0.4,0.5,160,oracle,6363,0,63959,0,1.0,1.0,1.0,0.0,0.0,0.0,0.03133172663931709,0.009800294945432742,0.13331844401324228,0.9625,0.0125,0.44915474924549664
10,5,0.0,0.4,0.5,160,all_independent,0,0,63959,6363,1.0,0.0,0.0,1.0,0.0,1.9825,0.06985476859648851,0.018837571439096038,0.5082239030096798,0.925,0.0625,0.48602532613878824
10,5,0.0,0.4,0.5,160,all_one,6363,63959,0,0,0.09048377463667132,1.0,0.1659516202647193,0.0,1.0,0.9,0.14016835371218886,0.005672036191928031,0.46159096803231525,0.925,0.0,0.1455031224308209
10,5,0.0,0.4,0.5,160,citation,0,0,63959,6363,1.0,0.0,0.0,1.0,0.0,1.9825,0.06985476859648851,0.018837571439096038,0.5082239030096798,0.925,0.0625,0.48602532613878824
10,5,0.0,0.4,0.5,160,text,6328,54139,9820,35,0.10465212429920452,0.9944994499449945,0.18937602872961246,0.005500550055005501,0.846464141090386,0.745625,0.11866625625420549,0.01196640205670268,0.37729039825133565,0.84375,0.00625,0.26605790579478455
10,5,0.0,0.4,0.5,160,hybrid,6328,54139,9820,35,0.10465212429920452,0.9944994499449945,0.18937602872961246,0.005500550055005501,0.846464141090386,0.745625,0.11866625625420549,0.01196640205670268,0.37729039825133565,0.84375,0.00625,0.26605790579478455
10,5,0.0,0.8,0.1,160,oracle,6431,0,65188,0,1.0,1.0,1.0,0.0,0.0,0.0,0.041597020761420675,0.011417813147272173,0.12299358353608188,0.9375,0.0,0.4568485674251887
10,5,0.0,0.8,0.1,160,all_independent,0,0,65188,6431,1.0,0.0,0.0,1.0,0.0,2.010625,0.073605616506603,0.019781190563087612,0.441615920434392,0.91875,0.0625,0.4880756782712977
10,5,0.0,0.8,0.1,160,all_one,6431,65188,0,0,0.08979460757620185,1.0,0.164791800128123,0.0,1.0,0.9,0.1391876576989469,0.005321305878806385,0.46000796767521274,0.91875,0.0,0.14480481823908725
10,5,0.0,0.8,0.1,160,citation,0,0,65188,6431,1.0,0.0,0.0,1.0,0.0,2.010625,0.073605616506603,0.019781190563087612,0.441615920434392,0.91875,0.0625,0.4880756782712977
10,5,0.0,0.8,0.1,160,text,255,0,65188,6176,1.0,0.03965168714041362,0.07627879150463657,0.9603483128595863,0.0,1.86125,0.07175225734414811,0.019253526291850134,0.4323055149032956,0.91875,0.05625,0.48541305028591897
10,5,0.0,0.8,0.1,160,hybrid,255,0,65188,6176,1.0,0.03965168714041362,0.07627879150463657,0.9603483128595863,0.0,1.86125,0.07175225734414811,0.019253526291850134,0.4323055149032956,0.91875,0.05625,0.48541305028591897
10,5,0.0,0.8,0.5,160,oracle,6511,0,65714,0,1.0,1.0,1.0,0.0,0.0,0.0,0.025306838653368968,0.008653198232772788,0.08610599578196754,0.95625,0.0125,0.4586713310483358
10,5,0.0,0.8,0.5,160,all_independent,0,0,65714,6511,1.0,0.0,0.0,1.0,0.0,2.023125,0.03805743981871037,0.014281427901557144,0.20402950204024436,0.95625,0.03125,0.4917284086352982
10,5,0.0,0.8,0.5,160,all_one,6511,65714,0,0,0.09014884042921426,1.0,0.16538813249339562,0.0,1.0,0.9,0.1386149356744862,0.0047362694869928015,0.45980043099963785,0.95625,0.0,0.14000326060925147
10,5,0.0,0.8,0.5,160,citation,0,0,65714,6511,1.0,0.0,0.0,1.0,0.0,2.023125,0.03805743981871037,0.014281427901557144,0.20402950204024436,0.95625,0.03125,0.4917284086352982
10,5,0.0,0.8,0.5,160,text,4168,36150,29564,2343,0.10337814375713081,0.640147442789126,0.1780093531785859,0.3598525572108739,0.5501110874395106,0.30062500000000003,0.08405798141745895,0.016700000002292142,0.27276479746724924,0.88125,0.03125,0.4170900667285255
10,5,0.0,0.8,0.5,160,hybrid,4168,36150,29564,2343,0.10337814375713081,0.640147442789126,0.1780093531785859,0.3598525572108739,0.5501110874395106,0.30062500000000003,0.08405798141745895,0.016700000002292142,0.27276479746724924,0.88125,0.03125,0.4170900667285255
10,5,0.5,0.0,0.1,160,oracle,6397,0,64311,0,1.0,1.0,1.0,0.0,0.0,0.0,0.033075025884106386,0.011393753099014147,0.11804850809639826,0.95625,0.025,0.46085788392032756
10,5,0.5,0.0,0.1,160,all_independent,0,0,64311,6397,1.0,0.0,0.0,1.0,0.0,1.9931249999999998,0.05260031792638892,0.016864516358808385,0.35143553689165025,0.94375,0.04375,0.4908139010288335
10,5,0.5,0.0,0.1,160,all_one,6397,64311,0,0,0.0904706680997907,1.0,0.16592957655145582,0.0,1.0,0.9,0.13529361888574143,0.00520288623731466,0.4520089737101939,0.94375,0.0,0.1486141531656262
10,5,0.5,0.0,0.1,160,citation,2253,0,64311,4144,1.0,0.35219634203532907,0.5209248554913295,0.647803657964671,0.0,1.01,0.052503747710375005,0.016550362487801947,0.22969413724681567,0.9375,0.05,0.48499443699786127
10,5,0.5,0.0,0.1,160,text,6397,0,64311,0,1.0,1.0,1.0,0.0,0.0,0.0,0.033075025884106386,0.011393753099014147,0.11804850809639826,0.95625,0.025,0.46085788392032756
10,5,0.5,0.0,0.1,160,hybrid,6397,0,64311,0,1.0,1.0,1.0,0.0,0.0,0.0,0.033075025884106386,0.011393753099014147,0.11804850809639826,0.95625,0.025,0.46085788392032756
10,5,0.5,0.0,0.5,160,oracle,6168,0,61401,0,1.0,1.0,1.0,0.0,0.0,0.0,0.04933900103064552,0.012523124841537295,0.16657807468694702,0.9375,0.0125,0.438899415880077
10,5,0.5,0.0,0.5,160,all_independent,0,0,61401,6168,1.0,0.0,0.0,1.0,0.0,1.9162500000000002,0.09554395963971016,0.02160774802976827,0.4943827856546224,0.89375,0.08125,0.47866223923864826
10,5,0.5,0.0,0.5,160,all_one,6168,61401,0,0,0.09128446476934689,1.0,0.16729728630131413,0.0,1.0,0.9,0.1488588920756327,0.005621590644227999,0.4808210929367709,0.89375,0.0,0.13341520930175108
10,5,0.5,0.0,0.5,160,citation,2160,0,61401,4008,1.0,0.35019455252918286,0.5187319884726224,0.6498054474708171,0.0,0.969375,0.08657145352555082,0.01951246326613186,0.3264381597525823,0.9,0.0625,0.4639649746069587
10,5,0.5,0.0,0.5,160,text,6168,52601,8800,0,0.1049532917014072,1.0,0.18996873893157984,0.0,0.8566798586342242,0.755625,0.12844135574886156,0.012703318341507133,0.4081268754743837,0.8625,0.00625,0.25442361989316215
10,5,0.5,0.0,0.5,160,hybrid,6168,52601,8800,0,0.1049532917014072,1.0,0.18996873893157984,0.0,0.8566798586342242,0.755625,0.12844135574886156,0.012703318341507133,0.4081268754743837,0.8625,0.00625,0.25442361989316215
10,5,0.5,0.4,0.1,160,oracle,6356,0,64175,0,1.0,1.0,1.0,0.0,0.0,0.0,0.019082162579044378,0.007129505357923366,0.06914926945051522,0.975,0.0,0.461923930840184
10,5,0.5,0.4,0.1,160,all_independent,0,0,64175,6356,1.0,0.0,0.0,1.0,0.0,1.9881250000000001,0.02235944878418929,0.009637016624015496,0.10170653682744635,0.975,0.0125,0.4798303908509002
10,5,0.5,0.4,0.1,160,all_one,6356,64175,0,0,0.090116402716536,1.0,0.16533354143093112,0.0,1.0,0.9,0.130299517345435,0.004635490974724692,0.4415567876541485,0.975,0.0,0.1496437421529287
10,5,0.5,0.4,0.1,160,citation,2199,0,64175,4157,1.0,0.3459723096286973,0.5140853302162478,0.6540276903713027,0.0,1.02125,0.014688783736465741,0.005803279673200395,0.04747119016148236,0.98125,0.0,0.4736009980274539
10,5,0.5,0.4,0.1,160,text,6006,0,64175,350,1.0,0.9449339207048458,0.971687429218573,0.05506607929515418,0.0,0.075,0.025583278307914997,0.00967478647962613,0.09240522783425043,0.96875,0.0125,0.46565067121434006
10,5,0.5,0.4,0.1,160,hybrid,6197,0,64175,159,1.0,0.9749842668344871,0.9873337050904167,0.0250157331655129,0.0,0.033125,0.021257874550759844,0.00782524287350869,0.07279037967347049,0.96875,0.0,0.46428509450342403
10,5,0.5,0.4,0.5,160,oracle,6421,0,64790,0,1.0,1.0,1.0,0.0,0.0,0.0,0.04778119468769211,0.012276810913946359,0.14419871580946247,0.925,0.00625,0.45461929377771754
10,5,0.5,0.4,0.5,160,all_independent,0,0,64790,6421,1.0,0.0,0.0,1.0,0.0,2.00875,0.08263634408124451,0.02090278979407119,0.4955298439775742,0.90625,0.075,0.48730953771134794
10,5,0.5,0.4,0.5,160,all_one,6421,64790,0,0,0.09016865371922878,1.0,0.1654214756801319,0.0,1.0,0.9,0.13510632088769087,0.005642649263792564,0.4504024361753479,0.90625,0.0,0.15340939360003897
10,5,0.5,0.4,0.5,160,citation,2363,0,64790,4058,1.0,0.36801121320666563,0.538023679417122,0.6319887867933344,0.0,0.9824999999999999,0.07998083101343187,0.019548048257118558,0.2899144157327317,0.90625,0.05625,0.4820239835902164
10,5,0.5,0.4,0.5,160,text,6391,55228,9562,30,0.10371800905564842,0.9953278305559882,0.18786008230452675,0.004672169444011836,0.8524154962185523,0.750625,0.11452845010625912,0.012719825510934049,0.3831938668828351,0.90625,0.00625,0.2686255409658673
10,5,0.5,0.4,0.5,160,hybrid,6413,55357,9433,8,0.1038206248988182,0.9987540881482635,0.1880893373025766,0.0012459118517364897,0.854406544219787,0.755625,0.11431228630034138,0.012613665615527772,0.3835954198443843,0.90625,0.00625,0.26711432622684284
10,5,0.5,0.8,0.1,160,oracle,6390,0,64796,0,1.0,1.0,1.0,0.0,0.0,0.0,0.02807337574622188,0.008832083008988524,0.09113027846917686,0.95625,0.00625,0.4565338383927452
10,5,0.5,0.8,0.1,160,all_independent,0,0,64796,6390,1.0,0.0,0.0,1.0,0.0,2.0025,0.06085733316595441,0.01715238211942603,0.294872348996986,0.91875,0.04375,0.4836802086043268
10,5,0.5,0.8,0.1,160,all_one,6390,64796,0,0,0.08976484140139915,1.0,0.16474167268227285,0.0,1.0,0.9,0.1353470139505722,0.004992556536117484,0.45219585623542213,0.91875,0.0,0.14638246192731222
10,5,0.5,0.8,0.1,160,citation,2212,0,64796,4178,1.0,0.3461658841940532,0.5142990002325041,0.6538341158059467,0.0,1.01875,0.03477775520483297,0.012641440523883376,0.1781027072759894,0.9625,0.01875,0.4787223867327236
10,5,0.5,0.8,0.1,160,text,232,0,64796,6158,1.0,0.03630672926447574,0.07006946541830264,0.9636932707355242,0.0,1.8649999999999998,0.05834400811846879,0.016805005898746197,0.26668008098048024,0.91875,0.04375,0.48446060171158123
10,5,0.5,0.8,0.1,160,hybrid,2507,0,64796,3883,1.0,0.3923317683881064,0.5635607508148814,0.6076682316118935,0.0,0.9400000000000001,0.034009964822080296,0.012649390539312817,0.163192461763754,0.9625,0.025,0.4765696584127027
10,5,0.5,0.8,0.5,160,oracle,6289,0,63137,0,1.0,1.0,1.0,0.0,0.0,0.0,0.03463433080497639,0.011489616690021905,0.13581513848267746,0.9625,0.0125,0.45667102775004703
10,5,0.5,0.8,0.5,160,all_independent,0,0,63137,6289,1.0,0.0,0.0,1.0,0.0,1.9618749999999998,0.07740412261374618,0.020225458119417984,0.4790071322116464,0.91875,0.075,0.4882426196489639
10,5,0.5,0.8,0.5,160,all_one,6289,63137,0,0,0.0905856595511768,1.0,0.16612296110414054,0.0,1.0,0.9,0.14895786088602106,0.005503166505467282,0.4816905588261805,0.91875,0.0,0.13276066720767118
10,5,0.5,0.8,0.5,160,citation,2311,0,63137,3978,1.0,0.3674670058832883,0.5374418604651163,0.6325329941167117,0.0,0.96,0.06127529906457414,0.0171656933107251,0.3022797349115847,0.925,0.04375,0.4808892015776551
10,5,0.5,0.8,0.5,160,text,4000,34854,28283,2289,0.10294950326864673,0.6360311655271108,0.17721462906762953,0.3639688344728892,0.5520376324500689,0.280625,0.10290866388639146,0.018466329971234634,0.3421040311557989,0.8625,0.04375,0.4090049545752604
10,5,0.5,0.8,0.5,160,hybrid,5290,44961,18176,999,0.10527153688483812,0.8411512164096041,0.1871241598868058,0.15884878359039592,0.7121180924022364,0.5193749999999999,0.10365859457275088,0.015653281214010665,0.3415542595115624,0.8625,0.025,0.34849242597944863
10,5,0.9,0.0,0.1,160,oracle,6356,0,64190,0,1.0,1.0,1.0,0.0,0.0,0.0,0.025072004906888896,0.008212625350977014,0.0848581761419692,0.9625,0.00625,0.456657028119701
10,5,0.9,0.0,0.1,160,all_independent,0,0,64190,6356,1.0,0.0,0.0,1.0,0.0,1.9875,0.05259732666405126,0.016160906130008226,0.28724163834166294,0.93125,0.0375,0.4823555450184103
10,5,0.9,0.0,0.1,160,all_one,6356,64190,0,0,0.09009724151617385,1.0,0.16530129255415985,0.0,1.0,0.9,0.13431096237086543,0.005089770107871974,0.45000894842364947,0.93125,0.0,0.14806269238913214
10,5,0.9,0.0,0.1,160,citation,5414,0,64190,942,1.0,0.8517935808684708,0.9199660152931181,0.14820641913152927,0.0,0.1875,0.03394723414230309,0.011536354678010728,0.1112024976728954,0.9625,0.0125,0.4692152646521703
10,5,0.9,0.0,0.1,160,text,6356,0,64190,0,1.0,1.0,1.0,0.0,0.0,0.0,0.025072004906888896,0.008212625350977014,0.0848581761419692,0.9625,0.00625,0.456657028119701
10,5,0.9,0.0,0.1,160,hybrid,6356,0,64190,0,1.0,1.0,1.0,0.0,0.0,0.0,0.025072004906888896,0.008212625350977014,0.0848581761419692,0.9625,0.00625,0.456657028119701
10,5,0.9,0.0,0.5,160,oracle,6512,0,65945,0,1.0,1.0,1.0,0.0,0.0,0.0,0.04129584436843848,0.01206667184354896,0.14396891704228612,0.95,0.0125,0.4533445328337441
10,5,0.9,0.0,0.5,160,all_independent,0,0,65945,6512,1.0,0.0,0.0,1.0,0.0,2.019375,0.0886025006391533,0.02099185894394416,0.49096231250322536,0.9,0.06875,0.4865518002379183
10,5,0.9,0.0,0.5,160,all_one,6512,65945,0,0,0.08987399423106118,1.0,0.16492547708594513,0.0,1.0,0.9,0.1378187347713618,0.0056862344387557315,0.45628808516235625,0.9,0.0,0.1490470981605034
10,5,0.9,0.0,0.5,160,citation,5470,0,65945,1042,1.0,0.839987714987715,0.9130362209981638,0.160012285012285,0.0,0.203125,0.050712811763834555,0.012716314462480312,0.17069570586398752,0.925,0.01875,0.44833647373988245
10,5,0.9,0.0,0.5,160,text,6512,56834,9111,0,0.10280049253307233,1.0,0.1864353402616737,0.0,0.8618394116309045,0.75875,0.12936911017903077,0.012765684937207807,0.4138448949709562,0.8875,0.00625,0.24927596004542366
10,5,0.9,0.0,0.5,160,hybrid,6512,56834,9111,0,0.10280049253307233,1.0,0.1864353402616737,0.0,0.8618394116309045,0.75875,0.12936911017903077,0.012765684937207807,0.4138448949709562,0.8875,0.00625,0.24927596004542366
10,5,0.9,0.4,0.1,160,oracle,6338,0,63932,0,1.0,1.0,1.0,0.0,0.0,0.0,0.03132749873910116,0.010960912855728228,0.1132663511316289,0.95625,0.0125,0.46778824178081146
10,5,0.9,0.4,0.1,160,all_independent,0,0,63932,6338,1.0,0.0,0.0,1.0,0.0,1.98375,0.0673280143923075,0.01871925182870687,0.4797978097313256,0.925,0.05625,0.4875351206229518
10,5,0.9,0.4,0.1,160,all_one,6338,63932,0,0,0.0901949622883165,1.0,0.16546574770258982,0.0,1.0,0.9,0.13413832053218888,0.005315492868337286,0.44957959840319195,0.925,0.0,0.151466207800875
10,5,0.9,0.4,0.1,160,citation,5293,0,63932,1045,1.0,0.8351214894288419,0.9101538990628493,0.1648785105711581,0.0,0.20875,0.0374418313463221,0.012249864027510349,0.133548002582295,0.95,0.0125,0.47126115875678687
10,5,0.9,0.4,0.1,160,text,5937,0,63932,401,1.0,0.9367308299147996,0.9673319755600814,0.06326917008520037,0.0,0.0875,0.04132729601237853,0.013448810732178552,0.14565543878828988,0.95625,0.025,0.4709538645844475
10,5,0.9,0.4,0.1,160,hybrid,6290,0,63932,48,1.0,0.9924266330072579,0.9961989230281914,0.00757336699274219,0.0,0.01,0.03215639087919627,0.011312414483187495,0.11778850813033018,0.95625,0.01875,0.4683002901728474
10,5,0.9,0.4,0.5,160,oracle,6585,0,66372,0,1.0,1.0,1.0,0.0,0.0,0.0,0.021489297057827126,0.008590710827344453,0.07032560101038697,0.96875,0.00625,0.47359799332130237
10,5,0.9,0.4,0.5,160,all_independent,0,0,66372,6585,1.0,0.0,0.0,1.0,0.0,2.0300000000000002,0.035653018268856904,0.01344966128429075,0.18821729532562925,0.95625,0.025,0.48995683993900074
10,5,0.9,0.4,0.5,160,all_one,6585,66372,0,0,0.09025864550351577,1.0,0.16557290488044052,0.0,1.0,0.9,0.12980761611058952,0.004558790814499319,0.4409816752201342,0.95625,0.0,0.1513565357959888
10,5,0.9,0.4,0.5,160,citation,5539,0,66372,1046,1.0,0.8411541381928626,0.9137248432860443,0.15884586180713745,0.0,0.2125,0.025820114106150528,0.01035660090939138,0.09404368524040196,0.9625,0.0125,0.4794276793173597
10,5,0.9,0.4,0.5,160,text,6569,56627,9745,16,0.10394645230710804,0.9975702353834472,0.18827474527450166,0.0024297646165527716,0.8531760380883505,0.746875,0.08227057572416724,0.008214459455255192,0.29184030154260887,0.94375,0.0,0.283945861408949
10,5,0.9,0.4,0.5,160,hybrid,6584,56891,9481,1,0.10372587632926349,0.9998481397114655,0.18795318298601196,0.00015186028853454822,0.8571536189959622,0.75125,0.08352417555188277,0.007924046348891349,0.295433613830665,0.94375,0.0,0.2792499209498417
10,5,0.9,0.8,0.1,160,oracle,6191,0,63983,0,1.0,1.0,1.0,0.0,0.0,0.0,0.031170624036959298,0.010719886901024977,0.10633819820669892,0.96875,0.00625,0.46590516728935577
10,5,0.9,0.8,0.1,160,all_independent,0,0,63983,6191,1.0,0.0,0.0,1.0,0.0,1.9768750000000002,0.04850482551623137,0.01583138791175207,0.23412509200711362,0.94375,0.0375,0.4903033885068244
10,5,0.9,0.8,0.1,160,all_one,6191,63983,0,0,0.08822355858295094,1.0,0.16214234269626138,0.0,1.0,0.9,0.1298048624585141,0.0047060591905980715,0.4409197512361098,0.94375,0.0,0.15229022693915495
10,5,0.9,0.8,0.1,160,citation,5250,0,63983,941,1.0,0.8480051687934098,0.9177519447600735,0.15199483120659021,0.0,0.1975,0.04274910311029119,0.013453016527263276,0.15227781346925134,0.95,0.025,0.4714286609046051
10,5,0.9,0.8,0.1,160,text,237,0,63983,5954,1.0,0.03828137619124536,0.07373988799004356,0.9617186238087546,0.0,1.841875,0.04994910670437144,0.01607001601799802,0.2699603001608888,0.94375,0.03125,0.49054606754704916
10,5,0.9,0.8,0.1,160,hybrid,5343,0,63983,848,1.0,0.8630269746406073,0.926478238252124,0.13697302535939268,0.0,0.175625,0.045184538580753886,0.01427723934379918,0.16903645080241556,0.95,0.03125,0.47305403999714
10,5,0.9,0.8,0.5,160,oracle,6386,0,65468,0,1.0,1.0,1.0,0.0,0.0,0.0,0.034518307191811023,0.01036017287908799,0.11353096807887231,0.95,0.0125,0.455823306497577
10,5,0.9,0.8,0.5,160,all_independent,0,0,65468,6386,1.0,0.0,0.0,1.0,0.0,2.0125,0.051396171958784466,0.016338877716577795,0.3002005588952935,0.94375,0.04375,0.48893748296396533
10,5,0.9,0.8,0.5,160,all_one,6386,65468,0,0,0.08887466251008991,1.0,0.16324130879345602,0.0,1.0,0.9,0.13017152230114643,0.004949312145901138,0.4410953793172162,0.94375,0.0,0.1537344228593313
10,5,0.9,0.8,0.5,160,citation,5396,0,65468,990,1.0,0.8449733792671469,0.915973518927177,0.15502662073285312,0.0,0.191875,0.03863280816321016,0.01197680204950483,0.13702403677538905,0.95,0.00625,0.46335609935387917
10,5,0.9,0.8,0.5,160,text,3918,35796,29672,2468,0.0986553860099713,0.6135295959912308,0.1699783080260304,0.3864704040087692,0.5467709415286858,0.28625,0.09460209561899742,0.018823296409303112,0.3583719485192411,0.88125,0.04375,0.4276402946565576
10,5,0.9,0.8,0.5,160,hybrid,6179,54234,11234,207,0.10227931074437621,0.9675853429376762,0.18500276950253747,0.03241465706232383,0.8284047168082116,0.7175,0.10615377591939319,0.012649203348391447,0.34726806920681585,0.8625,0.0125,0.29389341657367946
10,10,0.0,0.0,0.1,160,oracle,26091,0,216864,0,1.0,1.0,1.0,0.0,0.0,0.0,0.029793925840914608,0.007659621922387364,0.09989015740089109,0.96875,0.0,0.43898730478002557
10,10,0.0,0.0,0.1,160,all_independent,0,0,216864,26091,1.0,0.0,0.0,1.0,0.0,4.483124999999999,0.06302337232002157,0.017647086587833004,0.3879222042241794,0.925,0.05,0.48050202256922436
10,10,0.0,0.0,0.1,160,all_one,26091,216864,0,0,0.10739025745508428,1.0,0.19395196360473674,0.0,1.0,0.9,0.14290713574121966,0.005099140696464339,0.4685474285128885,0.925,0.0,0.1354216588866427
10,10,0.0,0.0,0.1,160,citation,0,0,216864,26091,1.0,0.0,0.0,1.0,0.0,4.483124999999999,0.06302337232002157,0.017647086587833004,0.3879222042241794,0.925,0.05,0.48050202256922436
10,10,0.0,0.0,0.1,160,text,26091,0,216864,0,1.0,1.0,1.0,0.0,0.0,0.0,0.029793925840914608,0.007659621922387364,0.09989015740089109,0.96875,0.0,0.43898730478002557
10,10,0.0,0.0,0.1,160,hybrid,26091,0,216864,0,1.0,1.0,1.0,0.0,0.0,0.0,0.029793925840914608,0.007659621922387364,0.09989015740089109,0.96875,0.0,0.43898730478002557
10,10,0.0,0.0,0.5,160,oracle,26585,0,218566,0,1.0,1.0,1.0,0.0,0.0,0.0,0.02061101572165385,0.005241928651673742,0.07371394880017718,0.975,0.0,0.4462339832855893
10,10,0.0,0.0,0.5,160,all_independent,0,0,218566,26585,1.0,0.0,0.0,1.0,0.0,4.514374999999999,0.07825193459652965,0.02016655082709414,0.5483538466818157,0.9125,0.06875,0.487404857460087
10,10,0.0,0.0,0.5,160,all_one,26585,218566,0,0,0.10844336755713825,1.0,0.19566785409367915,0.0,1.0,0.9,0.14243721179748275,0.0052356413522399075,0.467484722019673,0.9125,0.0,0.13822249148395976
10,10,0.0,0.0,0.5,160,citation,0,0,218566,26585,1.0,0.0,0.0,1.0,0.0,4.514374999999999,0.07825193459652965,0.02016655082709414,0.5483538466818157,0.9125,0.06875,0.487404857460087
10,10,0.0,0.0,0.5,160,text,26585,213219,5347,0,0.11086137011893046,1.0,0.19959532863594218,0.0,0.9755359937044188,0.8543750000000001,0.130264673893204,0.008052439365606347,0.4271945537655123,0.91875,0.0,0.18490140913993156
10,10,0.0,0.0,0.5,160,hybrid,26585,213219,5347,0,0.11086137011893046,1.0,0.19959532863594218,0.0,0.9755359937044188,0.8543750000000001,0.130264673893204,0.008052439365606347,0.4271945537655123,0.91875,0.0,0.18490140913993156
10,10,0.0,0.4,0.1,160,oracle,26029,0,213654,0,1.0,1.0,1.0,0.0,0.0,0.0,0.03692498856187827,0.01085141860248803,0.11975070125257534,0.94375,0.0125,0.4564270610657852
10,10,0.0,0.4,0.1,160,all_independent,0,0,213654,26029,1.0,0.0,0.0,1.0,0.0,4.460625,0.054808797962868805,0.017542243432214406,0.5116240765789286,0.94375,0.05,0.49408924407824106
10,10,0.0,0.4,0.1,160,all_one,26029,213654,0,0,0.10859760600459774,1.0,0.19591888962485698,0.0,1.0,0.9,0.13138510507937068,0.005116949345692261,0.44285918356094484,0.94375,0.0,0.15294331285346968
10,10,0.0,0.4,0.1,160,citation,0,0,213654,26029,1.0,0.0,0.0,1.0,0.0,4.460625,0.054808797962868805,0.017542243432214406,0.5116240765789286,0.94375,0.05,0.49408924407824106
10,10,0.0,0.4,0.1,160,text,24361,0,213654,1668,1.0,0.9359176303353951,0.9668981940861282,0.06408236966460486,0.0,0.169375,0.03809527924558704,0.01181795786072063,0.115301114419519,0.94375,0.01875,0.4679916779330141
10,10,0.0,0.4,0.1,160,hybrid,24361,0,213654,1668,1.0,0.9359176303353951,0.9668981940861282,0.06408236966460486,0.0,0.169375,0.03809527924558704,0.01181795786072063,0.115301114419519,0.94375,0.01875,0.4679916779330141
10,10,0.0,0.4,0.5,160,oracle,26367,0,215406,0,1.0,1.0,1.0,0.0,0.0,0.0,0.0405075293586281,0.01281386688631766,0.14968465912415013,0.95,0.01875,0.4639764139633444
10,10,0.0,0.4,0.5,160,all_independent,0,0,215406,26367,1.0,0.0,0.0,1.0,0.0,4.48125,0.07123377393521707,0.019897943525819514,0.9599720730047039,0.925,0.06875,0.49329079242624746
10,10,0.0,0.4,0.5,160,all_one,26367,215406,0,0,0.10905684257547368,1.0,0.19666592078764825,0.0,1.0,0.9,0.14434283889165897,0.005761356329088042,0.4719242185743444,0.925,0.0,0.14033701450518904
10,10,0.0,0.4,0.5,160,citation,0,0,215406,26367,1.0,0.0,0.0,1.0,0.0,4.48125,0.07123377393521707,0.019897943525819514,0.9599720730047039,0.925,0.06875,0.49329079242624746
10,10,0.0,0.4,0.5,160,text,26284,210503,4903,83,0.11100271552070004,0.9968521257632647,0.19976135646807575,0.003147874236735313,0.9772383313371029,0.849375,0.14289674096805133,0.009575957097048268,0.458686577484629,0.85,0.0,0.18220611045784657
10,10,0.0,0.4,0.5,160,hybrid,26284,210503,4903,83,0.11100271552070004,0.9968521257632647,0.19976135646807575,0.003147874236735313,0.9772383313371029,0.849375,0.14289674096805133,0.009575957097048268,0.458686577484629,0.85,0.0,0.18220611045784657
10,10,0.0,0.8,0.1,160,oracle,25553,0,208309,0,1.0,1.0,1.0,0.0,0.0,0.0,0.023354714793290966,0.0074822692822684765,0.08406353959068026,0.975,0.0,0.45070812635882707
10,10,0.0,0.8,0.1,160,all_independent,0,0,208309,25553,1.0,0.0,0.0,1.0,0.0,4.391875000000001,0.04756244894653064,0.015611215749638774,0.4452134815575933,0.9375,0.0375,0.48742453981770595
10,10,0.0,0.8,0.1,160,all_one,25553,208309,0,0,0.10926529320710504,1.0,0.1970047992598732,0.0,1.0,0.9,0.14032499407617824,0.004958800730612368,0.4631843412024378,0.9375,0.0,0.13861334897313243
10,10,0.0,0.8,0.1,160,citation,0,0,208309,25553,1.0,0.0,0.0,1.0,0.0,4.391875000000001,0.04756244894653064,0.015611215749638774,0.4452134815575933,0.9375,0.0375,0.48742453981770595
10,10,0.0,0.8,0.1,160,text,595,0,208309,24958,1.0,0.02328493718937111,0.04551017286216919,0.9767150628106289,0.0,4.0756250000000005,0.04170168744101385,0.01479500146669412,0.4222551178395987,0.95625,0.03125,0.49017954268527353
10,10,0.0,0.8,0.1,160,hybrid,595,0,208309,24958,1.0,0.02328493718937111,0.04551017286216919,0.9767150628106289,0.0,4.0756250000000005,0.04170168744101385,0.01479500146669412,0.4222551178395987,0.95625,0.03125,0.49017954268527353
10,10,0.0,0.8,0.5,160,oracle,26716,0,219427,0,1.0,1.0,1.0,0.0,0.0,0.0,0.04817976799266753,0.013830540743608065,0.16958580965275608,0.9375,0.025,0.4584417623070006
10,10,0.0,0.8,0.5,160,all_independent,0,0,219427,26716,1.0,0.0,0.0,1.0,0.0,4.5356250000000005,0.06246375723943359,0.018721841439425506,0.9061206082327258,0.9375,0.05625,0.49321342482512903
10,10,0.0,0.8,0.5,160,all_one,26716,219427,0,0,0.10853853247908736,1.0,0.1958227509446271,0.0,1.0,0.9,0.1418879208449877,0.005526861642782651,0.46675790671752077,0.9375,0.0,0.14233432883097336
10,10,0.0,0.8,0.5,160,citation,0,0,219427,26716,1.0,0.0,0.0,1.0,0.0,4.5356250000000005,0.06246375723943359,0.018721841439425506,0.9061206082327258,0.9375,0.05625,0.49321342482512903
10,10,0.0,0.8,0.5,160,text,19118,153012,66415,7598,0.11106721663858711,0.7156011378948944,0.19228951047544332,0.28439886210510557,0.6973253063661263,0.24125000000000002,0.0850634316609719,0.018073979116717542,0.3268202578106915,0.9,0.04375,0.43956834850892046
10,10,0.0,0.8,0.5,160,hybrid,19118,153012,66415,7598,0.11106721663858711,0.7156011378948944,0.19228951047544332,0.28439886210510557,0.6973253063661263,0.24125000000000002,0.0850634316609719,0.018073979116717542,0.3268202578106915,0.9,0.04375,0.43956834850892046
10,10,0.5,0.0,0.1,160,oracle,26074,0,214714,0,1.0,1.0,1.0,0.0,0.0,0.0,0.02740067160306433,0.010434218715157683,0.09657411542478245,0.975,0.0125,0.46879832964019447
10,10,0.5,0.0,0.1,160,all_independent,0,0,214714,26074,1.0,0.0,0.0,1.0,0.0,4.474375,0.05812518650726571,0.017348122583592047,0.7081885414984258,0.9375,0.04375,0.48743589652920266
10,10,0.5,0.0,0.1,160,all_one,26074,214714,0,0,0.10828612721564197,1.0,0.19541186081195525,0.0,1.0,0.9,0.13446127758528423,0.00546219917339485,0.450183009169841,0.9375,0.0,0.1510900664993424
10,10,0.5,0.0,0.1,160,citation,6728,0,214714,19346,1.0,0.25803482396256805,0.4102188890921285,0.741965176037432,0.0,2.209375,0.06281910548146583,0.018586450020424018,0.4215116304230236,0.9375,0.05625,0.4896508384750501
10,10,0.5,0.0,0.1,160,text,26074,0,214714,0,1.0,1.0,1.0,0.0,0.0,0.0,0.02740067160306433,0.010434218715157683,0.09657411542478245,0.975,0.0125,0.46879832964019447
10,10,0.5,0.0,0.1,160,hybrid,26074,0,214714,0,1.0,1.0,1.0,0.0,0.0,0.0,0.02740067160306433,0.010434218715157683,0.09657411542478245,0.975,0.0125,0.46879832964019447
10,10,0.5,0.0,0.5,160,oracle,26584,0,220797,0,1.0,1.0,1.0,0.0,0.0,0.0,0.0182158267659494,0.006062102280912526,0.061501186259046006,0.975,0.0,0.46162844337532033
10,10,0.5,0.0,0.5,160,all_independent,0,0,220797,26584,1.0,0.0,0.0,1.0,0.0,4.54,0.02701395630422911,0.011939884708595276,0.2268160798108208,0.96875,0.01875,0.49500623955891737
10,10,0.5,0.0,0.5,160,all_one,26584,220797,0,0,0.10746176949725322,1.0,0.19406858540324493,0.0,1.0,0.9,0.13275974456818695,0.0044839853702444525,0.44743251710076787,0.96875,0.0,0.14611697759090184
10,10,0.5,0.0,0.5,160,citation,6873,0,220797,19711,1.0,0.2585389708095095,0.4108557252592881,0.7414610291904905,0.0,2.25375,0.02409643697413979,0.010576822875363072,0.12541566736252918,0.96875,0.0125,0.4895472154341488
10,10,0.5,0.0,0.5,160,text,26584,215012,5785,0,0.11003493435321778,1.0,0.19825490342307406,0.0,0.9737994628550207,0.85375,0.11638978730593512,0.006960529249350037,0.3968369621778215,0.95625,0.0,0.19471942341998066
10,10,0.5,0.0,0.5,160,hybrid,26584,215012,5785,0,0.11003493435321778,1.0,0.19825490342307406,0.0,0.9737994628550207,0.85375,0.11638978730593512,0.006960529249350037,0.3968369621778215,0.95625,0.0,0.19471942341998066
10,10,0.5,0.4,0.1,160,oracle,26348,0,217158,0,1.0,1.0,1.0,0.0,0.0,0.0,0.011870776518029036,0.00383452963809701,0.04852055211173166,0.9875,0.0,0.46269253725645737
10,10,0.5,0.4,0.1,160,all_independent,0,0,217158,26348,1.0,0.0,0.0,1.0,0.0,4.4875,0.0441490846129013,0.01548370996783738,0.3367211846583776,0.95,0.0375,0.49555137779530495
10,10,0.5,0.4,0.1,160,all_one,26348,217158,0,0,0.10820267262408319,1.0,0.19527596403981412,0.0,1.0,0.9,0.1304222067374349,0.004875426262487585,0.44177918754433493,0.95,0.0,0.15217576224024057
10,10,0.5,0.4,0.1,160,citation,6598,0,217158,19750,1.0,0.250417488993472,0.40053420749104596,0.7495825110065281,0.0,2.261875,0.053764863504081536,0.01719364603145644,0.2805500895099528,0.94375,0.05,0.49263791497544285
10,10,0.5,0.4,0.1,160,text,24354,0,217158,1994,1.0,0.9243206315469865,0.9606721628338133,0.07567936845301351,0.0,0.203125,0.009871587323479316,0.003621596304440191,0.039282150262770626,0.9875,0.0,0.47026125271947594
10,10,0.5,0.4,0.1,160,hybrid,25576,0,217158,772,1.0,0.9706998633672385,0.9851321161697867,0.0293001366327615,0.0,0.076875,0.016086758689971184,0.005114476666145501,0.05634317873356296,0.975,0.0,0.46188362580069653
10,10,0.5,0.4,0.5,160,oracle,25852,0,209607,0,1.0,1.0,1.0,0.0,0.0,0.0,0.033853776499264014,0.011303995387253069,0.11782831360353799,0.95625,0.01875,0.4619528845514245
10,10,0.5,0.4,0.5,160,all_independent,0,0,209607,25852,1.0,0.0,0.0,1.0,0.0,4.41,0.04924120971966646,0.0161464537344894,0.7732219763820776,0.94375,0.04375,0.48846440710932776
10,10,0.5,0.4,0.5,160,all_one,25852,209607,0,0,0.10979406181118581,1.0,0.19786384805844376,0.0,1.0,0.9,0.13481413833577724,0.0052754511855623186,0.4516799155601497,0.94375,0.0,0.14976363609973128
10,10,0.5,0.4,0.5,160,citation,6186,0,209607,19666,1.0,0.23928516168961783,0.38616642736750106,0.7607148383103822,0.0,2.273125,0.051739982730873144,0.0168937353348461,0.45392829898239473,0.94375,0.05,0.4924367852780276
10,10,0.5,0.4,0.5,160,text,25767,203229,6378,85,0.11252161609809778,0.996712053226056,0.20221465344048217,0.0032879467739439887,0.9695716269017733,0.83625,0.11125105546774945,0.007379264945046201,0.3777226681814396,0.91875,0.0,0.21288804512964354
10,10,0.5,0.4,0.5,160,hybrid,25838,203635,5972,14,0.11259712471619755,0.999458455825468,0.202393028493097,0.0005415441745319511,0.9715085851140468,0.843125,0.1100351576721558,0.007127488321618153,0.37682670579411826,0.93125,0.0,0.21101250997488769
10,10,0.5,0.8,0.1,160,oracle,25804,0,214659,0,1.0,1.0,1.0,0.0,0.0,0.0,0.023276206544740167,0.008201407003446293,0.08902864327269921,0.96875,0.00625,0.45636126560496076
10,10,0.5,0.8,0.1,160,all_independent,0,0,214659,25804,1.0,0.0,0.0,1.0,0.0,4.448125,0.06188168104554507,0.018443005189890584,0.5054823203000747,0.9375,0.05625,0.4907014520113052
10,10,0.5,0.8,0.1,160,all_one,25804,214659,0,0,0.10730964846982696,1.0,0.19382048845707503,0.0,1.0,0.9,0.13891725339412517,0.004959410489246363,0.4607382289728202,0.9375,0.0,0.14116306820967098
10,10,0.5,0.8,0.1,160,citation,6887,0,214659,18917,1.0,0.26689660517749186,0.42133920650943685,0.7331033948225082,0.0,2.174375,0.054552937403209635,0.015404924046234513,0.25292699092967014,0.925,0.025,0.4776015193492422
10,10,0.5,0.8,0.1,160,text,546,0,214659,25258,1.0,0.02115951015346458,0.04144212523719166,0.9788404898465354,0.0,4.153125,0.06085536104783309,0.018319625078325595,0.5101402664473673,0.9375,0.05625,0.4916556765263893
10,10,0.5,0.8,0.1,160,hybrid,8063,0,214659,17741,1.0,0.31247093473880017,0.47615673074083914,0.6875290652611998,0.0,1.984375,0.05728144237629551,0.016359954804521987,0.26876844537301164,0.925,0.03125,0.4828758776948995
10,10,0.5,0.8,0.5,160,oracle,26345,0,216821,0,1.0,1.0,1.0,0.0,0.0,0.0,0.02231157239365378,0.007098793881527626,0.0795860415167575,0.96875,0.00625,0.4531150077503742
10,10,0.5,0.8,0.5,160,all_independent,0,0,216821,26345,1.0,0.0,0.0,1.0,0.0,4.494375,0.04550303723353743,0.016266589951854555,0.4525493193094904,0.95,0.04375,0.4965756144988974
10,10,0.5,0.8,0.5,160,all_one,26345,216821,0,0,0.10834162670768117,1.0,0.19550222439900414,0.0,1.0,0.9,0.13117825869210892,0.004896202381040598,0.44306251748441283,0.95,0.0,0.15216406892075884
10,10,0.5,0.8,0.5,160,citation,6625,0,216821,19720,1.0,0.25147086733725565,0.4018804974218987,0.7485291326627443,0.0,2.22375,0.029911334608571438,0.012484566791349145,0.12892879192384818,0.96875,0.025,0.4894654048865177
10,10,0.5,0.8,0.5,160,text,18708,151758,65063,7637,0.1097462250536764,0.710115771493642,0.1901113250783747,0.2898842285063579,0.6999229779403286,0.23937499999999998,0.06724663234117009,0.015780280553770502,0.23955436341081654,0.9125,0.025,0.4431958691689011
10,10,0.5,0.8,0.5,160,hybrid,23340,188346,28475,3005,0.11025764575834018,0.8859366103624976,0.19610891018396764,0.11406338963750237,0.86867047011129,0.548125,0.06817992406386385,0.011498257351703121,0.23872294493919521,0.9375,0.0125,0.35991119428393864
10,10,0.9,0.0,0.1,160,oracle,25681,0,208948,0,1.0,1.0,1.0,0.0,0.0,0.0,0.0459581626245322,0.013130187901062764,0.1572486981891772,0.94375,0.025,0.4524855237506511
10,10,0.9,0.0,0.1,160,all_independent,0,0,208948,25681,1.0,0.0,0.0,1.0,0.0,4.3862499999999995,0.07746178896688677,0.02024136009080618,0.6621360861815092,0.9125,0.06875,0.48889124204391265
10,10,0.9,0.0,0.1,160,all_one,25681,208948,0,0,0.10945364809976602,1.0,0.19731089854404363,0.0,1.0,0.9,0.1395780833536064,0.005418951056216027,0.4606263690136088,0.9125,0.0,0.1436277056574063
10,10,0.9,0.0,0.1,160,citation,19993,0,208948,5688,1.0,0.7785132977687784,0.8754652537548715,0.22148670223122152,0.0,0.45499999999999996,0.07429235332789186,0.017907627771684517,0.3148960494267996,0.9125,0.05,0.45639893331667736
10,10,0.9,0.0,0.1,160,text,25681,0,208948,0,1.0,1.0,1.0,0.0,0.0,0.0,0.0459581626245322,0.013130187901062764,0.1572486981891772,0.94375,0.025,0.4524855237506511
10,10,0.9,0.0,0.1,160,hybrid,25681,0,208948,0,1.0,1.0,1.0,0.0,0.0,0.0,0.0459581626245322,0.013130187901062764,0.1572486981891772,0.94375,0.025,0.4524855237506511
10,10,0.9,0.0,0.5,160,oracle,26854,0,223204,0,1.0,1.0,1.0,0.0,0.0,0.0,0.030442642032690814,0.01029886500264641,0.09731278670417029,0.95625,0.00625,0.4666982997705157
10,10,0.9,0.0,0.5,160,all_independent,0,0,223204,26854,1.0,0.0,0.0,1.0,0.0,4.57,0.0552998441334024,0.016819901916836914,0.6319134223231602,0.93125,0.04375,0.485720837218331
10,10,0.9,0.0,0.5,160,all_one,26854,223204,0,0,0.10739108526821778,1.0,0.1939533136881031,0.0,1.0,0.9,0.1318692476382671,0.005261767526210899,0.44429526798169866,0.93125,0.0,0.1536574667754795
10,10,0.9,0.0,0.5,160,citation,21031,0,223204,5823,1.0,0.783160795412229,0.8783961574605826,0.21683920458777092,0.0,0.45062499999999994,0.050410263857180095,0.015611930757158806,0.2439714051887822,0.9375,0.0375,0.4768315330109618
10,10,0.9,0.0,0.5,160,text,26854,217904,5300,0,0.10971653633384813,1.0,0.19773794972239814,0.0,0.9762549058260604,0.85625,0.13020981794072056,0.008492101781955481,0.42672791168695295,0.8875,0.0,0.19146562841207632
10,10,0.9,0.0,0.5,160,hybrid,26854,217904,5300,0,0.10971653633384813,1.0,0.19773794972239814,0.0,0.9762549058260604,0.85625,0.13020981794072056,0.008492101781955481,0.42672791168695295,0.8875,0.0,0.19146562841207632
10,10,0.9,0.4,0.1,160,oracle,26911,0,223027,0,1.0,1.0,1.0,0.0,0.0,0.0,0.034778666897039776,0.010469384577616508,0.12485442245046503,0.95625,0.0125,0.44905466301913133
10,10,0.9,0.4,0.1,160,all_independent,0,0,223027,26911,1.0,0.0,0.0,1.0,0.0,4.563750000000001,0.05712930434476151,0.017954197194519825,0.5625226839714996,0.9375,0.05625,0.4944811664828852
10,10,0.9,0.4,0.1,160,all_one,26911,223027,0,0,0.10767070233417887,1.0,0.19440922669036187,0.0,1.0,0.9,0.14648616612348242,0.005050194480495602,0.47697235205254696,0.9375,0.0,0.13139404438208518
10,10,0.9,0.4,0.1,160,citation,21001,0,223027,5910,1.0,0.7803872022592991,0.8766488562364334,0.21961279774070083,0.0,0.4575,0.06438811257943623,0.0161589908871002,0.23782073494136177,0.9125,0.03125,0.4553349440135651
10,10,0.9,0.4,0.1,160,text,25152,0,223027,1759,1.0,0.9346363940396121,0.9662140099494843,0.06536360596038794,0.0,0.18,0.03368516246635701,0.010548532368059272,0.12251158449280553,0.95,0.0125,0.4558460413477759
10,10,0.9,0.4,0.1,160,hybrid,26790,0,223027,121,1.0,0.9955036973728215,0.9977467831139085,0.004496302627178477,0.0,0.013750000000000002,0.03417579695632652,0.010457599781338874,0.12290952668223457,0.95625,0.0125,0.4505948370764238
10,10,0.9,0.4,0.5,160,oracle,25833,0,209918,0,1.0,1.0,1.0,0.0,0.0,0.0,0.032938554696896605,0.010572228871029299,0.11399328378550111,0.95625,0.00625,0.4610331083421789
10,10,0.9,0.4,0.5,160,all_independent,0,0,209918,25833,1.0,0.0,0.0,1.0,0.0,4.408125,0.06362910996694184,0.01849974387368468,0.6632533494590863,0.93125,0.05625,0.4914576431123104
10,10,0.9,0.4,0.5,160,all_one,25833,209918,0,0,0.1095774779322251,1.0,0.19751208024955652,0.0,1.0,0.9,0.13468789452485191,0.005563796970480453,0.4494393423626314,0.93125,0.0,0.15164547355755534
10,10,0.9,0.4,0.5,160,citation,20264,0,209918,5569,1.0,0.7844230248132233,0.8791895351107447,0.2155769751867766,0.0,0.428125,0.03358410565597991,0.012595925987758903,0.14447707342400384,0.9625,0.025,0.4759989742499508
10,10,0.9,0.4,0.5,160,text,25768,203586,6332,65,0.11235034052163904,0.997483838501142,0.2019538612860373,0.0025161614988580498,0.9698358406615917,0.838125,0.12342506770226007,0.00878871108983752,0.4055429084810271,0.8875,0.0,0.20879558601908252
10,10,0.9,0.4,0.5,160,hybrid,25827,203950,5968,6,0.11240028375337828,0.999767738938567,0.20208129572395445,0.00023226106143305075,0.9715698510847093,0.8462500000000001,0.1239443681470993,0.008750115399241757,0.4091395189900722,0.9,0.0,0.20558262680057887
10,10,0.9,0.8,0.1,160,oracle,26798,0,223795,0,1.0,1.0,1.0,0.0,0.0,0.0,0.0309474218675796,0.011048717586993781,0.11108036184952341,0.96875,0.01875,0.4648140911724992
10,10,0.9,0.8,0.1,160,all_independent,0,0,223795,26798,1.0,0.0,0.0,1.0,0.0,4.574375,0.057722191228363494,0.017894070645476233,0.6541755211546091,0.9375,0.05,0.4944091550172809
10,10,0.9,0.8,0.1,160,all_one,26798,223795,0,0,0.10693834225217784,1.0,0.19321463205367154,0.0,1.0,0.9,0.134537886080255,0.005189914832938339,0.4506404029111044,0.9375,0.0,0.14910428290194522
10,10,0.9,0.8,0.1,160,citation,20753,0,223795,6045,1.0,0.7744234644376446,0.8728733359971399,0.2255765355623554,0.0,0.47750000000000004,0.031682215660451984,0.011038891588923017,0.117242021655945,0.95625,0.0125,0.4701819114436462
10,10,0.9,0.8,0.1,160,text,618,0,223795,26180,1.0,0.023061422494215986,0.045083163116428356,0.9769385775057841,0.0,4.2475000000000005,0.05551669518676309,0.017486546139490036,0.6116723769777571,0.94375,0.05,0.4917113979372162
10,10,0.9,0.8,0.1,160,hybrid,21553,0,223795,5245,1.0,0.8042764385401896,0.891522409050485,0.19572356145981043,0.0,0.42000000000000004,0.03437869973151951,0.011726938809299235,0.12414032475425493,0.95,0.0125,0.47350426225227615
10,10,0.9,0.8,0.5,160,oracle,26512,0,218946,0,1.0,1.0,1.0,0.0,0.0,0.0,0.03348908199093031,0.010123236147889658,0.11214412751170866,0.95,0.0125,0.45343237163390226
10,10,0.9,0.8,0.5,160,all_independent,0,0,218946,26512,1.0,0.0,0.0,1.0,0.0,4.516875000000001,0.06289920792555594,0.018422118923577608,0.7948833392804066,0.93125,0.05625,0.48767770428408763
10,10,0.9,0.8,0.5,160,all_one,26512,218946,0,0,0.10801033170644266,1.0,0.19496267970732067,0.0,1.0,0.9,0.1385359268853107,0.005323434849555325,0.45918289448602306,0.93125,0.0,0.14525258025606153
10,10,0.9,0.8,0.5,160,citation,21017,0,218946,5495,1.0,0.7927353651176826,0.8843863746344337,0.20726463488231744,0.0,0.45625,0.05410343994765732,0.014868894512558451,0.2715446233916149,0.925,0.03125,0.46093106915853105
10,10,0.9,0.8,0.5,160,text,18843,150612,68334,7669,0.11119766309639727,0.7107347616173808,0.1923078885730761,0.2892652383826192,0.6878956455016305,0.28625,0.10127440781376702,0.019497034354581826,0.40176238770140865,0.85625,0.0625,0.43741813499533855
10,10,0.9,0.8,0.5,160,hybrid,25876,207724,11222,636,0.11077054794520548,0.9760108630054315,0.19896044780709846,0.023989136994568498,0.9487453527353776,0.785625,0.1283676442587462,0.013067868922589383,0.42179713012034725,0.88125,0.0125,0.24493844890743896
