groups,max_duplicates,rho,signal_strength,trials,method,brier,brier_mcse,log_loss,log_loss_mcse,accuracy,ece,confidently_wrong,sharpness
3,1,0.0,0.25,2500,oracle,0.2118678015209434,0.003330834538906131,0.6112027874113383,0.007542941222830216,0.6588,0.02244726305420338,0.002,0.16549141441454251
3,1,0.0,0.25,2500,estimated,0.2118678015209434,0.003330834538906131,0.6112027874113383,0.007542941222830216,0.6588,0.02244726305420338,0.002,0.16549141441454251
3,1,0.0,0.25,2500,conservative,0.2118678015209434,0.003330834538906131,0.6112027874113383,0.007542941222830216,0.6588,0.02244726305420338,0.002,0.16549141441454251
3,1,0.0,0.25,2500,naive,0.2118678015209434,0.003330834538906131,0.6112027874113383,0.007542941222830216,0.6588,0.02244726305420338,0.002,0.16549141441454251
3,1,0.0,0.25,2500,one_per_group,0.2118678015209434,0.003330834538906131,0.6112027874113383,0.007542941222830216,0.6588,0.02244726305420338,0.002,0.16549141441454251
3,1,0.0,0.75,2500,oracle,0.06553942863281471,0.003308704469490855,0.2151956735289289,0.009503182593733523,0.9104,0.017092351258280555,0.0124,0.40301298872216323
3,1,0.0,0.75,2500,estimated,0.06553942863281471,0.003308704469490855,0.2151956735289289,0.009503182593733523,0.9104,0.017092351258280555,0.0124,0.40301298872216323
3,1,0.0,0.75,2500,conservative,0.06553942863281471,0.003308704469490855,0.2151956735289289,0.009503182593733523,0.9104,0.017092351258280555,0.0124,0.40301298872216323
3,1,0.0,0.75,2500,naive,0.06553942863281471,0.003308704469490855,0.2151956735289289,0.009503182593733523,0.9104,0.017092351258280555,0.0124,0.40301298872216323
3,1,0.0,0.75,2500,one_per_group,0.06553942863281471,0.003308704469490855,0.2151956735289289,0.009503182593733523,0.9104,0.017092351258280555,0.0124,0.40301298872216323
3,1,0.25,0.25,2500,oracle,0.208942038074836,0.0034005109177628183,0.6054717015450523,0.0077795912003151045,0.68,0.022356346071389144,0.002,0.1708080547854136
3,1,0.25,0.25,2500,estimated,0.208942038074836,0.0034005109177628183,0.6054717015450523,0.0077795912003151045,0.68,0.022356346071389144,0.002,0.1708080547854136
3,1,0.25,0.25,2500,conservative,0.208942038074836,0.0034005109177628183,0.6054717015450523,0.0077795912003151045,0.68,0.022356346071389144,0.002,0.1708080547854136
3,1,0.25,0.25,2500,naive,0.208942038074836,0.0034005109177628183,0.6054717015450523,0.0077795912003151045,0.68,0.022356346071389144,0.002,0.1708080547854136
3,1,0.25,0.25,2500,one_per_group,0.208942038074836,0.0034005109177628183,0.6054717015450523,0.0077795912003151045,0.68,0.022356346071389144,0.002,0.1708080547854136
3,1,0.25,0.75,2500,oracle,0.06492635795871425,0.0033003620572370556,0.21218552323602324,0.009304243527153193,0.9112,0.015565314379479125,0.0112,0.40448506239747495
3,1,0.25,0.75,2500,estimated,0.06492635795871425,0.0033003620572370556,0.21218552323602324,0.009304243527153193,0.9112,0.015565314379479125,0.0112,0.40448506239747495
3,1,0.25,0.75,2500,conservative,0.06492635795871425,0.0033003620572370556,0.21218552323602324,0.009304243527153193,0.9112,0.015565314379479125,0.0112,0.40448506239747495
3,1,0.25,0.75,2500,naive,0.06492635795871425,0.0033003620572370556,0.21218552323602324,0.009304243527153193,0.9112,0.015565314379479125,0.0112,0.40448506239747495
3,1,0.25,0.75,2500,one_per_group,0.06492635795871425,0.0033003620572370556,0.21218552323602324,0.009304243527153193,0.9112,0.015565314379479125,0.0112,0.40448506239747495
3,1,0.5,0.25,2500,oracle,0.20831239084671557,0.003311815328336849,0.6039689973488339,0.007528287539196068,0.68,0.03008057204096573,0.0008,0.16598661968360662
3,1,0.5,0.25,2500,estimated,0.20831239084671557,0.003311815328336849,0.6039689973488339,0.007528287539196068,0.68,0.03008057204096573,0.0008,0.16598661968360662
3,1,0.5,0.25,2500,conservative,0.20831239084671557,0.003311815328336849,0.6039689973488339,0.007528287539196068,0.68,0.03008057204096573,0.0008,0.16598661968360662
3,1,0.5,0.25,2500,naive,0.20831239084671557,0.003311815328336849,0.6039689973488339,0.007528287539196068,0.68,0.03008057204096573,0.0008,0.16598661968360662
3,1,0.5,0.25,2500,one_per_group,0.20831239084671557,0.003311815328336849,0.6039689973488339,0.007528287539196068,0.68,0.03008057204096573,0.0008,0.16598661968360662
3,1,0.5,0.75,2500,oracle,0.06597994648116971,0.0033582815010768817,0.21695153197637182,0.009764134441250545,0.914,0.01442428968099579,0.0152,0.40470064294612224
3,1,0.5,0.75,2500,estimated,0.06597994648116971,0.0033582815010768817,0.21695153197637182,0.009764134441250545,0.914,0.01442428968099579,0.0152,0.40470064294612224
3,1,0.5,0.75,2500,conservative,0.06597994648116971,0.0033582815010768817,0.21695153197637182,0.009764134441250545,0.914,0.01442428968099579,0.0152,0.40470064294612224
3,1,0.5,0.75,2500,naive,0.06597994648116971,0.0033582815010768817,0.21695153197637182,0.009764134441250545,0.914,0.01442428968099579,0.0152,0.40470064294612224
3,1,0.5,0.75,2500,one_per_group,0.06597994648116971,0.0033582815010768817,0.21695153197637182,0.009764134441250545,0.914,0.01442428968099579,0.0152,0.40470064294612224
3,1,0.75,0.25,2500,oracle,0.2082376441410082,0.003293248018142177,0.6031494361443777,0.0074857725306483195,0.6688,0.01259216241333184,0.0012,0.16602806858602132
3,1,0.75,0.25,2500,estimated,0.2082376441410082,0.003293248018142177,0.6031494361443777,0.0074857725306483195,0.6688,0.01259216241333184,0.0012,0.16602806858602132
3,1,0.75,0.25,2500,conservative,0.2082376441410082,0.003293248018142177,0.6031494361443777,0.0074857725306483195,0.6688,0.01259216241333184,0.0012,0.16602806858602132
3,1,0.75,0.25,2500,naive,0.2082376441410082,0.003293248018142177,0.6031494361443777,0.0074857725306483195,0.6688,0.01259216241333184,0.0012,0.16602806858602132
3,1,0.75,0.25,2500,one_per_group,0.2082376441410082,0.003293248018142177,0.6031494361443777,0.0074857725306483195,0.6688,0.01259216241333184,0.0012,0.16602806858602132
3,1,0.75,0.75,2500,oracle,0.07314152966387302,0.003631336812709352,0.24270349996407603,0.011231262582237129,0.8996,0.013803786745783569,0.0188,0.4027172495572043
3,1,0.75,0.75,2500,estimated,0.07314152966387302,0.003631336812709352,0.24270349996407603,0.011231262582237129,0.8996,0.013803786745783569,0.0188,0.4027172495572043
3,1,0.75,0.75,2500,conservative,0.07314152966387302,0.003631336812709352,0.24270349996407603,0.011231262582237129,0.8996,0.013803786745783569,0.0188,0.4027172495572043
3,1,0.75,0.75,2500,naive,0.07314152966387302,0.003631336812709352,0.24270349996407603,0.011231262582237129,0.8996,0.013803786745783569,0.0188,0.4027172495572043
3,1,0.75,0.75,2500,one_per_group,0.07314152966387302,0.003631336812709352,0.24270349996407603,0.011231262582237129,0.8996,0.013803786745783569,0.0188,0.4027172495572043
3,1,0.95,0.25,2500,oracle,0.21210482917275744,0.003376745064797572,0.6129640485002626,0.007701729319727564,0.6692,0.019060850776818305,0.0016,0.16654614535903603
3,1,0.95,0.25,2500,estimated,0.21210482917275744,0.003376745064797572,0.6129640485002626,0.007701729319727564,0.6692,0.019060850776818305,0.0016,0.16654614535903603
3,1,0.95,0.25,2500,conservative,0.21210482917275744,0.003376745064797572,0.6129640485002626,0.007701729319727564,0.6692,0.019060850776818305,0.0016,0.16654614535903603
3,1,0.95,0.25,2500,naive,0.21210482917275744,0.003376745064797572,0.6129640485002626,0.007701729319727564,0.6692,0.019060850776818305,0.0016,0.16654614535903603
3,1,0.95,0.25,2500,one_per_group,0.21210482917275744,0.003376745064797572,0.6129640485002626,0.007701729319727564,0.6692,0.019060850776818305,0.0016,0.16654614535903603
3,1,0.95,0.75,2500,oracle,0.06854909182651707,0.0034900215436047726,0.22560918885260753,0.010331594859632453,0.9044,0.010751039355612158,0.0148,0.4052497584943301
3,1,0.95,0.75,2500,estimated,0.06854909182651707,0.0034900215436047726,0.22560918885260753,0.010331594859632453,0.9044,0.010751039355612158,0.0148,0.4052497584943301
3,1,0.95,0.75,2500,conservative,0.06854909182651707,0.0034900215436047726,0.22560918885260753,0.010331594859632453,0.9044,0.010751039355612158,0.0148,0.4052497584943301
3,1,0.95,0.75,2500,naive,0.06854909182651707,0.0034900215436047726,0.22560918885260753,0.010331594859632453,0.9044,0.010751039355612158,0.0148,0.4052497584943301
3,1,0.95,0.75,2500,one_per_group,0.06854909182651707,0.0034900215436047726,0.22560918885260753,0.010331594859632453,0.9044,0.010751039355612158,0.0148,0.4052497584943301
3,2,0.0,0.25,2500,oracle,0.18951568943447247,0.0035962777980814505,0.5567539690047838,0.008413461851091925,0.6996,0.02560369701417497,0.0032,0.20227420431014884
3,2,0.0,0.25,2500,estimated,0.19017154348753879,0.0035263144850263815,0.5587308245019909,0.00820667131053351,0.7,0.02473332607082415,0.002,0.1972969753291825
3,2,0.0,0.25,2500,conservative,0.1982211193784878,0.002834328920497328,0.5814223773052329,0.006288367008515621,0.6936,0.04474493479898764,0.0008,0.14986660260066836
3,2,0.0,0.25,2500,naive,0.18951568943447247,0.0035962777980814505,0.5567539690047838,0.008413461851091925,0.6996,0.02560369701417497,0.0032,0.20227420431014884
3,2,0.0,0.25,2500,one_per_group,0.20852566383270474,0.0032640318073953673,0.6035329679570466,0.007383830500740684,0.6652,0.02178637823433662,0.0016,0.1650087642545134
3,2,0.0,0.75,2500,oracle,0.049360250662727395,0.0031290098731490646,0.16280479497448958,0.009685590161812856,0.9328,0.010568120947726314,0.0148,0.438441254887946
3,2,0.0,0.75,2500,estimated,0.04963701641371216,0.0031092391565037737,0.16301638499959814,0.009421060289554643,0.9332,0.014136465666085223,0.0128,0.43657686970022835
3,2,0.0,0.75,2500,conservative,0.056326053761897234,0.003003284112663469,0.19004621082814718,0.008361499977394903,0.9244,0.02132957746814429,0.0076,0.40585910066926
3,2,0.0,0.75,2500,naive,0.049360250662727395,0.0031290098731490646,0.16280479497448958,0.009685590161812856,0.9328,0.010568120947726314,0.0148,0.438441254887946
3,2,0.0,0.75,2500,one_per_group,0.07523609753375388,0.003616040032351023,0.24555046881039347,0.0107861819756291,0.898,0.012870269496873856,0.018,0.3978676708560928
3,2,0.25,0.25,2500,oracle,0.19924439892588347,0.0036285674524559565,0.5828201186719212,0.008519986302851102,0.692,0.031556345661512906,0.006,0.19312476387116428
3,2,0.25,0.25,2500,estimated,0.1996274090510238,0.0036602650313696905,0.5838904668183932,0.008637743681864166,0.6924,0.0277296856669191,0.0064,0.19461954617094865
3,2,0.25,0.25,2500,conservative,0.20182930707901736,0.0030719592084078495,0.5894718238440627,0.006873377317831374,0.6924,0.037425230306476036,0.0012,0.15898850425174318
3,2,0.25,0.25,2500,naive,0.20040088030929734,0.003991720351023237,0.5865933978725794,0.009777747065625526,0.692,0.03891902836665878,0.0088,0.21354780441983903
3,2,0.25,0.25,2500,one_per_group,0.20877283748975733,0.0033929128037632835,0.6048226168509291,0.007742584759266865,0.6764,0.027058458010984363,0.0012,0.1705645984607217
3,2,0.25,0.75,2500,oracle,0.052582036863851954,0.003067139641450513,0.1726411732465672,0.009143475023309344,0.9304,0.01591945578047977,0.012,0.4258982783934979
3,2,0.25,0.75,2500,estimated,0.053018332805006785,0.003086041303721318,0.1740168084966969,0.009230350212146809,0.9272,0.019670656994521078,0.012,0.42612348390473054
3,2,0.25,0.75,2500,conservative,0.05624621788229269,0.0029514016133566244,0.18972225146479085,0.008358025771100463,0.9244,0.0226611586190275,0.0088,0.40430040385650684
3,2,0.25,0.75,2500,naive,0.05341340169322766,0.0032219445782751366,0.17448387033180418,0.010082549903245247,0.9272,0.01682831002103635,0.0156,0.4344444653172392
3,2,0.25,0.75,2500,one_per_group,0.0690821821269245,0.00336629532121914,0.22336655121401922,0.009603480644513704,0.9056,0.011859782704826828,0.0156,0.39944314530368635
3,2,0.5,0.25,2500,oracle,0.20573578786902552,0.0035291822778688404,0.5986389712868467,0.008207910723999744,0.6824,0.02408058496386337,0.0036,0.17972737493498858
3,2,0.5,0.25,2500,estimated,0.2058615130802601,0.0035448644668718402,0.5989314261153411,0.00827235470328352,0.6784,0.023108282866853968,0.0044,0.18063737130327626
3,2,0.5,0.25,2500,conservative,0.20661879830352856,0.0031762875599554187,0.6003741830012582,0.007158092293365554,0.6804,0.027748805663984993,0.0016,0.1600151322818501
3,2,0.5,0.25,2500,naive,0.20920249469634947,0.0042184904569381315,0.6113620039458713,0.010677557249574771,0.6764,0.044020192421427067,0.0152,0.2164241386675883
3,2,0.5,0.25,2500,one_per_group,0.2120442903823296,0.003392498208009151,0.6123571618559103,0.007752505493356116,0.656,0.01833875031546049,0.0024,0.16841252248074468
3,2,0.5,0.75,2500,oracle,0.060072592497044476,0.003432836746641116,0.20228789961206162,0.01114091525883117,0.9148,0.013494679866053561,0.0176,0.4245031624082897
3,2,0.5,0.75,2500,estimated,0.06029418257801183,0.003444017241005089,0.20352494150174935,0.011280126530441817,0.9152,0.014970088091087566,0.018,0.42454866373151917
3,2,0.5,0.75,2500,conservative,0.06122303413467502,0.003269785474447871,0.2067411852393065,0.010114884734233704,0.9152,0.01791816080117865,0.0128,0.40987446871780814
3,2,0.5,0.75,2500,naive,0.0631605266574744,0.003783034625716784,0.21896632766471685,0.013859527357250854,0.9136,0.027076628381028135,0.0272,0.4405334938298566
3,2,0.5,0.75,2500,one_per_group,0.07166047017199428,0.0036455250140508704,0.23833356469432004,0.011260201956699072,0.9032,0.011459928466023138,0.0196,0.40662827797610357
3,2,0.75,0.25,2500,oracle,0.20448785670778633,0.0034015715980672944,0.5938714628550124,0.007739367662949926,0.6768,0.041901794825368696,0.0016,0.1763765938518889
3,2,0.75,0.25,2500,estimated,0.20493524467423008,0.0034231724232977536,0.5949685200633571,0.007810967875803888,0.6776,0.03844065136695779,0.002,0.17721543307717025
3,2,0.75,0.25,2500,conservative,0.20470052231746141,0.003237712977032314,0.5945525993838469,0.007266610448489505,0.678,0.03358809946930378,0.0012,0.16711301283464589
3,2,0.75,0.25,2500,naive,0.21057123485797188,0.004347131302134649,0.6131762982189304,0.011067827371133874,0.6692,0.05669280429905228,0.018,0.22589280429905229
3,2,0.75,0.25,2500,one_per_group,0.20626810197494477,0.003325516803584923,0.5983553503692393,0.007514333452390735,0.6692,0.01778425783099578,0.0012,0.17008991305284746
3,2,0.75,0.75,2500,oracle,0.06169984202001442,0.0032709899668279217,0.20335311764887154,0.009825555065092997,0.9132,0.010934689897807381,0.0116,0.41263623267987787
3,2,0.75,0.75,2500,estimated,0.0616031097728864,0.003270466667872289,0.2027538803750038,0.009791682638402128,0.9144,0.011023166534751421,0.0112,0.41296510743029896
3,2,0.75,0.75,2500,conservative,0.06201157784684111,0.003201724169803512,0.2054964828174786,0.009394841660541733,0.9152,0.016482932363576397,0.0104,0.40609296069665574
3,2,0.75,0.75,2500,naive,0.06718440578979741,0.0038279945186815785,0.22729608483217062,0.01366014979157197,0.9088,0.029216340839672277,0.0252,0.4355048893822449
3,2,0.75,0.75,2500,one_per_group,0.06687860018433332,0.0033789223658920882,0.2187142294627448,0.009795442705948582,0.9108,0.01947539072646918,0.0128,0.4040644303931083
3,2,0.95,0.25,2500,oracle,0.20436121239598293,0.003300214206656769,0.5944278770838306,0.007481747519468162,0.6828,0.017403358013896912,0.0008,0.16926388666788073
3,2,0.95,0.25,2500,estimated,0.20451222120701656,0.003329183427203686,0.5947655470434062,0.007568140290015185,0.6836,0.01843767921610153,0.0012,0.17076151522498662
3,2,0.95,0.25,2500,conservative,0.2043766765334643,0.0032706497982790267,0.5945081612519323,0.007397654249014186,0.6844,0.018517836634500948,0.0004,0.1676385446149142
3,2,0.95,0.25,2500,naive,0.2122335428220647,0.004395719610947949,0.6193962405191276,0.011336176680904775,0.6776,0.053494235734455,0.022,0.22540626462769392
3,2,0.95,0.25,2500,one_per_group,0.20500624386430671,0.0033011656562956966,0.5960033597716335,0.007491711987615463,0.6824,0.016060540969064993,0.0008,0.16859752792425817
3,2,0.95,0.75,2500,oracle,0.0720686387094271,0.0035850957831359237,0.239779435818185,0.011133866618744858,0.9036,0.011064138763114748,0.0164,0.402437787643954
3,2,0.95,0.75,2500,estimated,0.07191317920308808,0.003589346748855543,0.23931784644689097,0.011216132532856018,0.9044,0.009856970917248097,0.0172,0.4033096619549656
3,2,0.95,0.75,2500,conservative,0.07210847180355393,0.0035720719754043224,0.24003089006046788,0.011044098887395413,0.9036,0.011137224376204728,0.016,0.40120725182135775
3,2,0.95,0.75,2500,naive,0.07968612509840732,0.0042340377590753915,0.27753427877855463,0.01617760010606146,0.8984,0.04419917859798741,0.0344,0.4306183255228669
3,2,0.95,0.75,2500,one_per_group,0.07355469285605246,0.0036313703544910087,0.2441700828460611,0.011223863228764428,0.9004,0.008626401885152686,0.0172,0.40138492332006953
3,4,0.0,0.25,2500,oracle,0.16714970622645253,0.003977167020055791,0.5064174433863787,0.010288133163201643,0.7576,0.021914212437611425,0.0128,0.24693545755737992
3,4,0.0,0.25,2500,estimated,0.16818300826005456,0.003792749562067503,0.5092059629951713,0.009583813929233099,0.754,0.02452646947114407,0.0108,0.2334913205122181
3,4,0.0,0.25,2500,conservative,0.19223292845146833,0.002387246944184787,0.5707778541591292,0.005174914268383023,0.736,0.10599560795628077,0.0,0.13000439204371922
3,4,0.0,0.25,2500,naive,0.16714970622645253,0.003977167020055791,0.5064174433863787,0.010288133163201643,0.7576,0.021914212437611425,0.0128,0.24693545755737992
3,4,0.0,0.25,2500,one_per_group,0.21146270795306968,0.00331787061191795,0.6110008203998418,0.007577715383255956,0.664,0.01603845061416407,0.0016,0.16442234893015442
3,4,0.0,0.75,2500,oracle,0.02172270183152876,0.0021741749586019865,0.07100566231177971,0.0065832761773779135,0.9684,0.009088269447727981,0.0068,0.4744593586862756
3,4,0.0,0.75,2500,estimated,0.021827648348720086,0.002133641218829989,0.07219442492771114,0.006399403047509421,0.9684,0.009712796043307145,0.0068,0.4716333074664405
3,4,0.0,0.75,2500,conservative,0.03313854557810242,0.0021042577290999657,0.12840326029431962,0.005758342018940505,0.9588,0.04286276186817267,0.0036,0.41880353730918507
3,4,0.0,0.75,2500,naive,0.02172270183152876,0.0021741749586019865,0.07100566231177971,0.0065832761773779135,0.9684,0.009088269447727981,0.0068,0.4744593586862756
3,4,0.0,0.75,2500,one_per_group,0.07412271937311693,0.0036415258275093853,0.24159595340901738,0.010790290262315965,0.9004,0.010996044707342856,0.0152,0.40220551800168186
3,4,0.25,0.25,2500,oracle,0.18750244845550837,0.003829293526161558,0.5543150118080823,0.00931377734231737,0.7148,0.014630443306625208,0.0076,0.2157205016434645
3,4,0.25,0.25,2500,estimated,0.1900294044666843,0.003963293212011486,0.5621217785877107,0.009895584558441613,0.71,0.01795510830980323,0.012,0.21995580476671497
3,4,0.25,0.25,2500,conservative,0.1982378065323884,0.002795226410473807,0.5822118153575593,0.006181856654602156,0.7028,0.05699542568588416,0.0,0.14580457431411584
3,4,0.25,0.25,2500,naive,0.19127781056267507,0.004727759790457462,0.5712084194001874,0.013024373221865662,0.7156,0.05425617439498135,0.0292,0.2698561743949814
3,4,0.25,0.25,2500,one_per_group,0.21057201351302218,0.0034116839700886505,0.6079853805362061,0.007780643604745845,0.6656,0.019403429530543345,0.0012,0.1704764603419795
3,4,0.25,0.75,2500,oracle,0.03540043656831294,0.0026914026548676183,0.12333099549074691,0.009136005113608703,0.95,0.005826289868374808,0.0104,0.45331790094810376
3,4,0.25,0.75,2500,estimated,0.03548350061482022,0.002712467458012019,0.1246614634745006,0.009315303323518294,0.9516,0.008449641015205572,0.0116,0.45317502716285435
3,4,0.25,0.75,2500,conservative,0.04299894798942975,0.0024961240311317744,0.15608294775375905,0.007247118699933385,0.944,0.03707229525823694,0.0052,0.41133832252655145
3,4,0.25,0.75,2500,naive,0.03718703604677713,0.003035455765268189,0.13697333734656317,0.01232455949107642,0.9524,0.01813838690418253,0.0152,0.4674309268680422
3,4,0.25,0.75,2500,one_per_group,0.07063790729791677,0.003563762652106593,0.23839964211050957,0.011572140013922406,0.9024,0.01540521981125599,0.0168,0.4046408819626937
3,4,0.5,0.25,2500,oracle,0.19450342970275988,0.0035722352962427205,0.570175742544138,0.008344166209304844,0.7024,0.018534878637982956,0.0032,0.19494545558112544
3,4,0.5,0.25,2500,estimated,0.1952274261316912,0.003620718786014165,0.571545396371714,0.008496794805209748,0.694,0.015119129964446072,0.0056,0.1975471718451684
3,4,0.5,0.25,2500,conservative,0.19752352257503364,0.00290680184733204,0.5791882581259403,0.006429001862845238,0.6988,0.0445316310205792,0.0004,0.15487077419191972
3,4,0.5,0.25,2500,naive,0.20767713617171107,0.005212498982450036,0.6288453834397414,0.015557409741412493,0.6924,0.09163561764482643,0.0432,0.2840356176448265
3,4,0.5,0.25,2500,one_per_group,0.2069968399652624,0.003330988819202227,0.5995718454268806,0.007540200779922632,0.6676,0.013171970437447295,0.0012,0.17086773890168241
3,4,0.5,0.75,2500,oracle,0.050636864354353314,0.0031449732582805277,0.16661842710118802,0.009516370535650673,0.9316,0.00958081651668054,0.0128,0.43553961918125206
3,4,0.5,0.75,2500,estimated,0.05103949214435381,0.003144033267556715,0.1680318850985572,0.009700380983045643,0.9292,0.010870509160770113,0.0116,0.43556609862043677
3,4,0.5,0.75,2500,conservative,0.052719731058561696,0.0028760186232370992,0.17883135779203033,0.008027451915240225,0.9252,0.023969184688980055,0.0076,0.40911979022606687
3,4,0.5,0.75,2500,naive,0.05781747560933518,0.0038969455167739476,0.2207182317235035,0.01701795189188832,0.9268,0.03797359273921285,0.0316,0.4620186966240415
3,4,0.5,0.75,2500,one_per_group,0.06980091272526157,0.0035349683185202942,0.22917366885597557,0.010478536181613268,0.9068,0.019091030912283063,0.0148,0.40554181036028564
3,4,0.75,0.25,2500,oracle,0.1995728208556196,0.0034022227394601757,0.5840534657036771,0.007801602715703434,0.6904,0.028409548130551517,0.0008,0.17791911461040746
3,4,0.75,0.25,2500,estimated,0.19988626643288368,0.003448850917299745,0.5853859507393778,0.007981631289699769,0.6944,0.023982302523526046,0.0024,0.17928547804570677
3,4,0.75,0.25,2500,conservative,0.20132659056564434,0.00309502804065558,0.5882751810250181,0.006915743886811702,0.6884,0.028295623413668775,0.0004,0.16010437658633123
3,4,0.75,0.25,2500,naive,0.21468108153606807,0.005531072017709172,0.6679348598542058,0.017651713739451003,0.6968,0.10341030707120906,0.064,0.29401944800766716
3,4,0.75,0.25,2500,one_per_group,0.2045535561905336,0.003264742794386675,0.5953837006428289,0.00736979465230339,0.6816,0.017892766751425173,0.0012,0.16685165890104006
3,4,0.75,0.75,2500,oracle,0.058785576839339625,0.0033731709282284984,0.20091779204951002,0.010568553997843604,0.9228,0.012317816779748317,0.0184,0.42023286425227496
3,4,0.75,0.75,2500,estimated,0.059633253477559836,0.0034067137775333216,0.2031920747682749,0.010674093701546624,0.9212,0.014675254278261288,0.0184,0.4201992935130385
3,4,0.75,0.75,2500,conservative,0.05951945797772114,0.003215653564823976,0.20330336676517413,0.009494088969956693,0.9212,0.019487742121145703,0.0148,0.40714477760619244
3,4,0.75,0.75,2500,naive,0.07292669528231224,0.00451624379905903,0.32724452463720516,0.024766568937548143,0.9112,0.05297316774052426,0.0484,0.4616484529846542
3,4,0.75,0.75,2500,one_per_group,0.06714516728456575,0.0034894437845156214,0.2249750587666302,0.010462562129878348,0.9132,0.01454800340380011,0.0172,0.40632575500383156
3,4,0.95,0.25,2500,oracle,0.20396504506243926,0.0033679298245325217,0.5939076667578386,0.007680890936791005,0.6872,0.018607165303875572,0.0008,0.17232915823861916
3,4,0.95,0.25,2500,estimated,0.20378994666306366,0.003418497725138616,0.5932606407962482,0.00783121599160145,0.6856,0.01628532682855132,0.0016,0.1755721096406013
3,4,0.95,0.25,2500,conservative,0.20403688882286042,0.003309925357979448,0.5941294220114914,0.007513123042503546,0.6872,0.018915627074538675,0.0008,0.16906118575246531
3,4,0.95,0.25,2500,naive,0.23186863732142124,0.005803045078307384,0.7246901284918565,0.019412915718560887,0.6644,0.1383537527488287,0.0756,0.30182905364493945
3,4,0.95,0.25,2500,one_per_group,0.20510459020434132,0.0033370493964130937,0.5964513813109138,0.007587835918153965,0.682,0.016692132453460375,0.0008,0.17000547469992025
3,4,0.95,0.75,2500,oracle,0.07242995630793139,0.003568797935291002,0.23703789730601998,0.010888892813846076,0.8988,0.018019402455832962,0.014,0.4045849089531693
3,4,0.95,0.75,2500,estimated,0.07273603307740735,0.003624855676365408,0.23856039364334192,0.011221226585110308,0.8992,0.01572392644460874,0.014,0.4073732080147712
3,4,0.95,0.75,2500,conservative,0.0722495835406295,0.0035298183595836473,0.23649096749828818,0.010644746777005092,0.8976,0.020713270805085126,0.0136,0.4021796513319344
3,4,0.95,0.75,2500,naive,0.09926765330226002,0.005276624309152216,0.4667100382847974,0.03156558179668077,0.88,0.0797142453558498,0.0704,0.45861958456671453
3,4,0.95,0.75,2500,one_per_group,0.07461778079062927,0.0036431463853383657,0.2440171462795175,0.01101818650605871,0.8952,0.019191032154233133,0.0156,0.4027422849992546
3,8,0.0,0.25,2500,oracle,0.13098306295242745,0.004149780504697987,0.4079389390938616,0.01141735322529575,0.8136,0.015791703628344995,0.0156,0.316841937784255
3,8,0.0,0.25,2500,estimated,0.13612246231083744,0.0039595607247201944,0.42295162030022454,0.01049294497264179,0.8028,0.02337864611482544,0.0128,0.2940472695229757
3,8,0.0,0.25,2500,conservative,0.184921175746765,0.0019878475613442394,0.5565623413734023,0.004252158268604933,0.7768,0.15928188186225603,0.0,0.11751811813774393
3,8,0.0,0.25,2500,naive,0.13098306295242745,0.004149780504697987,0.4079389390938616,0.01141735322529575,0.8136,0.015791703628344995,0.0156,0.316841937784255
3,8,0.0,0.25,2500,one_per_group,0.21240525554537912,0.003349075707929373,0.6124560784728259,0.007594100866924644,0.6632,0.01695603208294333,0.0008,0.16659771484179142
3,8,0.0,0.75,2500,oracle,0.005378686235645383,0.0011759903264302709,0.019306743702787746,0.004014449366616436,0.994,0.003205599914677491,0.0028,0.49417104451306615
3,8,0.0,0.75,2500,estimated,0.005452471712880538,0.0011793741264529598,0.020478369394093702,0.004004223365994476,0.9944,0.0029607533945086185,0.0028,0.49298153928693184
3,8,0.0,0.75,2500,conservative,0.017042118931572186,0.0012865925454887226,0.08486514468759422,0.0036235364212146774,0.9848,0.05111111139034337,0.0008,0.4341538965213318
3,8,0.0,0.75,2500,naive,0.005378686235645383,0.0011759903264302709,0.019306743702787746,0.004014449366616436,0.994,0.003205599914677491,0.0028,0.49417104451306615
3,8,0.0,0.75,2500,one_per_group,0.07287586069677429,0.00367222135264699,0.23844498068641087,0.01117250218085146,0.8952,0.019907361784575067,0.0172,0.40819661337204
3,8,0.25,0.25,2500,oracle,0.17326427253236837,0.004068108123589474,0.5180606530751598,0.0100935116040198,0.7464,0.016684610398578492,0.0124,0.24785718129279966
3,8,0.25,0.25,2500,estimated,0.17965386903096595,0.004382236796280855,0.5417726300458319,0.011973529548774002,0.7328,0.033596669830533395,0.0196,0.258904323558943
3,8,0.25,0.25,2500,conservative,0.18847211113840728,0.0024687118470345915,0.5612612762994935,0.00534206232302735,0.7364,0.09736889957962921,0.0,0.1390311004203708
3,8,0.25,0.25,2500,naive,0.18885880953791628,0.00579234407403205,0.6217359921820016,0.020490269460715384,0.7424,0.10610419213433508,0.0764,0.34610394360500163
3,8,0.25,0.25,2500,one_per_group,0.21010277549757755,0.0034490335330968637,0.606813622746258,0.007832856439839742,0.6596,0.021061461072202296,0.0008,0.17454728314289195
3,8,0.25,0.75,2500,oracle,0.021524749928522467,0.0022204261783793622,0.08003394279902416,0.00813632726754783,0.974,0.009218502066075412,0.0088,0.47214416892624234
3,8,0.25,0.75,2500,estimated,0.023994369872430463,0.002361267983519883,0.0877486478677731,0.008879483874561377,0.9688,0.008983403377629394,0.0092,0.4722303424836176
3,8,0.25,0.75,2500,conservative,0.029885464570066664,0.0019276132684562786,0.12097671175879222,0.005317940152191839,0.9704,0.05124512965580983,0.0024,0.4191548703441902
3,8,0.25,0.75,2500,naive,0.027138652908488443,0.002819742832041731,0.12780897818509582,0.016839696512437972,0.9664,0.018933327218299077,0.0156,0.48515655888781867
3,8,0.25,0.75,2500,one_per_group,0.07139653776665499,0.003549158359606264,0.23561545139402593,0.010831674825422887,0.9044,0.010846615430439834,0.0164,0.40307373259567947
3,8,0.5,0.25,2500,oracle,0.19638526540130277,0.003747990210489609,0.575329894133945,0.008925724444794402,0.6908,0.015855837067597026,0.0048,0.20293832868988615
3,8,0.5,0.25,2500,estimated,0.19929947497162054,0.003916688954353856,0.5848310301653182,0.00975572353845367,0.6812,0.03566808883824572,0.0088,0.20943669320400995
3,8,0.5,0.25,2500,conservative,0.20065079469739056,0.00277516787638181,0.5875289326937096,0.006115826552056269,0.6864,0.04302937734353953,0.0008,0.14428651168184767
3,8,0.5,0.25,2500,naive,0.23435282847900327,0.0065603525433926314,0.8219631544139152,0.027274711097169942,0.6872,0.16881776177220217,0.1132,0.3555900765849227
3,8,0.5,0.25,2500,one_per_group,0.21574019695850152,0.003368907328391527,0.6205336120945428,0.007662765510880939,0.6548,0.010922952878187776,0.0016,0.1644902833275947
3,8,0.5,0.75,2500,oracle,0.04109758687238755,0.0028819004375665595,0.14073274203840225,0.009271843468784608,0.9436,0.008747631069526661,0.0124,0.4455601872242479
3,8,0.5,0.75,2500,estimated,0.043536604778808406,0.0030160242599602373,0.15070256983039967,0.010440906159754309,0.9404,0.00889068682577853,0.0136,0.44618440706531837
3,8,0.5,0.75,2500,conservative,0.04569013464241667,0.002634520314090786,0.16328070759567323,0.007395309568187435,0.9436,0.0347814076931985,0.0064,0.41030504617746194
3,8,0.5,0.75,2500,naive,0.05148291563375377,0.003925191532132927,0.26850067818118306,0.02727605580189387,0.9376,0.04352583001639714,0.036,0.47860768116481367
3,8,0.5,0.75,2500,one_per_group,0.07208010144081545,0.0036571889557841086,0.23956765989195575,0.011110975076833928,0.9028,0.010570884701048078,0.0196,0.40560080064438614
3,8,0.75,0.25,2500,oracle,0.2013211552348387,0.0035966870875558687,0.586951652430842,0.008361147627494254,0.68,0.025782927770624284,0.004,0.18918317299407628
3,8,0.75,0.25,2500,estimated,0.20206768808078676,0.0036651709348779703,0.5885858948556141,0.008581108859811554,0.6792,0.018024099516631226,0.0048,0.19257724920020694
3,8,0.75,0.25,2500,conservative,0.2018861347714809,0.0031524892387734473,0.5887649519874926,0.007064241422370932,0.6812,0.024289806652657196,0.0,0.1638544890056945
3,8,0.75,0.25,2500,naive,0.25231731436903004,0.007048887315980695,0.9740078357412268,0.03334555790136144,0.678,0.19270409194101615,0.1484,0.3706827090447894
3,8,0.75,0.25,2500,one_per_group,0.20816388123226842,0.00335794642186048,0.6023562818699433,0.007642098973726108,0.6748,0.013397971402822333,0.0012,0.17019474124359296
3,8,0.75,0.75,2500,oracle,0.053623198928743364,0.0030764240780396263,0.18100788372207885,0.009357527102577588,0.9304,0.013732142967937348,0.012,0.4200437708793219
3,8,0.75,0.75,2500,estimated,0.053410928890740596,0.003072409684775143,0.17974483547650186,0.00933469223287299,0.9296,0.013636361725072918,0.012,0.42107915802229534
3,8,0.75,0.75,2500,conservative,0.05539093158183924,0.0029041549882333245,0.18943195344714492,0.008337885814293589,0.93,0.02875881480796795,0.0076,0.40243530636140235
3,8,0.75,0.75,2500,naive,0.0783916482628078,0.004934095187414049,0.4604491043611224,0.036943372909180615,0.9096,0.07044565644776656,0.0624,0.4780205781054595
3,8,0.75,0.75,2500,one_per_group,0.06790926614295117,0.0034258220066447735,0.22554750850692382,0.010165321549197576,0.9104,0.01376437484256352,0.0164,0.4019661624734124
3,8,0.95,0.25,2500,oracle,0.20766669456054787,0.003332629003693416,0.6008763272813065,0.007564761580142909,0.6684,0.019127235375668357,0.0008,0.16970012282380445
3,8,0.95,0.25,2500,estimated,0.20774100372425475,0.0034181676070945233,0.6007995039319689,0.007813781995696968,0.6664,0.024085512067253196,0.0012,0.17462395560268815
3,8,0.95,0.25,2500,conservative,0.20769785939031113,0.00325158369361019,0.6010488868936217,0.007334254827877181,0.6692,0.020920707656926787,0.0004,0.16521610637042092
3,8,0.95,0.25,2500,naive,0.2700656649980442,0.00725517111530717,1.0754119434983165,0.03640484121268969,0.6564,0.21678651253238107,0.164,0.3723845079073491
3,8,0.95,0.25,2500,one_per_group,0.20810847562510726,0.0032753369774864254,0.6017374480035476,0.007391781462825014,0.668,0.024077586966885577,0.0008,0.16658008928336418
3,8,0.95,0.75,2500,oracle,0.06897458472866702,0.0034453264325939236,0.22635426825102026,0.010376667660056986,0.9008,0.00929284240287754,0.0144,0.4041451479540919
3,8,0.95,0.75,2500,estimated,0.07014565240723399,0.0035312285267925956,0.22943978766945597,0.01073104071716451,0.9004,0.01023131086123119,0.0164,0.40713349739157895
3,8,0.95,0.75,2500,conservative,0.06891695562482031,0.0033981405673895893,0.22646562953082758,0.010098167758310059,0.9004,0.011963881199400546,0.0136,0.40079773053604756
3,8,0.95,0.75,2500,naive,0.10579221822415211,0.005755001334743212,0.7584093730973885,0.055751025489279786,0.8816,0.0973787284230057,0.0888,0.4773288266412128
3,8,0.95,0.75,2500,one_per_group,0.06982460956097103,0.003408057593041318,0.22962716171465428,0.01020133101304444,0.9024,0.006726146206534353,0.0124,0.39926445960270496
3,16,0.0,0.25,2500,oracle,0.08099574643118324,0.003684585080179289,0.26343031561545915,0.011276760822259863,0.8856,0.015690074650243073,0.0164,0.3904993716053672
3,16,0.0,0.25,2500,estimated,0.08811578486131988,0.003498568451982208,0.28548026487952455,0.009670864722426967,0.8808,0.024716275757673798,0.0108,0.35808223508063897
3,16,0.0,0.25,2500,conservative,0.17599779197076598,0.00155934857736267,0.5397724382810879,0.0033024067230069385,0.8488,0.24176681378142875,0.0,0.10703318621857125
3,16,0.0,0.25,2500,naive,0.08099574643118324,0.003684585080179289,0.26343031561545915,0.011276760822259863,0.8856,0.015690074650243073,0.0164,0.3904993716053672
3,16,0.0,0.25,2500,one_per_group,0.20882115872703938,0.003324335745027826,0.6048683112214177,0.007574878515190525,0.67,0.016501160770468804,0.0012,0.1669909872437538
3,16,0.0,0.75,2500,oracle,0.0004574476508212599,0.00026796940227721605,0.0016083496883753845,0.0007124309681120518,0.9996,0.0011670180818967176,0.0,0.4990615353165361
3,16,0.0,0.75,2500,estimated,0.0008464579293967294,0.00039563517397439465,0.0032195648676143266,0.00117410117739587,0.9992,0.0012181003959376114,0.0004,0.4982410174972493
3,16,0.0,0.75,2500,conservative,0.009468093165832985,0.0007981928213721935,0.06451248837205048,0.002339660946135985,0.9948,0.05072874841534364,0.0,0.44407125158465643
3,16,0.0,0.75,2500,naive,0.0004574476508212599,0.00026796940227721605,0.0016083496883753845,0.0007124309681120518,0.9996,0.0011670180818967176,0.0,0.4990615353165361
3,16,0.0,0.75,2500,one_per_group,0.07230408762673145,0.0036449360491233045,0.24117669509169265,0.011275463557590695,0.9048,0.01806299651994586,0.0188,0.40398604741624594
3,16,0.25,0.25,2500,oracle,0.16977497329825975,0.004191491032697422,0.5086916460160973,0.010681585185867695,0.7408,0.02122776973005459,0.0144,0.26097690271804347
3,16,0.25,0.25,2500,estimated,0.18121746399496316,0.004859143790785042,0.5556368940748982,0.01437549269498972,0.7344,0.05768606733344045,0.0392,0.2872284112071121
3,16,0.25,0.25,2500,conservative,0.18952030737452805,0.0022629186360180634,0.5646813914734348,0.0048528058443223525,0.7424,0.11504400325081222,0.0,0.12735599674918774
3,16,0.25,0.25,2500,naive,0.20877288295492472,0.006749104084831504,0.8426138789221235,0.03390946104228755,0.732,0.16656963229635038,0.1244,0.39856963229635045
3,16,0.25,0.25,2500,one_per_group,0.2108747935087476,0.0033862274181044377,0.608867769732165,0.007701666652732878,0.6624,0.015736467720816178,0.0016,0.1696328935779024
3,16,0.25,0.75,2500,oracle,0.013319913006649694,0.0017140633907379173,0.045099493787095705,0.005380853811624765,0.9816,0.006014675834583663,0.004,0.4831684997265308
3,16,0.25,0.75,2500,estimated,0.016772492472329717,0.002007419339879234,0.05834548942625497,0.007045595679677819,0.9788,0.007388456505258868,0.0072,0.48236576086627786
3,16,0.25,0.75,2500,conservative,0.020606139170584806,0.0013518290010445316,0.0939743733118028,0.003663166350879003,0.9788,0.05138780903531346,0.0,0.42741219096468647
3,16,0.25,0.75,2500,naive,0.02004751611859174,0.002611403823801919,0.11959009379538826,0.018639849053990257,0.978,0.01923583968544164,0.0168,0.4948424784802417
3,16,0.25,0.75,2500,one_per_group,0.07409845318633837,0.003726368789765289,0.24501260295180946,0.011609497965472918,0.8984,0.012009118769655287,0.0204,0.4073757084548305
3,16,0.5,0.25,2500,oracle,0.1886852126840205,0.0038118436132781714,0.5567323404144965,0.009129293379552577,0.7108,0.012706111962831376,0.006,0.21440659630898798
3,16,0.5,0.25,2500,estimated,0.19169465262131885,0.004039996055569009,0.565778076913972,0.010046433208097272,0.7128,0.026653525193648425,0.0084,0.22372591438808523
3,16,0.5,0.25,2500,conservative,0.1959393794927148,0.002654549273726412,0.5771920404944028,0.005779757683729142,0.7132,0.07093592588511209,0.0,0.14226407411488795
3,16,0.5,0.25,2500,naive,0.24580705745937104,0.007539436370213834,1.2008709482668518,0.04779465089887867,0.7064,0.21080857035076697,0.1776,0.4159865848828117
3,16,0.5,0.25,2500,one_per_group,0.20858004321194384,0.0033734925557419543,0.6038442189382976,0.007614572374811923,0.6768,0.015618198325938446,0.0008,0.17129937985586766
3,16,0.5,0.75,2500,oracle,0.0391553709354342,0.002834231042240838,0.13233041393318068,0.009341592401294806,0.9472,0.012095802492687935,0.0104,0.4512716308868382
3,16,0.5,0.75,2500,estimated,0.04108086414696504,0.002974881398595708,0.14472541753967139,0.011252330542834395,0.9436,0.014153130999334466,0.0144,0.45224335843422425
3,16,0.5,0.75,2500,conservative,0.041061400866056086,0.0023479385829923206,0.14874626176852176,0.006434556167968041,0.9492,0.03824220196662849,0.0036,0.41095779803337157
3,16,0.5,0.75,2500,naive,0.06311234908583431,0.004593184094623604,0.537458022825403,0.05256235311344712,0.9304,0.05975291459310723,0.0528,0.48788752075387937
3,16,0.5,0.75,2500,one_per_group,0.07964822473768604,0.0038197763155221488,0.25845896074369035,0.011517037244573035,0.892,0.017281771688187765,0.022,0.4012115284108192
3,16,0.75,0.25,2500,oracle,0.20618202773870312,0.0036245464823646345,0.5980366978484132,0.008413900819496684,0.6804,0.020976256896010903,0.0016,0.1863615734842763
3,16,0.75,0.25,2500,estimated,0.20663331740425037,0.003704051349199497,0.5991846611340322,0.008700032661430303,0.6832,0.02513045277219921,0.0036,0.19045785186923783
3,16,0.75,0.25,2500,conservative,0.2069763609741247,0.003089127300948709,0.600290738268372,0.006873652026201235,0.682,0.026097624201861472,0.0,0.15610682342590798
3,16,0.75,0.25,2500,naive,0.2808600520744679,0.007998320440239112,1.637318321021594,0.06456380789310506,0.6728,0.24772413652205358,0.216,0.4205241365220536
3,16,0.75,0.25,2500,one_per_group,0.21328415275803242,0.0033767919955883575,0.6141506711359339,0.007655924758288281,0.6616,0.018731695445926094,0.0008,0.16730920840654848
3,16,0.75,0.75,2500,oracle,0.051707652990956456,0.003046096578885314,0.17274277028841462,0.009250875353655976,0.9252,0.012105891626696142,0.0116,0.42532289083226715
3,16,0.75,0.75,2500,estimated,0.05267787070067555,0.0031053024061585026,0.1762383271679501,0.00960489612788376,0.9252,0.014057530036733868,0.0104,0.4267649355749177
3,16,0.75,0.75,2500,conservative,0.05312969289459433,0.002815716266470508,0.18092055780002092,0.00791875433835368,0.926,0.02632904219374564,0.006,0.4048960728966646
3,16,0.75,0.75,2500,naive,0.07979299005491375,0.005138581391848379,0.7984426558365106,0.06832264383932972,0.9108,0.07571017761001748,0.0672,0.48605378746360056
3,16,0.75,0.75,2500,one_per_group,0.06894178984540023,0.003357624652846729,0.223967278884671,0.009751427346143975,0.9008,0.01860015153783132,0.0112,0.39999319994656246
3,16,0.95,0.25,2500,oracle,0.2078676177685294,0.0034250021693756263,0.6036246615425416,0.007869787618993184,0.6832,0.022541823628293916,0.002,0.17138358228311523
3,16,0.95,0.25,2500,estimated,0.2079550751658363,0.003538137794596766,0.6036515030159191,0.008197820406581435,0.6824,0.022656439687007843,0.0028,0.17785389698458443
3,16,0.95,0.25,2500,conservative,0.20794084703718899,0.003324838195552035,0.6036827377824275,0.0075721683840715495,0.684,0.02348085984826795,0.0012,0.1659476781651902
3,16,0.95,0.25,2500,naive,0.2955082200798043,0.008242474225181632,1.8902440577723114,0.07425482105603663,0.6648,0.26981781923562853,0.2392,0.4296101573063524
3,16,0.95,0.25,2500,one_per_group,0.20971617892422073,0.0033886456026940705,0.6080362908364416,0.0077726822350121915,0.6744,0.018275154310146976,0.0016,0.16795256941946798
3,16,0.95,0.75,2500,oracle,0.07343607318424619,0.0037406030859316623,0.24205797471987936,0.011629157940314465,0.8976,0.017722526479107197,0.018,0.4107348222566512
3,16,0.95,0.75,2500,estimated,0.07426252544851301,0.0038226573011822767,0.24524204645650347,0.012087253156551743,0.898,0.0228520666926366,0.0208,0.414143443507572
3,16,0.95,0.75,2500,conservative,0.07328424724325462,0.0036838225318630126,0.24125645273418822,0.011240958147945276,0.8976,0.014285415732895185,0.0176,0.4068479040228951
3,16,0.95,0.75,2500,naive,0.11476924704336496,0.0061167361115726125,1.3655884150439008,0.09738119492677788,0.876,0.1100977581403722,0.1024,0.4860977581403722
3,16,0.95,0.75,2500,one_per_group,0.07653698970954682,0.003778829430596159,0.2500391203078725,0.011482889628854773,0.8972,0.018157311353085265,0.0172,0.4056969446526078
8,1,0.0,0.25,2500,oracle,0.15728664704310544,0.003977130870022316,0.4772086465382544,0.009937385743710803,0.7664,0.020374175442070114,0.01,0.2621861715197746
8,1,0.0,0.25,2500,estimated,0.15728664704310544,0.003977130870022316,0.4772086465382544,0.009937385743710803,0.7664,0.020374175442070114,0.01,0.2621861715197746
8,1,0.0,0.25,2500,conservative,0.15728664704310544,0.003977130870022316,0.4772086465382544,0.009937385743710803,0.7664,0.020374175442070114,0.01,0.2621861715197746
8,1,0.0,0.25,2500,naive,0.15728664704310544,0.003977130870022316,0.4772086465382544,0.009937385743710803,0.7664,0.020374175442070114,0.01,0.2621861715197746
8,1,0.0,0.25,2500,one_per_group,0.15728664704310544,0.003977130870022316,0.4772086465382544,0.009937385743710803,0.7664,0.020374175442070114,0.01,0.2621861715197746
8,1,0.0,0.75,2500,oracle,0.014216812827798126,0.001807244548514108,0.04857830604414457,0.005941679617276775,0.982,0.007607324877121327,0.0052,0.48350873687527257
8,1,0.0,0.75,2500,estimated,0.014216812827798126,0.001807244548514108,0.04857830604414457,0.005941679617276775,0.982,0.007607324877121327,0.0052,0.48350873687527257
8,1,0.0,0.75,2500,conservative,0.014216812827798126,0.001807244548514108,0.04857830604414457,0.005941679617276775,0.982,0.007607324877121327,0.0052,0.48350873687527257
8,1,0.0,0.75,2500,naive,0.014216812827798126,0.001807244548514108,0.04857830604414457,0.005941679617276775,0.982,0.007607324877121327,0.0052,0.48350873687527257
8,1,0.0,0.75,2500,one_per_group,0.014216812827798126,0.001807244548514108,0.04857830604414457,0.005941679617276775,0.982,0.007607324877121327,0.0052,0.48350873687527257
8,1,0.25,0.25,2500,oracle,0.16028704548135636,0.0041018349663484955,0.4859888966204912,0.010483815052660484,0.7632,0.026341408602417488,0.0112,0.2669976717530627
8,1,0.25,0.25,2500,estimated,0.16028704548135636,0.0041018349663484955,0.4859888966204912,0.010483815052660484,0.7632,0.026341408602417488,0.0112,0.2669976717530627
8,1,0.25,0.25,2500,conservative,0.16028704548135636,0.0041018349663484955,0.4859888966204912,0.010483815052660484,0.7632,0.026341408602417488,0.0112,0.2669976717530627
8,1,0.25,0.25,2500,naive,0.16028704548135636,0.0041018349663484955,0.4859888966204912,0.010483815052660484,0.7632,0.026341408602417488,0.0112,0.2669976717530627
8,1,0.25,0.25,2500,one_per_group,0.16028704548135636,0.0041018349663484955,0.4859888966204912,0.010483815052660484,0.7632,0.026341408602417488,0.0112,0.2669976717530627
8,1,0.25,0.75,2500,oracle,0.011193718377185892,0.0015401803046946278,0.043688092707009116,0.006078943457054434,0.9844,0.008769465776039537,0.004,0.4825853247988406
8,1,0.25,0.75,2500,estimated,0.011193718377185892,0.0015401803046946278,0.043688092707009116,0.006078943457054434,0.9844,0.008769465776039537,0.004,0.4825853247988406
8,1,0.25,0.75,2500,conservative,0.011193718377185892,0.0015401803046946278,0.043688092707009116,0.006078943457054434,0.9844,0.008769465776039537,0.004,0.4825853247988406
8,1,0.25,0.75,2500,naive,0.011193718377185892,0.0015401803046946278,0.043688092707009116,0.006078943457054434,0.9844,0.008769465776039537,0.004,0.4825853247988406
8,1,0.25,0.75,2500,one_per_group,0.011193718377185892,0.0015401803046946278,0.043688092707009116,0.006078943457054434,0.9844,0.008769465776039537,0.004,0.4825853247988406
8,1,0.5,0.25,2500,oracle,0.1600937828977545,0.004042336292683777,0.48509079171464425,0.010205915409403648,0.7684,0.022677576686770947,0.012,0.2628216931382844
8,1,0.5,0.25,2500,estimated,0.1600937828977545,0.004042336292683777,0.48509079171464425,0.010205915409403648,0.7684,0.022677576686770947,0.012,0.2628216931382844
8,1,0.5,0.25,2500,conservative,0.1600937828977545,0.004042336292683777,0.48509079171464425,0.010205915409403648,0.7684,0.022677576686770947,0.012,0.2628216931382844
8,1,0.5,0.25,2500,naive,0.1600937828977545,0.004042336292683777,0.48509079171464425,0.010205915409403648,0.7684,0.022677576686770947,0.012,0.2628216931382844
8,1,0.5,0.25,2500,one_per_group,0.1600937828977545,0.004042336292683777,0.48509079171464425,0.010205915409403648,0.7684,0.022677576686770947,0.012,0.2628216931382844
8,1,0.5,0.75,2500,oracle,0.012784012986538154,0.0016004124858550904,0.044402584873002415,0.005607419493910388,0.9812,0.0074534161707173995,0.002,0.4822256591989303
8,1,0.5,0.75,2500,estimated,0.012784012986538154,0.0016004124858550904,0.044402584873002415,0.005607419493910388,0.9812,0.0074534161707173995,0.002,0.4822256591989303
8,1,0.5,0.75,2500,conservative,0.012784012986538154,0.0016004124858550904,0.044402584873002415,0.005607419493910388,0.9812,0.0074534161707173995,0.002,0.4822256591989303
8,1,0.5,0.75,2500,naive,0.012784012986538154,0.0016004124858550904,0.044402584873002415,0.005607419493910388,0.9812,0.0074534161707173995,0.002,0.4822256591989303
8,1,0.5,0.75,2500,one_per_group,0.012784012986538154,0.0016004124858550904,0.044402584873002415,0.005607419493910388,0.9812,0.0074534161707173995,0.002,0.4822256591989303
8,1,0.75,0.25,2500,oracle,0.1600670265382722,0.003985159758780849,0.4855499550353914,0.010149340851992993,0.7664,0.012518592913172671,0.01,0.25871858762104855
8,1,0.75,0.25,2500,estimated,0.1600670265382722,0.003985159758780849,0.4855499550353914,0.010149340851992993,0.7664,0.012518592913172671,0.01,0.25871858762104855
8,1,0.75,0.25,2500,conservative,0.1600670265382722,0.003985159758780849,0.4855499550353914,0.010149340851992993,0.7664,0.012518592913172671,0.01,0.25871858762104855
8,1,0.75,0.25,2500,naive,0.1600670265382722,0.003985159758780849,0.4855499550353914,0.010149340851992993,0.7664,0.012518592913172671,0.01,0.25871858762104855
8,1,0.75,0.25,2500,one_per_group,0.1600670265382722,0.003985159758780849,0.4855499550353914,0.010149340851992993,0.7664,0.012518592913172671,0.01,0.25871858762104855
8,1,0.75,0.75,2500,oracle,0.012967172432216439,0.0017278138321117165,0.04524707906774803,0.005652474318019553,0.9832,0.006320405305178376,0.0056,0.4837529537740731
8,1,0.75,0.75,2500,estimated,0.012967172432216439,0.0017278138321117165,0.04524707906774803,0.005652474318019553,0.9832,0.006320405305178376,0.0056,0.4837529537740731
8,1,0.75,0.75,2500,conservative,0.012967172432216439,0.0017278138321117165,0.04524707906774803,0.005652474318019553,0.9832,0.006320405305178376,0.0056,0.4837529537740731
8,1,0.75,0.75,2500,naive,0.012967172432216439,0.0017278138321117165,0.04524707906774803,0.005652474318019553,0.9832,0.006320405305178376,0.0056,0.4837529537740731
8,1,0.75,0.75,2500,one_per_group,0.012967172432216439,0.0017278138321117165,0.04524707906774803,0.005652474318019553,0.9832,0.006320405305178376,0.0056,0.4837529537740731
8,1,0.95,0.25,2500,oracle,0.15833402704083074,0.004012036110505159,0.4825139229055934,0.010238703671259097,0.7704,0.016836034439018637,0.0108,0.26174431042219765
8,1,0.95,0.25,2500,estimated,0.15833402704083074,0.004012036110505159,0.4825139229055934,0.010238703671259097,0.7704,0.016836034439018637,0.0108,0.26174431042219765
8,1,0.95,0.25,2500,conservative,0.15833402704083074,0.004012036110505159,0.4825139229055934,0.010238703671259097,0.7704,0.016836034439018637,0.0108,0.26174431042219765
8,1,0.95,0.25,2500,naive,0.15833402704083074,0.004012036110505159,0.4825139229055934,0.010238703671259097,0.7704,0.016836034439018637,0.0108,0.26174431042219765
8,1,0.95,0.25,2500,one_per_group,0.15833402704083074,0.004012036110505159,0.4825139229055934,0.010238703671259097,0.7704,0.016836034439018637,0.0108,0.26174431042219765
8,1,0.95,0.75,2500,oracle,0.013784802149695704,0.001752226996157677,0.04904192351009868,0.005918917627140773,0.9828,0.006014853778293088,0.0044,0.48158196591064123
8,1,0.95,0.75,2500,estimated,0.013784802149695704,0.001752226996157677,0.04904192351009868,0.005918917627140773,0.9828,0.006014853778293088,0.0044,0.48158196591064123
8,1,0.95,0.75,2500,conservative,0.013784802149695704,0.001752226996157677,0.04904192351009868,0.005918917627140773,0.9828,0.006014853778293088,0.0044,0.48158196591064123
8,1,0.95,0.75,2500,naive,0.013784802149695704,0.001752226996157677,0.04904192351009868,0.005918917627140773,0.9828,0.006014853778293088,0.0044,0.48158196591064123
8,1,0.95,0.75,2500,one_per_group,0.013784802149695704,0.001752226996157677,0.04904192351009868,0.005918917627140773,0.9828,0.006014853778293088,0.0044,0.48158196591064123
8,2,0.0,0.25,2500,oracle,0.12871941358212197,0.003874299167553223,0.39756978032271073,0.009995476757598175,0.8148,0.024477211313917058,0.0092,0.3038483748490831
8,2,0.0,0.25,2500,estimated,0.12887972879251444,0.0038061984107760007,0.3984807869710195,0.009729144989646063,0.8128,0.027227917947835006,0.0084,0.2990270346620136
8,2,0.0,0.25,2500,conservative,0.13774620191096393,0.0032815314636035265,0.4301471633502917,0.007775041575409741,0.8032,0.06070821417480106,0.0004,0.24671515009186723
8,2,0.0,0.25,2500,naive,0.12871941358212197,0.003874299167553223,0.39756978032271073,0.009995476757598175,0.8148,0.024477211313917058,0.0092,0.3038483748490831
8,2,0.0,0.25,2500,one_per_group,0.1542307871486354,0.003846152357074409,0.4673992485565985,0.009502743674343351,0.7744,0.030934998371028342,0.0064,0.2600125769619248
8,2,0.0,0.75,2500,oracle,0.0031649683456794597,0.000835276136950904,0.01233341862510399,0.0030668990307600795,0.9964,0.0031178072586679558,0.0008,0.4949535609872212
8,2,0.0,0.75,2500,estimated,0.003310151079661771,0.0008378416758459447,0.012867127828041617,0.0030733282993553796,0.9964,0.003924407523101467,0.0008,0.4944677349562854
8,2,0.0,0.75,2500,conservative,0.0062224296423592585,0.0010414337092652587,0.023184006258289577,0.003247453049070273,0.992,0.005453602033971264,0.0012,0.4875509377998438
8,2,0.0,0.75,2500,naive,0.0031649683456794597,0.000835276136950904,0.01233341862510399,0.0030668990307600795,0.9964,0.0031178072586679558,0.0008,0.4949535609872212
8,2,0.0,0.75,2500,one_per_group,0.013093811975817814,0.0017436328439387712,0.04502679734209439,0.005360106283158564,0.9828,0.006942655501517523,0.004,0.4835492619466495
8,2,0.25,0.25,2500,oracle,0.13884358377623224,0.003934563664630064,0.42948441710767604,0.01027442545114435,0.7948,0.022503358652225084,0.0108,0.2880204409999863
8,2,0.25,0.25,2500,estimated,0.13983781961401057,0.0039724815763156705,0.43216702313849,0.010416987758357386,0.7972,0.01782192398281856,0.0112,0.28893576693043044
8,2,0.25,0.25,2500,conservative,0.14510435846652106,0.0035323116126796477,0.4489578343349583,0.008677627069935495,0.7952,0.046903500351221455,0.0052,0.25015492998069166
8,2,0.25,0.25,2500,naive,0.13960178222510405,0.004244124583057149,0.43156095130017075,0.01165536866594877,0.798,0.02201865233742084,0.018,0.30866906153196405
8,2,0.25,0.25,2500,one_per_group,0.1561130805913529,0.003980300035487106,0.4759819880183693,0.010071658137491335,0.7728,0.017981151603678757,0.0104,0.2630282174816782
8,2,0.25,0.75,2500,oracle,0.006339407731580362,0.0011697092322215602,0.02374721653933533,0.0051411561721761674,0.9916,0.002552078434601597,0.0016,0.49153820682479793
8,2,0.25,0.75,2500,estimated,0.006591228864459936,0.0011908708574582217,0.024407591315303963,0.005236931375681818,0.9908,0.0031919221697735245,0.0016,0.49155284033896485
8,2,0.25,0.75,2500,conservative,0.007612959551814103,0.001243286002979821,0.029369354933115353,0.005031020992389304,0.99,0.004747867364360503,0.0024,0.48734486660088405
8,2,0.25,0.75,2500,naive,0.0062278030334704795,0.0012293184606256406,0.02373000121037725,0.00550426802352626,0.992,0.005012262338306568,0.002,0.4931234289213355
8,2,0.25,0.75,2500,one_per_group,0.012423760422348058,0.001678603366694576,0.04630196574505337,0.006714838863660069,0.9816,0.005517310060540874,0.0044,0.48408765614833366
8,2,0.5,0.25,2500,oracle,0.152962195980133,0.004171052539556233,0.467282096601196,0.010925221186640677,0.7752,0.015483460746632493,0.0132,0.2816928312669359
8,2,0.5,0.25,2500,estimated,0.152714032750284,0.0041804647907968265,0.4667828502943491,0.010992913050594872,0.7756,0.015729630738309814,0.0132,0.28258862401857726
8,2,0.5,0.25,2500,conservative,0.1547644347956004,0.0038526723481758984,0.47248722532044723,0.009649301450112497,0.7744,0.024494095731217212,0.0076,0.2572099277818591
8,2,0.5,0.25,2500,naive,0.15759836420195925,0.00481919377761756,0.48675830246000107,0.014092293119058678,0.7724,0.048046438552580464,0.0344,0.3204464385525805
8,2,0.5,0.25,2500,one_per_group,0.16052598508830004,0.00401317889042782,0.48590569906718084,0.010218082437076384,0.7572,0.015384425201954967,0.012,0.26121320959062005
8,2,0.5,0.75,2500,oracle,0.00795865851208166,0.00137303865221708,0.029646847956894692,0.0049095224400055,0.9896,0.0025724836640708022,0.0028,0.48968598214529513
8,2,0.5,0.75,2500,estimated,0.008048930041356211,0.0013830441919830932,0.03021440579701818,0.005044808760958719,0.9892,0.004886901064124329,0.0028,0.48964053792938395
8,2,0.5,0.75,2500,conservative,0.008230316153003143,0.0013275623385455716,0.030695725009262726,0.004324461744650345,0.99,0.004222292462411829,0.0024,0.48676531889588676
8,2,0.5,0.75,2500,naive,0.008670016414609053,0.0015043306439172092,0.03462511388425087,0.006626812489387334,0.9892,0.00760702652063983,0.0048,0.49149060876383865
8,2,0.5,0.75,2500,one_per_group,0.011131838509979964,0.0015480857756263364,0.03960861489864788,0.005039269805393934,0.9848,0.0048376211883693196,0.0028,0.4841409681303575
8,2,0.75,0.25,2500,oracle,0.15354602113795054,0.004063903768653763,0.47041077608931725,0.01049113036584172,0.7792,0.016813654616791438,0.0112,0.2718123338404475
8,2,0.75,0.25,2500,estimated,0.1538107222737768,0.004073191857250816,0.4708883697796595,0.010529013480458847,0.7792,0.018577962836206066,0.0108,0.272346909748146
8,2,0.75,0.25,2500,conservative,0.1543055051324903,0.003916410766818163,0.47228714339537525,0.00988522142075496,0.776,0.028149849313436476,0.0092,0.26100680992396436
8,2,0.75,0.25,2500,naive,0.1603527154916451,0.004939731808692525,0.500518554439649,0.014935222007815227,0.768,0.057069172655866814,0.0376,0.3230570573541893
8,2,0.75,0.25,2500,one_per_group,0.1590625237319021,0.00406091815826684,0.48495066931398534,0.010455775983274436,0.7752,0.021805061268501638,0.0116,0.26349211675787837
8,2,0.75,0.75,2500,oracle,0.011175010737505021,0.0015293773082619073,0.03790803893030845,0.004914734017409939,0.9844,0.003874747082601383,0.0028,0.4850214945186106
8,2,0.75,0.75,2500,estimated,0.01171097271148807,0.0015916428316221207,0.039457513377655705,0.0051483598735716255,0.9832,0.004168516142769804,0.0032,0.48557432652091687
8,2,0.75,0.75,2500,conservative,0.010945685340657749,0.001472121825245722,0.037616406894895905,0.0046209380578526174,0.9848,0.004373216097684493,0.0024,0.4836624181187194
8,2,0.75,0.75,2500,naive,0.01477260030249212,0.0019923029680942025,0.054410039857521054,0.008272097488298696,0.98,0.00908331191458725,0.0072,0.48908331191458726
8,2,0.75,0.75,2500,one_per_group,0.01272584656870106,0.0016431814587946306,0.04375014584260458,0.00536383211174007,0.9832,0.005484562679495058,0.0044,0.48286030657639906
8,2,0.95,0.25,2500,oracle,0.16097764111470803,0.004002556956742649,0.48850612880123956,0.010361459208393198,0.7564,0.023795059120322024,0.0156,0.2594022245520411
8,2,0.95,0.25,2500,estimated,0.16141911375286608,0.004041329446924884,0.48983306047967046,0.01053051828923027,0.7568,0.02052145564649708,0.016,0.2613528484212067
8,2,0.95,0.25,2500,conservative,0.16096903264494458,0.003972549169179268,0.4884002467221059,0.010234506901468305,0.758,0.01981790387588638,0.0144,0.2574815630189523
8,2,0.95,0.25,2500,naive,0.17404001673633596,0.0051685904508624566,0.5452994322548442,0.01644899119768836,0.7548,0.07506602062479432,0.0484,0.3215185488391767
8,2,0.95,0.25,2500,one_per_group,0.16167913055179853,0.0039945695174773135,0.4901913919121871,0.010289798217673191,0.758,0.016202145964056835,0.0144,0.2580382362070273
8,2,0.95,0.75,2500,oracle,0.013492622140908173,0.001731681050290792,0.045462946768333234,0.005498676315085684,0.9804,0.004872616079908122,0.0048,0.4835181259699264
8,2,0.95,0.75,2500,estimated,0.013471655165776607,0.0017298242763613466,0.04559888567369131,0.005578655244899768,0.9808,0.006587835978892182,0.0044,0.48367870485206066
8,2,0.95,0.75,2500,conservative,0.013465624942962126,0.001726639888146278,0.04534713206234785,0.005443429697846761,0.9816,0.004314745181307475,0.0048,0.48336554292907585
8,2,0.95,0.75,2500,naive,0.018532971144931205,0.0022959089484718923,0.06976441927993922,0.009440698788211181,0.978,0.013161249892467163,0.0104,0.48819773874316796
8,2,0.95,0.75,2500,one_per_group,0.012841454613830638,0.0016617846084537222,0.044288936956784423,0.005417741486276058,0.9824,0.003126443187051127,0.0044,0.48292757042876017
8,4,0.0,0.25,2500,oracle,0.09548162827872188,0.0038537378129336695,0.3085762861056787,0.011319177067408733,0.864,0.01325648387046259,0.0172,0.3657650121469894
8,4,0.0,0.25,2500,estimated,0.09617860588222255,0.0037186015556222125,0.31150639078265285,0.010663984713712518,0.862,0.016081965978190695,0.0152,0.35401388482418306
8,4,0.0,0.25,2500,conservative,0.12578226124333308,0.002853384467733474,0.4079829280881506,0.006704446013751702,0.8372,0.10072649679544862,0.0008,0.23647350320455138
8,4,0.0,0.25,2500,naive,0.09548162827872188,0.0038537378129336695,0.3085762861056787,0.011319177067408733,0.864,0.01325648387046259,0.0172,0.3657650121469894
8,4,0.0,0.25,2500,one_per_group,0.158672000251551,0.004009813553447855,0.4843478046764904,0.010270478073672106,0.7676,0.021517755289071225,0.0156,0.26024306660341945
8,4,0.0,0.75,2500,oracle,0.001217605786859777,0.0005461217537021522,0.003715140503107821,0.0015174540831334798,0.9984,0.0012356566602589178,0.0004,0.49894158856348686
8,4,0.0,0.75,2500,estimated,0.0012570207693378811,0.0005315586975232364,0.003754340634059843,0.0014042122300250374,0.9984,0.001264710169899128,0.0,0.49873586853654606
8,4,0.0,0.75,2500,conservative,0.001976684137826832,0.0005093623784732482,0.008887910008066663,0.0014217514103182145,0.9984,0.0049517199389677614,0.0,0.4936725294103729
8,4,0.0,0.75,2500,naive,0.001217605786859777,0.0005461217537021522,0.003715140503107821,0.0015174540831334798,0.9984,0.0012356566602589178,0.0004,0.49894158856348686
8,4,0.0,0.75,2500,one_per_group,0.010972315425072822,0.0015383411384468667,0.04014385087962832,0.005441670901974112,0.9856,0.004398482053038613,0.0036,0.4842879934339947
8,4,0.25,0.25,2500,oracle,0.12475742955020484,0.004069330473115109,0.3897792813238232,0.011277827833379392,0.8188,0.013500740777555937,0.0144,0.3234832624644688
8,4,0.25,0.25,2500,estimated,0.12776396906251464,0.004222546377774149,0.40044241195978947,0.012040256646624295,0.8148,0.01776588622445681,0.0216,0.3275524488176071
8,4,0.25,0.25,2500,conservative,0.13668930280374933,0.0032032655846342194,0.43038964910184596,0.007683430876314585,0.8168,0.07472298084728995,0.002,0.24207701915271004
8,4,0.25,0.25,2500,naive,0.13028970348705463,0.004852283402076108,0.4200105975936517,0.01613633416584407,0.818,0.052570235261683154,0.0408,0.3705607765154756
8,4,0.25,0.25,2500,one_per_group,0.15838587650327307,0.003966061094846352,0.4833104584260331,0.010227532366459971,0.7708,0.02805385878741519,0.012,0.25829053949707265
8,4,0.25,0.75,2500,oracle,0.0029290109685709835,0.0008467073432285242,0.009600439419136476,0.002553300319758714,0.996,0.0014946953010732391,0.0012,0.496987295432777
8,4,0.25,0.75,2500,estimated,0.0032463081427723892,0.000899786084315509,0.010850203600064182,0.002865562318218165,0.9956,0.0023696399951208084,0.0016,0.4968250150075266
8,4,0.25,0.75,2500,conservative,0.004186786829397324,0.000858897247851331,0.016112050595225056,0.0025644377549001946,0.9944,0.0052601105412675205,0.0004,0.4909566388793528
8,4,0.25,0.75,2500,naive,0.002628434181557697,0.0008480660826964945,0.009022086509056658,0.0028679171468863522,0.9968,0.0023758525836681736,0.0016,0.49783092804570395
8,4,0.25,0.75,2500,one_per_group,0.013456158184495862,0.0017201938015451862,0.04650447069901407,0.005559158450057392,0.9824,0.0034326390131828367,0.0036,0.48239191852631763
8,4,0.5,0.25,2500,oracle,0.14073249491036086,0.004136506464992179,0.435745593874063,0.011003447182961373,0.7988,0.015710347700027,0.014,0.2965772532629192
8,4,0.5,0.25,2500,estimated,0.14135352964787934,0.004198081903488671,0.4378799661749752,0.011333088832348563,0.798,0.014287983171258152,0.0164,0.3000054872137202
8,4,0.5,0.25,2500,conservative,0.1464423097635543,0.003574903906382654,0.4535304981082188,0.008773836911955267,0.7976,0.04780983161619435,0.0044,0.24979016838380566
8,4,0.5,0.25,2500,naive,0.1545994888650619,0.005546379584212876,0.520694151170891,0.020248996297405075,0.7892,0.08988690791899176,0.0688,0.3790869079189918
8,4,0.5,0.25,2500,one_per_group,0.16515330889471502,0.004124769197151327,0.49943556342103257,0.010513944021604651,0.756,0.020832740929930673,0.0128,0.2604713702647012
8,4,0.5,0.75,2500,oracle,0.004987397001292898,0.001059514454901238,0.017206378860605564,0.003250582380964086,0.994,0.003550288467433079,0.002,0.4933532589881133
8,4,0.5,0.75,2500,estimated,0.005277101521014378,0.0010887996443963337,0.017897809347840368,0.003270014679901502,0.9928,0.0017338033949204858,0.0016,0.49311896587200965
8,4,0.5,0.75,2500,conservative,0.005563836552570557,0.001027004869613161,0.021386223696591402,0.003236339071698953,0.994,0.005452217343845163,0.0016,0.4889793257621155
8,4,0.5,0.75,2500,naive,0.0072699073819624815,0.0014171592202629015,0.02956422622014772,0.007154814522095942,0.9896,0.0064162899893159975,0.004,0.49539481248201256
8,4,0.5,0.75,2500,one_per_group,0.015374217521292219,0.0019181875001424394,0.05034171110325989,0.005726077519434588,0.9792,0.00654022549887029,0.0068,0.48389838621732895
8,4,0.75,0.25,2500,oracle,0.1502279467723279,0.004092683763245432,0.462204270268687,0.010671842914234859,0.7824,0.02258391496115449,0.0144,0.27700331874901774
8,4,0.75,0.25,2500,estimated,0.15175588925314473,0.004172255815558181,0.4664802168639593,0.01096301294312171,0.7824,0.026765982699053864,0.016,0.28034636514526534
8,4,0.75,0.25,2500,conservative,0.1518080850030408,0.003813209498996297,0.46656806813614293,0.009548118330525249,0.7816,0.03267432344301494,0.0104,0.2561169567066152
8,4,0.75,0.25,2500,naive,0.1727714694333387,0.006013808127496636,0.6169287745787472,0.024400656923091898,0.7708,0.11478564789646158,0.0896,0.38558564789646155
8,4,0.75,0.25,2500,one_per_group,0.16115446102588887,0.004082789846115882,0.49136004129618804,0.01054327546588059,0.764,0.02237434144385511,0.0168,0.26030235809264995
8,4,0.75,0.75,2500,oracle,0.010983917951471904,0.0015817923329152722,0.03912561443774433,0.005555766640261329,0.9848,0.006564248404759467,0.0036,0.4864331894341447
8,4,0.75,0.75,2500,estimated,0.011276344572341461,0.001617028209947281,0.04120506548463158,0.005981164754873968,0.9856,0.005968981316684704,0.0048,0.4862344787071015
8,4,0.75,0.75,2500,conservative,0.011445313390936572,0.0015509110133332781,0.040009894528960546,0.005027203281525911,0.9832,0.0077440185146036445,0.0032,0.48386050320999874
8,4,0.75,0.75,2500,naive,0.01581741707368829,0.0022272021516759203,0.08102291785941529,0.01494584014254908,0.9804,0.014527531970564785,0.0116,0.4936330148728108
8,4,0.75,0.75,2500,one_per_group,0.013977881611195963,0.0016890520362349323,0.04937756581051364,0.006034181728294567,0.9812,0.004331141047974227,0.0036,0.48030415290528927
8,4,0.95,0.25,2500,oracle,0.15797623495598656,0.004027585003997439,0.47800108289669935,0.010025173718049037,0.7688,0.013320393403525903,0.0084,0.2655942442906953
8,4,0.95,0.25,2500,estimated,0.15871219913051285,0.004095102245971571,0.479634444427022,0.010275555435315848,0.7648,0.015706340211274584,0.0092,0.2691394270595355
8,4,0.95,0.25,2500,conservative,0.158074373391365,0.003973543709997055,0.47841790264697903,0.009820411218043256,0.7676,0.014146698105011289,0.0076,0.261867455293996
8,4,0.95,0.25,2500,naive,0.19222168420032196,0.0063214025289007915,0.6899126647087632,0.026201230478097713,0.742,0.14469399494403448,0.102,0.38669399494403445
8,4,0.95,0.25,2500,one_per_group,0.16004814588766816,0.004037728635185727,0.48350109208773867,0.010045517191835352,0.7688,0.020174104488392713,0.0076,0.26311982482527807
8,4,0.95,0.75,2500,oracle,0.013114813481038266,0.0017036930025481041,0.04539043199352495,0.005725809020126292,0.9832,0.006433053866047119,0.0032,0.4835199285730255
8,4,0.95,0.75,2500,estimated,0.013178279612454873,0.0017169961595050543,0.04511799039713444,0.005659444833160835,0.982,0.005384830996232157,0.004,0.4839097282865039
8,4,0.95,0.75,2500,conservative,0.013139337521758077,0.001689942278110269,0.04534951046551858,0.005603655184180446,0.9832,0.006572813773531889,0.0032,0.48300318214017596
8,4,0.95,0.75,2500,naive,0.020135682962959877,0.002563487480485506,0.11685368772788729,0.018738076228678867,0.9768,0.018052381953192732,0.0156,0.49250726096925734
8,4,0.95,0.75,2500,one_per_group,0.01498903146565862,0.0018509354966167108,0.05178712285792078,0.006375725428749348,0.9804,0.00882452205512993,0.0048,0.4827638299064808
8,8,0.0,0.25,2500,oracle,0.05005921197491864,0.003114659435160016,0.16796843746863194,0.009664995025446066,0.9312,0.01094304856466279,0.012,0.43318529194839156
8,8,0.0,0.25,2500,estimated,0.0530686777554248,0.0030404980609658044,0.17962131914997095,0.008875761568658958,0.9304,0.013845461591975522,0.0116,0.41697916461393825
8,8,0.0,0.25,2500,conservative,0.10710932938950792,0.002180970890459888,0.370268346592119,0.005093990375078294,0.9012,0.1715904458738462,0.0,0.22960955412615378
8,8,0.0,0.25,2500,naive,0.05005921197491864,0.003114659435160016,0.16796843746863194,0.009664995025446066,0.9312,0.01094304856466279,0.012,0.43318529194839156
8,8,0.0,0.25,2500,one_per_group,0.16083120405619744,0.00409344170116715,0.4877662686936219,0.01054225932506793,0.7652,0.02067084232605627,0.0148,0.26472261578916534
8,8,0.0,0.75,2500,oracle,2.1043073065756377e-09,1.6267982351503859e-09,1.4736567541161869e-06,9.17961479764801e-07,1.0,1.472603382582635e-06,0.0,0.4999985273966175
8,8,0.0,0.75,2500,estimated,8.4595390144749e-09,7.100615946471772e-09,3.593316735411361e-06,1.8418655702546934e-06,1.0,3.5890765888272423e-06,0.0,0.4999964109234112
8,8,0.0,0.75,2500,conservative,0.00023636104459225148,8.788700211172339e-05,0.002424940166859805,0.00035631325059073753,1.0,0.002279747003052384,0.0,0.49772025299694767
8,8,0.0,0.75,2500,naive,2.1043073065756377e-09,1.6267982351503859e-09,1.4736567541161869e-06,9.17961479764801e-07,1.0,1.472603382582635e-06,0.0,0.4999985273966175
8,8,0.0,0.75,2500,one_per_group,0.012960463626261779,0.0016567262923472062,0.04395190907948378,0.005352900736888713,0.982,0.005004406896271328,0.0028,0.4832422299586023
8,8,0.25,0.25,2500,oracle,0.10405743096471111,0.003978131011336646,0.33481803761052636,0.011386631173998239,0.8532,0.013567393616847579,0.02,0.3531952137671851
8,8,0.25,0.25,2500,estimated,0.11274930522756492,0.004351706715207879,0.363453148182462,0.01328996591825629,0.8408,0.02528721577842858,0.03,0.3632816163563044
8,8,0.25,0.25,2500,conservative,0.126398565465832,0.002826306394431448,0.41055012798423185,0.0066232124626700965,0.8456,0.11203779609875716,0.0016,0.23356220390124285
8,8,0.25,0.25,2500,naive,0.11711288345073073,0.005246851934370003,0.43773114853345557,0.022950984276150707,0.8444,0.08002730087263626,0.0564,0.42442730087263625
8,8,0.25,0.25,2500,one_per_group,0.16076875681798225,0.003976792502495105,0.4864402341242999,0.009865590326085747,0.7668,0.019682240766078263,0.01,0.2574243019057426
8,8,0.25,0.75,2500,oracle,6.487172571228922e-05,4.3997015421257627e-05,0.00042455405285993583,0.00018716978578745582,1.0,0.000384945757770118,0.0,0.49961505424222996
8,8,0.25,0.75,2500,estimated,0.0003805239843766714,0.0003283986214717564,0.0013179854446232957,0.0009496387493491167,0.9996,0.0006110233814280981,0.0004,0.4996104930578987
8,8,0.25,0.75,2500,conservative,0.0010721494306600552,0.00037543838107756937,0.005507671762859468,0.000995027087096965,0.9984,0.004207246660458059,0.0,0.4958726554693022
8,8,0.25,0.75,2500,naive,0.00039472431246746396,0.0003310162971350576,0.001188493967457279,0.000947905670841523,0.9996,0.0005673987214668254,0.0004,0.49974379360528526
8,8,0.25,0.75,2500,one_per_group,0.01291253746530827,0.001644193472984051,0.04168600158187791,0.0046424979943472805,0.9812,0.008679314183228735,0.0024,0.48350356346677525
8,8,0.5,0.25,2500,oracle,0.13663310417497943,0.004218526272602472,0.4245790913748153,0.011465405344250416,0.802,0.022660079042995055,0.0196,0.3102713203300705
8,8,0.5,0.25,2500,estimated,0.1401320455788419,0.004364769431222664,0.43578393225620204,0.012328074042190123,0.7956,0.0333564667564416,0.0204,0.31542865816088894
8,8,0.5,0.25,2500,conservative,0.14358792497266398,0.003418946654482155,0.4479120848679715,0.008238224446234102,0.7968,0.06009191169028814,0.004,0.24367102754390377
8,8,0.5,0.25,2500,naive,0.16809332725946405,0.00641184034083834,0.7233705145930905,0.03432359710929206,0.7912,0.1372026497110853,0.1068,0.42659966253700404
8,8,0.5,0.25,2500,one_per_group,0.16635598690536996,0.004126649394149565,0.502080001111745,0.010478447773495086,0.7492,0.023183894939356204,0.0148,0.25904362738727216
8,8,0.5,0.75,2500,oracle,0.0029604721771670692,0.0008477706377501813,0.01313863395669495,0.004345157743744702,0.9964,0.0023291382394603584,0.0008,0.49619758294077676
8,8,0.5,0.75,2500,estimated,0.0032278625529140086,0.000935149910959963,0.01541864596690914,0.005166457164740418,0.996,0.0015729150766754835,0.0012,0.49652787691697714
8,8,0.5,0.75,2500,conservative,0.0034591898911214714,0.0008138485953799982,0.015646544097240245,0.003242554181300416,0.9964,0.005067776290994091,0.0008,0.4918448191267028
8,8,0.5,0.75,2500,naive,0.00663051693889313,0.001463854241939106,0.04147357314396782,0.012891152729875496,0.9916,0.0067911733585315995,0.0044,0.49791083021796895
8,8,0.5,0.75,2500,one_per_group,0.011858252082083106,0.0016661710685512596,0.04338163966549923,0.005625227553885569,0.9832,0.0060042804928328005,0.0048,0.48417023592420194
8,8,0.75,0.25,2500,oracle,0.16295492050745292,0.004327682053000003,0.4929467781545698,0.011405223438703795,0.7616,0.022272904335620007,0.0176,0.2788388030191296
8,8,0.75,0.25,2500,estimated,0.16589907840200854,0.004440524213514012,0.5015461882680227,0.011920992607862238,0.7564,0.03059048545002248,0.0208,0.28278926367641327
8,8,0.75,0.25,2500,conservative,0.16314928611637042,0.003906762278398235,0.49327688943005193,0.009711340190045614,0.7596,0.01750137969021595,0.0088,0.24978001198000124
8,8,0.75,0.25,2500,naive,0.22021269151587722,0.007299508256101357,1.0879332130130983,0.04759019422748811,0.7352,0.1959491238131625,0.1588,0.42960114101706487
8,8,0.75,0.25,2500,one_per_group,0.17488609612693232,0.004248021782191177,0.5229711406241707,0.010884527244279693,0.7304,0.027236106768977433,0.0156,0.2576361067689774
8,8,0.75,0.75,2500,oracle,0.008844638517132639,0.001348307003328556,0.02981177256114116,0.004354913039619308,0.9876,0.003356740121046424,0.002,0.4880657304929196
8,8,0.75,0.75,2500,estimated,0.009460519153453601,0.0014291384496303988,0.03230282945047492,0.004836962881833145,0.9876,0.0025496342165154673,0.0024,0.4880736686095031
8,8,0.75,0.75,2500,conservative,0.008843593349468559,0.001274801094006868,0.03039237631086392,0.0036994266612302607,0.9892,0.007970487216448809,0.0012,0.48502232038760096
8,8,0.75,0.75,2500,naive,0.01627320455678085,0.002372570169848098,0.15021543245508107,0.029736834548360788,0.982,0.01500328996852832,0.0128,0.4960845406902861
8,8,0.75,0.75,2500,one_per_group,0.015135183899585777,0.00181804799910784,0.05142614742879519,0.005808073625676662,0.9804,0.007765797404271323,0.0048,0.480734761518076
8,8,0.95,0.25,2500,oracle,0.16357457692879673,0.004144395362590196,0.4936769870314109,0.010480940070773524,0.7576,0.017994418806257958,0.0136,0.26497567645754094
8,8,0.95,0.25,2500,estimated,0.1634783215847084,0.004228366143443387,0.4939710738808608,0.010849695939087078,0.7592,0.019303559653558802,0.0172,0.27083244222269476
8,8,0.95,0.25,2500,conservative,0.16359192890909374,0.004064615482645748,0.4936918400751094,0.010172846068229206,0.7564,0.012368877643824126,0.0124,0.25961513522475804
8,8,0.95,0.25,2500,naive,0.2240229109039175,0.0074853219039372355,1.185050990842506,0.05054347898266211,0.7356,0.20171279774279818,0.1752,0.4373127977427982
8,8,0.95,0.25,2500,one_per_group,0.16520531169607472,0.004118970965949623,0.4971555678924171,0.010298238922626823,0.756,0.02108937061805924,0.012,0.2614229399030502
8,8,0.95,0.75,2500,oracle,0.01337863475544423,0.0016391508561747583,0.04514629573437838,0.005328919413750251,0.9808,0.0071470053626271485,0.002,0.48152534919636764
8,8,0.95,0.75,2500,estimated,0.013671567850181072,0.0017038981579220744,0.046185045069760865,0.005634669535162238,0.9804,0.005925189289329128,0.0032,0.482591532542385
8,8,0.95,0.75,2500,conservative,0.013375373584054736,0.001617778789648807,0.04528693448262455,0.005187121786391425,0.9804,0.006343630435093752,0.002,0.4806868667362316
8,8,0.95,0.75,2500,naive,0.024439125548519205,0.0029022107640919114,0.1995426137188454,0.032694196276529,0.9724,0.022693899804728506,0.0208,0.49449697959211936
8,8,0.95,0.75,2500,one_per_group,0.014795278332619247,0.0016994080835361952,0.04967255102380237,0.005640500365078471,0.978,0.008231894969719177,0.0024,0.47986392451105947
8,16,0.0,0.25,2500,oracle,0.01702889848871554,0.001898432798624157,0.059153128462041994,0.006487648659621445,0.976,0.0066610747606705,0.0052,0.47771505688809957
8,16,0.0,0.25,2500,estimated,0.021755730510082817,0.0020885514536966685,0.07628947720238625,0.0063560742388076895,0.9732,0.008962788362484382,0.0048,0.46664747905268633
8,16,0.0,0.25,2500,conservative,0.09744141411046417,0.0016927150617289098,0.35520610708940276,0.003910788312133667,0.9376,0.21502466289502764,0.0,0.22257533710497238
8,16,0.0,0.25,2500,naive,0.01702889848871554,0.001898432798624157,0.059153128462041994,0.006487648659621445,0.976,0.0066610747606705,0.0052,0.47771505688809957
8,16,0.0,0.25,2500,one_per_group,0.1583014829628931,0.003946327678225639,0.48184351215980215,0.009871811971884463,0.7672,0.01930010397397297,0.0112,0.2572323136105656
8,16,0.0,0.75,2500,oracle,3.182133734612244e-21,3.181461748297574e-21,1.1516061453699163e-12,1.1281986314760867e-12,1.0,1.1516230404161235e-12,0.0,0.4999999999988484
8,16,0.0,0.75,2500,estimated,5.880920419700985e-14,5.79866439251793e-14,5.8158081321489285e-09,4.849725736425539e-09,1.0,5.815778688221579e-09,0.0,0.4999999941842213
8,16,0.0,0.75,2500,conservative,2.5813210786906076e-05,1.1212001088833658e-05,0.0009452081307318266,0.00010522555861637226,1.0,0.0009314066016203443,0.0,0.4990685933983797
8,16,0.0,0.75,2500,naive,3.182133734612244e-21,3.181461748297574e-21,1.1516061453699163e-12,1.1281986314760867e-12,1.0,1.1516230404161235e-12,0.0,0.4999999999988484
8,16,0.0,0.75,2500,one_per_group,0.015801115815201584,0.00190936412124272,0.05979054949954039,0.007576185060863132,0.978,0.005206836556342658,0.006,0.4803600977414009
8,16,0.25,0.25,2500,oracle,0.08806558014201936,0.003759828520157029,0.283148767770464,0.01080108136797273,0.8756,0.014769527947923172,0.0156,0.3782033006526174
8,16,0.25,0.25,2500,estimated,0.10587807587001366,0.004549381084737937,0.3550266141391723,0.01595904035914868,0.856,0.03846872456634,0.0376,0.3931688692658357
8,16,0.25,0.25,2500,conservative,0.11783866092503677,0.002482845334628303,0.3925646464160417,0.005750746644113352,0.8648,0.13602568522063394,0.0004,0.22877431477936608
8,16,0.25,0.25,2500,naive,0.11146305185377889,0.005615902244463491,0.5575596197108303,0.035762570319264574,0.8656,0.09624781873769692,0.0784,0.45988619439936085
8,16,0.25,0.25,2500,one_per_group,0.16210074967769814,0.003946347647285137,0.4891096415608751,0.009900379427759,0.7512,0.023230697005728135,0.0088,0.25474041511173257
8,16,0.25,0.75,2500,oracle,0.00020810093543700793,0.00017258626880910368,0.0006760006176832608,0.00044488566185251746,0.9996,0.000491954417117043,0.0,0.49962962066415184
8,16,0.25,0.75,2500,estimated,0.0007937118096481682,0.0004607713968080217,0.0027592862734203455,0.0015886804687594274,0.9988,0.0009726068401231828,0.0004,0.49929812028232856
8,16,0.25,0.75,2500,conservative,0.0006106456986842732,0.00022931829741315506,0.003920903408634298,0.0006638673616832255,0.9992,0.00318443027376904,0.0,0.496679137670092
8,16,0.25,0.75,2500,naive,0.0006303463348846258,0.0004380924721413112,0.003044700578447431,0.0024086080686567955,0.9992,0.0008741127366511968,0.0004,0.49965971391831865
8,16,0.25,0.75,2500,one_per_group,0.012906896365439019,0.001675802711539618,0.04927315828849178,0.006748473041385922,0.9832,0.005490828893485321,0.004,0.4818250961894483
8,16,0.5,0.25,2500,oracle,0.1255961641560159,0.004148774250235571,0.3954494602441142,0.011622121971257489,0.8272,0.02056630090342017,0.016,0.32438982657339427
8,16,0.5,0.25,2500,estimated,0.13336116037738735,0.00450378779628549,0.42423824259588416,0.013552955362337976,0.812,0.030490367048153996,0.0304,0.3335741736460894
8,16,0.5,0.25,2500,conservative,0.13422631496132792,0.003171296341458178,0.42580465756955266,0.007608438065684759,0.8228,0.07932386592692355,0.0028,0.24347613407307644
8,16,0.5,0.25,2500,naive,0.17252833703525045,0.006933862845573422,1.164818875272937,0.0644819135890021,0.802,0.15933253638934772,0.138,0.4579964744531441
8,16,0.5,0.25,2500,one_per_group,0.16355782792515364,0.0040684522407762515,0.4966685100681186,0.010549540484653836,0.7604,0.015824609309901445,0.0144,0.2583507167393415
8,16,0.5,0.75,2500,oracle,0.0027565578478973194,0.0008124538810985785,0.009726389171147829,0.0029658868221769967,0.9964,0.002244968122019952,0.0008,0.49711135118270194
8,16,0.5,0.75,2500,estimated,0.004402223663773061,0.0010675700180484003,0.015807117744239485,0.004610374929402201,0.9932,0.0038986446051027172,0.002,0.49669612808835256
8,16,0.5,0.75,2500,conservative,0.0028044350585750754,0.0006954681306191034,0.011588150503397142,0.002007236234472015,0.9964,0.004674345292058155,0.0008,0.4930839705006693
8,16,0.5,0.75,2500,naive,0.005602740907705306,0.0014542111751111371,0.0689593678911059,0.02325073945865784,0.994,0.005685935306361537,0.0052,0.4995661967652975
8,16,0.5,0.75,2500,one_per_group,0.012177997860238756,0.001544753530407593,0.039865548541832024,0.004361457396386373,0.9832,0.006740671161605298,0.0016,0.4824300359069915
8,16,0.75,0.25,2500,oracle,0.14841758284179446,0.004185420425608957,0.4577840680300624,0.011195987274309213,0.7852,0.017014029872936143,0.0164,0.28755529143901815
8,16,0.75,0.25,2500,estimated,0.15072405643831785,0.004300259296050111,0.4643174163126242,0.011685977917075359,0.7776,0.0333467166359512,0.02,0.29212111298798393
8,16,0.75,0.25,2500,conservative,0.15037119095798282,0.0037129774242212928,0.46379926582574443,0.00928373128240218,0.7812,0.03649298943665292,0.008,0.25250426086894834
8,16,0.75,0.25,2500,naive,0.21254613489552243,0.007638355812071581,1.7011404565956472,0.08344208970906236,0.7592,0.20415832991034627,0.1784,0.4633583299103463
8,16,0.75,0.25,2500,one_per_group,0.16297269316262689,0.00412208508884635,0.49245138149304446,0.010477680369072918,0.7628,0.019894524719241472,0.0104,0.263909595840215
8,16,0.75,0.75,2500,oracle,0.005708254050470185,0.0011106667435871994,0.020754699891769254,0.003569482596128763,0.9932,0.004731960081017676,0.0016,0.49124784170592395
8,16,0.75,0.75,2500,estimated,0.006875729417953887,0.0012272297451281077,0.024357984716014427,0.00407665690522875,0.992,0.003052694559191655,0.0016,0.4904659729071179
8,16,0.75,0.75,2500,conservative,0.006166422189211654,0.0010533734977733805,0.023190749445315916,0.0031771958063670307,0.992,0.005898580718850782,0.0012,0.48764019483983523
8,16,0.75,0.75,2500,naive,0.014197334120582699,0.002309251159009576,0.1911654416617712,0.04012425847966536,0.9848,0.014568437691688587,0.0136,0.4988534874913708
8,16,0.75,0.75,2500,one_per_group,0.012565281489138422,0.0015160055530105507,0.04117345261946848,0.0043071209350463106,0.9832,0.004642226705506599,0.0024,0.48059343273367205
8,16,0.95,0.25,2500,oracle,0.1662848745493031,0.0041801303691958456,0.5002223452297131,0.010664690241384198,0.7528,0.023538508719963165,0.0132,0.2646268855771574
8,16,0.95,0.25,2500,estimated,0.16701539285265385,0.004281787285080658,0.5020356519160407,0.011102482487214491,0.748,0.031818502909534745,0.0144,0.2712736824195728
8,16,0.95,0.25,2500,conservative,0.16607493615973185,0.0040836004824676,0.49973745011218096,0.010294342252089314,0.7528,0.02400707084965219,0.0112,0.25831268586883643
8,16,0.95,0.25,2500,naive,0.25022250046206257,0.008239649177578993,2.252635659811002,0.09841301154141537,0.7284,0.23893921292030335,0.2268,0.46733921292030334
8,16,0.95,0.25,2500,one_per_group,0.17026031946132214,0.00421026782353731,0.511220216832117,0.010704908217117321,0.7488,0.021190321651053463,0.0108,0.26026443471960137
8,16,0.95,0.75,2500,oracle,0.012214023174712273,0.0016340841970928191,0.04137524206895022,0.005092818788665014,0.9836,0.005206530540393948,0.0036,0.4842762351624166
8,16,0.95,0.75,2500,estimated,0.012008562116748087,0.001609579355852182,0.04115788808772685,0.005265380856697944,0.9832,0.005526825190654462,0.0032,0.4846905796374494
8,16,0.95,0.75,2500,conservative,0.012160512475514803,0.0016091723467904293,0.041417889644674244,0.004947076752638717,0.9836,0.005601501170899116,0.0036,0.4834014976415987
8,16,0.95,0.75,2500,naive,0.027667914653480032,0.003186826092576551,0.3783475742031418,0.054740073131142444,0.9704,0.027343396662310154,0.0244,0.4974688414555829
8,16,0.95,0.75,2500,one_per_group,0.013893119960922377,0.0017844372089061006,0.04756609367698784,0.005653089708158396,0.9828,0.005031804656185227,0.0052,0.48308507564835435
20,1,0.0,0.25,2500,oracle,0.09615511238158855,0.0038799603194489655,0.30728641441049304,0.011203759994875726,0.8632,0.024608025014709815,0.0156,0.3684414544964685
20,1,0.0,0.25,2500,estimated,0.09615511238158855,0.0038799603194489655,0.30728641441049304,0.011203759994875726,0.8632,0.024608025014709815,0.0156,0.3684414544964685
20,1,0.0,0.25,2500,conservative,0.09615511238158855,0.0038799603194489655,0.30728641441049304,0.011203759994875726,0.8632,0.024608025014709815,0.0156,0.3684414544964685
20,1,0.0,0.25,2500,naive,0.09615511238158855,0.0038799603194489655,0.30728641441049304,0.011203759994875726,0.8632,0.024608025014709815,0.0156,0.3684414544964685
20,1,0.0,0.25,2500,one_per_group,0.09615511238158855,0.0038799603194489655,0.30728641441049304,0.011203759994875726,0.8632,0.024608025014709815,0.0156,0.3684414544964685
20,1,0.0,0.75,2500,oracle,0.00011606262070061242,7.846009622146735e-05,0.0005136620535219239,0.0002674051192909385,1.0,0.0004362807877311365,0.0,0.49956371921226883
20,1,0.0,0.75,2500,estimated,0.00011606262070061242,7.846009622146735e-05,0.0005136620535219239,0.0002674051192909385,1.0,0.0004362807877311365,0.0,0.49956371921226883
20,1,0.0,0.75,2500,conservative,0.00011606262070061242,7.846009622146735e-05,0.0005136620535219239,0.0002674051192909385,1.0,0.0004362807877311365,0.0,0.49956371921226883
20,1,0.0,0.75,2500,naive,0.00011606262070061242,7.846009622146735e-05,0.0005136620535219239,0.0002674051192909385,1.0,0.0004362807877311365,0.0,0.49956371921226883
20,1,0.0,0.75,2500,one_per_group,0.00011606262070061242,7.846009622146735e-05,0.0005136620535219239,0.0002674051192909385,1.0,0.0004362807877311365,0.0,0.49956371921226883
20,1,0.25,0.25,2500,oracle,0.08819383222504681,0.0035996868158439392,0.28358755938416036,0.01006156088614964,0.8748,0.019297612285612997,0.0116,0.366858769852459
20,1,0.25,0.25,2500,estimated,0.08819383222504681,0.0035996868158439392,0.28358755938416036,0.01006156088614964,0.8748,0.019297612285612997,0.0116,0.366858769852459
20,1,0.25,0.25,2500,conservative,0.08819383222504681,0.0035996868158439392,0.28358755938416036,0.01006156088614964,0.8748,0.019297612285612997,0.0116,0.366858769852459
20,1,0.25,0.25,2500,naive,0.08819383222504681,0.0035996868158439392,0.28358755938416036,0.01006156088614964,0.8748,0.019297612285612997,0.0116,0.366858769852459
20,1,0.25,0.25,2500,one_per_group,0.08819383222504681,0.0035996868158439392,0.28358755938416036,0.01006156088614964,0.8748,0.019297612285612997,0.0116,0.366858769852459
20,1,0.25,0.75,2500,oracle,0.0005978187645333749,0.00042101902589171083,0.003394669743336567,0.0027475447042056324,0.9992,0.0008267558412865694,0.0004,0.4994798771318088
20,1,0.25,0.75,2500,estimated,0.0005978187645333749,0.00042101902589171083,0.003394669743336567,0.0027475447042056324,0.9992,0.0008267558412865694,0.0004,0.4994798771318088
20,1,0.25,0.75,2500,conservative,0.0005978187645333749,0.00042101902589171083,0.003394669743336567,0.0027475447042056324,0.9992,0.0008267558412865694,0.0004,0.4994798771318088
20,1,0.25,0.75,2500,naive,0.0005978187645333749,0.00042101902589171083,0.003394669743336567,0.0027475447042056324,0.9992,0.0008267558412865694,0.0004,0.4994798771318088
20,1,0.25,0.75,2500,one_per_group,0.0005978187645333749,0.00042101902589171083,0.003394669743336567,0.0027475447042056324,0.9992,0.0008267558412865694,0.0004,0.4994798771318088
20,1,0.5,0.25,2500,oracle,0.09647872841262427,0.003961730709519028,0.3095062103903316,0.011263039549538889,0.8644,0.020947676487972317,0.0204,0.36996991598232853
20,1,0.5,0.25,2500,estimated,0.09647872841262427,0.003961730709519028,0.3095062103903316,0.011263039549538889,0.8644,0.020947676487972317,0.0204,0.36996991598232853
20,1,0.5,0.25,2500,conservative,0.09647872841262427,0.003961730709519028,0.3095062103903316,0.011263039549538889,0.8644,0.020947676487972317,0.0204,0.36996991598232853
20,1,0.5,0.25,2500,naive,0.09647872841262427,0.003961730709519028,0.3095062103903316,0.011263039549538889,0.8644,0.020947676487972317,0.0204,0.36996991598232853
20,1,0.5,0.25,2500,one_per_group,0.09647872841262427,0.003961730709519028,0.3095062103903316,0.011263039549538889,0.8644,0.020947676487972317,0.0204,0.36996991598232853
20,1,0.5,0.75,2500,oracle,0.000521059905467664,0.00037950658159211105,0.001857579100730132,0.0012017383428405302,0.9992,0.0007694936278753611,0.0004,0.49945445028700935
20,1,0.5,0.75,2500,estimated,0.000521059905467664,0.00037950658159211105,0.001857579100730132,0.0012017383428405302,0.9992,0.0007694936278753611,0.0004,0.49945445028700935
20,1,0.5,0.75,2500,conservative,0.000521059905467664,0.00037950658159211105,0.001857579100730132,0.0012017383428405302,0.9992,0.0007694936278753611,0.0004,0.49945445028700935
20,1,0.5,0.75,2500,naive,0.000521059905467664,0.00037950658159211105,0.001857579100730132,0.0012017383428405302,0.9992,0.0007694936278753611,0.0004,0.49945445028700935
20,1,0.5,0.75,2500,one_per_group,0.000521059905467664,0.00037950658159211105,0.001857579100730132,0.0012017383428405302,0.9992,0.0007694936278753611,0.0004,0.49945445028700935
20,1,0.75,0.25,2500,oracle,0.09579615831445432,0.003833403250254838,0.30676128526867535,0.010858480490036525,0.8632,0.013503375254928939,0.016,0.36425935040729107
20,1,0.75,0.25,2500,estimated,0.09579615831445432,0.003833403250254838,0.30676128526867535,0.010858480490036525,0.8632,0.013503375254928939,0.016,0.36425935040729107
20,1,0.75,0.25,2500,conservative,0.09579615831445432,0.003833403250254838,0.30676128526867535,0.010858480490036525,0.8632,0.013503375254928939,0.016,0.36425935040729107
20,1,0.75,0.25,2500,naive,0.09579615831445432,0.003833403250254838,0.30676128526867535,0.010858480490036525,0.8632,0.013503375254928939,0.016,0.36425935040729107
20,1,0.75,0.25,2500,one_per_group,0.09579615831445432,0.003833403250254838,0.30676128526867535,0.010858480490036525,0.8632,0.013503375254928939,0.016,0.36425935040729107
20,1,0.75,0.75,2500,oracle,0.00017285510541225653,0.00010721645813393457,0.0006789604918899947,0.00033736042045573624,1.0,0.0005586316976862335,0.0,0.49944136830231384
20,1,0.75,0.75,2500,estimated,0.00017285510541225653,0.00010721645813393457,0.0006789604918899947,0.00033736042045573624,1.0,0.0005586316976862335,0.0,0.49944136830231384
20,1,0.75,0.75,2500,conservative,0.00017285510541225653,0.00010721645813393457,0.0006789604918899947,0.00033736042045573624,1.0,0.0005586316976862335,0.0,0.49944136830231384
20,1,0.75,0.75,2500,naive,0.00017285510541225653,0.00010721645813393457,0.0006789604918899947,0.00033736042045573624,1.0,0.0005586316976862335,0.0,0.49944136830231384
20,1,0.75,0.75,2500,one_per_group,0.00017285510541225653,0.00010721645813393457,0.0006789604918899947,0.00033736042045573624,1.0,0.0005586316976862335,0.0,0.49944136830231384
20,1,0.95,0.25,2500,oracle,0.08430148969847914,0.0036512930668478956,0.27870312410228676,0.010858315377920305,0.8868,0.014457370997903393,0.0144,0.3749701912655036
20,1,0.95,0.25,2500,estimated,0.08430148969847914,0.0036512930668478956,0.27870312410228676,0.010858315377920305,0.8868,0.014457370997903393,0.0144,0.3749701912655036
20,1,0.95,0.25,2500,conservative,0.08430148969847914,0.0036512930668478956,0.27870312410228676,0.010858315377920305,0.8868,0.014457370997903393,0.0144,0.3749701912655036
20,1,0.95,0.25,2500,naive,0.08430148969847914,0.0036512930668478956,0.27870312410228676,0.010858315377920305,0.8868,0.014457370997903393,0.0144,0.3749701912655036
20,1,0.95,0.25,2500,one_per_group,0.08430148969847914,0.0036512930668478956,0.27870312410228676,0.010858315377920305,0.8868,0.014457370997903393,0.0144,0.3749701912655036
20,1,0.95,0.75,2500,oracle,0.0007319276472331493,0.0005107385875628298,0.002907325786175339,0.0020135720790458935,0.9992,0.0006854630319293956,0.0008,0.49978206090518734
20,1,0.95,0.75,2500,estimated,0.0007319276472331493,0.0005107385875628298,0.002907325786175339,0.0020135720790458935,0.9992,0.0006854630319293956,0.0008,0.49978206090518734
20,1,0.95,0.75,2500,conservative,0.0007319276472331493,0.0005107385875628298,0.002907325786175339,0.0020135720790458935,0.9992,0.0006854630319293956,0.0008,0.49978206090518734
20,1,0.95,0.75,2500,naive,0.0007319276472331493,0.0005107385875628298,0.002907325786175339,0.0020135720790458935,0.9992,0.0006854630319293956,0.0008,0.49978206090518734
20,1,0.95,0.75,2500,one_per_group,0.0007319276472331493,0.0005107385875628298,0.002907325786175339,0.0020135720790458935,0.9992,0.0006854630319293956,0.0008,0.49978206090518734
20,2,0.0,0.25,2500,oracle,0.05916652399033385,0.0032500043076206502,0.19921073377513523,0.009968869547021843,0.9196,0.016639243116785492,0.0144,0.41430345458744794
20,2,0.0,0.25,2500,estimated,0.0598385376486686,0.0032304233662017023,0.20107805034421847,0.009750757464650185,0.918,0.015043984946045788,0.0128,0.4111830737214029
20,2,0.0,0.25,2500,conservative,0.07024087832150071,0.0031181302908736435,0.23943555321741242,0.008621760368993897,0.904,0.042990091699508584,0.01,0.3718125410160474
20,2,0.0,0.25,2500,naive,0.05916652399033385,0.0032500043076206502,0.19921073377513523,0.009968869547021843,0.9196,0.016639243116785492,0.0144,0.41430345458744794
20,2,0.0,0.25,2500,one_per_group,0.09425071762282197,0.0039047494181960797,0.3055004766162758,0.011548640123619012,0.8676,0.01614909167732582,0.018,0.371349542296113
20,2,0.0,0.75,2500,oracle,6.397038801176605e-10,4.298947085499056e-10,9.166469850255852e-07,5.058275251559483e-07,1.0,9.163269550094824e-07,0.0,0.49999908367304496
20,2,0.0,0.75,2500,estimated,2.1747398666544315e-09,1.8622740624176003e-09,1.5234880279141118e-06,9.332694249124721e-07,1.0,1.5223992618771689e-06,0.0,0.49999847760073807
20,2,0.0,0.75,2500,conservative,9.905628779400303e-05,9.85082777681446e-05,0.00030516737568570684,0.0002746703823359282,1.0,0.0002291167330795603,0.0,0.4997708832669205
20,2,0.0,0.75,2500,naive,6.397038801176605e-10,4.298947085499056e-10,9.166469850255852e-07,5.058275251559483e-07,1.0,9.163269550094824e-07,0.0,0.49999908367304496
20,2,0.0,0.75,2500,one_per_group,0.0008395870307972993,0.0005180733489444827,0.0029685878629806543,0.0018473818936654168,0.9992,0.0009881533225729955,0.0008,0.4995980344681305
20,2,0.25,0.25,2500,oracle,0.07786806118685269,0.0037528570746140967,0.2602176348543607,0.011981180816350108,0.894,0.013932395887397975,0.0216,0.39847196734028517
20,2,0.25,0.25,2500,estimated,0.07814292274313815,0.003771672409561107,0.2615337691161758,0.012137941843230464,0.892,0.017506718469201966,0.0232,0.39922611300256927
20,2,0.25,0.25,2500,conservative,0.08305208850554276,0.0035227819400056298,0.2759677942365973,0.010178309437104273,0.8848,0.02467020809415473,0.018,0.3675771939233438
20,2,0.25,0.25,2500,naive,0.07888321273521938,0.0039534897787423156,0.26639744677491883,0.013556121732784816,0.8924,0.02182551740168859,0.026,0.41166237838050257
20,2,0.25,0.25,2500,one_per_group,0.09706157023476596,0.0039912854162916424,0.31413539398458323,0.011723988184445519,0.8636,0.015453045007455413,0.022,0.37015099962609527
20,2,0.25,0.75,2500,oracle,2.3202067049361093e-08,2.2516716249921556e-08,4.5063481418487655e-06,3.0569044034691024e-06,1.0,4.4946903272511864e-06,0.0,0.4999955053096728
20,2,0.25,0.75,2500,estimated,3.191276171674041e-08,3.1406451748160537e-08,4.985713338373087e-06,3.587849739663831e-06,1.0,4.9696634670950335e-06,0.0,0.4999950303365329
20,2,0.25,0.75,2500,conservative,1.236841373398267e-06,1.1975241862726972e-06,3.722931644203127e-05,2.2848276655567313e-05,1.0,3.6588067190481656e-05,0.0,0.4999634119328095
20,2,0.25,0.75,2500,naive,1.6421846188212278e-09,1.51028633051676e-09,1.385962425056212e-06,8.108998752434345e-07,1.0,1.3851403413025684e-06,0.0,0.4999986148596587
20,2,0.25,0.75,2500,one_per_group,0.00023469010214259377,0.00023312447270937536,0.0006583520877374431,0.0005771117988594261,0.9996,0.00038633395181378544,0.0,0.4998244017032317
20,2,0.5,0.25,2500,oracle,0.08177811730072623,0.0036363078721540283,0.26603144354668146,0.01083700138474294,0.8876,0.013969426267588689,0.0168,0.3842298972159865
20,2,0.5,0.25,2500,estimated,0.08299571080160772,0.003680958813807914,0.26962618010212225,0.011039990115063642,0.8848,0.012557281475153913,0.0176,0.38458390098688106
20,2,0.5,0.25,2500,conservative,0.08330610655174008,0.0034625408045671565,0.272688195851812,0.009846355235695608,0.8884,0.024646357889658875,0.012,0.3670199338447372
20,2,0.5,0.25,2500,naive,0.08691147040930726,0.004124527544075106,0.2850637132690801,0.013727675306475198,0.8772,0.03526695022103235,0.026,0.4087711132192774
20,2,0.5,0.25,2500,one_per_group,0.09574039379560637,0.003873829441011842,0.30475814336550255,0.011050677461991286,0.8616,0.011822967226668408,0.0172,0.36863546180146256
20,2,0.5,0.75,2500,oracle,4.25333507381748e-05,3.177609654183915e-05,0.00024261760580961838,0.0001489899549642964,1.0,0.00021723265166137215,0.0,0.4997827673483386
20,2,0.5,0.75,2500,estimated,2.8845564727505775e-05,1.739448641017298e-05,0.000211669347566121,0.00011704854540316157,1.0,0.00019548861858958197,0.0,0.4998045113814104
20,2,0.5,0.75,2500,conservative,1.6732171397352283e-05,9.981275992259955e-06,0.00018099759157097858,8.713003724335306e-05,1.0,0.00017189081330455544,0.0,0.4998281091866954
20,2,0.5,0.75,2500,naive,0.00030365014614100705,0.00029318956303313673,0.0008756461616940342,0.0007781568936955758,0.9996,0.0004371629428040985,0.0,0.49984760790947286
20,2,0.5,0.75,2500,one_per_group,2.003745825726382e-05,1.2405911067929363e-05,0.0002586508955757968,9.581469331159717e-05,1.0,0.0002476690275887239,0.0,0.49975233097241123
20,2,0.75,0.25,2500,oracle,0.09020586333266345,0.0037855583551145823,0.28776811149333414,0.010731408601214442,0.8708,0.01392598590559728,0.0152,0.3757210708428481
20,2,0.75,0.25,2500,estimated,0.09050949920010785,0.0038036035855520418,0.2886586046960376,0.01082688087529003,0.8704,0.014227106977067808,0.0172,0.3762186931281277
20,2,0.75,0.25,2500,conservative,0.09101881019516815,0.0037002164532840913,0.29072552512827676,0.010255952928926799,0.87,0.016823505133495682,0.0124,0.36757871003071857
20,2,0.75,0.25,2500,naive,0.09634222721115734,0.004454980045902387,0.31759946859167854,0.014980679511305193,0.8668,0.04564575756544634,0.0364,0.409263837786143
20,2,0.75,0.25,2500,one_per_group,0.09473535223530365,0.003839139830150374,0.3020215565073741,0.010798822431758979,0.8648,0.014720957421914347,0.016,0.3682742952105166
20,2,0.75,0.75,2500,oracle,0.00011328638996798049,0.00010949231356585927,0.0003707613297772405,0.00029893868598314383,0.9996,0.0002817993266046454,0.0,0.4997366612930481
20,2,0.75,0.75,2500,estimated,0.00011892948728244515,0.00011442021554465369,0.00038865912138158563,0.0003092348985364165,0.9996,0.00029408855588084376,0.0,0.49973366736107844
20,2,0.75,0.75,2500,conservative,0.00010581791902479383,9.804841444093301e-05,0.00038446725658062143,0.00027939238414250887,1.0,0.000305038873006204,0.0,0.4996949611269937
20,2,0.75,0.75,2500,naive,0.00018841569186221248,0.0001878912389115275,0.0004886635350940953,0.0004627617888845637,0.9996,0.00030000376975676746,0.0,0.49984828948023224
20,2,0.75,0.75,2500,one_per_group,0.0002388276752710471,0.00021980916667577942,0.0007452570608420456,0.0005480141756879457,0.9996,0.000490943949400487,0.0,0.49970147784486346
20,2,0.95,0.25,2500,oracle,0.09415703513677753,0.003904959119957084,0.3036638327949783,0.011251365040751202,0.874,0.010190547877513384,0.018,0.37118867835549957
20,2,0.95,0.25,2500,estimated,0.09434536053934295,0.003930160433198668,0.3042374530721121,0.011368543693515708,0.8728,0.011113709336539736,0.0204,0.37248488638976335
20,2,0.95,0.25,2500,conservative,0.09419563018787007,0.003883652141191002,0.3036255313347263,0.011123974062571913,0.8732,0.009001896912269734,0.0172,0.3696551314266879
20,2,0.95,0.25,2500,naive,0.10466169019810691,0.004771422925541017,0.36360987518914867,0.017858228341429538,0.86,0.05302763434598457,0.0456,0.41116164036265357
20,2,0.95,0.25,2500,one_per_group,0.09519821043176774,0.003918262749910068,0.3070608845159255,0.011296172927163187,0.8716,0.009536695296881061,0.0208,0.3691275539487141
20,2,0.95,0.75,2500,oracle,0.0007930365144522978,0.0005158701750031906,0.0029756821352086163,0.0018897232500332123,0.9992,0.0009746068002370941,0.0008,0.4996306406675637
20,2,0.95,0.75,2500,estimated,0.0008266286001826636,0.0005249500848065794,0.003204468940144421,0.0020378458912831505,0.9992,0.001027854812739728,0.0008,0.4996116098496759
20,2,0.95,0.75,2500,conservative,0.0007955894835648047,0.0005153180204049945,0.002947291280030026,0.001854159804792113,0.9992,0.0009776484724022775,0.0008,0.4996201135521247
20,2,0.95,0.75,2500,naive,0.0010316686473899842,0.0005685612772770697,0.005333617653275949,0.0036459032352655456,0.9988,0.001180983683513219,0.0004,0.49955231833197905
20,2,0.95,0.75,2500,one_per_group,0.0006657647090680827,0.00046339881221441233,0.0023310856613722696,0.0015662954468568828,0.9992,0.0008533004717730736,0.0004,0.4996897475352387
20,4,0.0,0.25,2500,oracle,0.029638313159176453,0.002501849791558737,0.09956203912038321,0.007622395493338232,0.9592,0.00999285481349126,0.0084,0.4623256076222209
20,4,0.0,0.25,2500,estimated,0.02965067775998689,0.0024072885868820716,0.10153808946367605,0.007304133005921868,0.96,0.007467276567405859,0.0072,0.45626515499212555
20,4,0.0,0.25,2500,conservative,0.05036691143572302,0.0022416686215570724,0.18777126278823655,0.005727424370652652,0.9404,0.06771301403422592,0.0004,0.3726869859657741
20,4,0.0,0.25,2500,naive,0.029638313159176453,0.002501849791558737,0.09956203912038321,0.007622395493338232,0.9592,0.00999285481349126,0.0084,0.4623256076222209
20,4,0.0,0.25,2500,one_per_group,0.08916539035833432,0.0036813819895792784,0.2928748213581904,0.01097280284625678,0.8736,0.018575765169873904,0.0164,0.36649700210630304
20,4,0.0,0.75,2500,oracle,1.1934647744256702e-15,1.1934634822509129e-15,6.921215530135364e-10,6.909313105415995e-10,1.0,6.921209705524965e-10,0.0,0.4999999993078791
20,4,0.0,0.75,2500,estimated,5.3570709834090576e-15,5.3568720406997664e-15,1.4791776237379198e-09,1.4638367994768387e-09,1.0,1.4791749328483208e-09,0.0,0.499999998520825
20,4,0.0,0.75,2500,conservative,3.328459307375273e-08,3.044516294093336e-08,6.6100585894040585e-06,3.661992780232177e-06,1.0,6.593326034095733e-06,0.0,0.4999934066739659
20,4,0.0,0.75,2500,naive,1.1934647744256702e-15,1.1934634822509129e-15,6.921215530135364e-10,6.909313105415995e-10,1.0,6.921209705524965e-10,0.0,0.4999999993078791
20,4,0.0,0.75,2500,one_per_group,0.0003384344542468324,0.00021443585589733306,0.0011713561989010017,0.0005673562556163408,0.9996,0.0006906236005120986,0.0,0.49929169754305286
20,4,0.25,0.25,2500,oracle,0.052746719788468475,0.003219982035612243,0.17840371014470294,0.009946538517726297,0.9284,0.015168205205256238,0.0164,0.42988815157584886
20,4,0.25,0.25,2500,estimated,0.05532740084699447,0.003368353291106271,0.18709829464502548,0.010656550249141871,0.9264,0.014645473951101823,0.0188,0.4318267757770418
20,4,0.25,0.25,2500,conservative,0.06337902140036217,0.0028480484579954473,0.22137366582718832,0.007567484918944276,0.9188,0.049309124037916874,0.0064,0.3713886668625088
20,4,0.25,0.25,2500,naive,0.05713027079139176,0.0037375241541304665,0.20366799052938359,0.014092952807005005,0.9252,0.02936213023085082,0.028,0.4527193341892783
20,4,0.25,0.25,2500,one_per_group,0.09617917253599015,0.003934954698125678,0.30855042919180387,0.011358617414107375,0.8632,0.02173961492623994,0.0172,0.37019951997138656
20,4,0.25,0.75,2500,oracle,3.2175157117179157e-10,3.127740515821019e-10,4.244712871102351e-07,3.588750083911329e-07,1.0,4.2431031867876324e-07,0.0,0.4999995756896813
20,4,0.25,0.75,2500,estimated,1.3002884399228337e-08,1.2935290565726942e-08,2.4585313477879085e-06,2.287010375045345e-06,1.0,2.452005272153659e-06,0.0,0.49999754799472784
20,4,0.25,0.75,2500,conservative,2.6734593779331273e-06,2.6601571040737704e-06,4.059166565738914e-05,3.410260850309928e-05,1.0,3.9177877178095914e-05,0.0,0.4999608221228219
20,4,0.25,0.75,2500,naive,1.5563406191897422e-05,1.556340619157668e-05,8.78863911872261e-05,8.788598193013416e-05,1.0,7.890137535313658e-05,0.0,0.49992109862464684
20,4,0.25,0.75,2500,one_per_group,7.911755637109535e-05,6.118538413378467e-05,0.00035922135732202094,0.00021757929522731972,1.0,0.00030752386854078257,0.0,0.4996924761314593
20,4,0.5,0.25,2500,oracle,0.06936806202813858,0.003504896620015498,0.23161614857934065,0.010919816123540213,0.9036,0.008121815450667277,0.0164,0.40407955284283803
20,4,0.5,0.25,2500,estimated,0.07216409768479494,0.003621954401334182,0.23869221600649718,0.011275099063158066,0.8992,0.012420037931207243,0.0184,0.4057165768011238
20,4,0.5,0.25,2500,conservative,0.07416015366121684,0.0032350560479261514,0.2502620156592531,0.009101359501695069,0.902,0.03196093378682275,0.0096,0.3700390662131772
20,4,0.5,0.25,2500,naive,0.07847853897010551,0.004427065664762565,0.2933824742093167,0.019278142821695016,0.8976,0.051353217777099495,0.0404,0.44698076890757
20,4,0.5,0.25,2500,one_per_group,0.09485033942116462,0.003956271358074114,0.30680084562859194,0.011596057276776334,0.8708,0.009526414058857525,0.0212,0.37273278049589936
20,4,0.5,0.75,2500,oracle,3.0843891129809794e-07,3.044438707238628e-07,1.2876952392210584e-05,1.1261052751973643e-05,1.0,1.2719870200661281e-05,0.0,0.49998728012979937
20,4,0.5,0.75,2500,estimated,1.6789567413236841e-06,1.6785107636239061e-06,2.7769286467812953e-05,2.6791760918994295e-05,1.0,2.6891706739163757e-05,0.0,0.49997310829326086
20,4,0.5,0.75,2500,conservative,1.630123060585185e-05,1.1958303135931632e-05,0.00013382656212159396,8.731775756427164e-05,1.0,0.00012477757051331342,0.0,0.49987522242948673
20,4,0.5,0.75,2500,naive,1.0345246113816233e-14,1.0307706753223909e-14,2.272242389645259e-09,2.0341359906282415e-09,1.0,2.2722372098621592e-09,0.0,0.4999999977277628
20,4,0.5,0.75,2500,one_per_group,0.0005365365525385811,0.0003881208765992054,0.0017679380869741184,0.0012367079692266465,0.9992,0.0006719525732412155,0.0004,0.49961519880351507
20,4,0.75,0.25,2500,oracle,0.07737297007475923,0.003498202220523436,0.25164762946221114,0.010049347527927173,0.8908,0.017780685595800597,0.0124,0.38520756699359443
20,4,0.75,0.25,2500,estimated,0.07875659305469714,0.0035606228883260076,0.25574547396957814,0.010379069294938703,0.8904,0.017257925816502737,0.0144,0.38697727998229137
20,4,0.75,0.25,2500,conservative,0.07841382771266645,0.0033289515073120298,0.25721323841927285,0.009154776966021357,0.8912,0.021524830206730523,0.01,0.36984946429360405
20,4,0.75,0.25,2500,naive,0.09724405098924764,0.004992453453126093,0.3766977461302717,0.022825414026384414,0.8748,0.07339619446355901,0.0576,0.44614137854654745
20,4,0.75,0.25,2500,one_per_group,0.08829750406702912,0.003674910924512744,0.28638619756516875,0.010544224843546461,0.876,0.01495915020289771,0.016,0.3692446735856357
20,4,0.75,0.75,2500,oracle,0.0005236827291067007,0.0003701509110611168,0.0013597703008143966,0.0009382266235773494,0.9992,0.0006810852485456259,0.0,0.49981251267102933
20,4,0.75,0.75,2500,estimated,0.00062741658643639,0.00044363937891510227,0.0017824418671602005,0.0012384116274910754,0.9992,0.0006909430779971539,0.0004,0.4998702215655871
20,4,0.75,0.75,2500,conservative,0.00047021349354442216,0.00033222386426984556,0.00123850580489397,0.0008275136978406638,0.9992,0.0006846745495502665,0.0,0.49973802564675224
20,4,0.75,0.75,2500,naive,0.0005664900135224809,0.0004293318415717959,0.002925132254975383,0.0024956080678939807,0.9992,0.0007092666928209641,0.0004,0.49979505064118146
20,4,0.75,0.75,2500,one_per_group,0.0005218776490040913,0.0003647979709711488,0.0016913184928009709,0.0010610032290369455,0.9992,0.000805822888285088,0.0004,0.4994887556908491
20,4,0.95,0.25,2500,oracle,0.09686623844700087,0.0039011394393522573,0.3098042171530932,0.011153695670360321,0.864,0.01004702137517011,0.0176,0.3664573955596699
20,4,0.95,0.25,2500,estimated,0.09718328094936834,0.00394812560211351,0.3110642899120507,0.011454131506788708,0.862,0.010342484426138582,0.0212,0.36944227148347364
20,4,0.95,0.25,2500,conservative,0.09682836574213424,0.0038595934641680514,0.30968625687207013,0.010926960714570715,0.8648,0.010065503799042001,0.0168,0.3634798948602773
20,4,0.95,0.25,2500,naive,0.12523373517605962,0.005744174344719906,0.5545606754118356,0.03131615355503176,0.85,0.09965066165613136,0.0816,0.4424633576396609
20,4,0.95,0.25,2500,one_per_group,0.0987437806150611,0.003941654419845581,0.31678256325982695,0.011327333561790425,0.8696,0.018396775387272826,0.0204,0.3637780177493558
20,4,0.95,0.75,2500,oracle,0.00012925708602069567,8.480348861748021e-05,0.0005406750139499661,0.0002840744767936692,1.0,0.00045373641076318095,0.0,0.49954626358923676
20,4,0.95,0.75,2500,estimated,0.0001742945252618859,0.0001266162491939693,0.0006372421822367498,0.00036041247587085423,0.9996,0.000505724205702329,0.0,0.4995276814059219
20,4,0.95,0.75,2500,conservative,0.00013356655229900232,8.768142794356804e-05,0.0005563812479020222,0.00029013965590280583,1.0,0.00046597989779598593,0.0,0.49953402010220405
20,4,0.95,0.75,2500,naive,0.0009600001885041809,0.0005646255276400177,0.0032402332649830844,0.0019832874867988888,0.9988,0.001029520197718254,0.0008,0.49982753573002553
20,4,0.95,0.75,2500,one_per_group,0.0003686533724095903,0.00025654932100869463,0.0011185546037977456,0.0006523874351958369,0.9992,0.0005864751610893074,0.0,0.49948267966906623
20,8,0.0,0.25,2500,oracle,0.005932598901720024,0.001111528340310206,0.020623955958108148,0.0032384261517462353,0.9928,0.0027255572847575383,0.0016,0.4906605738785116
20,8,0.0,0.25,2500,estimated,0.0065566643642815375,0.0010724750241139975,0.023402115066687643,0.003026467910804986,0.9908,0.005978995804053406,0.0008,0.4875303468184046
20,8,0.0,0.25,2500,conservative,0.030576431244969518,0.0012864100076220544,0.14259703700713536,0.003519936433805975,0.9784,0.09618323539318761,0.0,0.38221676460681236
20,8,0.0,0.25,2500,naive,0.005932598901720024,0.001111528340310206,0.020623955958108148,0.0032384261517462353,0.9928,0.0027255572847575383,0.0016,0.4906605738785116
20,8,0.0,0.25,2500,one_per_group,0.08987218573212782,0.003686209428993624,0.29117100339547203,0.010582048223098479,0.8728,0.019234582067373555,0.0148,0.3669300395602505
20,8,0.0,0.75,2500,oracle,1.9721522630525922e-35,1.9721522630525296e-35,8.881784197001254e-20,8.881784197001254e-20,1.0,2.577192829138448e-26,0.0,0.5
20,8,0.0,0.75,2500,estimated,5.729517407568726e-30,5.729516475770169e-30,4.787281682183962e-17,4.787281682183962e-17,1.0,1.1246965959658947e-16,0.0,0.4999999999999999
20,8,0.0,0.75,2500,conservative,5.04762048992891e-13,2.803092942746176e-13,6.55839291148052e-08,1.4151606072484123e-08,1.0,6.558367671437372e-08,0.0,0.49999993441632323
20,8,0.0,0.75,2500,naive,1.9721522630525922e-35,1.9721522630525296e-35,8.881784197001254e-20,8.881784197001254e-20,1.0,2.577192829138448e-26,0.0,0.5
20,8,0.0,0.75,2500,one_per_group,0.0002520898394146884,0.00020771848786393227,0.0008664143321674312,0.000526520049818163,0.9996,0.0006215189364982059,0.0,0.4995502031026158
20,8,0.25,0.25,2500,oracle,0.03509706976301011,0.0026594119691270035,0.12355290942147094,0.008961081361497985,0.9524,0.008705662729839688,0.0112,0.45116322822307803
20,8,0.25,0.25,2500,estimated,0.04446851734333149,0.0031523168773049982,0.155631999617857,0.011567852110542336,0.9404,0.01752788658829792,0.016,0.4529046474704406
20,8,0.25,0.25,2500,conservative,0.04891479336634114,0.002205969128284028,0.1851063885838521,0.0057878437086295335,0.9448,0.0712336825534952,0.0028,0.3736161637055852
20,8,0.25,0.25,2500,naive,0.04322824301119648,0.003526630240442025,0.19192261757084617,0.019036748916272873,0.9472,0.032147982134748496,0.0268,0.47661932973711063
20,8,0.25,0.25,2500,one_per_group,0.09258351342864467,0.0038326485767104855,0.3025830732432668,0.011231191003705837,0.876,0.014641176505687702,0.018,0.3673532226690362
20,8,0.25,0.75,2500,oracle,2.442471863825132e-18,2.0101898053526937e-18,4.817043899317983e-11,3.124821963954668e-11,1.0,4.817042309485665e-11,0.0,0.49999999995182953
20,8,0.25,0.75,2500,estimated,1.2446799761167856e-16,1.2402813508629547e-16,2.4952094334665223e-10,2.231193297042145e-10,1.0,2.4952090919548124e-10,0.0,0.49999999975047915
20,8,0.25,0.75,2500,conservative,2.698493597343654e-08,2.3730218186814494e-08,5.1617093047650435e-06,3.2960482948815596e-06,1.0,5.148153356028304e-06,0.0,0.4999948518466439
20,8,0.25,0.75,2500,naive,4.264401403999458e-25,4.263885219716499e-25,1.3203349525028388e-14,1.3060419337362266e-14,1.0,1.3212953958423586e-14,0.0,0.4999999999999868
20,8,0.25,0.75,2500,one_per_group,7.4332552806670326e-06,3.242083365359498e-06,0.0001859188058968252,5.600225440232458e-05,1.0,0.00018205752784866992,0.0,0.4998179424721513
20,8,0.5,0.25,2500,oracle,0.05456521313038451,0.0030826188770565555,0.1848500362157369,0.009489590972458283,0.9268,0.011570469865435497,0.0112,0.4171380578446165
20,8,0.5,0.25,2500,estimated,0.055885948175960584,0.003201589115412755,0.1894251790138441,0.01008753469608648,0.9216,0.010481028041349316,0.0148,0.42133082877235667
20,8,0.5,0.25,2500,conservative,0.06157353202725672,0.002711389757022253,0.21652524089286376,0.007392692779776025,0.9204,0.051090126292575394,0.0044,0.3693098737074246
20,8,0.5,0.25,2500,naive,0.07000195725044363,0.004554839474100947,0.35116564471997774,0.02825535463498006,0.9172,0.05856623700861392,0.0472,0.4727405479736968
20,8,0.5,0.25,2500,one_per_group,0.08858664129981138,0.003687326212578708,0.2872363963762055,0.010589952289693956,0.8724,0.011909172626882465,0.014,0.3701459402090088
20,8,0.5,0.75,2500,oracle,4.546625645753403e-12,4.123475868259124e-12,6.594267414699862e-08,4.263577552527187e-08,1.0,6.594040067542054e-08,0.0,0.4999999340595993
20,8,0.5,0.75,2500,estimated,2.0414265542877192e-11,1.4070553837414188e-11,1.53176930247651e-07,9.033740620247216e-08,1.0,1.531667220734835e-07,0.0,0.4999998468332779
20,8,0.5,0.75,2500,conservative,1.1033438885207431e-08,7.519438574109669e-09,4.524478192235388e-06,2.102993463604734e-06,1.0,4.518948459638723e-06,0.0,0.49999548105154035
20,8,0.5,0.75,2500,naive,5.2725085191801826e-20,5.2374985037662553e-20,5.0150841077126385e-12,4.59221180568455e-12,1.0,5.015118478138964e-12,0.0,0.49999999999498496
20,8,0.5,0.75,2500,one_per_group,0.00023827368960884393,0.00023368560432467054,0.0006631027041885722,0.0005797702335365797,0.9996,0.0003883128641117729,0.0,0.49982313172263476
20,8,0.75,0.25,2500,oracle,0.07714731984378453,0.0035787145602350105,0.25470805677927344,0.010907843680024051,0.8912,0.010116425641480487,0.0168,0.3896102365580714
20,8,0.75,0.25,2500,estimated,0.0789128099623985,0.0036682199587014536,0.2599078157006865,0.011415744865839501,0.8904,0.014700419365426775,0.0176,0.3928731143037343
20,8,0.75,0.25,2500,conservative,0.07771288677891333,0.003307871732889891,0.2588180254958957,0.009394226640350731,0.892,0.03249121793366846,0.0112,0.36811724544137037
20,8,0.75,0.25,2500,naive,0.11879264125352172,0.0059701018281703025,0.7090366176595507,0.04631493858411893,0.864,0.1071888591884591,0.0968,0.47118885918845915
20,8,0.75,0.25,2500,one_per_group,0.09091364826429275,0.003717502616298093,0.294248860405504,0.0106684084986158,0.87,0.015582735666464275,0.0152,0.36686407075365135
20,8,0.75,0.75,2500,oracle,6.506293225211091e-05,6.485728082164935e-05,0.00022422672176650068,0.00020630967241025666,1.0,0.00017907647424926358,0.0,0.49982092352575075
20,8,0.75,0.75,2500,estimated,5.0423409543611665e-05,5.0197619336023344e-05,0.00019656157204015186,0.00017519016785584978,1.0,0.00016321027249373103,0.0,0.4998367897275062
20,8,0.75,0.75,2500,conservative,0.0001399552483823537,0.00013909737758812215,0.0004029411309444551,0.0003568186956522559,0.9996,0.00028203918712298463,0.0,0.4997897178665597
20,8,0.75,0.75,2500,naive,0.00036899974755455505,0.0003685092087461935,0.0013057308102274897,0.0012859213512926475,0.9996,0.00038120241951832245,0.0004,0.499964301632881
20,8,0.75,0.75,2500,one_per_group,0.0003208227332931467,0.00020816001597305219,0.0009789913027980727,0.0005398304531613598,0.9992,0.0007029471594054433,0.0,0.49945603290194024
20,8,0.95,0.25,2500,oracle,0.09084880725341701,0.003753208974613073,0.2917602136310099,0.010558223070832649,0.8736,0.012192674722033451,0.018,0.3693237398642571
20,8,0.95,0.25,2500,estimated,0.09182594088074834,0.003836275612475565,0.29466861727780685,0.010980081207693638,0.8704,0.010358997800658305,0.0192,0.37315941236131467
20,8,0.95,0.25,2500,conservative,0.09104164732374372,0.0037003396972816716,0.29253778511650536,0.01028343628265277,0.872,0.016643432659696433,0.0164,0.3651141262400582
20,8,0.95,0.25,2500,naive,0.13024000442234981,0.0062544655839300665,0.8496908138353321,0.0526537042359819,0.8524,0.12251391123761601,0.1052,0.47157469509679967
20,8,0.95,0.25,2500,one_per_group,0.09356965221656284,0.0038103500826037083,0.29944179322502773,0.010595594186940872,0.8708,0.01285671427269451,0.018,0.36711892883496927
20,8,0.95,0.75,2500,oracle,3.2586476848763197e-05,2.2049202713323814e-05,0.0002884569056200784,0.00012629358537057193,1.0,0.00026980549233730935,0.0,0.4997301945076627
20,8,0.95,0.75,2500,estimated,6.360529290571803e-05,4.627370498135847e-05,0.0003966582014914082,0.00018728630568790324,1.0,0.0003572975477577277,0.0,0.49964270245224224
20,8,0.95,0.75,2500,conservative,3.0435705552481252e-05,1.864330948104084e-05,0.00030147433885409136,0.00012030509571058898,1.0,0.0002843794166343014,0.0,0.49971562058336577
20,8,0.95,0.75,2500,naive,0.0020789134067642698,0.000852467203870371,0.017802751266967107,0.009100475462434993,0.9976,0.0023635309045747224,0.0016,0.4995999627049925
20,8,0.95,0.75,2500,one_per_group,4.551675600303207e-05,2.7597881260143178e-05,0.0003733402136156521,0.0001500763393481201,1.0,0.00034709985757969375,0.0,0.49965290014242025
20,16,0.0,0.25,2500,oracle,3.987998459133093e-05,2.852691401429864e-05,0.00035454026344085483,0.0001421975410648384,1.0,0.00033117834634494226,0.0,0.49966882165365506
20,16,0.0,0.25,2500,estimated,0.00013415662975100836,6.67838012404708e-05,0.0010463902614191779,0.000270933917274356,1.0,0.0009635867840773337,0.0,0.4990364132159227
20,16,0.0,0.25,2500,conservative,0.0209730572305701,0.0008674184789450108,0.12108102225384353,0.002558506898773639,0.9924,0.09874266405296275,0.0,0.3936573359470372
20,16,0.0,0.25,2500,naive,3.987998459133093e-05,2.852691401429864e-05,0.00035454026344085483,0.0001421975410648384,1.0,0.00033117834634494226,0.0,0.49966882165365506
20,16,0.0,0.25,2500,one_per_group,0.09667153411398333,0.003952767606776637,0.31598897269776466,0.011900873806487912,0.8684,0.015448765484737963,0.0236,0.36649267177712463
20,16,0.0,0.75,2500,oracle,6.51598746146817e-89,6.515987461093343e-89,0.0,0.0,1.0,1.614445577302871e-46,0.0,0.5
20,16,0.0,0.75,2500,estimated,1.4927572515839e-67,1.4927567033833157e-67,0.0,0.0,1.0,7.733865332417227e-36,0.0,0.5
20,16,0.0,0.75,2500,conservative,5.2253590931477713e-14,2.7501517116667616e-14,1.7034473572926045e-08,4.560022595842925e-09,1.0,1.703444746207334e-08,0.0,0.4999999829655526
20,16,0.0,0.75,2500,naive,6.51598746146817e-89,6.515987461093343e-89,0.0,0.0,1.0,1.614445577302871e-46,0.0,0.5
20,16,0.0,0.75,2500,one_per_group,0.0003503286079207121,0.00024371095379376644,0.0010410538721973561,0.0006130471134244247,0.9992,0.0007049771586566377,0.0,0.49952577527116926
20,16,0.25,0.25,2500,oracle,0.021860224535983026,0.0021103254323894716,0.0771536593171992,0.00673527995160736,0.972,0.009409572539189602,0.0056,0.4673188620290429
20,16,0.25,0.25,2500,estimated,0.0390581919093267,0.0031360899361189075,0.14560220985432368,0.012694415541453414,0.9508,0.01795261465528188,0.02,0.465495777083654
20,16,0.25,0.25,2500,conservative,0.04005248112652062,0.0017572133508734753,0.16594222803127318,0.004578597229399786,0.9632,0.08851532777236241,0.0,0.37468467222763757
20,16,0.25,0.25,2500,naive,0.03054010438451202,0.003095249545072245,0.17456108383875735,0.02436844980141631,0.9616,0.02759333358186124,0.0224,0.4888031611150562
20,16,0.25,0.25,2500,one_per_group,0.09771875422108846,0.003901470658050112,0.3121870427131971,0.01115840144874539,0.862,0.022977739395305154,0.018,0.3651779695342048
20,16,0.25,0.75,2500,oracle,3.4136575928355317e-25,3.3399894011208014e-25,1.3875034454884069e-14,1.1684324502642774e-14,1.0,1.3880997008896124e-14,0.0,0.49999999999998607
20,16,0.25,0.75,2500,estimated,1.6535437880408812e-21,1.2599757924308119e-21,1.3256146411063539e-12,8.130061431617058e-13,1.0,1.3255647540297232e-12,0.0,0.4999999999986744
20,16,0.25,0.75,2500,conservative,1.4978210127240724e-10,1.321949436423335e-10,4.965304654926614e-07,2.4468198561508207e-07,1.0,4.964555485373286e-07,0.0,0.49999950354445144
20,16,0.25,0.75,2500,naive,3.3047496233487e-65,3.3047431681275654e-65,0.0,0.0,1.0,1.1513758543835297e-34,0.0,0.5
20,16,0.25,0.75,2500,one_per_group,0.00039559958976105803,0.0003779154079151421,0.0016233828257745352,0.0014289197609159677,0.9996,0.0004978330352228579,0.0004,0.4998013285882158
20,16,0.5,0.25,2500,oracle,0.05214706299536641,0.003075168175886518,0.1699573003134037,0.009089284609243686,0.9252,0.018290468936598026,0.0096,0.4287653689923769
20,16,0.5,0.25,2500,estimated,0.057026556943391156,0.0033318222567443718,0.18549624004513107,0.010361927386251368,0.9172,0.015472317034877897,0.012,0.43230761678351254
20,16,0.5,0.25,2500,conservative,0.05811964388501243,0.0025560032880456458,0.20455472285598833,0.006618759717294734,0.9228,0.05283226144050201,0.002,0.37282260072301754
20,16,0.5,0.25,2500,naive,0.07568022872449463,0.004996961479973445,0.6262015592347234,0.05437623142217073,0.9144,0.07193489099093309,0.0648,0.486303337051126
20,16,0.5,0.25,2500,one_per_group,0.08582336958690781,0.0036897292159399097,0.28138933746930445,0.010680124312784067,0.8792,0.018030658264164882,0.0144,0.37366735898342135
20,16,0.5,0.75,2500,oracle,2.7656517280677647e-09,2.176879529951763e-09,1.5734281857199845e-06,1.0525893572494725e-06,1.0,1.572043501522191e-06,0.0,0.49999842795649846
20,16,0.5,0.75,2500,estimated,5.743658264726923e-06,5.7407493791448134e-06,5.214093606636107e-05,5.105312204060419e-05,1.0,4.9017066977357066e-05,0.0,0.49995098293302265
20,16,0.5,0.75,2500,conservative,2.9949900587198834e-06,2.9237702816640102e-06,4.5125001122329286e-05,3.6145502347777546e-05,1.0,4.353818931874387e-05,0.0,0.4999564618106812
20,16,0.5,0.75,2500,naive,0.000399994853516303,0.000399994853516303,0.004781620034355515,0.004781620034355515,0.9996,0.00039999742674989364,0.0004,0.4999999974267499
20,16,0.5,0.75,2500,one_per_group,2.2107190807477955e-06,1.0063728841711105e-06,0.00010651898442550669,3.0142863071429317e-05,1.0,0.00010539004117080661,0.0,0.4998946099588292
20,16,0.75,0.25,2500,oracle,0.077517355397633,0.003614148894576524,0.2512458910335855,0.010667980941460936,0.8904,0.01548257637342549,0.0132,0.39418181945571146
20,16,0.75,0.25,2500,estimated,0.07839274331507952,0.003710731540972345,0.2558500405914014,0.01135992082636071,0.8876,0.012360467464159908,0.0184,0.3974751660123623
20,16,0.75,0.25,2500,conservative,0.07851849014845222,0.003305219275674095,0.2589255130319149,0.009093915571726476,0.8928,0.026651528703086246,0.0076,0.3677371633338907
20,16,0.75,0.25,2500,naive,0.12370427421482345,0.006318672343429126,1.173634929695788,0.08008362794366591,0.866,0.12032640806577258,0.1108,0.4855715299662327
20,16,0.75,0.25,2500,one_per_group,0.09425011415663202,0.0038170337295405643,0.3018227075846116,0.010819814922424571,0.8624,0.017674419832713277,0.0148,0.36690728031955044
20,16,0.75,0.75,2500,oracle,5.292492459897452e-06,5.175772619919736e-06,6.487865094727709e-05,4.878087539684989e-05,1.0,6.201737940612868e-05,0.0,0.4999379826205939
20,16,0.75,0.75,2500,estimated,2.1011602651420185e-07,1.3279418313425016e-07,2.200291657073199e-05,9.22186398177614e-06,1.0,2.189689773331379e-05,0.0,0.4999781031022667
20,16,0.75,0.75,2500,conservative,1.1685722225666054e-05,1.07317578554664e-05,0.0001192727990572499,7.422057264422749e-05,1.0,0.00011275214907600774,0.0,0.499887247850924
20,16,0.75,0.75,2500,naive,8.89887672687111e-09,7.018275069701473e-09,3.030652477789221e-06,1.8894622210046296e-06,1.0,3.0261924106708147e-06,0.0,0.49999697380758923
20,16,0.75,0.75,2500,one_per_group,0.00040316834108638426,0.00035843187877147403,0.0015316975208558758,0.0011700295343307346,0.9996,0.0005420794056436518,0.0004,0.49963336114612483
20,16,0.95,0.25,2500,oracle,0.09543265937548018,0.0039383023056857895,0.30738755722761474,0.01135954058993021,0.8692,0.01360225506473095,0.0196,0.3706072417228066
20,16,0.95,0.25,2500,estimated,0.09661409437837329,0.004041257406353565,0.3103331374990346,0.011820168610059988,0.868,0.01839594861027671,0.0244,0.3758921940736
20,16,0.95,0.25,2500,conservative,0.09547628326805663,0.003872077428791712,0.3074695388656176,0.010996022506589556,0.8684,0.013927254135813756,0.018,0.3656881589789926
20,16,0.95,0.25,2500,naive,0.14857734890172242,0.006861187127174606,1.7740873947796008,0.10756289856276599,0.8396,0.144815628564629,0.1348,0.48441562856462905
20,16,0.95,0.25,2500,one_per_group,0.09914326675579792,0.0039815392342934155,0.31999034118112424,0.011656034372639179,0.8644,0.017003483723011727,0.0188,0.3653084530056301
20,16,0.95,0.75,2500,oracle,3.836679746351455e-05,3.5058898749720705e-05,0.0002346430254666142,0.00014520518812208755,1.0,0.00021094158988897713,0.0,0.499789058410111
20,16,0.95,0.75,2500,estimated,9.78589866805399e-05,9.33226604869697e-05,0.00036771411461335,0.0002674474783824455,1.0,0.0002946718256805965,0.0,0.4997053281743194
20,16,0.95,0.75,2500,conservative,4.333210621903423e-05,3.8975359442059984e-05,0.0002605567704628148,0.00015559978107209264,1.0,0.00023349406206138963,0.0,0.49976650593793864
20,16,0.95,0.75,2500,naive,0.001153685326517174,0.0006668273286376778,0.012867195793842464,0.009475087385147178,0.9988,0.0011756352178435188,0.0012,0.4999756352178435
20,16,0.95,0.75,2500,one_per_group,3.88023562435691e-05,3.757471147265174e-05,0.0002331163384116429,0.00014804962655632706,1.0,0.00020869523462899083,0.0,0.49979130476537104
